116.03,403242
114.63,155582
114.91,201191
117.14,114903
118.29,111658
119.88,127536
115.81,95639
116.88,47825
117.08,87342
118.59,54222
118.29,32525
118.39,61480
115.44,103685
118.21,85458
118.79,154209
120.6,166269
123.12,110389
123.42,242265
124.12,183667
123.12,68216
123.76,124147
128.12,101140
128.67,42417
129.42,71811
131.11,182034
132.26,90498
132.58,159931
131.67,121166
132.08,68301
131.07,182890
131.28,68893
132.38,42882
131.9,104479
133.04,61355
133.43,39601
132.9,52018
134.86,114126
133.19,54051
132.35,65745
133.15,100246
133.71,56242
132.93,66581
130.01,66417
131.97,43356
131.9,67882
134.34,51547
133.57,64756
134.35,71487
133.88,49791
133.32,31312
133.7,89461
132.77,90981
130.82,46772
130.85,190109
130.17,75536
130.17,55552
130.11,98137
131.83,58987
131.14,33469
131.81,70715
130.29,51553
130.27,34231
130.61,46798
132.33,41253
132.53,43668
132.89,142022
134.38,54690
133.42,39063
133.73,37728
134.11,66436
133.24,40208
132.26,106431
131.43,132026
131.98,114982
131.85,86535
129.47,175656
125.93,92013
126.62,147021
127.47,68566
127.47,31245
128.1,120761
127.66,67954
128.67,90145
127.98,190805
130.25,129685
130.39,63920
129.57,76714
132.23,93006
132.46,47244
132.08,92990
132.71,65760
132.89,45705
131.51,101159
133.64,85543
135.49,41407
134.6,50597
135.5,48492
136.14,82442
135.96,54924
135.06,109389
136.28,27361
136.08,61799
133.58,86881
132.81,47503
132.31,144922
133.59,55781
132.57,30905
132.44,56557
134.05,182805
131.01,70766
130.91,78804
131.46,99154
129.52,39538
129.66,46385
126.65,62684
128.6,66289
127.63,94787
128.12,56490
129.32,35470
129.52,68945
130.73,52273
131.15,31350
131.31,70647
130.61,45609
131.06,39284
130.61,56030
132.83,108926
130.43,22388
130.57,32795
130.07,55883
128.92,84809
126.36,147643
127.9,138036
126.17,49867
125.21,189059
119.57,122265
122,95832
122.1,90153
123.99,217091
126.46,62491
127,98037
131.08,49196
130.89,29187
131.23,63280
131.99,115049
131.93,31974
131.57,68043
131.77,51714
133.09,36693
133,37698
133.5,34830
132.64,33840
132.4,58649
129.82,70731
127.77,82938
127.18,61231
130.4,33970
131.72,17803
130.96,55570
129.26,77107
130.89,29034
131.71,45643
134.89,68574
132.01,40629
133.24,73098
138.99,64041
138.41,31439
137.96,57562
135.48,42560
136.99,29920
136.09,33453
136.39,83178
137.34,24431
137.77,47977
137.19,53112
137.03,11533
136.53,60363
136.32,50783
136.78,38222
136.39,63392
136.72,91297
137.56,35545
136.86,45270
135.38,115359
132.37,63016
132.69,143072
131.44,189994
127.69,71591
128.75,58603
123.04,406219
124.3,107970
123.48,146604
124.08,104424
124.73,62421
123.8,107525
125.34,63078
125.58,35164
126.23,52668
123.89,245290
122.4,75259
122.72,87065
126.01,96671
124.21,49174
124.09,125306
120.65,95396
123.59,92499
124.63,89141
123.55,180800
121.27,64238
120.83,109639
124.27,67642
126.07,29088
125.66,68235
126.48,68825
126,28369
125.97,85411
127.52,89741
128.72,37444
128.19,68232
128.28,42257
127.74,23752
127.98,42075
129.1,90907
131.78,27732
131.88,49218
131.96,51590
130.98,49602
130.96,51294
128.62,168070
129.93,25535
129.97,76784
129.19,42585
129.28,43767
129.13,63528
129.55,30530
129.79,29647
129.32,64929
130.8,37715
130.1,13306
130.41,65567
129.92,66924
130.09,52513
130.66,109998
129.05,67267
126.93,38895
127.34,60329
128.39,51597
129.48,119781
129.68,98564
134.46,124564
132.71,187379
133.74,167846
135.28,64362
133.85,34559
134.43,118169
133.51,115815
136.11,98688
135.35,96383
132.71,56679
134.1,51439
135.15,65435
135.21,92246
136.96,78840
138.75,151805
136.57,53859
135.01,40003
134.55,97709
131.13,58472
129.48,71160
129.8,74084
129.56,99417
130.47,56043
130.17,70925
131.48,56510
132.46,29330
132.14,226011
135.98,48129
136.06,31988
136.22,54886
135.54,69798
136.33,30773
136.31,36034
136.32,47914
136.62,30429
137.3,119507
132.17,185244
128.16,102104
127.93,117549
127.61,131254
123.61,150265
124.1,114623
125.15,65840
124.28,28068
124.79,55553
123.33,65682
123.19,30212
124.02,53622
120.12,121061
119.86,79311
120.19,120182
121.58,57944
123.58,32963
123.28,125097
121.65,55725
122.19,53734
122.66,230635
123.52,56478
124.63,39866
124.11,100787
121.83,29453
121.74,159769
121.22,164676
123.65,76113
123.66,24794
123.31,76736
122.52,43627
122.52,227573
121.15,74356
123.47,49471
123.91,25610
123.56,112638
125.28,98875
126.3,53601
126.38,70666
126.84,38021
126.68,25490
126.79,40663
126.73,24693
126.98,21166
127.13,58099
128.47,22645
129.99,14036
129.53,59382
128.62,57371
129.24,47620
128.88,133130
127.06,55307
127.27,52286
127.18,113175
134.72,169932
132.11,140875
130.01,127206
131.38,73106
131.1,15651
131.45,43330
129.52,195106
127.94,190521
127.97,263111
127.74,127212
127.83,51450
128.66,90936
131.02,68498
130.38,36386
129.9,89661
130.21,55392
130.66,46797
131.22,72889
132.16,59630
132.9,47985
133.53,79214
134.59,38761
135.35,39696
135.4,65303
134.78,19663
135.72,18569
135.71,86337
138.44,70048
140.3,95832
143.41,128809
144.25,71067
146.69,58954
146.5,102811
146.73,64714
147.76,18620
147.68,28467
147.63,45165
147.86,44533
149.59,83462
147.49,37141
146.83,61342
144.6,89128
147.55,19868
147.57,26007
147.75,40465
149.77,47491
150.48,45712
150.78,55537
151.52,45692
150.11,26640
150.23,36341
151.53,44933
151.94,56289
152.59,58634
151.74,31084
150.55,26356
150.32,46302
149.6,51581
150.94,47984
151.46,90975
147.12,101315
149.23,141791
145.31,151044
146.16,164834
143.59,31126
144.53,84989
140.05,40378
141.52,32262
141.96,49340
141.05,31228
142.53,31359
142.8,45407
139.11,142836
139.11,0
141.64,87843
144.1,87831
144.77,74404
141.69,58593
142.24,34162
142.8,64661
147.99,174742
149.67,145921
149.69,111484
139.63,93697
141.77,79893
141.72,58812
140.44,83457
138.64,94285
138.71,71884
139.69,49624
141.24,56895
142.24,75681
150.77,59298
151.56,68845
151.29,98600
150.82,39572
151.05,25470
151.02,75490
149.93,24879
149.21,51630
147.49,79236
145.86,41609
146.85,24373
146.21,31919
143.8,67916
142.19,28610
142.43,39128
140.63,23904
140.83,32058
141.61,55351
141.43,27778
141.33,59701
143.09,120174
145.74,54848
141.9,77027
141.66,116405
142.84,38631
141.42,66469
140.64,44390
139.49,30076
138.12,20830
138.99,39596
142.72,55362
144.12,40283
145.37,44236
144.78,13094
145.47,14799
145.73,33785
149.16,15758
149.1,21059
150.32,31572
154.16,30582
154.93,37326
156.01,40652
154.94,44362
153.64,43361
153.94,50770
155.73,33321
155.51,35301
155.28,45057
153.78,14220
154.01,32017
153.48,46584
152.09,20667
152.24,34102
151.98,53078
154.3,44830
152.97,33747
153.69,60311
150.37,135945
150.47,57211
152.09,45230
151.88,54370
151.58,45800
149.55,66651
149.37,43701
151,48261
151.11,66862
146.39,64943
146.76,64016
146.45,58881
139.28,124460
138.94,80272
141.86,126241
141.85,94900
145.34,48156
146.77,45928
150.86,77633
151.94,111498
153.02,179472
155.19,148318
153.81,72259
152.81,74333
154.2,131619
156.86,100700
158.35,136649
152.68,127022
150.4,174281
149.42,170053
144.19,155394
141.53,107865
139.68,66830
141.52,51650
141,48962
138.53,119171
135.04,83221
133.78,110880
131.34,150544
128.69,154305
127.62,70252
130.78,115803
128.81,72068
128.59,77266
131.29,85126
132.52,90031
134.84,160657
131.24,139253
127.8,109897
125.67,207530
125.57,140127
124.4,137710
124.93,153097
124.72,116625
130.62,85426
131.22,114709
131.59,126176
131.78,59194
133.26,54471
131.25,64405
133.67,49902
133.55,55068
135.08,79644
133.69,72111
132.38,44203
132.74,129512
127.63,82871
128.85,81039
130.81,98345
132.79,84295
131.9,62835
132.21,78584
130.57,56465
133.08,36600
132.24,53038
137,80600
138.39,44140
138.64,80420
137.77,57591
138.72,100636
135.36,140555
133.33,64356
131.8,103059
127.27,125294
127.02,96393
128.06,127495
126.62,70312
132.26,79357
132.64,71563
133.87,126449
133.86,98852
132.75,65488
135.8,76848
132.5,133442
133.81,99528
132.82,149593
127.56,75635
126.86,96619
130.13,128500
126.97,52647
125.56,69667
127.12,123678
126.31,86322
126.57,119186
124.9,110872
122.14,70837
122.65,70771
127.07,99144
130.8,56409
130.61,44197
129.47,81574
131.48,49078
129.55,58986
128.13,58163
127.89,63400
125.88,65374
124.72,78538
125.39,70456
128.85,47272
128.83,59864
125.34,61484
126.98,49979
126.22,68277
122.14,76000
122.59,75585
119.86,50637
117.55,81712
116.92,67939
115.99,106514
117.16,123558
121.62,142907
120.86,170417
123.69,73789
124.51,58447
124.4,101321
118.76,38373
119.39,44409
120.64,45020
122.66,39214
121.01,39658
120.86,47316
117.72,162446
116.89,67152
115.65,150161
116.81,109612
117.56,25734
118.48,158237
123.99,77357
125.69,50208
123.07,162688
125.98,70073
125.74,34426
127.21,62262
126.96,56482
128.17,95537
129.33,152656
128.39,47814
130.36,33177
128.32,86578
130.77,70585
130.91,51372
130.23,64405
127.78,35146
130.12,42541
127.23,64409
127.56,67284
130.52,51717
131.82,141220
132.15,87270
130.56,40154
131.37,67074
130.81,54682
129.31,27688
130.67,68007
136.1,85429
135.62,30532
135.72,85067
135.45,78081
133.09,30205
133.31,144282
130.25,71344
130.37,40682
129.18,165054
126.03,95575
122.94,80210
121.83,120273
124.06,116372
123.86,62931
123.87,159821
120.23,191817
117.66,86017
117.4,165888
113.44,108023
114.24,141551
115.26,179652
117.31,115637
115.33,61366
117.53,141873
116.17,56978
116.59,35797
115.85,68651
114.08,78896
113.33,54619
113.08,132106
114.72,145999
113.14,63171
111.94,141271
112.06,135243
113.24,76563
112.43,110742
111.42,92167
110.47,39854
110.71,107720
110.67,71882
110.75,55340
111.71,110718
111.65,42097
112.37,23826
112.48,117106
115.73,117328
114.04,76860
114.79,138225
115.16,185872
113.25,160480
113.05,191659
110.94,81141
110.21,91442
109.3,128080
107.86,71048
108.68,40722
108.49,101069
107.87,82122
105.92,57332
106.54,110040
106.53,88374
105.67,41849
106.52,95084
106.78,84431
106.99,49651
110.13,125486
111.9,46487
109.84,25308
108.74,113301
107.38,77313
107.31,62105
105.2,127503
109.39,71343
110,26019
110.24,62912
110.43,48332
108.9,40043
109.71,176456
112.07,59927
109.93,43121
109.88,147399
106.97,83732
108.38,40660
108.64,84331
105.57,87718
102.72,47554
102.53,195415
105.03,69005
102.5,79049
104.75,84701
104.6,60097
103.71,57122
101.37,97297
100.32,111512
100.84,79922
99.48,145367
106.46,78767
107.96,57270
107.24,119422
106.16,89741
108.06,32460
107.88,90453
110.62,55203
110.92,32536
111.68,120117
112.44,62966
110.12,28525
108.68,197663
107.94,122558
108.54,45042
108.22,147085
105.41,215168
101.37,115292
99.19,314629
106.34,88709
106.37,40235
105.91,128034
102.92,65808
102.82,36572
103.18,92898
103.08,77086
103,59613
102.88,190127
107.33,110696
109.78,76927
111.78,255761
113.54,219743
114.65,48014
114.73,139646
113.02,53456
114.21,53354
114.48,141448
113,58411
110.12,46434
110.32,75679
110.69,53291
111.19,41058
111.87,134525
111.42,34590
111.3,45596
111.98,84037
112.99,42658
112.47,20541
112.3,51362
109.39,89264
109.9,23110
110.99,64612
111.51,51666
109.81,73769
108.3,88334
107.87,37134
107.15,15505
106.8,127101
101.14,144271
99.65,46539
99.43,119730
94.44,97974
93.18,54716
94.71,142815
94.42,122733
93.86,40873
93.01,88289
94.1,285518
94.06,61018
94.62,219668
89.85,76049
88.5,86392
86.81,205813
87.53,197779
86.14,83879
87.01,146919
90.67,153429
90.86,91726
91.83,157060
91.13,71679
90.65,51969
91.96,101144
91.78,52467
90.52,46382
90.12,154583
93.35,85747
93.92,50364
93.65,114621
93.61,39559
95.02,35769
94.36,91632
95.16,97021
92,84567
92.43,150942
89.79,102890
89.31,63871
89.46,162117
86.42,108126
89.69,74097
89.73,226262
85.47,241308
82.37,133779
82.24,247061
81.46,102222
81.86,106322
82.06,172140
83.09,46659
83.16,28244
83.47,100372
86.86,71252
86.93,71631
87.89,118376
86.53,27573
88.08,32980
87.52,46746
85.65,19967
85.88,16453
86.82,61328
86.04,52968
86.5,28199
86.4,124733
84.74,80315
86.18,23107
86.61,88241
84.7,84974
85.4,124986
87.65,174764
88.72,106101
89.89,63181
90.16,197068
92.18,51790
92.96,28304
90.44,82776
93,31284
94.14,27660
95.03,205580
95.81,107818
98.7,102961
97.88,114563
99.41,60257
99.83,41535
99.71,63091
99.21,41245
99.11,43670
97.91,107692
97.36,47042
97.44,20434
97.13,79894
97.07,51220
95.86,22703
95.96,70784
97.66,63878
97.99,31663
97.95,158243
98.59,51276
100.49,31703
101.02,55345
101.11,58448
101.61,32330
102.36,73711
102.45,43307
103.46,25757
102.25,51340
101.14,29576
101.91,30681
101.4,40894
102.79,16753
104.59,32566
105.88,65123
106.58,63936
106.76,26517
106.72,128088
106.22,82322
104.57,50648
105.6,64806
105.91,34902
103.59,18015
103.57,79510
98.05,67024
96.1,45909
95.56,158771
98.36,95790
101.46,48276
101.04,108911
103.52,42703
102.55,24935
103.01,47057
104.9,43067
106.19,69882
107.1,90459
106.86,147051
106.16,40228
105.3,70695
104.58,34512
105.31,34511
105.75,127122
102.65,36395
101.09,32553
102.01,72549
103.64,47361
105.49,34142
105.43,72867
101.3,92023
101.19,82949
100.81,103922
99.46,46411
98.41,27770
97.93,57203
99.05,52791
99.21,25075
98.85,62585
97.56,25562
98.64,11039
97.92,37882
100.58,109634
101.02,83063
101.19,122725
100.88,53135
98.02,18761
96.98,84894
95.16,46660
94.32,32336
94.89,67551
93.55,96097
91.65,72503
91.16,144706
91.2,65672
90.92,53888
90.57,93713
87.57,106748
86.88,107567
87.52,218515
89.29,137028
90.7,90058
88.04,72600
87.59,44665
88.71,38950
87.18,69635
87.35,25913
88.71,25675
89.03,64891
89.06,34418
90.66,21321
90.27,53528
93.22,28780
93.51,19179
93.3,76755
94.34,24525
92.72,18736
93,87714
89.81,41411
89.02,33908
88.84,151811
88.21,35939
88.46,29690
87.71,95296
87.92,59561
86.17,38568
86.98,89131
84.66,47085
85.32,22948
85.11,86498
86.61,21884
86.05,16095
86.55,54334
85.93,25829
86.29,23953
84.8,40165
86.59,40084
86.46,29292
86.42,176537
82.9,39354
82.29,55562
82.46,105047
80.47,57138
80.98,24633
80.56,86401
82.41,45361
81.47,42513
80.61,70395
81.8,27842
81.07,21415
80.62,47330
81.79,52743
83.46,39550
82.83,135027
81.53,59973
81.86,49883
80.97,127458
79.85,66958
81.03,39047
80.44,115056
81.79,39982
83.25,40105
84.36,148274
87,91231
87.44,81863
86.67,91273
84.77,52723
85.11,89605
86.24,99673
87.35,65462
86.17,39374
86.09,100362
81.47,116831
80.79,80349
80.12,162513
76.59,207083
76.57,217517
77.21,304738
75.55,131295
75.2,98723
74.95,195223
74.34,48768
74.35,44204
74.2,125223
71.5,384379
76.97,112667
76.85,159086
74.9,98638
73.47,54740
73.34,157717
73.8,95551
73.11,90400
72.1,160766
73.45,93832
72.69,63090
73.47,170877
72.77,137576
75.25,95884
74.4,181446
77.17,241130
78.03,119738
75.92,139978
78.78,171012
79.27,190008
79.59,234085
80.89,160426
81.34,163834
81.93,223566
84.83,161715
85.34,216810
84.26,279474
85.64,106546
86.99,113647
85.91,123719
84.93,61488
84.96,38550
84.67,82886
85.75,57837
86.48,46774
86.41,90476
85.62,78288
85.71,60002
85.93,70383
87.22,90744
87.52,45780
86.82,92326
89.02,108466
88.74,65465
88.5,287216
82.52,110724
83.94,45826
84.16,118397
88.07,188900
87.17,50317
86.51,186511
90.06,80162
90.63,72430
91.72,142962
94.57,89483
94.29,96889
93.21,132788
92.67,74414
92.95,50996
91.7,71342
97.93,103897
99.48,104467
100.77,230755
105.45,170502
105.63,110875
107.54,191150
106.48,45482
105.73,51486
106.77,84952
106.85,53915
108.16,90986
107.38,90161
101.98,80431
102.84,86492
101.15,187886
100.66,93697
101.7,311596
101.42,123772
102.2,92675
101.7,77862
101.67,157934
100,64306
100.59,72871
101.72,129347
102.21,60645
102.66,59353
102.95,101518
105.15,35820
103.65,23910
104.38,62848
103.87,42844
103.87,0
101.54,39143
101.42,36626
100.63,82434
101.56,24602
100.77,36790
100.53,34282
100.56,18521
100.65,71778
105.56,104352
104.62,41836
104.33,51971
104.43,85144
102.57,53548
102.64,47768
103.87,59308
103.97,33162
103.3,20535
102.71,42221
102.78,8751
102.19,28485
101.38,62956
103.75,103923
104.21,41037
103.46,54240
105.61,53464
105.16,39794
105.31,95658
106.25,71652
105.79,48649
105.74,59745
104.14,28350
104.94,25240
105.68,50964
111.2,116789
108.61,44552
108.71,69482
109,63594
108.45,159102
106.1,137484
102.88,55837
101.83,59859
102.78,74420
102.61,45414
101.83,63675
101.63,73253
101.05,40576
100.85,30222
100.41,75700
101.24,47163
101.37,25316
100.94,24566
103.11,34404
102.77,25563
102.51,47414
95.35,119464
94.12,108394
94.64,70384
93.8,24720
94.03,32517
94.27,54183
93.31,41687
93.31,35355
93.14,66891
91.36,18455
92.34,10659
91.69,29917
94.23,24033
94.49,23731
94.07,50398
93.59,11793
93.97,10817
93.85,23368
95.39,34412
94.13,30878
94.13,48896
95.31,47343
96.09,58308
96.15,93791
95.78,26123
95.27,40879
95.98,44362
98.61,39702
99.66,80077
101.56,119576
104.56,60969
105.11,31723
104,62946
104.17,24088
104.06,37640
104.89,35506
104.86,33350
106.02,37172
106.05,70269
105.83,27812
108.58,55151
107.49,41935
106.05,55148
105.95,61125
106.19,77916
105.67,36233
105.92,31921
106.41,39993
108.92,35555
106.91,22218
107.23,53278
103.76,43974
103.96,18592
104.74,42539
103.62,18548
104.94,56458
105.85,54951
108.13,124467
111.4,60975
110.4,71176
110.05,18515
110.14,15876
110.12,34916
107.82,21824
108.97,37275
110.75,74819
110.07,55462
111.46,78073
111.73,69045
108.22,105147
108.96,39784
109.57,59000
106.41,63500
106.24,48741
105.92,184550
107.41,32578
107.77,41670
107.52,46784
110.81,66646
111.33,87539
113.77,149614
118.79,176487
120.94,158665
119.12,149815
119.58,38009
118.3,45052
116.75,89774
115.24,35762
114.64,34740
114.3,46648
114.1,36355
117.33,39384
116.42,50568
114.28,39680
113.8,23033
113.16,69792
114.86,42821
113.65,45396
112.68,50264
110.84,28074
110.68,28145
110.94,36400
112.93,25592
113.05,53805
112.98,38305
113.49,26473
113.83,40825
115.43,47483
113.2,38605
114.67,37599
115.44,39415
114.29,45587
114.08,71751
113.73,124321
111.52,70402
110.74,105149
111.56,91010
110.34,47215
109.5,48136
108.74,108638
107.58,40428
108.17,51401
106.88,39797
107.91,38909
108,57113
110.07,92101
107.62,24865
108.16,38877
109.22,47692
109.26,17939
110.48,19900
109.87,26743
113.73,57591
114.85,47555
114.15,90016
115.08,41042
115.17,28029
114.25,52085
112.97,65710
112.63,72727
114.46,79539
114.21,33246
114.98,64364
115.56,48028
117.87,33237
116.94,23792
115.84,42515
113.59,32986
114.27,65610
112.99,29881
115.42,42942
115.28,41253
115.2,54874
117.17,23389
116.15,29627
114.94,55488
114.09,59280
112.98,52454
112.32,87103
110.87,102305
113.43,66800
112.91,84743
116.58,86431
117.99,46031
116.14,98777
113.52,111281
113.99,63082
113.53,129498
116.03,62997
118.57,43189
118.61,108685
120.25,104518
119.29,64008
119.84,126546
120.31,26473
120.09,28481
121.47,47336
121.87,181502
115.48,96481
117.01,105355
118.11,37476
117.82,32524
118.08,225269
119.17,51991
121.59,46115
120.27,78892
118.48,49435
116.33,30534
115.61,53938
117.5,28969
115.53,11015
115.95,46387
114.68,38154
113.97,47378
112.81,137854
115.96,101722
116.05,89905
116.39,234732
119.35,41809
119.23,50365
118.61,111222
119.02,12131
119.5,19564
118.89,65152
118.39,49494
118.19,18720
118.24,58560
118.6,31863
116.79,16852
117.29,81285
114.03,39842
113.83,54138
113.84,66460
110.65,46267
112,30350
111.61,65984
111.67,29964
111.94,16265
113.02,36709
114.09,18453
114.25,14651
113.95,39922
111.6,51424
111.84,16927
111.61,106178
109.17,22851
110.27,22031
110.46,63270
111.52,29739
109.36,43431
109.17,38330
107.29,66393
106.87,42555
107.48,53902
109.18,38358
108.67,33844
108.1,80933
106.9,77537
107,46107
107.18,93571
112.38,101096
112.54,47618
113.06,118593
109.35,34835
110.32,17584
110.92,56342
110.57,11653
110.02,18298
110.47,27307
110.61,31069
109.69,58319
108.48,100530
107.67,42438
107.95,36641
107.27,96040
107.38,58628
108.34,74959
108.79,141990
108.38,42379
109.31,40232
109.69,125662
110.16,75903
110.01,70196
110.4,124661
110.11,40674
108.91,28491
110.14,52597
111,89852
109.96,28697
110.89,83164
109.23,37717
109.5,25769
109.88,46844
111.39,35201
111.89,19221
112.55,81006
112.11,37943
113.13,13438
113.02,21974
110.7,20484
110.49,11211
111.19,25625
112.18,27939
112.63,18303
111.8,28872
111.85,22786
111.45,10923
111.58,23312
113.27,26860
113.39,14974
112.21,35734
113.82,40866
116.3,35777
117.02,49699
118.59,38240
119.78,28878
118.69,53830
118.98,70054
121.64,57833
123.05,67052
125.36,103720
128.2,96271
126.39,142739
123.25,166322
123.03,76337
123.23,94229
123.88,51243
123.35,28824
122.92,43653
121.63,26952
122.15,19226
121.62,66121
118.68,81692
118.73,50710
117.98,76761
123.76,124617
125.92,51327
126.42,156760
128.17,83955
131.55,38797
132.02,117599
133.44,90683
134.04,90711
133.06,93208
131.37,93740
129.86,24043
130.4,109075
130.3,28350
131.69,20206
132.09,59501
129.41,66858
131.09,23051
131.31,36349
130.1,29494
131.18,16524
130.66,47395
129.54,35320
131.88,45101
130.27,23711
132.49,59084
133.12,24169
131.04,43486
132.05,60444
133.13,28961
132.48,45760
134.13,52305
132.98,16469
133.57,26928
134.63,60463
136.11,37258
136.24,66124
136.43,41208
137.89,30272
138.85,39477
136.89,43943
137.14,18420
136.51,87217
135.02,54885
136.86,23117
136.82,67786
136.2,40092
136.05,29817
136.47,41653
135.92,41284
134.83,11848
134.57,35073
134.76,41754
133.13,13959
134.27,28669
134.95,25238
135.66,45426
135.34,73626
132.65,66932
132.29,29073
132.69,61394
136.7,97000
137.43,89601
136.87,48978
137.97,34909
139.73,42009
141.16,111003
140.1,78859
141.71,44289
141.23,36433
141.11,33216
141.49,8688
140.52,50001
141.8,66995
140.65,36387
141.67,93868
141.28,50737
140.85,22250
140.15,32755
139.79,68134
139.72,108831
136.82,46283
135.89,25322
136.41,46867
137.41,23692
138.36,9358
137.98,48658
137.13,70236
137.85,66024
137.69,113964
134.88,172582
131.95,50471
131.54,102010
135.75,40986
135.25,38675
135.56,76256
139.6,52163
139.43,67386
139.28,107050
141.12,52995
140.83,26552
140.59,56481
140.44,51162
142.33,25749
142.21,145636
139.81,86441
140.13,44570
140.27,126832
139.42,52345
139.23,39535
138.49,58838
133.47,99486
131.78,69209
132.15,115725
132.53,48420
133.2,52847
133.83,71666
134.36,53218
134.27,72265
134.75,164724
136.96,33689
137.52,17414
137.27,56027
135.28,27365
135.15,17378
135.38,74302
145.23,78716
145.64,90832
145.43,83945
147.28,95236
149.69,49257
148.25,81837
147.5,27861
148.36,14608
148.2,39716
148.08,16882
148.57,16536
148.84,27142
145.25,28582
143.64,16778
144.35,46318
143.32,36183
144.06,53902
143.11,61387
143.26,21902
144.74,25497
143.09,42789
144.33,49538
146.6,24988
146.44,33733
143.39,14736
142.7,13310
143.65,32991
143.48,39117
142.44,16428
142.75,56065
144.39,31253
141.47,19277
139.98,27533
137.64,65295
137.22,17659
136.17,45872
136.13,46328
137.26,7877
137.98,42788
138.03,19420
137.83,7173
137.59,26953
136.84,30680
136.33,13840
136.23,47967
135.68,29713
134.8,57319
134.94,141581
135.92,117476
137.24,47312
138.66,108041
143.13,116234
141.67,75673
144.24,173473
145.99,71845
145.55,44723
143.94,49510
144.77,76984
144.34,64316
144.69,71949
144.58,58200
141.2,50671
141.34,78110
140.65,67350
138.99,46826
140.06,53290
142.69,39478
141.35,22726
141.4,55062
143.56,54921
145.92,30572
146.7,63603
146.63,78800
148.04,20924
147.79,41969
148.7,40194
149.45,20021
149.23,54329
150.02,36218
149.93,12799
151.01,51453
149.37,30452
150.72,20007
150.64,44746
150.7,22548
149.39,14896
149.3,34435
142.53,78012
143.28,42370
144.3,85098
143.95,46038
144.29,30722
144.54,54887
144.05,51634
141.8,24634
143.44,42969
142.88,47557
141.9,21384
142.07,57135
141.87,94151
143.91,43568
143.37,55744
141.98,46431
141.99,27921
141.77,57735
137.04,160553
135.42,54106
135.31,133285
136.96,70753
137.46,40192
137.14,96525
134.94,58457
134.38,36709
135.02,50426
135.57,38475
135.75,41358
135.27,65906
133.14,75890
133.09,31865
133.01,70103
134.46,84519
134.62,43332
134.47,127487
132.64,80037
133.62,71205
133.43,89305
132.38,72829
132.02,40027
132.05,91803
132.67,61972
131.19,45850
131.33,60405
133.97,70286
136.18,52724
135.76,108257
138.42,57582
136.39,43362
135.2,72774
137.24,43010
137.15,35518
136.86,105022
136.35,94725
134.39,33687
133.59,125187
135.83,105954
136.04,56810
135.18,60061
136.18,77031
135.58,54511
136.49,60944
133.33,105066
138,14486
137.88,46695
135.67,49407
136.33,25598
137.44,42570
138.1,38233
139.44,21681
138.21,54449
139.54,71816
138.61,25978
138.24,150503
143.47,80349
144.32,45750
142.43,119462
142.11,59332
138.93,51850
138.24,111988
138.64,51101
137.66,43223
138.24,112643
135.15,71984
138.86,47485
138.46,85854
137.09,48456
138.25,28802
138.73,54150
134.15,144363
132.1,167686
132.56,161987
132.21,105476
131.89,51482
132.94,89330
130.87,106684
131.67,56877
132.29,62100
131.66,102324
131.31,70784
131.85,122215
129.29,137847
129.3,88010
127.58,104414
131.42,105338
128.96,60122
128.79,85242
128.84,78995
129.6,49481
128.34,75816
130,125017
128.57,57091
128.81,71377
127.14,66410
128.85,37447
129.43,73996
130.71,61543
130.87,31634
131.12,121458
134.74,73813
136.01,53055
136.21,123316
138.18,59374
137.23,46255
137.64,78392
137.38,56026
137.25,40152
137.21,101365
138.6,68992
138.58,68531
138.42,47378
140.11,48451
140.49,34276
141.14,50066
143.05,31344
142.75,29978
140.7,53043
143.82,54722
146.35,35723
147.39,58037
146,39513
146.61,27763
146.59,80019
150.73,51892
150.43,33840
150.4,75688
153.28,51206
152.02,25486
151.89,32593
152.55,50103
153.12,44977
153.19,131750
143.83,148617
143.73,86351
145.33,91657
146.36,45147
146.77,40901
148.61,67449
145.74,48131
145.87,102855
145.84,118774
146.73,34706
147.37,33391
146.97,27336
147.18,28700
147.18,0
147.9,38828
148.44,35612
148.19,32699
145.83,34966
144.93,54844
144.43,42017
149.15,40640
148.14,41030
146.76,42104
145.35,42271
145.27,42056
145.59,75691
147.53,59299
149,30415
148.61,39748
143.27,41063
144.98,28985
144.95,46394
144.14,69129
143.46,56777
143.65,56188
144.14,45370
142.97,53384
142.36,34283
143.23,53715
144.06,61125
144.85,44684
145.52,34451
144.48,22536
145.41,26752
151.65,41444
152.22,26774
152.07,48437
154.98,33901
153.83,31201
154.13,66667
153.09,61266
152.37,78204
154.74,172795
159.07,61227
159.01,40250
158.59,41255
160.15,23007
159.42,26120
159.02,34966
155.47,17176
156.53,30095
157.16,38961
158.43,42979
159.29,26030
159.26,23076
158.2,23480
158.63,32000
155.2,63911
157.19,27250
157.05,19365
157.46,24445
158.82,5779
159.27,18504
159.23,20698
161.03,3198
161.47,3605
161.38,24635
160.54,5503
160.99,8696
160.72,9347
160.44,7467
160.16,5125
159.88,12881
158.68,7979
158.86,4395
159.26,15284
153.44,81454
152.98,35806
152.04,116826
149.34,28199
149.28,17499
148.82,39358
148.27,19394
147.62,30992
147.31,40838
147.24,9416
145.73,7388
145.75,22660
149.39,21054
149.35,15783
149.38,46433
146.8,28518
148.48,21117
148.36,35510
146.71,17595
146.94,58055
147.06,49862
146.95,53606
146.98,39141
148.56,82668
148.16,27101
147.91,26139
148.24,44916
151.08,41426
149.94,31407
150.4,41707
147.93,50227
148.44,60208
149.3,67145
156.19,39430
155.2,33025
157.44,67725
160.56,61035
163.42,49505
164.49,86037
164.85,47781
165.61,54481
165.78,72782
163.02,28638
163.79,22118
163.92,47427
171.02,29672
172.5,28991
172.08,49688
172.9,24761
171.65,22418
169.82,37341
166.06,21353
164.35,19717
164.4,37238
163.42,21375
163.8,32004
164.26,31500
164.32,19832
163.54,15024
163.22,24762
159.25,27678
160.98,27874
161.11,61702
162.17,61022
162.97,20828
163.83,40740
164.9,15885
165.2,12494
165.15,28029
165.79,35231
167.59,27833
168.51,25112
166.87,27236
164.84,16836
166.56,24645
168.47,26547
167.72,29470
167.75,60464
170.9,33517
171.32,20671
171.13,31362
178.77,29104
180.83,30782
181.78,33898
183.95,21875
184.04,26768
181.42,37559
177.26,32707
176.79,22641
175.86,40701
181.13,46201
182.06,21622
182.3,52324
184.59,79015
184.75,69798
184.86,41646
198.44,91011
199.85,62465
197.64,71423
185.22,87242
184.02,61744
185.44,72243
185.17,30680
185.48,21307
184.95,24101
195.2,25330
197.67,29770
196.89,58081
194.08,19693
195.13,14700
194.57,17988
197.36,27505
198.65,42797
199.61,60540
199.72,42918
198.7,37118
200.03,34434
194.03,35648
193.99,10722
194.26,21626
195.12,30971
196.32,28415
198.21,22583
203.95,33407
206.23,30130
207.5,29806
208.8,34978
207.44,14941
207.76,18310
204.93,37048
204.52,25677
202.16,44629
207.8,25424
208.75,29950
207.93,44551
209.51,40388
209.38,22233
208.93,29300
208.27,46533
203.4,44102
203.99,51185
194.87,60603
196.92,32073
197.17,66945
197.22,102037
198.02,80056
199.39,84564
198.51,26952
197.48,22094
198.03,52581
196.11,52564
197.86,16087
198.04,50950
195.93,32632
195.8,37669
196.05,55905
198.39,17482
196.95,7577
197.4,27828
194.19,24426
195.25,25582
196.82,33977
196.84,31674
197.74,13087
198.7,67932
207.75,79730
210.62,26646
208.56,32527
206.12,17291
206.01,14989
207.77,43347
205.22,25746
207.05,20085
206.27,26235
207.08,18754
205.07,11400
204.55,37490
202.11,28176
201.95,13067
203.22,28360
201.63,45973
201.98,10755
201.48,35067
207.49,11071
204.95,7188
204.96,21704
200.66,11500
200.21,16889
200.95,21867
202.07,21370
204.06,16326
205.02,19815
206.19,8230
205.05,20782
204.88,85186
203.59,44348
205.25,23562
204.42,34015
206.01,26461
205.02,12774
205.37,29904
206.93,37724
206.13,26830
205.08,28819
207.52,19847
205.75,16295
205.75,64786
206.35,14739
205.97,23880
207.3,39357
205.05,32725
204.36,45049
204.15,53075
209.72,20425
207.61,17626
202.23,90792
203.57,22100
205.59,15537
205,36639
200.27,55008
197.72,49176
196.95,71658
192.66,57362
194.78,45176
190.81,53423
190.67,37523
187.38,38523
187.66,114020
185.66,53313
185.45,23137
187.16,61846
187.41,52311
189.4,22905
190.55,41887
194.42,33164
190.37,12657
191.75,34451
191.89,32730
191.66,23956
194.01,28707
198.23,38537
198.76,14261
200.04,31670
199.42,19732
200.16,11841
200.79,34886
202.08,19264
198.21,12204
197.84,26046
192.14,39745
189.93,28700
191.17,79394
192.23,23065
193.69,11216
193.48,30625
200.73,18970
201.26,16959
200.54,50277
203.55,44252
203.81,6514
204.44,34459
204.56,21140
205.53,10294
204.68,22500
204.24,21176
201.77,9014
202.35,22908
204.01,12204
202.36,7719
202.81,17433
208.2,21380
206.29,9699
206.29,22207
203.45,20949
203.25,7480
202.97,37120
204.33,12648
205.59,7187
205.52,20070
208.58,34595
210.56,14053
212.53,42374
214.13,38707
213.07,19279
212.54,84721
209.27,57589
210.48,15921
208.03,42695
212.82,29177
215.87,12468
216.03,36916
212.82,52113
214.62,35265
216.03,55084
215.49,25530
214.98,8551
214.13,29686
218.86,27389
219.41,21877
214.37,37820
217.27,24786
219.36,13583
218.46,20904
217.1,20186
219.36,15807
218.88,36873
216.01,17399
216.35,11222
216.71,39105
214.67,28439
213.87,18193
215.18,38597
212.45,60977
206.94,20111
207.5,77747
211.36,13447
207.42,4337
208.09,8292
207.39,22093
206.8,27621
206.79,25408
215.46,63945
219.06,40317
219.79,98881
216.9,30699
218.19,10051
217.69,26103
219.18,19441
218.17,13122
218.65,27678
219.2,31648
224,8725
224.28,26464
221.51,65506
222.64,26683
225.85,51563
232.35,30575
232.98,33732
233.24,87681
232.63,21312
232.25,28532
232.43,37296
231.15,28708
232.33,18873
234.1,42903
233.55,47074
235.17,44481
238.8,45670
240.26,71571
242.74,34232
244.66,33804
241.35,43547
239.07,23676
236.9,51835
230.83,35011
233.76,15485
231.66,87321
228.45,32109
228.5,19107
227.47,48319
228.51,25584
230.36,15342
230.28,29854
231.98,26550
230.49,38672
228.43,57612
232.11,32990
228.44,11017
230.38,23160
235.61,37670
235.28,16456
234.33,40680
232.01,32874
232.51,15726
232.71,32360
234.89,15711
234.16,4584
235.5,22006
238.41,22482
240,34880
238.78,32089
238.59,19393
239.13,44161
241.59,19174
241.48,8161
241.45,44910
247.12,54491
246.37,30523
246.07,56703
247.86,27182
249.83,18134
250.92,29083
249.28,31516
240.94,51576
238.62,65246
240.48,34108
242.36,17898
244.3,39798
241.89,27138
242.95,16018
240.06,34576
240.46,32082
240.55,19722
240.83,27220
225.02,41292
224.63,66869
220.52,134107
217.28,97082
210.75,44772
212.25,86665
213.33,51866
211.45,55024
208.14,100941
215.44,52361
214.96,14437
217.26,58149
218.21,34210
216.19,17431
216.82,36785
210.98,68840
206.21,68798
205.6,99339
199.98,128825
202.98,50403
203.59,209101
201.49,55269
202.03,39643
203.19,84753
207.35,27179
205.02,11436
203.99,28471
203.65,87116
196.87,71823
195.19,195618
203.84,94866
205.55,111052
204.91,164528
203.83,160573
195.94,79608
192.43,109419
181.96,135077
182.21,193348
177.96,221575
178.29,85822
179.71,39766
180.33,93957
180.78,154094
182.82,69221
184.55,123171
185.03,48276
182.68,46560
177.73,89115
180.93,106969
185.11,114094
186.1,168768
185.77,35196
186.7,32996
188.8,55340
187.79,47021
192.06,27658
190.14,100259
194.33,43464
195.67,32812
197.51,75074
195.43,25102
200.59,29740
196.85,48085
204.88,44208
207.39,69354
209.04,114412
201.15,53185
203.2,32854
204.98,54760
200.07,32625
202.51,29728
205.57,58011
206.75,46984
203.81,29970
203.21,40510
204.09,25181
203.8,18162
205.57,63350
203.71,56747
200.42,38222
198.93,93389
200.86,37489
200.18,26364
200.07,90680
196.04,53919
193.07,20684
193.52,74394
191.99,55868
192.99,29803
193.8,65017
191.75,75206
190.45,47683
188.94,68964
194.66,21220
194.54,16095
195.24,96294
194.98,29172
190.81,22279
191.15,50271
185.62,80401
182.5,68638
182.23,126679
178.85,55462
179.99,38911
179.87,51620
179.54,84201
176.4,40200
179.11,104661
172.91,65591
171.49,38998
172.35,82205
174.7,64779
174.62,37829
174.42,65727
174.48,78027
172.14,36078
172.93,54379
175.69,40084
177,18513
179.18,92786
179.12,81656
180.44,30860
182.42,69577
185.01,52932
185.27,41081
185.93,92678
183.44,115986
183.36,82916
185.01,62830
185.63,34762
187.28,50797
184.83,56918
187.03,24244
184.17,21463
185.71,93586
191.61,72242
192.67,55590
195.62,94285
188.6,70038
188.67,33788
187.82,78029
190.68,33309
191.53,25618
191.47,26866
194.34,36942
194.2,20766
193.63,38919
195.9,71320
195.32,19270
195.33,69903
206.67,87119
204.38,70946
204.48,132596
205.78,30236
203.01,33119
203.63,69795
199.92,99235
198.02,51351
198.06,101731
195.08,63595
192.47,37812
195.2,73239
196.37,67161
201.14,27692
200.69,71564
198.9,42386
197.98,14884
197.12,33166
198.79,45801
198.91,30683
197.52,84751
197.88,35172
198.13,15371
197.84,50964
198.45,39831
198.72,32045
198.02,31619
200.37,53140
202.52,48512
201.46,90070
198.61,53371
200.91,31902
200.55,63391
201.39,28458
203.38,7832
203.14,38206
211.03,63658
209.69,24191
209.72,120975
212.05,434113
192.82,121621
190.18,182675
184.73,163863
183.53,95385
183.29,159484
185.21,62435
185.11,65368
183.86,126687
182.91,96145
183.03,57208
182.85,73448
182.72,49359
182.56,38467
182.37,117399
181.11,65038
181.39,44597
181.97,97374
180.25,31511
180.9,24006
177.94,70506
181.62,48648
181.91,30165
181.34,66993
186.03,48078
185.58,27068
184.85,45963
184.25,17108
183.06,26552
182.48,64056
184.39,47083
185.45,49811
186.78,71441
184.37,41821
182.93,32050
183.29,102456
177.88,81043
177.56,44998
177.67,110299
181.15,82281
182.38,33934
181.11,129095
180.73,37036
180.07,21872
179.87,38043
183.12,21364
183.56,23717
182.44,30378
183.99,37690
184.66,46538
184.76,41591
189.78,34013
190.27,34927
191.39,31476
190.35,45519
189.71,40973
188.97,33665
187.18,27335
185.16,40440
185.59,97001
184.64,44795
182.04,34908
184.01,51102
180.85,54704
180.8,125799
180.52,145211
183.61,58842
183.94,85657
183.5,72605
167.91,81933
167.54,84017
167.29,109168
167.73,35105
168.95,32388
168.21,42263
165.62,44943
165.44,31348
167.06,45762
166.75,53082
166.45,33679
165.75,61198
171.85,62838
173.79,50992
174.42,53447
172.76,34477
172.63,30808
172.67,46850
171.86,45124
172.22,44684
172.65,41532
171.08,41830
169.5,28104
170.14,70819
167.75,40528
167.14,37408
169.19,28129
175.5,82431
175.5,0
178.26,71714
181.86,38030
180.92,46257
180.27,42577
180.55,39472
180.58,54598
180.09,62284
179.26,39784
178.89,58797
172.65,74534
171.89,95889
168.98,85463
170.45,37009
170.47,42098
170.89,53184
171.7,55265
170.66,54287
170.07,70497
168.16,104841
166.57,59329
166.8,74865
168.12,77963
169.08,91990
169.15,76095
167.61,66412
167.19,32288
167.8,27492
166.44,50391
166.92,67150
167.7,78882
167.5,77811
168.86,82575
168.03,70130
167.47,45432
168.26,56145
167.4,56800
171.14,47030
171.81,64817
167.33,97295
160.34,90122
160.83,43632
160.36,71601
159.98,48090
162.74,49497
162.08,76678
165.82,50318
165.82,0
166.06,21098
166.41,16857
166.73,18088
163.45,21736
163.83,13598
165.04,22558
161.03,30443
162.79,16797
162.16,37244
162.13,26561
161.49,22496
161.01,41373
163.17,23240
162.03,34516
161.46,30459
166.16,30440
166.45,39287
168.3,64867
176.21,40710
177.08,33749
175.19,43119
177.61,37677
177.04,26821
176.62,38537
175.03,32791
173.92,23279
174.67,38973
169.78,49811
168.89,38973
170.61,30167
168.44,68821
169.03,56874
168.99,33018
169.86,28864
169.65,23183
170.01,31183
176.66,40750
176.5,28293
176.86,53755
187.88,119645
188.4,114254
186.82,70795
188.52,33560
188.49,58813
188.74,74835
190.13,42417
192.38,28176
192.16,47775
196.36,24563
197.43,23063
195.56,44485
187.77,60429
187.24,52612
187.58,40306
186.06,29505
185.29,41894
184.05,39895
172.88,163436
168.62,105154
169.12,118361
170.44,49607
171.21,64759
172.5,73118
172.94,22950
173.26,52328
172.99,78649
177.1,58747
178.96,48785
180.38,77596
183.74,45227
183.53,36414
179.45,40873
177.13,49332
176.66,24777
177.74,38766
176.02,28564
176.25,28004
176.08,25174
175.77,28630
177.22,22185
178.55,38871
178.84,31941
179.9,46535
179.49,58879
177.68,58058
177.99,19285
177.52,43240
180.23,23586
181.35,19476
181.11,40896
181.08,20632
179.73,49477
181.45,66342
177.82,31593
179.31,37799
178.98,46479
179.95,56082
180.08,54764
180.84,57250
170.98,58533
170.42,74000
168.99,157798
168.55,77575
169.74,64434
170.29,52226
170.4,56698
172.35,21886
172.31,54487
173.58,48317
174.1,36553
174.69,38724
172.3,44648
171.51,25098
169.5,69249
170.77,28955
171.2,33412
168.83,62745
165.34,68275
164.17,44638
163.92,51986
167.63,33345
167.1,26912
165.69,34908
162.61,49016
163.11,79429
159.48,157600
156.48,63089
153.87,63269
155.41,73756
157.15,60959
154.76,70514
152.38,102082
150.36,63154
151.88,40381
153.44,60017
150.68,46863
152.42,30189
153.89,51365
152.03,57933
148.94,41370
149.61,65300
150.94,52038
151.39,35348
153.54,52408
146,94801
145.54,37922
145.51,53663
149.11,87379
148.82,74691
148.12,120830
148.99,62829
148.64,51480
147.27,67946
152.75,71794
153.96,48557
153.81,63181
153.81,47886
153.49,19839
154.02,55422
151.84,32977
150.77,43897
152.57,57636
152.31,30241
153.66,25599
152.81,79665
151.84,55952
153.24,34005
152.33,46123
148.93,57939
148.68,34301
150.01,77925
153.5,43948
154.18,36457
153.73,50341
152.03,21954
152.38,34109
151.62,25656
150.92,38986
149.73,28122
148.64,41997
147.73,61273
146.11,41378
145.87,184990
147.31,54877
143.95,53901
143.85,121921
141.85,33984
142.11,26647
141.71,53959
142.19,66209
144.1,34171
143.32,61306
143.59,44469
145.42,58569
146.41,70791
138.56,106738
136.08,61158
136.38,173141
128.14,157816
126.88,72432
128.3,144994
129.67,227905
128.77,149392
133.54,247705
138.31,123576
137.27,100191
133.79,435113
128.82,189422
129.15,193371
145.04,404850
140.37,104117
136.94,130393
135.99,288643
138.96,97239
140.18,139892
143.94,166061
143.75,88872
141.54,55558
143.07,70821
144.98,51962
143.65,56037
144.07,83789
137.73,49563
138.23,54518
135.99,168162
136.93,58706
136.74,30504
137.71,46938
132.37,61270
131.8,39325
131.97,78706
137.01,33198
136.99,21039
135.4,49752
145.57,38750
142.65,32300
143.62,67313
147.2,55059
146.78,29367
148.32,71112
148.43,37118
148.7,21050
149.33,46766
149.04,77331
147.31,49054
147.29,46564
148.54,56784
148.61,30837
149.47,54281
144.04,59985
146.38,40739
146.9,115596
148.99,58613
149.44,37338
149.48,85209
152.91,62438
154.34,40103
154.07,81080
154.44,37636
153.95,22530
154.31,31861
151.09,21110
151.86,12995
151.43,28801
152.1,48121
152.42,66346
151.54,93469
155.18,97100
156.41,72037
156.03,65179
155.46,51181
154.04,20354
154.38,57419
164.56,84843
165.54,75233
167.6,122537
169.29,77969
171.91,82100
170.77,91698
172.46,36370
172.57,38717
173.19,95946
171.39,103658
173.67,68341
173.61,136520
161.51,220220
162.38,110359
162.66,133576
161.92,79701
163.36,42477
163.98,90357
163.75,32147
163.69,27963
164.14,60571
162.97,26069
164.57,24409
161.79,54196
161.28,58822
160.77,35990
160.97,81790
155.18,30755
155.25,35939
157.25,61718
160.04,114024
160.37,80051
161.33,71612
161.14,36523
161.42,15928
161.66,82741
160.54,82350
159.1,43050
158.38,140768
155.05,52564
155.48,122699
153.57,111220
155.28,56080
155.41,38173
155.67,79418
157.62,37612
159.48,29595
159.48,68722
160.31,57548
160.81,55043
161.23,49598
160.67,46390
164,125597
164.11,113862
166.7,66597
167.83,27230
166.63,49581
168.72,46905
169.47,29475
169.62,76879
170.22,29184
172.06,29108
172.71,77573
174.18,67102
171.92,75855
170.51,85599
172.27,38523
173.39,16191
173.71,75941
171.27,43976
172.26,15350
171.82,61812
174.04,63363
174.73,40817
175.02,78991
176.36,80544
176.71,22464
174,96995
173.61,34242
173.16,23879
173.18,65310
172.96,91813
167.2,55118
167.88,186660
170.25,44058
169.84,53345
170.57,52208
175.73,39108
176.84,52051
178.26,87243
179.9,33700
180.59,27013
180.52,48530
182.38,53543
182.31,32267
182.07,57496
183.89,21723
183.25,22451
181.44,55331
181.81,21376
183.46,16191
182.39,29367
181.23,39657
182.14,45055
183.69,92912
182.73,55261
187.1,75349
188.03,125041
189.3,55200
189.99,107193
189.84,45175
189.75,31669
189.83,54359
192.45,137150
193.81,77667
194.3,114820
195.57,71562
193.92,17163
194.78,39107
195.87,99126
197.77,23269
197.56,34631
196.46,62275
196.81,16273
197.25,50316
194.12,71774
196.58,121817
197.2,171967
198.56,52730
198.12,20461
198.79,78494
190.39,142850
191.53,48906
192.6,106485
192.25,47635
192.27,45193
192.21,95946
191.6,34429
190.76,30533
189.41,79065
192.3,46905
192.04,43974
192.51,77028
186.24,65318
186.98,94734
185.49,85324
185.44,48437
187.64,36847
186.75,94726
186.52,42139
187.87,21106
187.7,54587
184.23,52980
183.89,30683
183.69,109993
188.8,37138
188.86,21018
188.91,46699
190.51,33426
187.78,51690
188.86,43152
188.76,40624
189.24,24179
189.13,61691
179.35,82827
179.9,38069
177.73,221542
175.61,122534
179.72,49061
178.36,68293
180.59,60632
180.7,24541
180.69,65918
180.6,61159
177.63,35863
179,38544
176.57,64527
176.17,20685
177.04,54929
184.98,83413
182.16,44271
181.92,70050
183.56,41836
183.54,11382
183.68,32715
187.83,28720
185.67,30353
184.12,47673
183.9,33891
187.53,18598
187.25,40497
189.26,39492
188.34,25171
189.29,121411
186.15,58646
187.95,42916
187.79,152672
164.93,272605
162.58,191499
161.11,355584
161.58,106594
162.86,60242
162.79,162056
163.05,75557
161.78,82002
161.33,87323
157.84,92551
157.64,72821
158.81,92441
159.51,59915
158.97,44852
159.06,58359
160.59,110929
162.97,23977
162.74,45544
160.67,64069
161.55,45906
161.78,63697
162.23,69987
163.79,57718
163.6,117562
162.77,56164
163.3,36753
163.51,53718
163.52,64713
164.05,43209
164.41,84871
161.51,103755
160.22,50249
160.01,92224
157.58,125324
155.91,124759
156.46,144583
155.7,166447
154.54,131192
154.42,98682
156.02,101344
157.61,65476
157.9,159716
160.59,102212
158.76,44665
159.77,117969
162.92,86104
163.06,69032
162.51,87761
161.85,107045
163.46,75988
162.82,115227
162.78,101682
163.41,46601
162.68,69732
169.36,105360
169.15,83846
169.79,131040
168.59,65491
167.64,45458
167.62,59513
169.5,60173
169.08,38792
170.06,79649
171.74,79172
172.02,50726
172.83,74191
176.81,113554
177.56,89199
177.9,137930
186.28,167735
189.56,100682
188.16,147622
189.64,44912
188.5,43185
190.06,100284
196.72,81458
196,80648
198.24,141380
202.55,124996
202.96,155077
199.95,181694
200.54,80724
200.95,37795
200.46,84261
196.29,81051
199.49,39495
198,73927
200.88,72824
200.79,111465
203.96,79079
206.44,88406
206.48,33515
205.92,109945
206.66,162295
206.85,99150
203.23,172667
205.46,131524
211.45,96103
213.44,204710
218.96,121438
220.57,53134
222.43,118367
215.37,149492
217.57,58093
216.46,112812
224.88,116849
224.57,43685
225.37,97240
222.17,84468
215.66,49839
214.37,138979
211.82,123554
216.15,77890
216.78,100421
215.57,121327
218.83,71182
218.86,91946
221.92,213938
213.2,154125
213.81,216911
218.51,74275
218.8,34837
218.44,106216
216.97,52724
218.96,89008
220.36,165536
222.38,115062
222.53,94183
225.46,204188
226.79,119848
225.19,51126
226.38,94592
225.93,59198
224.21,27470
224.26,57780
228.08,64488
228.8,50699
227.92,91404
225.43,40639
226.56,29357
226.1,41976
224.58,88208
220.77,62356
217.05,69465
226.32,89376
228.59,150462
229.05,150020
227.62,143294
228.74,44517
229.05,98700
232.25,64551
234.27,55241
231.52,108650
227.96,125592
228.13,77872
228.91,125086
234.61,115788
234.21,70884
235.31,133404
240.24,71324
234.15,46493
232.29,120972
234.29,50705
233.15,69157
231.24,118182
236.32,85700
238.03,27797
237.3,50702
234.69,58403
233.06,42839
231.52,87222
238.1,83722
238.61,64734
240.13,141709
234.19,75917
234.86,64158
235.3,99973
225.27,53279
225.21,38738
227.64,52758
232.21,36150
234.51,30848
233.98,73860
227.69,36309
228.47,35811
227.49,65577
229.19,42017
230.06,22016
229.69,42256
224.19,100045
223.09,141411
220.36,106034
222.98,158556
222.18,186612
224.89,250529
228.95,67826
228.25,59998
226.77,108303
221.85,96024
224.59,43600
225.47,152629
231.73,72690
230.58,60132
232.15,145315
236.1,86827
225.43,73000
223.58,137809
218.52,99496
224.69,44952
225.75,81376
230.38,33607
231.61,64092
230.92,101973
234.42,40790
237.16,45644
240.98,83868
247.16,50467
248.27,64283
251.62,82114
249.31,62622
249.31,0
251.53,58359
254.74,44387
254.24,63293
260.2,91222
260.23,88758
266.56,111368
263.11,82462
265.6,31708
265.22,55771
271.82,36356
269.69,32783
269.47,41732
269.76,60049
268.52,51796
267.99,59464
267.68,90191
267.81,107457
266.78,99001
267.6,53222
266.62,25125
266.95,39633
266.86,76077
268.74,58547
274.17,82888
267.1,78882
266.43,49625
269.06,74817
262.71,55311
261.05,35589
259.39,80059
261.56,45814
261.07,39659
261.65,52849
257.6,60706
256.38,77071
256.7,92354
251.51,67883
250.26,57139
248.11,133699
255.56,112154
254.28,42918
252.38,102161
256.91,75851
257.05,67801
256.64,136519
258.84,34072
258.99,18167
259.6,45622
258.85,28609
259.34,38733
259.39,41382
259.96,17677
259.96,0
261.8,10568
261.83,10183
262.35,22481
261.47,12307
261.31,16645
262.29,20177
261.89,15235
260.87,10414
260,18009
258.55,14039
258.55,24840
256.44,52568
265.96,31500
266.1,40048
269.09,87990
284.95,99543
284.86,74683
283.29,95803
294.41,49302
293.57,35903
293.65,66434
293.26,48408
292.72,49390
292.12,54529
280.86,33975
281.06,28755
280.29,52087
294.86,70550
299.07,66603
299.34,125865
306.23,33909
308.21,28059
307.16,39584
307.46,87444
306.56,62445
303.84,71582
298.51,49072
296.93,42448
299.28,57089
324.2,121190
325.69,130814
322.71,107960
323.24,69688
323.67,69202
326.46,81530
318.31,47701
320.36,24656
318.25,51621
323.11,89572
321.62,72328
327.46,100776
320.88,69094
321.54,62291
318.31,93993
321.23,74705
318.41,39989
322.37,30328
318.39,49096
319.57,32171
319.13,44036
335.01,69380
333.97,51158
332.98,90124
333.36,91829
335.53,60545
338.21,61656
331.73,80574
336.21,31993
337.7,44786
333.73,43735
327.6,40902
327.16,131542
326.28,54587
327.11,29210
326.62,60471
326.85,85199
317.16,120845
315.39,117480
302.54,239645
293.01,223532
299.51,124523
295.7,85989
299.41,72846
300.88,94682
319.53,89630
321.14,62819
322.32,74516
325.03,70216
327.03,45671
331.13,63944
329.43,113821
333.58,66444
330.3,71268
336.87,45823
338.49,48391
341.59,50107
333.78,55316
328.21,37832
331.15,78983
362.99,102840
356.76,67983
357.32,89176
355.01,95145
356.99,70303
360.48,93255
368.78,181867
371.1,126152
365.8,119072
366.19,64807
364.04,44745
365.87,74591
374.21,105134
371.9,51589
373.19,76378
372.2,46895
372.58,35800
370.36,36539
374.24,42085
378.13,59110
376.925,61444
391.49,75424
395.28,42882
393.585,125818
372.84,39247
372.21,37874
375.13,74881
375.54,19653
373.95,35594
372.175,50240
367.23,49476
373.08,27697
371.63,32186
354.06,68159
353.23,46871
351.56,74365
361.16,29064
358.95,16657
359.135,35364
351.56,37937
336.86,43248
340.93,43238
339.41,37160
335.18,57347
331.345,143640
319.39,109008
327.34,56983
326.26,145402
345.225,76096
352.35,44106
354.87,78548
350.01,38901
349.56,17662
351.065,58519
336.53,84206
339.3,34344
337.89,92492
347.065,76292
342.175,41082
340.75,53324
349.855,30994
346.69,39231
345.75,73003
348.625,20211
345.6,42615
349.555,57302
354.82,56425
355.875,40316
356.55,68749
349.675,61482
354.19,27382
356.085,134559
351.86,62763
354.55,47743
352.825,141560
369.51,72780
363.97,56671
365.42,61227
368.185,84515
379.025,78510
375.995,80190
363.58,32477
368.77,34061
368.98,56230
350.255,61496
351.25,52443
342.415,203265
339.47,47037
342.01,38454
336.24,86658
328.74,74823
324.49,42261
323.185,70617
334.93,66419
327.79,80049
336.8,106023
354.71,43316
358.4,35316
356.68,67368
346.04,37647
350.46,39126
346.46,42020
350.31,19220
349.62,5260
349.65,24937
350.14,31404
352.075,20035
351.93,41537
387.5,99931
385.01,28358
385.22,75056
392.77,82802
395.555,33541
396.82,72242
404.54,85451
402.81,59324
404.39,80177
395.035,46273
390.21,29400
391.09,68486
395.58,44087
394.18,45670
396.97,66939
386.84,55578
385.89,42316
384.385,80540
387.19,77653
390.93,35441
389.055,87717
394.27,62324
393.74,45823
392.625,107108
393.8,60303
391.46,26651
393.18,63336
394.325,61514
395.705,47721
394.27,67328
394.58,72958
399.75,33221
402.23,117335
410.295,28024
406.89,32730
402.46,53651
413.205,40599
418.54,31956
418.91,79244
409.22,81008
402.36,25719
402.1,54424
386.675,105178
381.42,121076
382.69,150641
384.68,31602
381.02,26053
379.59,93515
387.39,35899
389.32,31408
395.58,128921
397.47,28812
393.32,25233
391.07,54789
400.28,60930
390.51,53974
391.2,83198
408.73,87538
412.595,42852
412.75,57389
423.32,60177
426.17,33085
426.33,115949
420.32,46840
411.12,30421
411.57,72411
431.45,79419
432.47,65923
435.79,126075
441.01,92346
445.85,72547
446.64,96469
423.78,79000
418.45,39547
422.96,80180
426.035,55416
428.65,40532
437.7,112578