69.91,4627
70.93,1086
71.01,5701
71.18,1521
70.97,366
70.94,2843
70.66,500
70.47,2346
70.64,3632
69.75,1400
69.56,1100
69.66,3300
69.31,3300
69.48,1600
69.25,2990
69.68,1700
70.67,1200
70.94,3016
71.04,3033
70.45,1000
70.72,18177
71.54,2800
72.13,1200
72.32,2000
71.23,600
71.42,1600
71.51,10100
71.7,1333
72.47,1200
73.01,3855
72.57,306
72.85,936
72.37,2994
72.2,700
72.04,500
71.75,2793
71.69,1400
71.77,2145
71.59,3222
71.42,1600
71.68,1983
71.46,2222
71.4,200
71.5,100
71.69,2440
72.13,771
72.1,2000
71.71,2307
71.95,1672
72.2,1100
72.16,3070
71.95,1300
71.77,1000
72.07,1701
72.54,701
72.8,100
72.8,702
73.36,400
73.49,300
73.23,1318
73.65,700
73.88,500
74.14,2394
74.39,215
73.8,366
74.11,988
74.5,200
74.72,651
75.3,884
75.63,1467
74.79,535
74.37,1706
74.66,1319
75.43,1876
74.89,2828
74.07,1286
73.8,697
73.57,11596
73.16,1134
73.93,642
73.9,1507
73.29,1816
73.34,2046
73.57,5211
73.1,2527
72.55,2108
72.05,5039
72.01,1616
71.92,1059
72.09,3615
72.57,557
72.81,500
72.74,5168
73.96,732
74.03,628
73.81,1235
73.04,807
72.58,506
72.44,1177
72.09,401
72.33,400
72.17,2423
72.34,1308
72.79,869
72.55,2872
72.85,2209
73.13,2101
73.25,5651
73.14,1041
72.56,1111
72.91,4403
74.19,1150
74.65,1575
74.83,3186
74.95,3788
74.93,1591
74.47,1566
74.52,882
74.23,132
74.43,1218
74.5,501
74.76,547
74.61,4732
75.13,300
74.85,401
75.07,2231
74.3,400
75.05,400
74.83,1640
74.55,100
74.94,101
75.04,745
77.2,2459
77.78,473
78.1,5140
77.45,733
77.29,1233
76.86,2196
78.65,2018
78.51,2192
78.95,5828
78.95,0
77.36,326
77.49,1077
77.09,975
77.08,254
77.14,678
77.71,567
78.36,333
78.1,937
77.8,921
77.98,433
78.01,1905
78,802
78.49,537
78.7,1079
79.04,300
78.33,401
78.97,1586
79.52,400
79.62,1466
79.79,737
80.84,2168
81.11,493
80.86,7542
80.25,1019
80.11,1491
79.61,3196
80.79,494
80.77,981
80.33,1676
80.74,2892
80.74,916
80.96,3000
81.92,713
81.82,584
82.14,1671
83.29,3120
82.75,1125
82.74,1387
80.98,739
81.13,512
80.76,1752
80.86,200
80.86,400
81.06,465
80.87,447
79.71,343
79.75,1027
80.52,434
80.03,300
79.93,963
81.23,566
80.59,944
81.09,1081
81.93,100
81.48,233
81.69,3337
81.78,444
81.24,434
81.41,1387
81.93,1054
81.09,326
81.21,2235
81.4,974
81.76,232
81.41,1734
81.41,0
82.71,1500
82.76,1458
82.89,404
82.28,201
82.12,1864
81.38,412
81.38,0
80.99,1559
81.09,100
81.17,386
81.58,783
81.17,210
81.24,535
81.56,5631
82.2,739
82.72,1101
82.72,4110
82.98,810
83.19,946
83.47,8916
84.14,1821
83.87,3985
83.45,3942
84.39,1519
84.48,934
85.76,553
85.26,320
85.49,100
85.56,480
85.08,548
85.33,310
85.11,210
83.87,3951
84.68,1624
84.34,1059
85.41,1120
86.02,823
86.21,1102
85.02,2513
85.43,401
85.31,1019
83.55,2366
82.84,1301
82.57,3450
82.13,1467
80.63,805
80.43,2692
80.69,235
80.85,283
80.6,1568
80.58,1614
80.07,1677
79.79,5054
79.1,891
79.51,963
79.84,2254
79.35,474
79.87,1203
79.88,3000
79.58,728
79.88,1710
80.23,1559
80.56,900
80.21,1235
79.68,4351
79.17,300
79.82,206
80.13,842
80.13,0
80.08,300
80.44,1887
79.45,706
80.02,569
79.83,6763
80,333
79.57,300
79.27,1380
78.81,1042
78.6,805
78.66,1223
79.04,301
79.11,233
79.23,1856
79.38,1188
78.59,1002
78.81,3806
77.6,301
78.14,133
78.56,974
78.15,510
78.48,433
79.25,1678
79.56,505
79.89,1012
79.62,2638
79.38,634
79.05,866
80.15,1297
81.53,1057
81.22,300
81.24,1128
80.02,624
80.06,1365
80.65,3795
79.79,836
79.69,200
80.45,5661
80.69,833
80.87,259
80.77,3441
80.55,507
81.06,300
81.13,1404
81.39,536
82,438
81.87,1332
82.66,1026
81.92,1138
81.87,2763
81.31,333
81.7,641
81.26,1222
81.1,306
81.37,310
80.83,725
82.54,100
82.43,100
81.88,1117
81.37,333
81.41,333
81.42,994
82,969
81.72,332
81.55,1983
81.55,0
81.55,0
81.55,0
82.66,792
82.66,0
82.91,828
82.33,452
81.96,402
81.91,948
82.62,433
82.65,768
82.24,3152
83.37,939
82.93,300
82.41,1677
80.53,396
80.11,904
80.73,1785
81.37,1299
82.1,400
83.16,7494
81.95,300
81.94,700
81.71,4449
83.01,600
83.13,1333
83.11,6381
85.17,1383
85.36,277
85.37,1673
84.74,1403
84.34,400
84.48,2981
84.87,200
85.2,792
85.09,1124
84.95,671
84.65,508
85.28,1858
84.23,403
84.23,0
84.68,100
84.39,400
84.39,0
84.72,200
84.64,166
84.86,233
84.56,312
84.04,100
84.15,1051
84.27,100
84.41,200
84.87,135
85.53,2070
85.7,176
85.6,1298
85.72,1955
87.25,808
87.63,635
87.61,935
88.26,1316
88.62,300
88.02,704
87.63,200
86.83,648
87.38,2489
86.83,1213
87.25,1117
86.36,2248
84.71,2095
84.71,0
85.27,633
86.03,1547
86.42,4914
86.86,3473
87.2,627
86.7,1939
87.76,423
87.6,1274
86.74,941
86.75,300
87.53,2472
87.63,2246
86.86,1306
87.42,270
86.61,1454
88.74,688
88.8,2308
89.27,3715
90.08,306
89.51,957
90.24,2929
89.5,500
89.54,1506
89.43,3009
88.4,576
88.57,696
88.83,1209
89.27,637
89.51,501
89.18,1613
89.03,966
90.14,452
90.9,2410
90.61,347
89.62,1723
89.77,1215
90.24,1254
91.13,600
91.22,1897
92.67,2168
92.52,2113
92.23,2710
92.79,1216
92.79,792
92.63,3782
93.07,100
92.75,1168
93.35,1463
91.41,1496
92.13,2743
91.85,1763
92.36,1962
92.03,1302
91.94,1026
92.45,200
91.56,437
91.72,424
91.87,100
91.87,0
91.77,346
91.97,615
92.09,488
92.3,4153
92.39,267
92.73,700
93.04,1288
93.14,112
93.97,100
93.98,428
93.91,628
93.67,300
94.45,303
92.35,569
93.28,703
93.49,1420
93.18,697
92.2,449
91.75,1129
91.26,1036
91.47,558
91.34,1448
91.71,906
91.68,898
91.07,2141
89.63,370
89.35,474
90.29,1300
89.15,418
88.1,609
88.21,1751
86.83,4506
86.73,1919
87.08,4290
87.46,2244
88.18,1178
88,2985
87.34,105
87.25,783
87.17,2650
85.85,533
85.16,1388
85.32,2801
84.41,2114
83.86,1026
84.27,5068
84.36,1085
84.37,569
84.25,2504
84.75,700
84.53,200
83.84,1394
84.16,1033
83.53,652
84.1,1947
84.1,0
84.1,0
84.1,0
83.31,1479
82.97,2949
84.14,2001
84.48,2418
83.64,2461
83.21,3865
83.9,1391
82.51,593
81.84,1799
81.57,807
81.98,1279
81.81,2404
82.08,1944
82.97,2441
83.49,3929
82.08,803
81.86,707
81.96,865
82.4,2870
82.26,2205
82.75,5941
82.14,1151
81.84,953
82.08,1404
80.11,634
81.15,220
81.74,915
81.05,2456
81.39,2206
81,4320
81.82,733
82.24,1626
81.78,1288
80.8,1023
80.13,503
80.4,3151
79.6,1672
79.44,1520
78.61,4275
78.94,547
78.79,1520
78.68,3283
77.72,712
78.32,900
78.32,1819
78.41,824
78.32,900
77.72,2821
77.25,400
77.63,848
78.1,1481
78.33,1861
78.41,502
78.47,3383
78.92,2385
78.91,1784
78.96,4628
78.77,1875
78.19,2929
78.67,2882
77.64,1430
77.37,2278
77.09,12692
75.33,414
75.34,844
75.68,2596
75.96,1147
76.16,707
75.72,2055
77.28,1284
77.2,1324
76.94,3877
77.21,1494
76.48,1272
76.68,2330
77.71,1127
77.58,788
77.73,2830
77.99,734
78,878
77.5,4224
77.71,4403
79.21,5593
79.97,5966
81.19,770
82,918
82.18,1700
82.18,0
82.18,0
82.18,0
78.92,1416
78.93,2933
78.87,4309
77.32,1706
77.11,1386
77.17,1509
77.02,1092
76.5,741
76.43,5152
77.44,675
76.65,433
76.65,2077
77.98,976
78.83,468
78.48,1705
78.1,321
78.14,658
77.9,1896
78.8,954
79.18,990
79.24,840
78.98,889
79.37,652
79.58,5769
80.65,625
80.12,804
79.77,1068
79.84,303
79.11,286
79.07,1446
78.27,200
78.42,100
78.44,1256
79.34,351
79.7,823
79.62,1868
80.23,637
80.11,300
79.58,2463
80.07,781
80.06,533
79.95,943
81.07,764
81.33,313
81.41,2360
82,357
82.02,433
81.91,1458
82.63,1134
82.36,443
81.98,9290
82.14,4561
83.15,3493
83.89,4335
82.89,1472
81.68,107
82,1305
82.28,1560
82.5,415
82.48,736
82.05,611
82.49,525
82.47,1584
82.61,435
83.12,780
82.92,1971
83,4165
82.48,367
82.76,1057
82.01,785
81.26,1659
81.32,5563
81.72,1145
81.5,323
81.4,587
81.4,0
81.05,133
80.54,2611
80.26,423
79.15,300
79.19,1492
77.96,200
77.5,388
76.28,2385
76.44,696
77.59,234
77.1,1086
79.19,884
79.83,1419
80,3264
79,744
79.36,766
78.76,2248
77.47,604
78.23,1817
78.39,3277
76.53,843
75.86,1900
75.29,4536
76.4,807
76.28,1138
75.95,2270
75.62,1106
74.39,747
73.82,5033
74.37,1899
74.43,1132
74.5,4899
73.07,3424
72.43,1200
73.22,6338
72.49,1534
71.8,1398
71.53,2023
68.66,2032
70.83,2874
70.42,7033
69.21,1248
70.81,3221
70.3,2806
70.73,1433
69.77,2068
69.56,3932
69.08,2639
68.95,1643
68.68,3255
69.6,1701
69.84,1331
69.62,6313
70.4,894
68.74,301
69.73,1421
69.81,588
70.04,400
70.18,2737
70.23,326
69.52,1000
70.59,2765
70.94,2888
71.44,2342
71.11,9006
72.02,719
72,942
71.69,2707
71.34,486
71.34,0
71.05,6064
72.93,2217
73.36,1367
72.42,7040
72.08,1181
72.46,574
72.73,2633
71.7,733
71.2,430
71.94,1862
73.2,511
72.79,673
72.54,2158
71.95,859
72.34,1121
73.08,1822
73.77,541
73.42,928
73.44,1681
73.8,538
73.15,105
72.73,102
73.31,200
73.31,302
73.3,1337
72.21,812
72.91,123
73.13,2052
73.55,101
73.05,100
73.12,918
72.75,465
73.93,264
73.98,1459
74.48,939
74.88,2181
74.92,1342
74.52,619
74.9,303
74.64,580
74,408
74,647
74.66,3484
74.24,955
74.01,939
73.01,2645
73.34,531
73.58,454
73.31,1109
71.56,716
72.74,613
73.01,1525
71.45,1246
70.76,1866
69.98,2303
67.7,388
66.01,1458
66.25,2313
67.32,2667
66.78,814
66.73,3650
66.5,2623
66.19,1341
66.35,4476
66.28,2342
66.42,6722
66.28,3158
65.9,2091
67.05,847
66.92,4403
67.25,531
68.35,1522
69.04,2600
70.18,365
70.79,705
71.23,2669
72.36,551
72.84,873
72.57,3722
72.79,423
73.39,1825
73.31,2289
73.93,514
73.83,404
73.54,1042
72.74,412
73.29,619
73.68,1417
73.46,1596
74.5,759
74.85,1042
75.75,1423
75.76,1078
76.31,5302
74.77,901
74.78,2227
75.38,3828
75.82,613
76.32,1121
76.73,2948
76.94,303
76.89,401
76.43,1666
76.32,305
75.78,228
75.34,1558
75.71,689
75.61,464
75.94,1138
76.27,733
75.94,748
74.7,787
74.52,647
75.48,301
75.51,429
74.36,1078
74.84,400
75.06,1147
76.4,551
76.94,203
76.65,2847
75.63,832
74.91,1327
74.68,2131
74.71,834
75.22,303
75.41,2346
74.54,1075
75.28,688
74.68,3106
74.52,701
74.93,600
75.37,1335
75.98,719
76.39,930
75.37,1320
76.36,617
76.47,256
76.6,1825
76.85,1611
77.36,2353
77.29,2170
77.19,1113
76.79,1068
76.71,3323
77.37,2767
78.78,961
79.87,1690
80.83,1486
80.33,362
80.58,2795
80.41,3970
81.4,4986
81.55,4227
81.49,1262
80.9,1155
80.67,3171
81.06,570
82.39,435
82.87,1916
82.65,1189
83.01,559
82.81,1605
81.02,802
80.46,504
80.38,2939
81.19,813
80.58,595
80.15,3547
81.15,1553
81.39,712
81.39,3704
81.72,1060
80.84,608
81.05,2453
81.93,712
81.78,100
81.22,1121
81.35,3047
81.09,2050
81.25,4039
81.98,501
82.03,417
82.23,6433
82.74,514
82.53,860
82.61,1790
82.21,817
82.66,382
83.04,2376
83.04,0
82.29,200
82.66,1084
81.75,736
82.11,304
81.6,769
81.54,1062
80.74,659
80.23,1399
78.85,401
77.89,506
78.61,3390
78.61,0
78.34,600
78.37,5652
79.35,1696
78.98,110
79.23,2178
79.75,302
79.42,1259
79.16,3603
77.67,300
78.46,1946
78.72,1951
78.61,300
77.92,104
77.46,1111
77.26,408
77.14,300
76.81,1256
76.81,0
77.7,500
77.43,1289
77.6,201
78.33,983
77.49,2951
76.8,1055
76.31,213
76.51,493
76.51,0
76.77,1832
77.07,1483
77.57,342
77.75,526
78.11,3365
78.03,2138
77.62,2133
78.09,3809
79.09,2017
79.38,1051
79.58,1763
79.21,2661
80.08,1086
80.34,6720
80.4,4372
82.6,2391
82.53,7257
81.5,2167
81.81,2387
79.81,7328
80.49,3255
81.16,1041
81.78,11475
79.45,2523
78.98,1692
78.8,4413
78.79,940
78.64,3335
78.06,5682
80.9,1133
79.92,1280
79.17,9322
77.11,570
77.62,1379
77.95,3636
77.75,1490
77.75,2197
77.07,1404
77.17,200
76.56,587
76.14,2673
75.23,599
73.81,1824
74.54,1062
75.21,1674
75.48,511
75.54,2635
75.14,100
74.32,814
73.5,2281
73.43,1447
73.35,1247
73.12,8352
74.72,2183
75.53,1166
75.65,8076
77.75,2225
77.64,1600
77.18,6120
75.96,5213
76.3,3732
76.15,13506
74.87,1153
74.87,0
75.09,2841
74.17,827
73.69,1937
73.5,4215
74.7,974
74.76,1779
75.16,2972
75.38,2495
76.39,1716
77.24,7674
76.26,2946
76.75,1625
76.2,8834
75.76,1090
77.86,1278
78.52,3308
79.33,1830
78.91,1492
78.84,4682
80.58,2147
81.29,1645
80.58,3286
81.74,1040
80.68,458
80.35,1823
80.22,730
78.89,777
79.37,1548
78.41,1659
75.32,2454
73.9,4681
73.35,1342
74.39,1128
75.42,5373
74.91,716
76.03,935
75.94,3172
77.95,1103
78.6,1552
78.69,1617
78.58,2438
78.85,1138
78.58,1353
79.85,1043
81.14,1466
81.36,2203
81.43,1293
81.14,1109
81.68,2876
82.51,3194
83.92,923
83.96,5923
81.37,1753
81.95,1863
81.52,3466
81.7,301
81.7,0
82.29,3249
79.27,939
80.09,440
80.91,2558
81.21,2398
80.86,1462
80.94,3772
81.6,1663
81.52,1499
82.43,1872
82.45,1104
83.74,754
83.27,7728
83,530
83,0
83.34,2951
86.99,1953
87.12,1519
88.23,3435
85.06,2258
84.41,3600
85.74,7567
87.35,604
88.33,1599
88.31,4967
88.23,1419
88.89,712
89.11,1834
89.77,845
90.1,1587
90.42,1550
88.48,164
88.66,671
89.08,690
91.32,691
90.48,2360
90.62,5827
90.94,705
90.13,630
89.89,2373
90.66,3639
89.47,3266
90.4,2298
91.16,1210
90.67,1144
91.45,869
92.98,3979
92.98,0
91.59,1635
91.03,1323
90.98,3555
90.44,331
90.13,224
89.88,775
89.26,351
88.74,1061
90.84,4061
91.51,649
90.98,947
90.96,1802
90.09,1354
91.03,2899
91.09,2689
90.06,645
90.03,540
90.79,2907
90.02,2528
88.67,1999
88.59,4542
89.48,2396
89.67,3697
89.17,3462
89.42,1028
90.2,551
89.61,2300
89.76,404
89.91,100
90.01,4196
89.06,4101
89.3,1402
89.76,2676
91.38,584
90.33,3234
90.02,3637
91.35,6637
90.34,2343
89.55,2463
87.52,1334
87.51,200
87.94,2120
86.11,1138
85.73,765
85.69,3713
86.43,2807
86.43,3290
85.69,2492
85.57,3176
85.6,2248
85.61,4893
86.23,600
86.58,951
86.43,2035
86.08,2223
85.51,3470
85.75,5063
86.54,1936
86.69,1520
87.22,1053
87.35,444
87.72,401
87.9,1356
87.69,228
87.72,687
87.58,919
87.23,1142
87.74,407
87.73,1949
87.28,2089
87.16,1890
85.75,2896
87.09,1584
87.44,4057
87.95,4669
89.76,2593
89.85,2252
89.24,3444
86.33,2060
87.34,1743
87.01,2468
88.3,2389
87.8,602
88.26,724
88.09,1385
87.74,1964
86.73,2012
87.42,1998
87.48,1556
87.68,7249
88.7,1208
88.12,1167
88.57,680
88.57,1545
88.96,1135
88.44,1321
88.14,522
88.64,725
88.77,1012
89.37,1158
88.85,1010
88.28,5095
88.44,569
87.05,364
87.55,2516
87.55,1057
87.34,1343
86.77,3301
85.68,1027
85.65,1673
85.89,2121
86.76,1237
87.71,844
86.56,3327
87.61,1161
88.33,1471
89.08,2927
88.35,1646
88.71,3273
88.59,5236
88.89,400
88.33,1754
88.23,1956
88.11,1224
88.68,1373
88.58,2829
87.57,1422
86.74,2121
86.1,2257
86.75,1276
86.5,1405
87.22,9991
88.07,1115
88.46,1388
90.11,2599
91.99,1449
90.67,2198
91.39,3387
90.36,1277
90.52,2110
90.68,3279
90,412
90.07,741
90.66,3601
89.23,5063
89.34,2206
89.09,607
88.62,2043
88.39,1175
87.94,2704
87.47,1031
86.5,1239
85.88,1483
86.71,100
86.81,100
86.88,847
87.62,4041
87.76,2522
87.53,4060
86.77,409
87.17,9012
87.44,2134
86.94,1213
86.6,1866
86.77,2816
85.17,1340
85.47,2866
85.87,3421
87.6,828
87.96,744
88.41,790
87.27,301
86.72,550
87.18,1144
87.91,101
87.84,884
87.05,776
85.53,104
85.36,987
85.56,460
84.74,171
85.05,450
85.24,569
86.28,2527
84.73,1417
84.31,3433
83.89,553
84.2,814
83.45,2831
81.35,1070
81.47,746
81.09,2154
79.95,2621
80.14,833
79.95,3342
79.93,1169
80.8,725
81.05,1131
79.89,3005
79.44,3887
79.4,3616
79.94,410
79.69,561
79.79,930
79.76,303
79.99,233
80.49,473
80.7,300
80.87,1693
79.92,583
79.43,1734
78.97,3159
79.02,3131
80.37,743
80.27,584
80.05,2783
80.78,416
80.27,313
80.03,2796
80.8,594
80.81,1839
81,2487
81.23,2756
81.68,341
81.98,1878
81.88,300
81.26,545
80.57,4003
82.5,791
82.03,2466
82.2,4027
81.22,1671
79.08,2052
78.95,4046
79.05,2587
79.78,3448
80.04,3809
77.91,11460
78.36,5235
78.17,4572
78.52,1398
80.2,379
80.32,2669
81.44,362
81.03,400
81.03,1144
81.04,328
81.37,1827
80.65,1091
81.3,501
81.49,656
81.32,2029
82.03,426
81.72,519
81.72,1356
82.43,400
82.43,0
82.2,4335
81.92,2360
82.72,508
82.76,2363
83.33,1745
83.37,1583
83.56,5858
84.38,613
84.99,1298
84.99,1464
85.81,401
86.22,110
86.21,2263
86.09,598
86.09,0
86.78,1985
86.66,914
86.66,0
87.03,1301
88.34,1462
87.47,404
86.98,1388
86.25,407
86.78,206
86.99,1297
86.74,202
86.11,457
85.36,2950
84.61,3136
84.1,1979
83.69,1498
83.05,2114
82.4,501
82.39,3177
83.93,1334
83.69,420
83.7,599
83.73,1463
84.04,865
84.29,1986
85.07,2006
85.25,3368
85.32,3500
84.64,541
85.19,400
85.1,995
84.62,636
85.15,588
84.58,1989
84.29,323
83.86,411
83.43,2357
82.8,1269
83.61,1610
83.37,972
83.57,200
83.61,500
82.86,1665
82.75,300
83.22,258
82.59,1084
81.99,1071
81.49,320
81.96,775
83.14,513
83.88,109
83.49,2912
83.31,104
83.88,349
83.88,0
84.73,205
84.66,210
84.67,1348
84.73,300
83.89,108
84.25,581
84.17,1210
84.01,100
84,1366
85.58,214
85.58,0
85.6,1489
83.11,1858
83.84,1660
83.68,5814
84.84,2874
84.61,1810
85.11,5343
84.83,665
84.26,453
84.49,1894
83.48,200
83.48,0
83.82,1101
83.17,401
83.91,567
84.57,3393
84.43,646
84.18,709
84.12,3892
84.48,793
83.84,4328
82.41,15817
82.52,940
83.06,406
83.25,1703
83.6,623
83.6,0
83.71,2448
82.85,206
82.85,0
82.72,1024
81.99,319
81.99,0
81.73,1821
83.64,1999
83.01,1508
83.74,1008
83.37,100
83.59,200
82.78,621
82.48,469
82.42,315
82.89,2627
82.16,960
82.93,300
82.94,679
83.17,615
85.15,1103
85.71,3299
82.99,4903
83.61,1581
83.76,3659
83.48,1521
84.56,205
84.77,1155
85.68,1422
85.7,1135
86.7,2890
85.49,409
85.05,239
85.52,867
84.07,1323
84.9,1101
85.08,978
84.1,1004
84.63,9162
81.13,2789
82.34,2906
81.81,1305
82.15,4298
82.21,1237
81.51,1993
81.32,3449
80.93,2648
81.12,1122
81.84,2875
82.64,2552
82.1,810
82.04,2810
81.75,722
82.55,412
82.39,1389
82.01,725
81.87,943
81.82,3345
81.45,885
81.73,1215
81.75,7528
82.07,4024
80.97,1174
80.19,5097
79.26,1507
80.11,1652
80.37,3159
79.68,400
80.65,500
80.87,2552
79.82,1438
79.85,2150
80,1272
81.2,435
81.37,219
80.86,1874
80.61,332
81.27,113
81.18,2686
81.86,597
81.9,242
81.4,12003
81.83,3836
81.79,14449
81.14,1453
81.52,1117
81.31,1544
79.59,6787
78.51,2799
78.62,11570
78.9,2831
78.3,2533
78.51,2162
79.42,1662
79.11,1336
79.56,4086
80.5,480
80.63,255
81.32,3215
81.31,1997
81.27,1650
81.49,2175
80.85,875
81.37,686
81.58,1831
81.88,531
82,935
81.48,2747
81.67,1506
81.11,1067
81.15,1506
82.09,1256
81.72,715
81.67,3469
82.01,1224
82.91,1081
83.11,2812
83.46,978
83.81,494
84.05,1406
82.68,4054
83.02,1774
83.26,1787
82.68,788
82.5,3081
82.41,2488
82.19,453
83.08,1144
82.34,2141
82.62,2851
81.27,1522
81.07,2913
81.75,2187
82,2667
82.27,4817
83.27,1651
83.2,1498
82.81,16337
82.61,2305
81.66,490
81.01,976
80.86,555
81.46,352
81.46,830
80.42,1732
80.56,2333
80.85,906
81.08,417
80.81,1029
81.11,2242
80.81,1017
81.53,1191
81.42,2743
82.95,1992
82.32,459
82.5,1288
82.41,2270
82.35,555
82.5,6530
82.59,957
82.92,1616
82.72,5401
83.43,1003
83.52,1540
83.76,6246
82.65,1569
83.06,454
82.86,2026
82.84,614
82.65,664
82.14,1177
82.41,797
81.84,543
82.11,300
82.56,1358
82.22,212
81.49,767
81.91,820
81.54,661
81.71,998
80.11,208
80.27,300
80.5,562
80.07,750
80.84,1732
80.94,1798
81.32,1638
80.97,411
81.04,528
81.23,340
80.47,2004
80.34,3085
80.82,1064
81.44,534
81.6,672
81.52,1100
81.5,509
81.5,1208
80.67,1182
80.45,701
80.39,2992
80.48,492
80.22,1177
79.8,1790
80.05,406
79.78,414
79.59,1537
80.19,506
79.4,728
79.23,2033
77.67,938
76.97,704
76.8,2305
77.01,678
77,413
77.09,1107
76.97,209
77.2,100
77.7,1363
77.53,215
77.52,707
77.91,1446
77.9,622
78.23,331
78.01,1259
77.12,300
77.1,345
77.14,338
77.59,126
78.18,203
78.43,4036
79.37,645
79.62,502
79.43,2263
78.28,285
78.35,565
78.55,5634
78.14,993
78.55,216
78.38,1347
77.75,100
77.9,262
77.99,2143
78.05,1782
77.94,2000
77.12,990
77.12,0
76.6,100
76.64,726
76.06,100
76.06,200
76.13,100
76.06,212
75.78,201
75.96,1020
75.36,462
75.42,405
74.96,1123
74.56,842
73.69,300
74.03,1679
73.71,409
73.43,200
73.79,1736
74.04,526
73.8,831
73.66,2024
72.51,2555
72.29,1015
71.8,1389
71.19,100
71.7,100
71.72,1269
73.03,1347
72.69,501
72.61,897
73.96,1038
73.81,1042
74.48,3991
73.26,958
74.42,302
74.59,874
74.62,513
74.62,0
75.42,451
75.34,1033
75.61,100
75.51,1131
75.14,319
75.14,0
75.63,200
75.2,925
74.45,1118
73.69,2216
74.05,1137
73.9,1376
74.13,1152
74.04,305
74.8,818
75.25,955
75.37,313
75.63,310
74.82,410
73.94,200
73.37,301
73.44,693
73.52,991
73.83,901
73.7,1703
73.7,0
73.7,0
72.74,1252
72.79,907
72.83,357
73,1634
72.68,711
73.16,658
73.22,920
72.57,100
72.09,300
72.25,827
73.64,100
73.64,0
74.04,463
73.75,351
72.76,200
72.93,459
73.29,690
73.4,100
73.46,1233
72.58,200
73.26,201
73.65,323
73.48,1464
73.86,200
73.92,1603
75.72,316
75.61,301
76.05,1300
77.38,1313
78.87,300
78.86,201
77.7,505
77.47,402
77.7,1997
76.66,278
75.81,932
75.79,1495
74.2,1057
73.61,941
73.65,1749
73.34,715
73.86,527
73.38,1416
73.04,1316
73.19,962
73.13,1900
72.83,100
72.81,879
73.04,953
76.08,166
76.35,275
76.87,2598
76.63,973
76.74,513
76.47,3566
76.52,210
76.7,210
76.4,407
76.36,2213
76.4,300
76.39,858
75.73,348
75.25,227
75.21,1107
74.75,148
74.7,504
75.02,609
75.78,1104
75.98,200
76.31,1861
75.85,216
75.85,0
76.39,736
76.67,362
76.48,810
76.06,1315
76.09,636
75.98,622
75.35,514
75.35,0
74.74,233
75.67,300
75.71,322
75.66,912
75.34,757
76.25,707
76.51,200
77.93,301
78.17,100
78.17,1143
77.8,308
77.22,332
77.54,419
78.61,658
78.59,607
78.36,1336
77.44,304
77.61,520
77.71,443
77.63,528
77.25,449
77.21,1468
76.8,505
76.5,621
76.83,1290
76.8,604
77.15,719
77.24,1671
77.34,447
77.32,1008
79.9,1911
80.19,490
79.56,859
79.06,1496
78.7,463
77.7,341
77.79,2069
77.01,1110
77.05,1705
77.08,6233
78.41,100
78.6,200
78.5,2127
78.6,312
79.04,204
78.14,1828
78.14,0
76.74,644
76.94,776
77.43,600
77.43,0
77.27,621
77.18,200
77.64,452
77.64,997
77.64,0
77.59,1233
76.78,584
76.83,100
76.72,529
76.72,0
76.51,410
76.51,0
75.99,114
76.32,916
76.33,330
76.09,2542
75.97,200
75.83,1003
75.25,226
75.13,440
74.23,691
74.13,100
74.45,1377
73.25,624
73.5,1209
73.31,202
73.1,102
73.72,502
74.02,100
74.09,400
73.96,427
74.38,120
74.38,0
74.73,934
72.37,200
72.97,410
73.26,1430
74.03,796
74.34,515
74.27,746
75.5,1458
75.3,1019
74.5,1884
73.8,1030
72.66,300
72.51,644
72.27,845
72.56,983
72.63,1555
72.49,245
72.77,100
72.6,125
73.73,442
73.68,900
74.04,2550
73.03,1072
73.25,408
73.26,3519
72.16,531
71.66,313
71.74,626
71.82,111
71.49,454
71.28,910
71.74,301
71.4,414
71.3,542
71.18,620
71.43,1160
71.95,912
71.14,100
71.12,200
71.19,489
71.66,141
71.61,887
70.86,1552
70.98,396
70.98,0
71.54,459
70.87,400
71.41,414
71.91,883
70.35,833
70.53,407
70.46,465
71.16,415
70.97,838
71.04,6158
71.03,6544
71.15,200
71.14,700
70.08,895
70.51,1065
70.6,7626
71.26,1745
71.51,1034
71.6,767
72.63,100
72.69,110
72.92,936
71.07,857
70.3,658
70.07,857
70.29,464
70.5,1068
70.67,1602
72.13,410
72.32,1595
72.75,3473
72.22,731
72.79,200
72.95,623
72.19,117
72.19,0
72.48,897
72.78,111
72.5,206
72.53,452
70.37,1414
70.03,2730
70.18,2852
69.42,553
69.42,0
69.23,2992
68.19,1026
68.43,721
68.62,442
68.25,342
68.21,432
67.97,2189
67.48,200
68,884
67.79,1238
67.94,618
68.32,1122
68.17,2446
68.31,605
67.87,2089
68.43,206
68.38,317
68.26,701
68.61,774
68.46,300
67.88,166
67.54,2168
68.29,232
68.23,1341
67.93,1275
68.51,1263
68.37,2365
68.16,1622
68.34,1170
68.59,357
68.8,1670
69.98,818
70.66,3110
70.63,5435
69.89,403
69.49,641
69.14,4397
70.11,1589
70.3,2159
69.93,3219
68.13,215
67.91,739
67.96,2421
68.41,300
67.76,435
68.24,3071
67.71,1372
67.95,200
67.28,1872
67.14,301
66.95,300
67,638
67.43,243
67.53,100
67.34,1483
68.53,405
68.39,100
68.42,1387
67.97,213
67.97,0
67.63,659
67.57,526
67.57,0
67.21,400
67.02,828
66.92,317
66.65,1158
68.1,246
68.51,265
68.32,850
68.84,505
68.84,0
68.64,1416
68.25,1283
67.74,779
67.82,1838
68.29,508
67.33,946
67.08,3424
66.16,306
66.16,0
66.28,822
66.91,320
67.05,426
66.83,1597
65.78,100
66.28,506
66.32,666
66.55,100
66.59,200
67.09,500
67.51,533
67.49,300
67.24,822
65.21,613
65.62,1472
65.8,2588
65.44,950
65.58,819
65.86,1667
65.37,553
64.64,210
64.82,313
63.98,324
63.77,409
63.96,529
62.95,604
63.52,886
63.44,656
63.66,827
63.71,687
63.94,1071
64.48,319
64.89,440
64.86,740
65.57,526
65.54,911
65.47,537
65.43,2324
65.02,807
65.66,1704
66.82,1114
67.07,504
67.25,1017
66.67,403
67.19,1094
67.49,1124
66.89,474
67.21,200
66.93,1828
66.46,100
66.46,0
67.05,317
66.98,500
66.89,100
66.92,618
67.2,362
67.83,539
67.62,1640
68.21,501
68.21,0
68.78,250
68.62,585
68.87,738
69.29,1001
69.75,210
69.73,600
69.86,756
69.95,352
70.21,100
70,1577
70.62,634
70.51,1062
70.58,3125
70.52,2947
72.09,580
72.56,1135
73.3,1184
74.12,2343
73.85,1404
74.16,200
74.42,1441
74.23,400
74.88,1068
74.41,935
74.35,1239
75.05,200
75.05,0
74.43,265
74.73,308
74.6,404
74.15,824
74.37,806
74.67,1668
74.93,2668
74.96,310
74.96,0
75.06,200
74.06,544
74.45,200
74.09,2959
74.33,316
73.69,624
73.93,866
74.17,220
73.86,564
73.76,1066
71.96,786
71.94,367
71.51,863
71.28,1005
71.05,508
70.61,3197
70.39,619
69.6,371
69.1,1642
67.91,1185
68.02,2216
68.02,3241
69,294
68.81,426
68.74,1633
70.35,536
70.28,679
70.75,2064
70.75,0
69.89,100
69.89,0
70.13,1020
70.18,1102
70.29,1095
69.96,514
69.99,1267
70.14,3827
70.03,708
69.43,340
69.77,1517
68.77,424
68.6,988
68.06,2615
67.78,302
67.6,678
67.69,1970
67.23,404
67.58,306
67.78,1469
69.05,216
68.9,200
68.05,1643
67.03,100
67.03,205
67.63,1705
66.81,940
66.81,0
67.27,1025
66.7,315
66.91,317
67.4,627
67.4,200
67.4,0
67.61,615
67.36,1074
67.46,627
67.58,916
68.69,2117
67.75,333
67.78,842
68.68,1178
69.55,1382
69.26,1666
68.87,810
68.84,809
68.74,2822
68.47,2614
68.4,743
68.26,4832
68.94,100
68.94,601
68.57,580
68.65,928
69.21,995
69.32,3178
70.4,2107
69.45,981
69.68,1252
70.27,633
69.73,1410
69.76,2200
69.22,300
68.81,708
68.46,404
69.01,200
69.39,540
69.57,2152
69.75,705
69.71,1625
69.06,431
69.61,444
69.7,2454
69.7,0
69.97,357
70.07,821
73.13,705
73.64,951
73.53,1963
74.67,320
74.37,870
74.59,704
73.95,1518
73.95,880
73.65,2045
74.67,887
75.56,1141
75.57,1651
77.66,321
77.57,100
77.57,1999
77.44,240
77.3,311
76.31,1178
75.57,200
75.34,413
75.71,1209
75.35,785
75.47,114
75.63,320
76.69,842
76.8,652
76.97,1329
76.85,426
77.9,246
77.12,1719
78.69,755
78.31,431
77.83,427
78.17,1618
78.29,1967
78.79,1888
78.31,105
77.93,212
77.49,1824
78.11,824
78.34,317
78.3,2435
79.29,1092
79.48,1158
79.29,2117
78.92,1201
79.06,308
79.94,3826
81.18,2117
80.86,1105
81.03,2060
79.17,1721
78.33,734
78,3402
79.61,3763
78.69,627
78.93,1812
78.87,470
79.21,409
79.13,2072
79.77,502
78.5,790
78.58,3834
77.28,3567
77.42,213
77.55,623
76.51,705
76.18,713
76.98,801
77.52,1148
77.47,476
77.61,3171
77.67,2348
79.13,1504
78.92,2934
78.84,2046
79.06,767
79.28,2582
79.17,1007
78.93,459
78.96,2380
79.42,905
79.38,841
79.41,2486
79.03,1654
79.02,245
78.89,2414
78.58,309
78.53,479
78.81,2273
78.09,212
77.94,525
77.68,2354
77.27,682
77.96,1056
77.98,4898
77.96,514
77.9,552
77.91,3290
77.18,200
77.24,427
77.65,402
77.65,0
78.17,273
78.17,800
77.94,921
78.08,709
77.95,3415
78.35,1705
78.04,150
77.83,3331
77.95,496
78.35,403
77.86,679
78.42,400
78.15,534
78.24,1257
78.77,1910
78.6,207
78.64,2580
78.29,888
77.84,302
77.66,979
77.28,1332
77.96,2575
78.21,5785
79.08,930
79.96,1819
80.31,6283
78.96,3652
77.95,4122
78.72,6401
78.48,1214
78.34,1071
78.69,2731
78.94,476
79.5,1004
79.47,1865
80.99,1879
80.48,1325
80.77,1795
81.47,591
81.88,981
81.36,1956
80.85,1673
80.61,400
81.04,2521
80.48,4952
80.79,1193
81.24,5706
81.4,2236
80.93,1789
81.24,2877
81.65,4334
81.4,407
81.46,3509
81.1,3124
80.57,1545
80.4,2038
79.03,729
79.01,644
78.99,2355
78.77,553
78.81,333
78.6,1288
79.49,1513
79.19,870
79.38,723
79.81,878
79.78,412
79.93,4073
80.5,1279
80.66,1328
80.69,2886
81.21,1861
80.79,639
80.96,826
81.09,1487
80.82,501
80.46,2386
80.45,1854
80.48,1212
80.44,2628
79.98,5621
79.92,2364
79.95,2931
79.48,4890
79.35,2081
79.4,3695
79.56,1390
80.12,2278
79.61,1983
79.44,1858
79.13,1527
79.06,1366
79.96,3147
79.85,383
80.11,409
82.33,1276
82.06,168
81.98,1389
83.36,1024
83.31,763
83.44,3371
84.05,2245
83.91,219
84.01,1947
83.51,2779
83.4,2739
82.67,1964
82.58,592
82.66,300
82.85,2098
82.04,100
81.3,200
81.55,918
81.01,204
80.63,100
80.6,3302
81.08,140
81.36,324
81.21,551
81.24,491
80.4,351
80.18,2324
80.33,274
79.77,694
79.4,634
80.47,808
80.22,1169
79.9,3630
79.29,555
79.47,152
79.4,2103
79.86,306
79.54,512
79.29,368
79.36,840
80.18,456
80.29,2380
79.9,316
79.16,806
78.65,654
78.98,200
78.99,860
79.34,1343
80.17,445
80.64,1190
81.25,1682
81.5,941
82.6,1246
82.62,2601
81.09,1399
81.23,1827
81.54,688
82.75,1081
82.47,1432
82.85,2496
83.51,658
83.31,773
82.86,3713
83.31,2671
82.81,1808
82.91,6289
82.36,2325
82.04,1231
82.32,2702
81.01,1519
80.54,1407
80.48,3912
81.77,387
81.73,2044
82.11,4303
82.49,1111
82.54,546
82.3,1882
81.97,709
81.65,1204
81.57,3267
82.06,1301
82.07,832
81.83,3103
81.46,2534
81.95,757
81.37,6234
82.18,722
82.3,602
82.12,1039
82.76,843
83.1,777
83.2,3884
82.37,1315
82.28,1387
82.67,511
83.71,574
83.55,765
82.7,2605
82.89,2695
82.89,0
82.58,1493
82.9,856
82.87,2290
82.6,1162
82.17,954
81.88,4144
80.83,1108
80.02,1268
79.65,1778
79.91,100
80.1,303
79.95,1119
79.34,400
79.6,557
79.39,844
79.73,949
79.14,130
79.15,734
79.48,810
79.83,1638
80.2,2228
80.2,0
80.15,694
80.04,1073
80.74,245
80.66,206
80.67,1200
80.31,200
80.24,1061
80.37,2154
81.17,1066
81.21,905
81.02,4079
81.02,0
80.56,224
79.84,1362
78.94,1434
78.59,648
77.06,1256
77.24,2975
77.21,2583
77.06,6135
76.97,1693
77.22,1471
76.81,1993
75.22,922
75.22,0
75.97,499
75.74,241
75.92,1164
75.5,275
75.5,0
75.42,767
74.89,1219
74.89,0
75.8,259
75.05,100
75.18,202
75.12,1222
75.07,1652
74.56,302
74.28,936
73.74,491
73.93,100
73.99,1486
72.26,412
72.63,280
72.47,1304
71.22,697
70.4,2108
70.37,2754
70.37,502
70.13,1404
70.57,564
68.74,340
68.57,519
68.57,1132
68.19,630
68.44,330
69,1887
69.62,657
69.55,142
69.92,262
71.16,400
71.38,301
71.68,1134
72.51,900
72.92,1080
73.01,2214
73.38,102
73.38,0
72.46,1964
73.6,325
72.71,670
72.76,1084
70.33,312
70.04,977
69.8,1627
69.66,100
69.5,164
69.68,934
69.95,698
69.77,1253
69.67,1799
70.6,353
71.51,2766
71.95,7867
73.02,429
72.49,373
72.38,1999
71.94,734
71.29,672
71.37,680
71.9,100
71.92,222
71.77,1344
72.05,634
72.25,1553
72.04,2604
70.82,1261
70.03,1416
70.25,2949
70.33,525
70.66,757
70.5,693
70.63,126
71.08,380
70.8,617
70.8,0
70.84,1123
71,2299
70.67,105
70.89,1417
70.59,917
70.86,631
70.78,1265
71.05,1038
71.55,665
72.01,124
72.09,563
71.77,605
72.25,200
72.3,2058
72.26,637
72.37,1089
72.52,1727
72.53,631
71.55,208
71.38,1366
72.81,618
72.91,970
73.11,1094
73.24,617
73.01,734
72.92,3977
74.65,393
74.08,211
74.01,2560
72.39,505
72.51,945
72.74,3749
74.54,1479
73.84,483
73.85,4736
75.74,698
76.43,720
76.59,579
75.24,1127
74.8,695
75.04,3359
73.2,5431
73.71,959
73.89,3253
74.32,661
74.17,464
74.21,1073
75.88,112
75.84,539
75.77,785
77.21,872
76.49,1347
75.99,1414
75.99,0
75.58,208
75.83,636
74.65,399
74.93,628
75.95,1927
77.25,1136
77.83,1598
77.36,6915
78.94,1824
78.9,1883
78.8,4875
76.37,1128
75.01,317
75.86,1948
75.79,205
75.92,100
76.05,843
76.52,846
76.84,434
76.87,3936
76.79,1911
75.88,1476
76.17,770
75.86,660
74.94,352
75.14,1769
74.52,133
74.73,300
74.42,1183
74.63,1037
73.92,737
73.74,1525
73.48,917
74.06,1113
73.67,2422
73.49,421
72.88,200
72.59,1584
72.16,302
72.06,426
72.65,2168
73.11,1070
73.68,599
73.37,1484
74.58,107
74.58,0
73.88,2241
75.14,371
75.47,100
75.63,797
76.75,1593
77.14,1117
76.98,2821
76.35,410
77.3,634
76.48,1423
76.15,557
75.76,249
75.93,3781
77.16,1448
77.8,2860
78.7,2292
78.5,3172
76.95,3171
75.92,9005
75.29,1394
75.06,2333
74.85,6761
74.11,1251
74.5,2811
73.28,4572
72.09,1784
71.99,5369
74.04,3660
74.27,1099
73.48,1450
74.29,5718
74.71,3473
75.83,643
75.82,4627
76.88,1259
76.88,0
77.6,2132
78.35,552
78.2,2127
77.95,988
77.84,2295
77.65,537
77.48,847
77.88,200
78.37,114
78.24,1691
78.57,206
77.94,330
77.6,1704
77.6,0
78.71,300
78.69,2534
78.69,0
78.69,0
77.19,750
77.6,2103
77.33,1314
77.28,1334
75.83,1032
76.17,1559
76.45,4954
76.44,423
76.44,210
76.53,1106
77.7,832
78.04,880
78.39,4283
78.34,3583
78.91,503
79.09,4074
78.23,801
77.82,722
78.05,3230
77.63,244
77.42,415
78.09,1140
77.32,100
77.32,0
77.83,925
78.58,145
78.78,512
78.99,1003
78.99,0
77.68,128
77.73,1675
79.79,1079
79,955
78.32,4737
78.01,814
77.72,581
78.09,1245
77.49,1913
76.97,2547
76.35,2690
75.37,1421
73.68,236
74.19,1111
72.47,544
72.71,1241
73.59,3823
74.92,206
75.01,100
74.98,644
76.31,1174
76.72,701
77.26,1446
78.03,116
78.03,0
78.31,1262
78.31,0
78.31,0
78.01,2021
77.05,300
76.72,219
76.58,2193
76.58,0
76.37,118
76.58,2600
76.23,100
76.56,126
76.77,993
77.22,516
77.41,485
77.29,2983
77.26,693
76.61,426
76.41,2223
76.16,773
76.33,702
76.79,3238
77.28,1074
77.08,204
77.54,1939
77.2,100
76.93,606
76.82,1358
76.75,399
76.75,200
76.68,2857
75.95,406
75.48,200
75.68,414
75.68,0
75.26,308
75.25,1522
75.97,553
75.27,854
75.02,1535
75.29,519
75.99,404
75.81,1022
75.85,5676
76.63,5019
77.02,8493
77.65,1117
77.43,798
77.51,505
76.71,713
76.71,0
76.81,854
76.76,737
76.76,301
76.82,438
76.51,352
76.11,320
75.39,1156
75.62,100
75.69,237
75.7,2136
75.73,523
76.46,918
76.3,2332
76.54,402
75.98,209
76.72,2718
77.4,214
77.66,1031
77.89,2145
77.4,413
77.79,100
77.43,5492
75.99,4225
75.93,2948
75.86,6469
75.86,0
75.29,268
75.02,652
75.27,847
75.35,410
74.95,1960
74.88,100
74.63,328
74.92,1456
75.2,535
76.44,100
76.82,1648
76.05,608
75.95,552
76.3,981
75.51,695
75.2,533
75.46,200
75.46,0
75.18,1397
74.2,300
74.28,894
74.38,990
74.69,2202
74.95,1287
75.62,2454
76.52,731
76.13,649
76.27,1201
76.27,0
74.32,3655
74.29,8983
75.15,3981
74.81,2082
75.13,9088
74.36,6888
74.38,387
73.9,313
73.94,6144
74.36,1979
74.43,4072
74.88,4828
74.58,1554
73.94,744
74.91,1544
74.24,723
74.57,5305
74.19,2118
74.08,339
73.79,876
75.06,395
74.7,378
74.41,4857
73.02,508
72.75,1121
72.5,3765
72.8,650
72.55,645
72.37,4551
71.97,1300
71.91,993
71.87,1515
70.56,525
71.1,314
70.81,581
71.6,322
71.73,533
71.65,301
72.25,101
72.35,407
72.55,915
71.46,3023
72.34,999
71.91,5965
73.39,994
73.35,521
73.43,4484
74.11,241
73.89,205
73.97,1478
72.98,1570
72.98,0
73.04,1815
73.04,0
73.23,101
73.25,1167
74.23,427
74.34,111
74.68,1640
74.99,737
74.43,300
74.36,710
73.83,1496
74.38,1201
74.44,3912
73.82,662
74.17,972
74.55,1518
75.28,1832
74.91,1354
74.59,1705
74.59,0
74.03,3755
73.84,3657
73.43,379
73.68,2367
73.93,3295
73.74,226
73.74,0
73.27,2957
73.42,738
73.61,523
73.69,2264
74.92,5555
74.46,3486
74.46,1594
74.2,744
73.72,529
73.51,1113
74.83,741
74.78,1083
74.72,1656
73.98,828
74.08,1025
74.16,1038
74.16,0
73.48,103
73.55,1346
73.99,325
73.99,1132
74.02,1326
73.46,896
73.57,596
73.59,2996
73.62,100
73.09,1228
73.29,463
74.01,2154
72.9,2126
72.6,3314
72.68,582
72.23,600
72.49,972
72.92,695
72.57,538
72.72,799
73.48,993
73.75,1145
73.6,1093
72.75,1059
72.83,1511
72.72,4434
72.36,5869
72.65,609
72.75,1670
72.39,460
71.87,649
72.16,632
72.24,205
72.24,100
72.29,2025
72.13,470
72.31,607
72.51,21099
72.06,728
71.91,1932
71.96,3373
71.31,109
71,302
70.75,2560
71.2,572
71.14,663
71.44,1697
71.44,0
71,361
70.96,502
70.71,1266
70.98,372
70.61,2774
71.29,1529
71.03,2275
71.46,1820
70.81,355
70.48,607
70.75,1252
71.02,1343
71.13,736
71.01,3060
71.18,472
70.96,2562
70.99,8348
70.59,407
70.46,1281
71.01,4055
71.07,605
70.72,374
70.9,1304
71.56,542
72,643
72.04,4555
71.75,1529
70.69,1030
70.54,3128
69.19,632
69.63,964
69.23,1104
70.33,535
70.18,635
70.3,3411
69.8,1279
69.31,906
69.22,2976
70.39,303
70.85,735
70.19,5501
70.57,1691
70.91,789
71.12,1111
71.45,521
71.91,1015
71.86,3142
72.6,502
72.82,200
73.11,3419
73.35,1565
72.62,2517
72.35,2519
73.61,637
73.16,228
73.46,2505
74.17,273
73.83,718
74.08,230
74.62,762
74.11,802
74.17,10333
74.03,662
74.57,194
74.82,1321
74.47,884
74.84,509
76.01,401
74.76,718
74.77,2072
75.3,3453
74.94,1131
75.96,334
75.83,1682
74.77,2246
74.25,2536
75.48,6581
75.43,340
75.77,100
75.08,1728
74.25,653
74.75,867
75.4,644
74.03,770
73.79,522
74.37,4546
72.75,363
72.31,101
72.13,1669
71.77,1380
70.37,809
70.63,3663
69.87,1152
69.72,2720
70.02,2261
69.89,100
70.09,935
70.25,5206
70.93,1363
71.73,4415
73.19,4720
74.22,1091
72.75,1848
73.16,11037
75.2,4202
74.47,1145
74.14,1852
74.42,1356
73.9,112
73.54,1477
73.15,355
73.04,1120
73.63,4835
74.84,1083
74.52,1671
74.6,5893
74.25,1202
74.51,441
74.27,3121
73.98,3334
73.98,4812
74.2,10421
73.49,3142
73.53,2116
74.42,3164
73.75,1111
73.38,4528
73.24,4392
72.58,614
72.28,690
71.89,2350
70.92,364
71.45,636
71.08,3834
71.29,867
70.99,3806
71.39,8589
72.85,4899
73.03,3644
72.96,13223
72.7,1163
72.64,3006
72.88,1304
74.25,2205
74.13,1230
74.13,4763
73.76,3158
74.08,1238
74.23,2709
73.16,757
73.16,0
73.18,10615
73.35,1257
73.36,6320
72.95,1544
73.18,6227
72.5,2624
72.03,537
72.42,3591
72.29,927
72.17,627
72.11,938
71.94,615
72.26,764
72.87,400
72.99,5353
72.08,1308
71.63,1602
71.74,711
71.99,1154
71.7,2241
70.91,3601
71.72,2226
71.95,3433
72.63,3067
73.09,727
72.36,1365
72.37,3387
73.38,1938
73.08,100
73.04,3190
72.68,1611
73.08,3059
73.77,6518
73.04,1914
73.22,492
73.18,1801
73.59,730
73.47,605
73.81,3862
73.19,303
73.58,1453
73.53,1740
72.6,2122
72.64,5673
72.35,3479
73.22,1480
73.07,1188
73.34,1198
72.71,427
72.71,0
72.93,242
72.86,746
72.86,0
72.47,101
72.39,200
72.54,1286
72.58,415
72.62,480
72.58,230
72.58,0
72.77,304
72.8,743
72.52,854
72.03,216
72.01,353
71.98,3796
71.89,1059
72,2138
70.8,407
70.84,316
71.13,714
71.58,224
71.8,845
71.82,1498
71.53,417
71.78,2241
71.66,1080
73.19,1174
73.3,1204
72.72,2601
72.23,883
72.66,1845
72.41,1312
74.74,1047
74.31,281
73.62,878
72.69,1244
73.06,1828
73.27,4090
73.49,6786
73.85,5784
74.81,7068
74.81,0
75.64,517
75.73,206
75.3,728
75.31,548
75.51,3112
75.51,0
74.17,509
74.45,217
74.13,2105
74.19,3837
74.09,4496
74.33,1826
74.48,2253
74.44,2918
73.28,264
73.02,2256
72.58,4294
72.94,310
72.53,2876
72.89,955
73.38,300
73.13,3088
72.74,5218
72.22,100
72.11,2058
71.85,1725
71.97,504
71.37,612
71.94,2180
71.7,406
71.88,1732
72.24,3934
71.76,1336
71.5,912
71.77,1323
70.72,1191
71.41,566
71,1724
71.64,239
72.1,275
71.41,100
71.81,690
71.85,5038
71.4,1775
71.15,539
70.52,201
70.44,945
69.15,754
69.43,682
69.83,1735
70.44,100
70.51,220
71.39,2964
70.29,100
70.29,0
70.44,2175
71.83,1941
72.23,2498
72.67,989
73.65,423
73.99,758
74.12,1801
74.26,631
74.69,661
74.3,1875
73.25,2860
73.47,2474
73.63,4948
72.96,787
73.04,1130
72.58,322
72.58,0
72.35,523
72.45,2173
73.105,465
72.535,971
73,3854
73.325,687
73.445,3968
73.54,4502
72.92,1131
73.265,1873
73.69,1582
73.74,246
74.41,1467
74.13,4718
74.76,455
74.67,102
74.485,2214
74.9,572
75.3,429
74.585,1853
75.27,732
75.795,630
76.46,3242
76.89,1753
77.08,2238
77.085,1589
76.05,151
75.47,123
75.72,555
74.415,320
75.33,220
75.59,840
75.52,459
75.57,2295
75.52,2196
74.19,1313
74.41,2452
74.28,3825
72.65,377
72.52,1182
72.86,3057
73.33,1463
74.96,919
75.33,3151
74.875,710
75.03,913
75.25,1369
74.77,464
74.77,0
75.18,1571
74.855,200
74.69,725
74.56,4260
73.09,322
73.29,501
73.07,1378
73.07,0
72.36,252
72.4,1999
72.52,331
72.52,0
72.33,3559
73.055,101
73.855,348
73.85,1540
74.28,225
74.74,622
73.95,1595
73.71,100
73.9,942
73.73,4641
74.34,522
74.48,1476
74.95,7362
75.37,412
75.455,1335
75.94,2057
76.07,674
76.21,1875
76.28,1502
75.61,1070
76.36,419
75.53,1652
75.37,267
75.37,0
76.16,1047
77.085,749
77.555,1240
77.525,2222
77.055,250
76.86,100
76.68,1601
77.22,660
77.51,161
76.745,256
75.92,2137
76.705,1279
76.66,1877
78.325,758
78.7,712
78.97,796
79.62,2004
79.525,1320
79.68,1329
77.245,2466
75.795,5147
75.885,16533
74.94,1392
74.67,104
75.19,4102
74.96,1077
75.05,307
75.4,1180
75.03,433
75.28,1051
75.505,3748
74.49,1139
75.305,1262
75.21,2627
78.18,1098
79.41,3006
79.575,7194
79,106
78.465,737
78.1,4576
78.515,239
78.98,1558
78.37,2991
80.74,689
80.8,810
80.83,2340
80.585,2676
80.55,2266
80.6,7247
79.77,2594
79.83,1110
79.71,549
80.355,2097
80.02,1148
79.7,3211
78.665,1639
78.78,793
78.545,4259
78.21,588
77.39,1015
75.61,5609
75.48,5836
75.51,591
75.47,5800
76.175,1151
76.38,999
76.08,1517
76.34,510
76.59,668
76.57,775
75.795,416
75.76,462
75.98,2223
75.29,1126
77.21,3857
77.37,1958
77.925,4857
77.86,214
77.43,3165
77.18,309
77.46,485
77.24,1299
77.4,1663
78.28,2302
78.22,4276
77.205,574
77.205,0
77.19,1572