49.13,9867
48.39,15261
48.27,32616
48.56,16394
48.43,9119
48.48,17788
48.71,12476
48.96,11605
49.25,21811
49.14,17551
48.52,16015
48.69,27137
46.69,15738
46.61,3200
46.62,29938
46.27,3348
46.43,10395
46.32,24450
46.52,10259
46.05,10023
46.19,12066
45.94,14244
45.69,13618
45.9,21376
45.26,8247
45.22,6196
45.22,19063
45.08,12415
45.42,8206
45.48,19736
46.6,11087
46.49,5941
46.57,16414
46.47,3097
46.41,2194
46.56,7675
47.85,16935
47.64,5496
47.87,17743
47.62,13464
47.78,7087
47.71,21713
46.88,8725
47.03,3738
47.01,7795
47.43,4917
47.65,1325
47.82,2621
47.25,7608
46.99,5861
46.8,12525
47.08,10193
47.86,8173
47.94,13730
46.78,17318
46.61,2839
46.83,16294
47.2,9650
47.05,9452
47.23,11698
47.62,6426
47.49,10220
47.54,3823
47.48,7872
47.36,4569
47.33,15369
46.79,88347
46.58,15804
47.05,8711
46.52,24655
46.86,46234
46.85,15909
45.09,41094
44.34,16262
44.29,21501
43.74,14830
43.47,12046
43.27,16891
43.86,12627
44.16,2710
44.31,13037
43.99,5261
44.27,4478
44.51,10953
45.3,10148
45.14,3255
45.12,4635
45.17,5611
45.41,712
45.71,6210
46.05,3516
46.09,1635
46.04,9118
46.01,6643
45.64,15362
45.56,10241
45.88,6391
45.91,3312
45.91,4946
45.82,4191
45.34,1345
45.49,6317
45.71,3737
45.47,2221
45.32,3288
45.31,1143
45.58,16625
45.67,2453
45.86,4927
45.13,3862
45.35,5742
46.42,9141
46.45,3671
46.52,20510
45.56,6199
45.93,6976
46.07,14749
47.47,39311
48.03,17368
48.18,33799
47.9,4298
47.9,3392
48.08,5842
47.78,4031
47.95,4464
47.84,34077
48.09,10600
47.65,7218
47.52,16049
47.84,8607
48.02,4060
47.76,4538
47.31,16682
47.14,3704
46.75,10851
45.29,16213
45.52,15408
45.27,25749
46.17,13004
46.34,4189
46.33,6868
47.47,24189
47.52,17794
47.52,21700
47.19,4902
47.14,4496
47.46,11558
47.41,4053
47.77,1936
47.87,9661
49.23,28498
49.4,19339
49.61,42908
49.04,7744
48.9,22834
48.64,28537
49.04,13240
49.41,12366
49.25,47169
50.25,29164
50.4,14469
50.47,29359
49.76,6091
49.27,1841
49.2,15192
49.96,16666
49.41,8273
49.47,19503
49.25,20038
49.93,14327
50.05,26787
50.24,24310
49.88,8930
49.88,13032
48.3,25199
48.58,11339
48.41,24693
48.34,5805
48.24,5556
48.15,15054
48.18,3292
48.04,4547
48.04,26534
47.88,13029
48.54,5204
48.46,12313
48.47,4399
48.61,3467
48.76,10117
48.03,5524
48.25,4447
48.03,22832
48.55,11516
48.8,5511
49,10026
47.26,23850
47.46,6695
47.55,20532
44.18,146833
43.8,85710
43.25,118057
41.39,71917
41.23,17486
41.32,57365
39.67,103176
39.66,33379
39.37,74465
39.74,91617
39.74,15037
39.63,54678
40.01,11691
40.37,15590
40.34,37057
40.83,15829
40.57,5384
40.88,21500
41.05,23043
41.38,27462
41.4,44909
40.93,45396
40.7,14696
40.71,53175
41.24,84041
41.77,237568
41.72,55277
42.35,12423
42.53,15446
42.71,25410
41.57,49276
41.28,14689
41.39,45368
40.77,44446
40.87,9562
41.11,35741
41.3,40212
41.31,14156
41.33,42216
41.64,53576
41.8,12818
42.2,48968
41.66,61594
41.34,25656
41.45,69844
41,44887
40.84,8523
40.91,34761
40.5,44323
40.62,5638
40.3,29150
41.06,35799
40.89,7709
41.04,19702
41.03,27385
41.01,10080
40.83,38524
40.27,81016
39.97,15786
40.21,69618
40.54,54703
40.18,21274
40.14,49575
38.96,47998
38.54,10272
38.7,30232
37.13,91772
36.98,51965
37.17,67288
35.89,54450
35.89,28244
35.99,57143
36.29,37942
36.32,25197
36.33,43180
36.75,68611
36.8,25784
36.66,179561
36.8,89671
36.74,53758
36.7,81510
36.67,44738
36.42,17306
36.54,130857
36.65,42577
36.68,19047
36.86,51468
35.67,111643
35.37,48506
35.12,77718
35.35,52907
35.29,11297
35.04,46793
35.97,110043
35.92,58892
35.97,57249
35.75,54264
35.63,10401
35.82,16327
36.12,58798
35.84,9476
35.79,21759
35.34,51776
35.69,5338
35.75,8692
35.1,111327
35.45,23697
35.67,29508
36.51,106757
36.53,4982
36.45,19032
36.93,71704
36.72,19173
36.71,46046
38.03,68965
37.89,11576
37.38,44419
37.51,36910
37.34,12315
37.32,30803
36.95,98814
36.96,8991
37.03,22555
38.23,76284
38.52,21428
38.52,38295
38.66,57361
38.43,8801
38.59,15012
38.19,75084
38.34,11959
38.52,34522
38.76,85148
38.94,16281
38.91,32712
38.29,60823
38.71,7251
38.61,25323
37.34,99136
37.22,10846
37.18,18033
37.94,42939
37.42,9507
37.63,39471
37.63,0
37.63,0
37.63,0
38.19,18724
38.03,3246
37.99,10312
37.63,14032
37.48,3242
37.6,27786
37.56,11635
37.54,3004
37.63,16485
36.84,23886
36.76,7513
36.72,22654
36.55,53665
36.66,24920
36.57,24606
35.2,43032
35.24,15773
35.52,33983
35.51,18493
35.63,11535
35.64,38275
35.48,19125
35.45,8813
35.53,19085
35.47,37495
35.7,22288
35.65,38842
36.22,12528
36.34,11537
36.45,29259
35.67,20963
35.56,15943
35.6,12654
35.32,20160
35.3,23090
35.04,17830
36.78,11383
36.75,5593
36.74,14917
36.43,8373
36.43,22771
36.37,16047
35.75,23312
35.84,13201
35.88,29054
35.35,29948
35.36,26503
35.28,13471
35.28,17051
35.14,6824
34.99,9334
34.79,19825
34.99,16162
35,31765
35.04,15098
35.17,10285
35.05,13485
36.04,27327
36.25,16588
36.36,28233
36.85,45211
36.96,18188
37.03,39323
37.34,31002
37.08,11358
37.08,24014
36.17,24897
36.17,0
37.02,36501
37.46,14553
37.51,23539
37.46,13963
37.47,19314
37.65,23375
38.04,29558
37.6,29765
37.33,35878
38.3,84539
38.51,314736
38.62,34521
36.59,39682
36.37,28953
36.15,43556
37.28,42753
37.41,23773
37.37,35691
39.17,28436
38.88,13243
38.77,21010
38.63,11972
38.49,14999
38.48,26066
38.25,27840
38.13,16118
38.09,19451
38.25,13582
38.23,12122
38.25,20836
38.43,28088
38.42,12877
38.67,26857
39.08,26872
38.79,12497
38.87,47108
38.25,12818
38.4,18052
38.56,35901
39.32,15290
39.23,20047
39.09,19927
39.44,44826
39.21,21560
39.19,30382
38.51,10788
38.47,11961
38.73,10779
39.69,26233
39.77,27512
39.89,35397
39.44,17495
39.6,11550
39.53,19816
40.17,9152
40.2,9384
40.14,19072
40.09,6074
40.16,4561
40.27,7343
39.87,3141
39.82,3245
39.86,9340
40.61,6731
40.35,4345
40.33,17226
40.5,6482
40.31,2723
40.37,11932
40.26,1447
40.27,10039
40.35,13593
40.26,4432
40.36,4354
40.4,6915
41.05,12939
41.09,10017
41.12,12273
41.68,15059
42.05,20310
41.56,10603
41.19,27433
41.44,26456
41.54,11374
42.31,24811
42.82,10153
42.89,10161
41.76,19938
41.9,15588
42.02,21404
42.46,29728
42.82,17221
42.92,38787
44.37,21103
44.41,22424
44.65,41598
44.75,37337
44.86,22267
44.97,43118
44.39,36493
44.66,13523
44.76,20657
44.74,92593
44.28,28698
44.42,32602
45.62,68811
45.66,40539
45.87,57394
45.79,81500
46.46,21795
46.05,45285
44.07,72683
43.97,19548
43.79,83486
43.79,0
43.79,0
43.79,0
42.21,28898
42.54,13690
43.09,26135
43.25,30005
43.62,8940
43.23,31798
44.06,58229
43.62,18314
43.87,42741
42.81,164032
42.43,39065
42.6,30637
42.15,12696
42.43,15258
42.51,65092
43.01,15809
42.79,39304
43.42,64854
43.8,17219
43.74,16318
43.85,21791
44.18,37758
43.85,51830
43.98,46064
44.01,33357
43.94,40440
44.21,38917
45.82,30104
45.68,42058
45.96,44395
45.66,43627
46,33247
45.9,54244
45.95,37390
46.01,32520
46,50296
47.29,24127
47.2,44018
46.87,68233
46.22,18370
46.26,37923
45.82,40452
45.19,18102
45.48,16625
45.51,15908
44.66,39864
44.9,30745
44.89,64587
45.84,31425
45.82,28743
45.94,31643
45.48,12346
45.69,16373
45.51,29006
46.21,34786
46.04,26139
46.38,27198
46.12,29069
45.84,34290
46.01,26597
46.11,33091
46.44,27831
46.04,34796
43.61,33010
43.69,28886
44,49700
46.15,26588
46.7,30357
46.76,39276
47.33,22936
47.14,21660
47.2,38937
47.77,24725
47.73,14785
47.84,28707
49.44,37848
49.85,21521
50.07,39394
50.62,48039
51.44,50431
50.92,107312
49.72,61690
50.64,54418
50.6,73537
50.72,40584
50.56,38453
50.57,32679
50.57,0
50.57,0
50.57,0
48.68,49757
48.54,45228
48.7,57514
48.95,33221
49.28,40276
49.62,68201
48.27,50653
48.6,11987
48.29,33568
46.44,58468
45.76,34787
45.84,67151
44.63,58442
45.08,29647
45.12,55481
46.4,30112
46.64,15520
46.35,52648
46.33,43883
47.07,24799
47.34,25481
48,82649
47.59,17467
47.9,46147
49.75,39515
50.18,47761
50.06,72539
50.36,57297
49.6,27081
49.62,70751
50.22,27547
50.54,23374
50.74,60382
51.88,27251
51.75,20824
51.66,71500
52.05,20505
52.28,14325
52.42,31942
52.35,93585
52.28,35216
52.44,96734
51.81,56817
52.53,22621
52.41,56649
54.44,39286
54.92,27482
54.7,66531
54.56,22013
54.47,6333
54.4,26261
55.35,36704
55.18,16025
55.16,34763
54.72,33113
54.92,16454
54.8,50909
54.89,30379
54.22,12178
54.34,49965
54.09,53491
54.21,19707
54.05,42544
54.01,31154
53.57,29263
53.85,77261
54.47,25001
54.66,39272
54.52,59477
53.08,26943
52.93,11006
53.11,52029
53.69,39366
54.44,23486
53.97,50799
54.12,15789
54.4,8017
54.49,34852
54.51,22015
54.51,9783
54.83,23685
54.95,12667
55.06,15123
55.27,50026
54.42,35698
54.07,12170
54.18,58550
52.48,27446
52.84,17103
53.22,128562
51.79,63394
50.72,51360
50.12,179026
49.23,99147
47.93,37030
47.71,93487
45.4,97183
44.84,72028
45.59,135002
45.23,57633
45.26,40052
45.05,67456
47.15,30871
46.94,28590
47.43,48489
46.67,40514
46.92,24122
47.34,57964
48.39,27682
47.68,13075
47.41,64965
46.68,30578
46.82,26421
46.49,65071
47.51,22219
47.81,11862
47.49,51087
46.7,22373
46.56,15269
47.14,78192
47,34092
45.59,16351
45.73,75799
45.13,27553
45.7,19474
45.67,61080
44.35,102025
43.7,57661
43.66,111786
44,55167
43.35,25742
43.94,63247
45.04,38792
44.81,21428
44.05,54998
42.66,76534
42.76,40115
42.91,151249
44.09,27018
44.35,14894
44.06,54034
44.31,61678
44.19,37273
44.41,47643
45.59,32809
45.76,26829
45.72,59791
45.07,42411
44.77,37699
44.56,67964
45.35,24930
45.84,27152
46.35,89608
47.09,35984
46.75,24539
46.53,27874
47.52,68517
47.81,23168
48.01,40711
47.73,38391
47.9,23230
48.11,59014
47.61,11357
47.61,11188
47.9,24539
47.7,20739
47.68,9618
47.79,29827
49.75,37168
49.47,18225
49.46,40352
50.02,19778
49.82,12233
49.82,39368
50.03,38055
49.58,12683
49.93,66212
52.71,54452
53.42,51814
53.59,77051
53.3,28444
52.87,11145
52.72,29890
53.23,62073
52.77,13206
52.91,21578
54.13,44263
54.09,40592
54.4,98134
53.68,30475
53.95,12794
53.4,29264
52.53,26212
52.26,10812
52.45,73668
50.5,67262
49.93,28456
50.15,64056
48.19,38918
48.42,15144
48.71,92481
48.01,30395
47.51,12929
47.32,86957
48.65,21234
48.53,21724
48.53,87673
47.34,40458
47.63,30811
47.47,124753
46.58,56395
45.51,28066
45.83,75799
45.7,28199
45.52,19366
45.68,46967
43.72,60189
43.81,19134
44.28,55834
43.93,59837
43.16,32774
43.11,69307
43.8,23736
44.5,17404
44.5,27874
45.61,36251
45.82,17331
45.57,45224
46.62,33558
45.99,26428
46.1,37613
45.96,31559
45.92,27470
46.16,46765
43.88,37698
44.55,53025
44.58,107636
42.96,56041
42.2,32091
42.66,75034
40.99,63785
41.31,19942
41.17,78308
41.08,36171
40.69,20813
40.99,77416
43.1,30486
42.78,15392
42.9,46030
41.44,23506
41.83,17753
41.84,36319
40.42,18855
40.58,14669
40.78,30750
39.62,59193
40.13,17861
40.01,69954
39.45,19251
39.76,9642
39.9,49555
37.6,45248
38.16,19417
38.13,82531
38.28,33218
38.73,15141
38.79,48752
40.59,55089
40.78,17386
40.22,45184
39.84,45494
40.17,13348
40.23,102086
39.96,38941
40.12,13232
39.89,51401
39.47,54157
39.71,36494
39.81,73512
40.99,30116
40.95,18404
40.47,53037
41.62,32930
41.54,20929
41.59,44986
41.67,64498
41.54,18134
41.73,60780
41.28,41518
41.64,19210
41.58,69819
42.67,33134
42.59,17752
42.63,34341
42.7,32104
43.37,14932
43.48,57074
42.71,26083
42.92,16677
42.6,37440
41.89,25187
42.24,16329
42.08,31738
42.18,13182
42.06,15829
42.17,46150
42,18501
42.25,4202
42.25,29950
42.55,16560
42.72,15817
43,24770
43.24,24601
43.07,18929
43.01,64800
42.86,35940
42.53,12909
42.66,32229
43.3,24910
43.53,12824
43.54,31849
43.86,22303
43.94,15081
44.09,47711
43.34,16528
43.48,20038
43.89,55269
42.8,21466
43.04,18138
43.25,77299
45.13,35812
45.31,17585
45.64,56796
44.85,30693
44.73,14106
45.06,38390
45.34,40178
45.12,28239
44.95,47381
44.75,38773
44.83,30362
44.96,64420
44.64,69359
45.26,16078
45.2,75609
46.24,82710
46.7,18452
46.51,53519
45.89,21179
45.94,13106
45.73,51363
47.16,13584
46.8,11372
46.99,36579
47.86,18353
46.81,12867
46.76,24755
46.04,22637
46.15,12044
46.25,41949
44.48,31428
44.04,14393
43.87,32610
43.37,16247
43.62,14274
43.57,44076
42.12,32276
41.9,22599
41.86,71145
42.99,29372
43.15,20639
42.41,36587
42.35,60455
42.54,28192
42.18,87868
40.84,29876
41.17,17865
41.29,42772
42.02,43527
42.3,32314
42.49,49666
44.79,22561
44.67,13663
44.92,53025
46.15,37770
45.98,47942
46.17,108491
45.17,39723
44.66,22948
44.57,70726
44.34,20103
44.06,6367
43.89,57957
44.22,31099
43.49,12324
43.67,60926
42.88,53899
42.92,34799
42.57,57571
42.96,57343
43.38,40000
43.53,59031
43.16,50704
43.58,30366
43.22,78431
43.01,17574
43.03,8324
42.63,59797
43.31,30009
43.09,22542
43.31,69752
40.9,49796
40.91,31109
40.93,94944
40.68,59347
40.24,47465
40.13,90669
40.96,66959
40.87,27846
40.85,72933
41.24,21374
41.81,25855
42.06,140082
42.37,58301
42.6,55472
42.29,91035
42.68,36035
42.81,39740
42.61,78331
43.24,17075
43.51,12283
43.66,45754
44.33,29629
45.11,17352
44.73,57794
44.28,36807
44.04,16158
44.37,30557
43.89,18760
43.48,10004
43.63,36953
43.23,22177
43.69,21844
43.29,34066
43.48,29021
43.48,35788
43.6,59022
41.99,28107
42.94,39430
43.1,83560
41.74,47109
41.99,22059
41.85,65786
41.17,49134
42.49,18920
42.64,38593
41.57,31625
41.19,17726
41.04,62680
41.99,38247
42.31,28703
42.18,38345
42.15,25778
41.2,20665
41.51,70896
40.9,31938
41.18,16621
40.85,46838
40.83,43088
41.21,25643
40.82,38450
41.33,38163
42.07,30998
42.29,53688
41.66,27295
41.74,14257
41.32,42629
41.96,29548
41.9,14864
41.73,41982
42.99,56976
43.59,31752
43.45,53290
41.85,70926
42,20073
42.21,64585
40.36,50947
40.06,20069
40.1,50646
40.66,34771
40.3,24174
40.41,36951
42.31,39272
42.01,20258
41.88,44286
41.5,29485
41.53,24358
42.01,116674
40.2,80300
40.82,18750
40.79,58936
44.64,82389
44.3,31410
44.67,133746
44.88,13818
44.73,15563
44.67,37512
45.36,40282
45.53,34609
45.11,71140
44.43,9077
44.49,21502
44.08,24459
45.55,39650
45.49,35335
45.67,65634
48.84,31992
48.69,36533
49.12,85208
49.65,21779
49.29,23917
49.58,57306
50.3,27339
50.43,24805
50.47,47854
49.75,12922
49.74,59632
49.48,49184
48.48,8003
48.83,24256
49.1,33989
49.46,19388
49.46,8378
49.56,33745
47.44,18421
48.32,16610
48.44,30139
49.2,13360
49.36,10468
49.4,53103
49.71,9451
49.56,39834
50.35,41614
50.51,21821
50.51,0
50.11,44252
50.22,12615
49.89,37519
51.39,22275
51.26,38097
51.32,53188
52.2,20473
51.99,33473
53.03,31246
53.19,42418
53.31,26282
53.25,29497
53.1,19059
53.39,22539
53.56,43353
53.55,22400
53.08,22293
52.82,57625
53.24,20623
52.95,24810
52.83,15528
53.09,24261
52.92,23409
52.8,15210
53.76,8544
53.74,7676
53.59,22150
54.84,16393
54.65,47076
54.54,28762
52.7,17458
53.06,14389
53.19,23047
53.51,12133
53.51,11252
53.44,15183
52.6,17557
52.67,34084
52.57,20234
52.37,27882
52.24,14675
52.29,39765
51.38,10623
51.25,9292
51.46,40585
51.55,14944
51.58,8944
51.14,9991
52.13,13435
51.98,8558
52.01,11051
52.87,21739
52.99,7277
52.99,12412
51.66,20061
51.32,9298
51.63,23524
52.3,13570
52.34,6544
52.34,7537
53.1,10379
52.93,6865
53.04,7210
52.32,10259
52.36,7540
52.21,14893
52.51,8184
52.59,7049
52.68,12789
52.26,7896
52.3,4545
52.12,5386
52.31,20713
51.83,9453
51.76,18443
52.53,34111
52.78,37292
52.96,28101
53.26,26501
53.51,27092
53.43,31189
55.41,14020
55.5,16658
55.56,28677
56.25,27246
56.01,21747
55.69,27866
55.71,13680
55.79,15116
56.14,42189
56.24,16368
56.45,27202
56.75,41959
57.38,36829
57.96,16912
58.02,45393
58.05,7534
58.28,9663
58.38,26234
57.52,8597
57.52,20435
57.34,73334
58.64,19103
57.91,10538
57.88,33231
57.62,11410
57.71,26803
58.46,43242
57.84,35957
58.24,15839
58.46,53815
58.57,17476
58.63,26705
58.37,24757
58.32,11090
58.76,12087
58.97,38979
59.28,13563
59.49,21491
59.75,19037
59.56,7842
59.78,21573
60.1,30590
58.65,17453
58.92,30897
59.05,14952
59.13,19259
58.99,30081
58.9,45246
58.92,9893
59.08,5373
59.16,35895
57.91,21699
57.87,30222
58.73,100443
56.9,64019
56.85,85063
56.64,117783
57.12,17018
56.81,13284
56.53,41350
55.38,36383
55.72,36226
55.72,36101
55.57,24817
56.58,24991
56.4,43436
56.17,23701
56.35,13184
56.39,17065
56.86,10401
56.74,13184
56.31,15819
55.49,8692
55.53,7616
55.53,18800
56.04,12015
56.25,7304
56.33,59099
56.34,5873
56.39,2116
56.6,8876
55.73,15012
56.09,16613
56.34,36323
56.52,20525
56.94,21070
57.11,26019
56.2,19208
56.15,12303
56.28,30851
56.63,38190
56.28,41505
55.96,51592
54.1,13075
54.48,13677
53.97,49278
53.01,23035
52.89,9397
53.18,28737
50.79,27607
50.77,14708
50.94,38684
50.98,10995
51.18,15386
51.1,30500
51.79,6833
51.96,6026
51.72,18868
53.6,21041
53.48,18830
53.37,41354
54.09,20953
54.38,26613
54.91,70212
55.34,11174
55.49,7961
55.58,19880
54.22,12444
54.26,22174
54.01,20772
52.99,12360
52.71,16518
52.56,33737
53.38,23726
53.41,12486
53.39,15820
53.34,8361
52.92,14821
52.85,38474
53.15,33658
52.69,17515
52.49,25733
52.37,39275
53.19,27058
52.82,80862
52.7,26185
52.9,11827
52.63,51243
51.24,78091
50.27,37047
50.09,64241
49.75,23379
49.51,16866
49.84,37224
49.99,19842
49.84,14962
50.24,36002
50.88,9343
51,4623
50.96,39768
51.07,12075
50.45,20060
50.41,85376
50.55,13088
50.5,8646
50.68,39928
50.65,13490
50.72,12448
50.37,45184
50.23,30887
50.52,10164
50.48,13810
50.44,13778
50.53,9541
50.65,28514
51.6,12827
51.75,12047
51.74,23362
52.73,19211
52.74,11394
52.8,40277
54.76,19027
54.49,10498
54.48,51206
54.95,19480
55.08,9690
55,40340
54.49,11802
54.29,16466
54.15,39777
53.27,46585
52.67,10837
52.82,103939
52.59,18507
52.22,7743
52.32,20233
51.93,40420
52.32,12587
52.32,62619
52.08,12628
51.9,7470
52.26,18806
54.17,27791
54.53,16707
54.62,24379
54.22,18674
54.29,8378
54.52,33068
54.1,12637
54.29,4839
54.47,47500
54.04,16576
53.19,5940
53.23,26557
53.91,11281
53.87,8321
53.83,22244
54.56,12361
54.92,2203
54.89,17264
54.46,28891
54.4,6292
54.63,87153
53.26,11485
53.27,13569
53.04,39333
50.68,32949
50.6,26437
51.04,56652
51.2,12139
51.14,10258
51.27,28717
49.88,38258
49.74,18219
49.59,37387
50.76,15867
50.89,17206
50.59,46210
50.7,19324
51.03,5294
51.27,49136
50.81,44470
51.12,21205
51.32,137671
51.3,19393
51.1,6781
51.02,43447
50.02,30818
50,46594
49.89,41447
50.61,16109
50.76,10945
50.97,63321
50.67,18869
50.43,13217
50.64,21217
51.9,22444
52.63,12048
53.05,26461
53.13,25504
53.06,18686
53.03,29423
52.62,12941
52.63,6435
52.65,25556
52.3,22409
51.4,21189
51.46,29114
49.73,30153
50.08,20101
50.11,56401
50.92,19983
50.73,11338
50.51,30821
51.47,23876
51.47,9515
51.79,24132
51.1,23295
50.96,10301
50.76,25576
51.07,12909
51.24,4645
51.56,24511
50.32,10928
50.75,10689
50.59,18991
50.94,8343
50.75,1644
50.76,13444
50.61,11778
50.82,13836
51.04,31815
50.23,19923
50.32,16435
50.14,51981
48.34,30207
48.47,13890
48.47,45478
47.76,37478
47.68,10902
47.82,26498
49.12,32566
49.01,10999
49.29,26613
48.71,25381
48.43,6881
48.26,17133
47.68,43557
47.7,13731
47.85,48374
48.34,35077
49.05,14197
49.16,58635
50.89,84204
50.91,59698
50.99,149222
50.28,32899
50.54,21512
50.74,34462
50.63,38539
50.9,15519
50.77,39024
51.51,13043
51.16,9716
51.18,16746
51.85,8758
51.76,8802
51.89,51358
51.98,10513
52,7653
52.03,12609
51.45,23953
51.59,2975
51.68,32792
53.19,22811
53.23,14078
53.39,44968
54.75,10870
54.82,5444
54.52,29876
54.83,16306
55.42,9837
55.66,22459
55.59,14374
55.1,6014
55.26,26160
54.2,19126
54.06,14700
54.17,26177
53.36,19531
53.66,6051
53.79,30165
53.06,21609
53.1,42173
53,93713
51.11,25905
51.41,20403
51.62,37769
51.77,14105
51.66,8816
51.82,29701
52.07,19525
52.29,14808
52.4,18390
51.5,13240
51.74,9001
51.68,20464
51.44,18881
51.7,11151
51.86,40677
51.9,11169
51.78,11145
51.91,37372
52.52,16092
52.83,10745
52.12,14942
51.93,6847
51.83,36311
50.28,18509
50.17,8679
50.05,33678
50.11,11074
50.48,6476
50.61,11417
49.95,10231
49.88,8353
50.1,35512
50.44,18733
50.82,11027
50.97,46911
52.68,17105
52.69,11327
52.82,28721
53.94,13916
53.94,7009
54.07,16348
54.49,13869
53.98,9010
54.03,23757
52.83,12972
52.96,7390
53.08,23154
53.21,16658
53.18,4663
53.04,22527
52.47,8036
52.68,10510
52.62,17096
53.5,13179
53.24,12051
53.16,24435
52.64,7177
52.6,9684
52.81,30777
52.62,29980
53.66,12892
53.8,25259
55.29,40214
55.86,19454
55.8,56745
55.06,19235
54.91,13616
54.58,28449
54.41,20067
54.72,7200
54.52,40153
53.74,7406
53.57,7089
53.39,29427
54.37,12947
54.32,8714
54.4,10632
53.48,13905
53.03,9116
53.04,32656
52.37,7945
51.84,9257
51.97,35898
51.56,14108
52.13,7142
52.13,46277
52.28,7958
52.63,9274
52.45,44932
51.59,10801
52.05,14596
52.06,31519
50.89,8919
51.34,4372
51.57,15764
52.11,17466
51.74,5246
51.82,16877
52.43,13621
52.02,7776
51.5,14942
51.29,25479
51.28,11488
51.14,22078
49.73,20275
50.32,14052
50.21,36083
49.46,15657
49.56,7366
49.41,29319
48.68,25325
48.71,15724
48.64,36220
49.28,23926
49.3,13921
49.09,48921
48.35,39265
48.55,13108
48.48,18354
48.93,15847
48.65,7417
48.79,40816
47.77,44742
48.3,21113
48.17,83168
49.32,23296
49.45,29019
49.51,38561
48.34,25771
48.27,7677
48.28,16192
48.12,40413
47.81,9934
47.96,23504
48.95,20665
48.71,6648
48.48,15917
49.11,10396
49.46,6660
49.64,26543
50.31,20146
50.25,10998
49.98,30008
50.38,12419
50.01,12101
50.04,58074
50.77,18053
50.51,12258
50.68,27343
51.29,13342
51.11,8254
50.97,23648
50.85,20548
50.54,12376
50.67,32226
49.53,12502
49.71,4109
49.51,33593
49.23,28499
49.19,15146
49.25,25390
50.68,25109
50.52,6660
50.54,18830
50.58,20603
50.64,12892
50.58,16958
50.43,19660
50.26,7229
50.3,25596
52.35,36816
52.28,40272
52.26,41814
52.82,76574
52.66,29534
52.5,90679
52.13,33742
52.22,7775
52.13,38292
51.75,8280
51.51,2864
51.61,21445
51.98,11161
51.95,2526
51.8,24377
49.74,12367
49.86,10812
50.01,29631
51.22,28372
50.93,15805
50.91,36122
49.75,24872
50.09,7434
50.07,34445
49.7,17814
49.58,9740
49.33,56646
49.94,22786
49.54,6907
49.32,36215
50.65,19437
51.06,9620
50.89,21537
51.37,18168
51.08,10731
50.77,19123
49.96,18811
49.78,13860
49.73,29658
49.26,23737
49.08,11886
48.98,28294
49.13,30480
49.2,8677
48.92,35706
49.26,9042
49.22,6580
49.46,14041
49.8,30341
50.89,5452
50.89,35755
49.81,13053
49.79,6099
50.13,31747
50.97,13377
51.14,15106
51.1,41200
51.36,7688
50.97,5450
51,14701
50.86,25957
50.73,11050
50.24,64657
50.84,15288
50.55,18894
50.51,34837
51.54,24302
51.79,11279
52.04,27141
51.56,28161
52.03,18887
51.82,51331
51.32,30376
50.93,19344
51.17,48846
50.55,26916
50.57,13394
50.7,26533
49.41,38019
49.23,23623
49.27,33267
48.89,22459
49.18,8981
49.17,29171
49.88,30034
50.01,5345
50.12,21801
50.89,25029
50.97,10743
50.8,25496
50.44,27048
50.55,31300
50.7,29878
51.11,19509
51.33,13009
50.97,53725
51.85,41802
51.51,23026
51.48,41308
50.82,67324
50.75,24519
50.75,59119
51.3,40033
51.26,17194
51.3,55525
52.87,11824
52.47,16284
52.75,26107
52.99,15483
52.78,10215
52.87,46659
52.84,19054
52.85,9745
52.77,16719
51.41,5343
51.25,4112
51.42,18842
51.18,10440
50.85,10794
50.88,20919
52.2,8085
51.97,8832
51.18,17203
51.28,9277
51.72,5909
51.81,12759
52.13,8662
52.22,6988
52.21,17413
54.1,11465
54.07,12619
54.25,26674
54.51,8590
54.29,10613
54.21,9466
53.96,7642
53.9,7440
53.88,15444
54.42,5296
54.48,6842
54.44,11700
54.93,5148
54.78,7113
55.04,10033
55.95,4242
55.78,3941
55.74,39905
55.29,21873
55.49,14735
55.56,25729
55.56,12039
55.56,0
55.06,8703
54.85,4652
54.84,12479
54.9,7435
54.93,8346
55.03,12771
54.39,8859
54.39,7394
54.4,14914
54.49,10978
54.29,10738
54.45,16562
55.92,17890
56.23,16131
56.35,28550
54.73,22706
54.99,23697
54.96,29928
54.57,13967
54.63,9593
54.62,13486
55.65,39976
54.98,16033
54.96,15257
55.79,15998
55.93,33042
56.01,49434
55.88,22853
55.72,19411
55.76,27150
55.18,8323
55.32,7989
55.5,21397
55.53,19206
55.39,10422
55.56,14688
55.76,4918
55.58,24864
56.96,51228
58.37,24522
58.56,8054
58.58,23388
58.73,16600
58.74,12284
58.79,15971
59.13,6153
59.1,7281
59.12,12019
60.12,8739
60.18,8862
60.12,8727
59.7,9764
59.92,20372
59.32,25023
60.12,10366
60.2,19795
60.35,18136
60.63,16045
60.77,18734
60.68,8244
61.07,5702
61.06,4654
61.14,7829
61.19,18233
61.41,20851
61.52,22751
61.49,12385
61.46,7191
61.4,18767
60.97,7160
60.93,3963
60.94,13420
60.93,13257
60.85,20551
60.6,30566
59.43,9055
59.95,22162
60.08,14838
59.57,7053
59.47,7422
59.5,16375
59.34,19351
59.03,11284
58.99,12532
58.75,10660
58.95,17473
58.99,21971
57.75,16271
57.9,7919
57.74,16549
57.2,18347
57.16,9948
57.04,19865
56.46,8994
56.54,8461
56.79,18835
56.57,8092
56.58,9548
56.5,18678
55.17,13558
54.8,11744
54.82,24334
53.88,23228
53.84,17099
53.75,27216
53.48,38560
53.66,33180
53.9,41638
53.49,14392
53.71,20222
53.9,22393
53.63,28496
53.89,15538
53.62,23717
54.84,21543
54.66,7842
54.72,16164
55.75,25022
55.9,9481
55.66,34020
54.82,13075
54.94,23189
54.9,16676
55.06,14999
55.17,8120
55.32,14363
55.03,8627
54.89,4617
55.1,25336
54.64,13416
54.92,10678
55.26,14703
55.54,10085
55.16,23842
55.07,20124
54.83,13528
55.04,6126
55.2,26306
54.43,16741
54.48,15789
54.63,28018
53.02,22330
53.14,14177
53.34,42090
53.63,22062
53.81,10976
53.78,15493
53.76,12685
53.88,8894
53.99,24249
53.63,11954
53.65,10461
53.67,7057
53.43,13670
53.52,11197
53.65,17621
53.81,11869
54.18,17466
53.95,17813
52.85,12311
52.65,21374
52.33,35868
53.15,9642
53.23,7980
53.33,19788
52.93,34521
53.09,11469
53.3,14108
54.09,10266
54.17,34800
54.02,90458
51.79,28430
52.04,20685
51.93,50862
51.52,11032
51.59,9684
51.63,15280
52.14,11079
52,11028
52.1,12942
52.26,11734
52.13,7420
52.07,12695
50.83,16363
50.8,11932
50.92,21699
51.63,6886
51.5,5517
51.57,15580
50.9,11602
50.83,4130
50.85,11730
51.38,6745
51.2,7724
51.17,20043
51.94,10458
52.09,13632
52.12,38240
51.81,6558
51.87,4931
51.95,9183
51.71,5711
51.61,5021
51.32,8114
52.41,16488
52.44,7279
52.27,16955
53.34,20706
53.05,13284
53.06,9503
52.74,49731
52.36,42633
52.51,58567
51.19,16642
51.3,14551
51.35,31002
51.79,20794
51.73,17063
51.38,52450
51.29,23233
52.07,12808
52.24,50567
51.27,19615
51.24,11016
51.19,29197
50.52,33262
50.78,19487
50.93,33593
51.49,13477
51.39,9655
51.26,18967
51.62,10955
51.87,12254
51.92,33200
51.98,12314
52.03,7435
52.3,26285
53.4,9394
53.04,5343
53.17,19744
52.62,14103
52.54,17601
52.52,27622
52.65,4350
52.36,4868
52.35,43055
51.81,25456
51.59,10491
51.7,30746
51.93,17135
52.15,8698
52.41,24713
52.63,16933
52.79,7759
52.83,29720
53.66,18470
53.33,2916
53.36,16888
53.98,14941
53.79,12227
53.97,40750
53.56,33634
53.6,20036
53.84,43516
53.92,23729
54.09,9027
53.91,33086
52.65,33399
52.9,15535
52.62,75862
54.05,51174
54.3,17841
54.38,75420
55.15,19237
55.13,4493
55.25,25453
54.58,12783
54.32,10383
54.7,19746
54.32,13176
54.18,5665
54.47,20417
54.62,11761
54.48,5760
54.01,18112
54.81,13411
54.68,12293
54.05,30024
51.96,20067
52.22,10386
52.18,33272
54.09,17841
53.71,8980
53.5,38885
53.16,30760
53.25,14854
52.99,39812
53.13,11440
53.33,15204
53.27,31400
53.12,17477
53.28,15030
53.67,31320
53.01,11862
53.24,5267
53.66,26128
54.01,9631
53.9,14744
54.18,17945
52.52,33534
52.79,32186
52.5,59767
51.36,25033
51.63,17410
51.57,32968
51.47,19388
51.62,6216
52.01,41956
51.35,9966
50.87,14229
50.95,22875
50.74,10460
50.37,11059
50.31,21882
50.88,12320
51.08,8132
51.29,31695
51.92,9489
51.64,4275
51.71,9375
51.9,9608
52.06,5489
52.1,10229
52.68,10567
52.79,6768
52.69,22573
51.72,7683
51.81,6382
51.66,33654
51.86,7410
52.08,6119
52.15,19496
52.76,9544
52.56,5110
52.37,10242
52.72,4829
52.69,1633
52.55,16030
54.1,18868
53.77,7705
53.59,16456
53.6,3411
53.88,6332
54.2,23146
54.49,21402
55.07,20366
55.1,18257
55.23,17090
56,14547
56.22,36572
56.54,11437
56.62,6770
56.51,24135
56.77,9841
56.49,5041
56.57,12442
54.93,15535
54.43,10872
54.14,53467
53.99,5509
53.78,8722
53.65,24499
54.24,31693
54.52,7806
54.66,29604
54.68,3057
54.74,11528
54.54,16910
54.94,17264
54.63,4936
54.66,12767
54.46,11953
53.76,1759
53.82,16772
54.61,24047
53.75,3635
54.01,11499
53.9,5062
53.9,0
53.9,0
52.71,6469
52.63,5708
52.97,18455
53.29,20124
53.29,8994
53.48,21729
53.85,8076
54.52,4270
54.54,18282
53.77,8822
53.42,8261
53.4,20670
53.29,9600
53.45,3128
53.51,11826
51.66,5188
51.81,2839
51.77,21739
52.79,16089
52.95,5281
52.57,26484
52.08,10197
52.26,6938
52.34,17953
51.74,10216
52.05,12072
52.08,15503
51.21,18514
51.05,6381
51.44,16673
51.84,12592
51.9,7701
51.87,18949
52.29,7565
52.33,4582
52.3,14886
51.73,8864
51.78,9088
51.76,28782
52.23,9784
52.04,4184
51.85,18715
52.12,8670
52.1,6771
52.01,20427
52.54,6316
52.32,4921
52.3,8247
52.11,4350
52.04,4594
51.87,29521
52.43,7276
52.41,4053
52.35,12996
53.38,4729
53.08,2663
52.9,6813
52.74,18868
52.54,3417
52.52,20928
54.47,11720
54.68,8708
54.11,3046
54.36,5537
54.44,12841
53.98,11781
53.31,7870
53.41,8479
53.65,3082
53.46,2361
53.43,14860
53.31,12340
53.59,4824
53.39,5743
53.35,7459
53.12,4805
53.35,8322
54.47,10076
54.42,5054
54.68,17236
53.28,3339
53.45,1878
53.45,25343
51.9,6993
51.98,11808
52.18,18471
52.59,9671
52.36,8760
52.34,13617
51.94,16947
51.78,12741
51.71,22511
50.81,15406
51.03,7014
51.19,15091
50.74,11688
51.02,2761
51.06,11067
49.99,29449
50.24,3829
50.45,19482
50.25,8459
50.09,4359
50.03,17109
49.75,8382
50.29,9528
50.59,13003
50.58,7814
50.69,3756
50.72,10063
50.13,35052
50.24,7571
50.24,21928
49.14,8673
49.24,4259
49.39,25614
50.46,9567
50.59,6746
50.62,19474
50.43,14496
49.79,6491
49.52,20258
49.51,19124
49.36,5670
49.2,32360
48,34910
48.4,20937
48.53,46025
48.49,16906
48.82,5476
49.1,27364
49.07,25503
48.91,9923
48.55,18655
48.63,12128
48.78,25442
48.88,32078
48.83,31211
49.08,8312
49.17,11929
48.73,23110
49.26,6067
49.12,20320
49.02,22345
48.87,6262
49.11,16839
47.62,21517
48.11,12598
47.9,48669
48.19,12547
48.45,17176
48.39,45871
48.25,18203
48.54,12264
48.72,40657
49.35,18693
49.37,7089
49.44,23803
49.45,16168
49.12,13028
49.04,64392
50.39,11551
50.45,15687
50.66,18597
49.96,13247
49.88,5502
49.71,12617
49.95,24094
50.29,14443
50.29,48643
51.18,21304
50.7,24238
50.87,41742
50.76,21193
50.67,13253
50.88,28430
49.86,19765
49.86,13662
49.63,30851
50.17,17863
50.45,11763
50.66,30327
50.44,19721
50.24,2137
50.25,22240
48.14,54721
47.72,24208
47.81,53173
48.1,20641
48.11,11202
47.94,17515
48.22,15933
48.01,10906
48.14,12137
47.26,37880
46.89,7653
47.09,22125
47.47,15391
47.48,11839
47.52,28350
46.68,21004
46.71,13191
46.81,79465
47.37,56265
47.61,29954
47.96,44182
48.34,25200
48.96,22487
49.19,44030
50,9863
49.87,13229
49.86,17332
50.31,52390
50.13,19077
50.47,41112
50.36,19726
50.52,9369
50.31,19941
50.32,26675
50.2,10836
50.11,43963
51.76,21165
52.12,10601
51.94,53294
50.91,38494
50.94,10092
50.74,38970
51.03,12449
51.34,6678
51.35,22775
53.36,37819
53.82,21255
53.83,48269
54.54,29319
54.39,22597
54.39,43145
56.69,34211
57.07,20965
57.53,49247
58.32,27801
58.38,11098
58.46,52740
58.69,37404
58.22,14176
58.46,31640
58.39,19491
58.47,13604
58.72,30285
59.25,16744
59.14,6686
58.94,24769
57.5,32166
57.58,10181
57.46,33928
57,14788
57.08,13928
56.9,15206
57.29,8841
57.29,18747
57.32,16471
54.82,34608
54.9,22829
54.88,36066
54.65,28842
54.89,7450
54.84,23154
54.84,6557
55.33,7335
55.37,20078
55.55,22503
55.5,14202
55.58,50843
55.97,21511
55.89,12683
55.75,20803
54.97,33852
54.87,13567
54.82,41712
54.93,9538
54.77,47162
53.8,75910
53.15,35786
53.35,9362
53.42,51421
53.83,8562
53.68,9808
53.78,34817
53.6,14061
52.88,14022
52.88,18731
53.18,13092
53.21,6911
53.32,16601
52.5,9634
52.49,8583
52.35,16879
52.69,11344
52.27,5326
52.55,42448
53.06,22137
53.16,16361
53.01,47074
53.66,10307
53.61,8473
53.69,19292
54.15,11343
54.17,12704
54.01,35883
53.24,8711
53.54,9390
53.21,26024
52.29,11964
51.98,7347
52.24,26862
52.72,20171
52.88,16583
52.72,26411
53.06,14644
52.92,10651
52.92,16814
53.21,12919
53.33,10227
53.29,17091
52.07,33307
52.39,11099
52.58,33437
54.73,27078
54.39,8101
54.32,20850
51.87,38547
51.77,24448
51.94,46130
50.6,36285
50.39,29582
50.44,47944
49.33,28895
49.21,10801
49.43,13536
49.32,20091
49.27,26349
49.32,40336
49.03,13139
49.02,9658
48.99,20365
48.9,25423
48.87,8904
48.79,12217
49.32,12000
49.49,11610
49.44,17982
49.14,35087
49.28,21689
49.44,34744
49.15,21732
49.21,11315
49.16,11545
48.78,11561
48.88,8238
49,39434
48.95,20898
49.07,13536
49.15,30670
49.38,13371
49.3,14439
49.42,21292
48.33,21267
48.17,17196
48.19,19339
48.84,15770
48.77,14537
48.86,23007
49.67,23356
49.67,0
49.48,19783
49.47,17331
49.61,29753
50.11,23096
50.4,12124
50.09,16124
49.86,20358
49.8,17379
49.6,24698
49.19,23895
49.13,9766
49.09,13548
48.64,39695
48.46,18136
48.39,20130
51.19,21839
50.89,15289
50.69,29250
50.14,14669
50.28,9721
50.45,22238
50.15,17657
50.33,10488
50.51,23024
49.45,19715
49.43,8596
49.38,14118
48.47,27729
48.52,12677
48.58,14026
48.51,18039
48.43,28201
48.25,51293
48.07,10261
48.24,6828
48.03,25524
47.55,15441
47.54,21931
46.96,59287
46.24,8217
46.12,9922
46.15,27990
46.48,18860
46.74,35090
46.64,39199
46.39,14762
46.39,0
46.49,16531
46.43,1171
46.4,11568
46.46,12976
46.21,2850
46.41,15319
45.89,32912
46.03,18554
46.02,27098
46.17,12813
46.03,8274
46.05,5391
46.38,17286
46.23,15865
46.14,30287
45.85,18494
45.88,23059
45.92,36134
46.19,20577
45.91,14447
45.59,27296
45.86,36763
45.6,7820
45.46,27562
45.49,10658
45.55,9425
45.77,17778
45.71,19526
45.93,10927
45.88,35878
46.07,24723
46.33,13030
46.35,25000
46.56,27836
46.47,6448
46.58,19656
46.82,24670
46.75,26286
46.94,44911
46.56,9252
46.64,61059
46.6,50314
47.3,18011
47.42,9450
47.24,29622
47.04,61206
47.05,22491
47.27,30878
46.6,32390
46.56,22594
46.35,51232
46.06,33955
46.46,21760
46.52,32339
47.16,18473
46.96,16004
46.95,14115
46.56,36970
46.74,15423
46.95,30833
45.77,43447
45.61,14636
45.79,42342
46.38,15374
46.05,8182
45.9,21618
46.99,8418
46.92,9012
46.99,22753
46.84,13572
46.84,12738
46.23,20605
46.29,18939
45.91,19019
46.07,41014
46.9,16488
46.83,25735
46.86,35759
47.15,19866
47.04,14539
47.06,33092
48.1,14706
47.91,10990
47.65,20575
47.75,18685
47.51,8769
47.37,20367
47.77,13804
47.89,16138
47.84,24719
47.18,18097
47.12,8223
47.17,16457
47.84,13785
48.03,18647
47.73,23921
48.38,19275
48.54,17591
48.7,22835
48.84,17871
48.77,23063
48.63,30085
48.84,24522
48.95,10842
48.93,12528
48.05,18573
47.99,32058
48.31,38162
48.94,11752
49.02,7089
48.98,37301
48.93,8090
48.86,12335
48.48,24416
48.32,6976
48.38,9576
48.38,16267
47.64,22513
47.74,15179
47.81,32290
47.43,20157
47.43,26551
47.32,32637
46.97,14460
46.65,11676
46.44,30172
46.02,28262
45.53,27360
45.45,27934
47.11,50972
46.79,54027
46.08,45946
45.73,37514
46.19,38032
46.93,25541
47.39,18551
47.48,12269
47.6,36719
47.61,23549
47.63,17123
47.62,28003
47.86,45154
47.6,23118
48.03,30138
48.09,41464
47.78,27590
47.59,70378
46.5,40337
46.56,10243
46.44,58824
46.65,26892
47.03,14884
46.66,53113
47.21,42903
47.31,24787
47.48,27586
48.24,45802
48.34,25487
48.57,58160
48.37,17434
48.29,16851
48.37,27324
48.07,24278
47.97,20094
47.77,28037
47.04,18930
47.34,4965
47.22,33813
46.76,19396
46.77,8988
47,38731
47.64,35730
47.53,19678
47.17,41762
47.79,41826
47.73,14389
47.78,34707
47.83,28363
47.84,20212
47.7,59615
47.66,29389
47.55,17021
47.47,60592
47.59,39451
47.2,15156
47.11,55999
45.88,34067
45.92,27237
46.02,86620
46.5,45031
46.78,14009
46.67,44475
45.66,47182
45.95,34136
45.81,60939
44.61,72266
45.05,23280
44.81,108280
41.46,109646
40.79,61089
40.68,105349
41.12,147908
40.79,90234
41.1,132014
41.01,74922
40.08,53252
39.07,157993
39.48,127380
39.57,71510
42.18,201218
41.7,63613
40.96,51419
41.58,145793
42.99,75780
43.18,41893
43.5,73188
44.19,52273
43.83,42163
44.61,98371
44.66,11453
44.76,18843
44.35,67253
44.03,30385
44.14,12779
43.66,80637
44.86,30030
44.52,25547
44.76,37343
44.51,33304
44.93,36127
44.71,60989
45.62,43329
45.79,23909
45.5,30396
47.37,53956
46.79,22903
46.75,46273
47,30595
47.08,22395
47.3,67245
46.41,40465
46.49,20982
46.19,38093
46.2,20596
46.18,10752
46.29,45278
46.87,10758
46.73,11824
46.78,27181
44.93,23842
45.33,8095
45.47,43951
45.95,33772
45.64,18275
45.74,62135
46.63,28467
46.74,35111
46.87,73832
46.54,23318
46.71,16803
46.73,34281
46.72,22473
46.73,11600
46.77,42754
46.65,23820
46.75,20638
46.63,44273
46.08,52899
46.45,20965
46.31,66392
46.7,36982
46.63,6412
46.71,20163
48.12,56726
47.89,29684
47.89,32188
48.21,108642
48.58,24548
48.74,46121
48.42,9433
48.27,13912
48.2,56532
48.09,14479
48.37,11599
48.44,37694
48.04,48068
48.07,16926
48.38,61518
47.83,54264
48.15,25678
48.09,43400
48.03,33668
48.01,26576
47.85,49929
47.68,16512
47.87,11126
47.47,35059
47.3,38427
47.32,15102
47.47,37359
47.39,23449
47.58,23902
47.88,46979
47.66,50494
47.81,17442
47.76,54740
47.27,18624
46.98,27240
47.17,65928
47.31,25557
47.13,22484
47.35,42044
46.87,30393
46.82,15263
46.86,36663
47.14,27487
47.28,16975
47.19,57942
46.48,50302
46.67,29196
46.69,55428
47.25,22240
47.21,6538
47.32,53502
48.24,28901
48.13,14273
48.1,40493
47.72,19960
47.61,16220
47.51,69450
47.85,31070
48.15,14316
48.26,41112
48.44,27115
48.65,20381
48.74,64530
48.78,55483
48.75,17783
48.69,40060
47.72,20090
47.71,9924
47.83,37194
46.63,20870
46.77,15348
46.75,59914
47.1,58529
47.2,16876
47.12,53446
46.45,30761
46.26,12087
45.92,78477
45.85,21760
46.01,18295
46,50029
45.06,89719
44.4,38127
44.18,81255
44.11,40447
44.42,28683
44.55,54216
45.38,64366
45.43,20691
45.53,61248
44.84,69980
44.78,12105
44.82,28904
45.85,70823
46.3,40760
46.51,90159
46.58,43210
46.78,29951
46.45,66123
45.99,47808
46.09,21378
46.01,29994
46.29,30885
46.81,28200
46.68,45810
47.37,113971
48.49,46681
48.34,139224
48.72,94952
48.45,74109
48.04,32776
47.86,36324
47.44,66439
47.97,32838
48.07,117523
47.62,103488
47.59,43851
47.57,13994
47.58,94644
49.26,87545
49.87,30057
49.63,76287
49.39,59875
49.56,34883
49.82,71130
49.66,41649
49.86,17202
49.85,49391
48.4,57838
48.39,17923
48.44,65316
48.64,37249
48.66,22793
48.85,58682
49.45,68642
49.45,30286
49.55,52425
49.58,39783
50.04,16131
50.02,71192
51.29,67163
51.47,36501
51.29,55186
52.12,87355
52.54,36346
52.73,56362
52.99,45605
53.07,42341
52.9,59700
52.28,53433
51.97,41187
52,76093
51.02,42987
50.8,22231
51.01,54565
49.89,56560
50.1,23923
49.99,64027
50.14,44480
50.54,27720
50.56,40967
49.68,62234
49.56,26542
49.4,169833
48.35,65445
48.5,47373
48.41,68053
48.79,49720
48.8,41653
48.49,58130
49.29,36815
49.56,31578
49.47,76570
49.68,72814
49.38,44489
49.31,80532
49.65,25689
49.53,17446
49.56,41587
50.3,75186
49.92,46778
49.98,57416
50.59,49194
50.87,43415
50.85,47432
50.78,41744
50.96,36622
51,50974
51.72,78656
51.87,24294
51.8,48079
52.36,33080
52.26,21688
52.39,97483
51.62,32094
51.54,18376
51.51,47957
52.5,53272
52.1,32077
51.96,70927
51.67,35089
51.69,21781
51.48,147534
52.07,46117
51.52,30946
51.79,93446
51.38,50116
51.19,40031
51.42,63530
51.58,73172
51.83,23772
52.15,47122
52.71,66480
53.57,38294
53.67,88888
53.63,24975
53.7,38909
53.55,68825
53.04,21954
53.19,11727
53.23,34891
53.31,47007
53.37,40110
53.56,96672
53.82,42617
53.92,24172
53.92,59542
54.02,29281
53.76,7892
53.75,30119
53.01,78623
53.27,19771
53.37,42887
53.52,36031
53.63,23857
53.55,39746
53.27,70856
53.1,28568
53.23,57148
54.1,55174
53.3,23509
53.21,70329
52.94,23669
53,8144
52.92,56143
52.94,67986
52.38,22679
52.39,129841
52.36,42301
52.08,24840
52.04,59021
52.57,52992
52.81,34232
53.24,62878
53.35,81368
53.08,35388
53.03,96535
53.02,54331
53.1,16024
53.44,101078
52.98,105301
53.1,31504
53.21,86194
52.66,55587
52.44,22594
52.49,76152
51.54,64140
51.32,46484
51.28,61087
50.95,64470
51.08,28680
51.33,66908
51.98,46090
52.2,25241
52.39,60067
52.55,47635
52.32,44066
52.27,49645
52.65,96353
52.5,33716
52.33,63500
53.93,79840
54.46,29178
54.14,85340
53.93,40421
53.67,26161
53.78,48563
54.7,23649
54.89,14439
55.18,66380
54.47,64094
54.23,65577
54.18,132987
55.45,52564
54.71,18523
54.74,64750
54.36,57031
53.66,24780
54.2,64602
54.77,69958
55.08,43544
54.45,70977
54.79,48257
55.08,30738
55.05,89654
54.72,33062
54.65,19522
54.46,98327
55.05,37410
55.15,32353
55.03,66778
55.94,40560
55.23,51935
54.84,87619
54.65,49578
53.69,53044
53.1,145332
54.47,36988
54.94,20353
54.69,75693
54.81,46697
55.66,24231
55.84,56152
55.7,31658
55.74,47637
55.57,97910
55.23,39681
55.28,18100
55.14,43520
54.8,39274
54.75,39391
54.35,108682
55.23,71094
55.76,19111
55.88,75241
54.76,29024
55.23,14780
54.98,57679
54.58,59104
54.4,30934
54.2,37107
54.93,41359
54.51,14528
54.65,99281
54.51,24658
54.8,10591
54.86,92711
55.33,54364
55.17,14160
55.22,51316
55.53,27102
56.08,28580
56.17,68162
57.29,41341
57.61,34394
57.47,54846
55.56,59600
55.85,42518
56.26,80050
55.91,26581
55.93,16856
55.96,36206
54.68,48997
54.94,18779
55.03,46922
53.63,29463
53.53,30813
53.31,98623
54.4,43648
54.37,53699
54.47,50132
54.21,18295
54.56,16519
54.79,30479
53.61,42207
53.8,24428
54.19,70919
54.22,31375
54.61,15205
54.88,32750
54.53,36855
54.82,18387
54.83,26934
55.32,42672
55.38,17606
55.41,32254
55.2,16751
55.23,14909
54.89,48067
54.03,24280
54.05,18688
54.14,58055
54.05,22090
54.03,22700
53.37,40168
52.51,66305
53.04,39666
53,45117
52.46,30272
52.39,17895
52.42,34152
52.33,37679
51.53,29431
51.61,40188
51.58,24623
52.02,10343
52.08,33885
51.89,60543
51.85,35764
51.77,67685
52.41,27235
52.67,20949
52.92,97701
53.56,25720
53.71,14919
53.79,33426
53.72,57479
53.72,0
54.11,37285
54.18,21882
54.01,48358
54.7,80926
54.86,19186
55.05,51591
56.78,41199
56.59,20152
56.78,36761
57.26,48648
57.47,24443
57.62,38390
58.46,40140
58.18,18383
57.85,33696
57.11,32603
57.39,15246
57.22,33211
57.82,21447
57.93,27590
58.08,43292
58.97,25455
59.04,36640
59.12,69621
59.73,31800
59.97,32820
59.96,50699
58.58,32312
58.53,39851
58.58,51134
57.93,44882
57.89,22907
58.03,39442
57.7,47246
57.51,42100
57.68,48808
58.15,28524
58.13,26070
57.89,28559
58.42,11763
58.14,11769
58.25,24752
58.18,39236
58.44,10921
58.44,41996
59.74,18848
59.66,17279
59.53,44453
59.79,23381
59.82,26131
59.86,32752
59.53,18657
59.53,0
60.75,14073
60.77,6750
60.71,42624
59.41,16064
59.31,13868
59.32,23237
60.13,23747
60.15,13374
59.93,32693
59.27,4336
59.31,9285
59.2,26581
60.4,13631
60.14,16989
60.26,41054
61.73,59678
61.76,66753
62.07,55153
63.54,56513
63.7,35433
63.56,40085
62.56,31950
62.57,39499
62.61,40867
61.52,63139
61.41,82740
61.65,105497
60.45,74196
60.43,50262
60.61,115983
61.99,55176
61.86,33341
61.69,70021
63.18,27619
63.03,23756
63,59898
64.16,40797
64.09,26006
64.57,68678
64.86,23736
64.93,21998
64.99,50175
63.34,27859
63.53,20389
63.63,44194
62.58,31586
62.7,40404
62.63,42742
64.7,76074
64.18,44137
64.53,49119
63.65,77368
63.86,37068
63.93,62606
65.53,37111
65.69,33513
66.07,73729
67.31,44411
67.49,74119
66.7,127263
68.16,26646
68.17,23513
68.37,99794
68.84,47392
68.89,90851
68.86,49465
69.62,85373
70.48,73513
70.31,59137
68.46,74103
67.02,59672
67.52,79201
67.77,48472
68.07,37082
67.71,43706
71.27,53840
70.56,59010
70.76,69225
70.42,45898
70.23,62607
70.83,51082
67.86,48543
68.49,24529
68.09,55601
68.28,35527
68.18,38418
68.41,55748
70.12,29653
69.86,23393
70.37,58350
70.75,24022
70.94,17509
71.2,33757
72.81,44101
73.32,36051
73.15,64504
73.15,79061
71.33,60246
72.02,40878
71.69,27001
72.16,33158
71.71,43291
71.43,55533
72.03,60006
72.41,67446
73.79,38809
74.06,67937
72.8,55289
72.75,61292
72.78,49106
73.37,43234
74.32,54241
74.37,55668
75.28,83192
75.71,37565
76.16,24438
76.52,32012
78.18,75574
78.48,62587
78.28,66866
80.33,55885
80.37,37596
80.5,50590
79.11,53851
78.55,44818
79.2,63392
80.37,56488
80.04,29108
79.79,67708
79.85,45346
80.72,59427
81.44,71362
76.31,110818
77.01,63824
76.77,94650
76.73,37731
76.61,34397
76.95,46814
74.25,63622
73.29,56108
73.37,113562
72.175,44746
72.22,28893
72.07,78968
69.85,85292
70.92,120856
71.17,96660
73.905,74980
74.41,42405
74.37,84433
73.35,52655
72.52,48210
72.81,50013
71.49,69275
70.87,77664
71.02,76570
70.42,98220
68.965,43334
69,82311
70.56,57527
69.83,58295
69.815,102817
70.94,75086
70.52,31515
70.68,49968
69.06,98140
69.2,55469
69.285,110886
65.825,135639
66.36,73512
66.37,80755
66.38,97016
65.36,121019
65.13,155542
68.17,46231
67.87,44132
68.36,74431
68.18,47100
68.68,39271
68.57,49510
70.19,54840
70.26,44731
70.14,47892
69.18,47211
69.005,27965
68.485,53310
68.89,56677
69.86,47459
69.44,63407
70.105,52104
70.26,49055
69.44,40418
71.48,58114
71.1,52102
72.18,90081
73.71,49927
74.09,25859
73.865,64978
72.83,54775
72.8,14456
72.9,50047
73.19,21313
72.75,13786
72.5,33123
72.73,47367
72.9,35378
73.07,73548
76.92,56425
77.24,27618
76.95,60829
77.185,44870
77.13,22393
77.37,92519
78.14,85375
77.12,59890
76.67,74399
77.25,38840
77.37,40600
77.94,49241
79.56,49189
78.915,19627
78.945,41106
79.29,47736
78.95,49775
79.325,68394
79.64,41954
79.44,25280
79.095,54705
80.36,39812
80.61,40952
80.37,65666
79.63,38830
79.61,31619
79.46,50242
79.215,29289
78.47,15295
78.15,43935
80.07,35807
80.02,17407
80.33,32056
80.44,21280
80.42,36952
79.755,45178
79.71,27781
80.095,10671
79.97,25878
79.71,15636
79.53,11452
79.645,31708
78.34,44548
78.09,31216
78.415,28015
77.4,37907
77.435,10749
77.34,54462
78.15,25227
79.02,16734
79.01,57179
79.26,31770
79.02,19873
79.25,56287
78.47,23478
77.83,20234
78.095,32216
79.17,22158
79.055,15346
79.21,44515
83.215,46896
83.82,28174
83.78,59283
84.65,48607
83.635,39490
83.07,52112
84.49,36522
84.07,19258
84.49,50530
87.14,51015
87.62,33234
87.8,86373
86.625,43855
86.63,38632
87.89,86254
89.73,39667
90.865,28070
90.955,116926