52.65,0
52.65,0
52.65,0
52.65,0
52.65,0
52.65,0
52.65,0
52.65,0
52.65,0
52.65,0
52.65,0
52.65,0
52.65,0
52.65,0
52.65,0
52.65,0
52.65,0
52.65,0
52.65,0
52.65,0
52.65,0
52.65,0
52.65,0
52.65,0
52.65,0
52.65,0
52.65,0
52.65,0
52.65,0
52.65,0
52.65,0
52.65,0
52.65,0
52.65,0
52.65,0
52.65,0
52.65,0
52.65,0
52.65,0
52.65,0
52.65,0
52.65,0
52.65,0
52.65,0
52.65,0
52.65,0
52.65,0
52.65,0
52.65,0
52.65,0
52.65,0
52.65,0
52.65,0
52.65,0
52.65,0
52.65,0
52.65,0
52.65,0
52.65,0
52.65,0
52.65,0
52.65,0
52.65,0
52.65,0
52.65,0
52.65,0
52.65,0
52.65,0
52.65,0
52.65,0
52.65,0
52.65,0
52.65,0
52.65,0
52.65,0
52.65,0
52.65,0
52.65,0
52.65,0
52.65,0
52.65,0
52.65,0
52.65,0
52.65,0
52.65,0
52.65,0
52.65,0
52.65,0
52.65,0
52.65,0
52.65,0
52.65,0
52.65,0
52.65,0
52.65,0
52.65,0
52.65,0
52.65,0
52.65,0
52.65,0
52.65,0
52.65,0
52.65,0
52.65,0
52.65,0
52.65,0
52.65,0
52.65,0
52.65,0
52.65,0
52.65,0
52.65,0
52.65,0
52.65,0
52.65,0
52.65,0
52.65,0
52.65,0
52.65,0
52.65,0
52.65,0
52.65,0
52.65,0
52.65,0
52.65,0
52.65,0
52.65,0
52.65,0
52.65,0
52.65,0
52.65,0
52.65,0
52.65,0
52.65,0
52.65,0
52.65,0
52.65,0
52.65,0
52.65,0
52.65,0
52.65,0
52.65,0
52.65,0
52.65,0
52.65,0
52.65,0
52.65,0
52.65,0
52.65,0
52.65,0
52.65,0
52.65,0
52.65,0
52.65,0
52.65,0
52.65,0
52.65,0
52.65,0
52.65,0
52.65,0
52.65,0
52.65,0
52.65,0
52.65,0
52.65,0
52.65,0
52.65,0
52.65,0
52.65,0
52.65,0
52.65,0
52.65,0
52.65,0
52.65,0
52.65,0
52.65,0
52.65,0
52.65,0
52.65,0
52.65,0
52.65,0
52.65,0
52.65,0
52.65,0
52.65,0
52.65,0
52.65,0
52.65,0
52.65,0
52.65,0
52.65,0
52.65,0
52.65,0
52.65,0
52.65,0
52.65,0
52.65,0
52.65,0
52.65,0
52.65,0
52.65,0
52.65,0
52.65,0
52.65,0
52.65,0
52.65,0
52.65,0
52.65,0
52.65,0
52.65,0
52.65,0
52.65,0
52.65,0
52.65,0
52.65,0
52.65,0
52.65,0
52.65,0
52.65,0
52.65,0
52.65,0
52.65,0
52.65,0
52.65,0
52.65,0
52.65,0
52.65,0
52.65,0
52.65,0
52.65,0
52.65,0
52.65,0
52.65,0
52.65,0
52.65,0
52.65,0
52.65,0
52.65,0
52.65,0
52.65,0
52.65,0
52.65,0
52.65,0
52.65,0
52.65,0
52.65,0
52.65,0
52.65,0
52.65,0
52.65,0
52.65,0
52.65,0
52.65,0
52.65,0
52.65,0
52.65,0
52.65,0
52.65,0
52.65,0
52.65,0
52.65,0
52.65,0
52.65,0
52.65,0
52.65,0
52.65,0
52.65,0
52.65,0
52.65,0
52.65,0
52.65,0
52.65,0
52.65,0
52.65,0
52.65,0
52.65,0
52.65,0
52.65,0
52.65,0
52.65,0
52.65,0
52.65,0
52.65,0
52.65,0
52.65,0
52.65,0
52.65,0
52.65,0
52.65,0
52.65,0
52.65,0
52.65,0
52.65,0
52.65,0
52.65,0
52.65,0
52.65,0
52.65,0
52.65,0
52.65,0
52.65,0
52.65,0
52.65,0
52.65,0
52.65,0
52.65,0
52.65,0
52.65,0
52.65,0
52.65,0
52.65,0
52.65,0
52.65,0
52.65,0
52.65,0
52.65,0
52.65,0
52.65,0
52.65,0
52.65,0
52.65,0
52.65,0
52.65,0
52.65,0
52.65,0
52.65,0
52.65,0
52.65,0
52.65,0
52.65,0
52.65,0
52.65,0
52.65,0
52.65,0
52.65,0
52.65,0
52.65,0
52.65,0
52.65,0
52.65,0
52.65,0
52.65,0
52.65,0
52.65,0
52.65,0
52.65,0
52.65,0
52.65,0
52.65,0
52.65,0
52.65,0
52.65,0
52.65,0
52.65,0
52.65,0
52.65,0
52.65,0
52.65,0
52.65,0
52.65,0
52.65,0
52.65,0
52.65,0
52.65,0
52.65,0
52.65,0
52.65,0
52.65,0
52.65,0
52.65,0
52.65,0
52.65,0
52.65,0
52.65,0
52.65,0
52.65,0
52.65,0
52.65,0
52.65,0
52.65,0
52.65,0
52.65,0
52.65,0
52.65,0
52.65,0
52.65,0
52.65,0
52.65,0
52.65,0
52.65,0
52.65,0
52.65,0
52.65,0
52.65,0
52.65,0
52.65,0
52.65,0
52.65,0
52.65,0
52.65,0
52.65,0
52.65,0
52.65,0
52.65,0
52.65,0
52.65,0
52.65,0
52.65,0
52.65,0
52.65,0
52.65,0
52.65,0
52.65,0
52.65,0
52.65,0
52.65,0
52.65,0
52.65,0
52.65,0
52.65,0
52.65,0
52.65,0
52.65,0
52.65,0
52.65,0
52.65,0
52.65,0
52.65,0
52.65,0
52.65,0
52.65,0
52.65,0
52.65,0
52.65,0
52.65,0
52.65,0
52.65,0
52.65,0
52.65,0
52.65,0
52.65,0
52.65,0
52.65,0
52.65,0
52.65,0
52.65,0
52.65,0
52.65,0
52.65,0
52.65,0
52.65,0
52.65,0
52.65,0
52.65,0
52.65,0
52.65,0
52.65,0
52.65,0
52.65,0
52.65,0
52.65,0
52.65,0
52.65,0
52.65,0
52.65,0
52.65,0
52.65,0
52.65,0
52.65,0
52.65,0
52.65,0
52.65,0
52.65,0
52.65,0
52.65,0
52.65,0
52.65,0
52.65,0
52.65,0
52.65,0
52.65,0
52.65,0
52.65,0
52.65,0
52.65,0
52.65,0
52.65,0
52.65,0
52.65,0
52.65,0
52.65,0
52.65,0
52.65,0
52.65,0
52.65,0
52.65,0
52.65,0
52.65,0
52.65,0
52.65,0
52.65,0
52.65,0
52.65,0
52.65,0
52.65,0
52.65,0
52.65,0
52.65,0
52.65,0
52.65,0
52.65,0
52.65,0
52.65,0
52.65,0
52.65,0
52.65,0
52.65,0
52.65,0
52.65,0
52.65,0
52.65,0
52.65,0
52.65,0
52.65,0
52.65,0
52.65,0
52.65,0
52.65,0
52.65,0
52.65,0
52.65,0
52.65,0
52.65,0
52.65,0
52.65,0
52.65,0
52.65,0
52.65,0
52.65,0
52.65,0
52.65,0
52.65,0
52.65,0
52.65,0
52.65,0
52.65,0
52.65,0
52.65,0
52.65,248261
51.54,219019
52.67,294150
51.39,127016
52.1,171048
53.52,182558
51.27,45336
50.07,62416
49.16,171287
45,137686
45.18,52261
45.23,171243
43.46,86928
43.64,110678
43.75,124152
43.64,76856
44.27,53729
44.33,70697
45.99,30606
45.65,34635
45.65,56695
45.48,60839
45.45,48243
46.16,61823
46.61,38793
45.94,30762
46.22,37570
46.56,29539
46.33,26790
46.27,28047
45.55,30723
45.7,22298
46.21,23087
44.81,73335
44.46,39348
44.13,37955
43.8,12879
43.62,5951
43.71,24258
43.15,25734
42.66,42769
42.55,97026
41,30425
41.87,35354
41.65,31984
41.16,24971
41.96,9596
42.41,25789
43.04,18468
42.91,19422
42.98,58175
41.94,60621
42.19,27712
43.09,54176
45.79,65099
45.46,50222
45.85,142381
46.98,29710
48.36,28687
47.67,77851
46.02,17760
47.63,18302
48.36,34110
47.42,21913
48.3,26435
48.68,45223
49.5,22008
49.95,28231
50.44,76798
52.22,44581
52.48,59483
51.29,45147
51.13,29832
50.14,25281
50.01,40574
48.55,28646
48.43,33057
49.68,38477
48.16,48678
47.86,76601
48.27,95428
47.64,43271
48.2,18765
49.2,61104
49.45,19358
48.91,23577
48.74,41390
50.55,34642
49.41,29372
49.27,75373
50.34,43347
50.41,23488
50.27,35913
48.58,70920
48.48,42829
48.14,122428
47.55,51712
47.45,37934
47.37,72206
49.77,60896
49.81,35667
49.69,44963
49.72,46224
49.7,33079
49.56,29225
49.52,22418
50.06,14904
50.07,70717
50.61,31582
51.04,31303
51.67,61516
52.54,36616
53.57,47796
54.17,86248
53.69,53971
53.74,13540
54.22,58272
54.63,29604
55.35,35441
55.34,59863
56.69,39552
55.51,8821
54.7,30248
55.37,30292
55.62,14868
55.94,60823
56.36,18665
56.16,14925
56.25,40665
57.58,25926
57.75,26087
57.76,10259
57.17,20578
57.5,15729
57.89,130686
57.87,99439
57.85,50950
58.27,77365
59.55,65612
61.06,53160
61.93,92426
61.49,48815
60.07,25418
58.94,81114
59.94,60034
60.75,67929
60.24,39855
60.66,29305
61.21,14833
61.32,44374
62.03,30049
60.87,29712
60.9,34670
61.28,9768
61.47,25959
61.63,25010
61.81,23910
63.94,21494
63.96,31648
65.24,29201
64.74,7685
64.01,35073
63.64,18966
61.65,51767
60.82,57887
61.57,34367
61.53,15222
61.25,44858
59.13,49291
57.84,29858
58.56,46203
58.66,56384
59.21,25961
58.83,35028
59.02,18896
58.76,9253
58.83,30397
58.03,102239
58.04,50600
58.76,60126
59.57,11288
58.72,17099
57.8,46412
56.34,26318
55.64,31032
55.94,72418
57.56,31305
58.3,21078
57.77,19014
59.03,31821
59.41,17073
59.41,59902
59.42,35011
57.31,38092
57.88,50450
57.5,24135
57.98,20051
58.51,41584
57.67,31513
56.56,33426
55.16,70345
57.77,46573
55.48,17915
55.8,65551
56.08,29600
56.56,20934
56.11,45668
54.23,55925
52.39,33949
52.32,99935
53.76,31920
53.48,40425
52.76,58239
53.68,5409
54.84,8221
55.01,14061
55.64,8879
56.92,9905
56.98,35742
57.69,38346
56.82,11749
55.39,44901
54.48,36566
54.35,21592
55.41,22550
56.56,53900
54.5,62795
54.47,52272
54.8,13627
55.14,12234
55.31,33943
53.89,13946
54.68,7320
55.08,32032
56.14,12422
56.96,11586
57.01,24358
59.14,38859
60,25769
60.29,79235
61.27,42410
62.45,27415
63.12,106628
60.73,69769
61.43,53770
61.85,173073
60.46,20670
60.61,9044
61.42,31227
60.9,22703
60.93,15179
60.97,32605
62.32,23647
62.83,16099
63.15,54113
63.77,38060
63.89,25952
64.04,47057
63.63,25469
64.01,29534
63.97,30248
61.53,26594
63.42,25437
62.4,20805
62.16,13894
61.34,7960
61.64,51452
58.91,16684
58.54,10010
58.35,23291
55.83,29757
55.23,26512
55.17,50444
53.36,35545
52.61,36534
52.19,59759
55.56,45287
56.05,38606
56.25,102942
54.89,52279
55.11,29515
55.94,79358
56.41,30741
54.75,15193
55.28,52571
57.35,16454
58.43,17590
58.37,55851
57.65,42315
57.89,19161
58.01,65252
58.49,50287
57.75,41979
56.33,56701
56.97,22094
57.81,19522
57.91,63428
56.92,22107
57.39,18985
57.18,37990
59.05,22730
57.13,13305
56.76,27981
55.63,21354
54.85,6400
55.27,31361
56.1,24488
56.2,20258
56.49,77854
56.09,14930
55.2,35971
55.35,91908
53.88,42714
52.35,58050
52.29,59805
54.82,27411
54.44,12140
54.46,27457
56.91,48288
57.46,29984
57.66,29795
56.51,26604
57.33,11420
57.82,37991
57.01,46225
57.29,12846
58.17,34334
59.12,28119
58,34159
57.98,61877
57.12,25586
57.4,17091
58.28,59550
56.8,107330
56.2,126616
55.76,272565
52.75,187908
54.56,91941
54.26,100618
54.29,38051
53.86,20448
53.94,61253
53.43,20771
53.06,14521
53.38,29140
52.41,40949
52.41,49977
51.87,60512
52.19,15928
52.61,6201
52.53,26796
53.11,16798
53.03,14042
51.83,45289
52.27,10368
53.1,20707
52.98,55757
54,61577
54.06,11540
53.82,49195
52.79,24218
53.47,7643
53.54,50370
62.04,182569
62.66,121426
62.39,161989
63.05,51690
64.35,25928
63.88,59414
63.75,66157
63.33,27739
62.79,33972
63.74,16672
64.27,20128
64.05,29208
64,16530
64.45,17173
64.77,45897
65.37,52238
65.94,27204
65.7,64038
71.45,119182
71,77241
72.23,117941
74.27,51948
73.35,24824
73.61,34359
73.67,39237
73.89,31260
74.36,66905
74.14,32485
74.44,25287
74.14,43864
74.66,24280
76.31,23865
77.57,51846
78.26,34482
78.01,19499
78.2,53018
79.51,9272
79.94,10301
78.87,37638
79.2,50904
79.47,17028
79.1,35688
78.78,30817
77.57,21987
77.28,73163
78.72,25801
79.35,10859
79.35,55180
78.12,17316
78.76,10271
78.78,35675
77.61,25773
77.61,6629
77.37,25293
77.95,8862
78.01,5796
77.45,25748
77.27,20671
78.11,3852
77.29,27556
79.29,10025
79.01,6625
79.24,37941
79.69,13488
79.22,12548
79.14,32270
78.08,19538
79.22,7512
79.29,22691
77.73,28054
77.13,14686
77.3,33701
78.53,13953
79.5,8979
79.18,47969
79.71,52687
79.64,27250
79.95,75707
79.95,24412
81.22,27611
79,34178
79.39,16519
80.08,9044
79.66,43524
80.77,22255
80.1,13144
80.5,40139
81.74,18489
82.73,18132
83,28412
84.03,61885
84.1,16385
84.54,21669
85.12,11382
85.82,11520
85.6,28978
84.75,11953
84.89,14456
84.4,57960
84.46,10992
85.26,26961
85.46,114906
85.15,15710
85.29,35429
85.06,80865
83.01,20024
82.97,7294
83.05,26532
84.29,29522
85.64,45057
86.45,105463
85.81,65533
86.96,13668
85.43,31251
86.52,11154
86.72,14432
86.39,106664
82.98,20223
83.04,10812
83.49,33865
80.84,27423
80.57,20358
80.97,40475
81.51,30972
80.75,14602
79.8,55766
82.1,15536
81.25,6549
81.01,28424
81.53,10849
82.26,9055
82.09,26579
81.06,14176
80.77,7837
80.21,29324
81.52,12805
81.06,11490
81.51,37916
82.58,16984
83.72,14439
83.7,21228
85.51,14828
85.56,7242
85.7,32440
83.33,21878
84.81,7277
85.86,32275
85.98,14121
85.09,6848
84.55,23529
82.27,19298
82.08,37349
82.35,33385
82.51,6700
82.14,5576
82.92,12091
81.95,9955
81.95,7639
81.77,42786
79.67,26823
80.16,19708
79.85,88677
78.19,44913
81.21,38293
81.64,61445
79.99,11746
79.55,7698
79.15,28875
81.89,11024
83.58,8274
82.98,30794
83.69,14993
82.74,6527
83.77,20392
82.21,17991
83.09,10696
83,19973
82.92,31304
83.54,37633
83.46,50780
82.55,43554
83.3,14230
84.26,47453
84.27,40604
84,7922
84.32,28111
85.15,20768
85.14,20843
84.98,62543
85.84,15412
85.8,5102
85.84,32428
88.65,70323
88.78,50131
89.83,85673
90.6,97807
91.5,32923
91.4,127319
91.03,31349
92.08,65419
92.57,83034
91.77,36606
92.72,35421
93.03,64372
92.26,16522
92,27485
92.7,104677
90.34,17568
92.18,19382
92.54,33826
92.71,20929
91.2,26122
90.51,84463
92.01,28122
90.93,66574
90.89,103238
87.27,132213
86.11,96863
84.72,89349
85.88,19619
86.3,31477
85.19,60024
91.6,46419
91.14,48085
91.49,147316
91.4,32251
89.29,25226
89.44,54269
91.23,23085
91.64,26739
91.81,45828
90.53,31642
90.96,28506
90.94,56703
89.22,9719
89.36,18195
89.4,35070
87.29,16862
87.98,17331
87.45,46152
89.48,14420
90.01,14367
90.2,42374
90.61,9625
90.91,5680
90.51,11298
92.66,17652
92.74,11989
93.29,43030
93.24,10618
91.87,10614
93.09,14131
94.29,12789
94.29,0
93.5,8226
92.96,13719
92.21,19985
92.01,15909
91.73,20977
90.92,27603
91.86,9562
91.38,30909
93.85,57406
93.05,14484
92.82,20207
91.96,35247
89.96,28870
88.7,27541
89.78,35738
88.17,18820
88.29,34583
87.97,38192
88.28,10003
87.81,6290
87.64,25391
90.46,13844
90.25,12577
89.98,11434
89.34,11566
88.86,6554
88.53,15184
87.77,8791
89.17,6184
87.84,22162
87.52,16144
87.73,19368
87.5,37531
88.06,16512
88.08,10789
88.06,25459
89.19,16694
89.03,28548
88.59,41616
87.4,19604
87.12,18322
87.43,30269
84.51,25261
84.43,17457
85.45,47506
85.37,7977
85.63,12845
84.88,20368
85.32,5925
85.2,8257
85.03,21113
86.46,8561
87.26,13611
87.39,16846
85.32,25057
84.74,28909
84.84,35140
85.2,7126
85.53,7953
85.54,18512
85.75,5422
85.63,7596
85.17,10096
84.75,2244
84.94,4547
84.82,10816
84.28,6412
85.06,7163
84.79,28502
83.71,4833
83.6,7957
83.17,22547
81.59,49783
78.99,55712
79.89,53883
80.75,39312
80.74,33451
80.96,40025
80.16,12832
80.38,20186
80.52,35114
82.58,30092
81.39,21903
81.61,34577
82.48,11187
82.25,12139
81.75,23894
80.24,23237
80.16,16461
80.54,20109
80.55,8874
81.5,8338
81.65,19805
80.95,13830
81.46,27896
81.89,28530
82.05,3640
82.32,13540
83.16,22737
81.89,40465
81.62,36006
81.3,32553
81.27,40489
80.22,12774
79.92,34168
79.11,29337
79.08,45044
79.17,45264
80.13,26700
80.15,8704
80.16,26763
80.81,12617
81.13,17675
81.53,30373
81.37,14254
81.26,32404
81.68,21241
80.58,28871
80.35,51196
80.78,49251
82.05,12572
82.09,24365
83.42,29946
83.41,30066
83.79,22155
84.28,42994
83.36,40997
82.57,43197
81.32,38566
81.99,40352
82.6,23552
82.52,34099
81.8,22756
81.46,42739
81.85,54139
83.88,44184
83.51,55057
82.53,41563
81.74,42946
81.43,30345
81.22,35092
81.31,11550
81.09,7872
80.77,16900
80.61,27434
82.28,57214
82.7,34154
82.19,48731
82.46,27509
81.94,39482
82.76,11505
82.44,9284
81.85,60418
83.09,24376
84.03,21635
84.23,22666
84.22,16016
84.17,20714
83.85,50073
83.79,46117
83.73,17280
83.72,55715
83.29,15271
83.29,37554
83.9,48553
83.92,36091
83.62,23964
83.16,62499
83.07,35420
82.77,18985
82.76,33655
78.67,35873
78.76,41360
77.98,59829
76.43,22682
75.97,30152
75.76,45204
76.82,15026
76.81,11138
77.02,20233
76.81,20527
77.1,9100
77.03,23600
77.68,17362
76.88,9711
76.69,20345
74.43,32169
74.58,29625
73.37,123052
72.36,68472
72.43,20319
72.59,25902
73.45,27727
74.3,30660
74.62,32190
74.97,38483
76.44,56535
76.92,36156
76.01,20848
76.54,51390
76.61,61163
76.28,65068
76.15,37223
75.67,45892
76.22,16052
75.81,9469
76.07,39787
77.6,18411
77.98,21544
77.02,60387
77.13,20781
76.35,23730
76.21,40240
76.11,25924
76.56,26711
76.08,45844
76.35,25775
76.97,10659
75.81,28567
74.79,21966
74.9,15776
75.38,40320
75.33,35206
75.89,25072
76.91,45782
75.99,25420
74.57,14385
74.95,34701
76.03,17497
75.86,6107
75.28,17286
75.89,24061
74.62,37403
74.57,58056
73.87,11122
74.17,9768
73.72,35476
72.88,11564
73.03,14553
72.65,38701
70.08,57078
70.14,46523
70.9,66896
73.17,51997
72.89,30553
73.58,52601
74.31,28744
74.75,20533
73.56,37425
74.47,21526
74.54,12700
73.78,30797
75.44,30172
74.43,19839
74.65,49323
75.18,20183
75.85,7321
75.69,50691
75.81,19123
75.35,8049
75.3,31236
74.33,18683
73.78,22402
74.07,42564
74.36,12643
74.68,21577
75.12,67633
74.65,18631
75.01,11936
74.65,33474
74.37,16078
74.87,27530
75.11,47678
75.71,37431
75.56,19607
75.52,38228
75.78,34636
75.91,12869
75.82,30068
74.43,15717
74.89,10063
75.23,41660
74.37,14576
74.46,16456
74.24,22580
73.31,14325
73.71,3483
72.96,21658
74.07,13709
73.22,22566
73.13,44224
73.36,13209
72.93,6580
73.12,25257
73.93,19950
74.16,20641
74.47,78967
74.68,16596
74.52,8443
74.8,24042
74.25,12106
75.12,5986
75.42,13160
74.3,115503
74.92,23474
74.92,53582
74.2,80962
74.51,21939
73.98,70554
74.46,7902
75.12,5487
74.8,19276
74.74,40122
75.32,35283
75.15,52761
75.59,33236
75.27,38168
75.54,162181
75.27,83851
74.46,16820
74.63,66310
75.27,62681
74.89,17095
75.28,86052
73.18,109136
77.32,116287
77.58,100858
78.08,18759
76.77,36191
77.62,97154
76.83,37613
76.76,30847
76.91,112660
76.77,64989
76.49,25543
76.95,109443
77.94,18094
77.92,10345
77.31,40506
77.01,19201
77.59,33663
77.4,44069
78.13,17077
77.63,15246
77.61,36746
77.79,34555
78.52,17023
78.76,31217
77.31,98139
77.22,50794
77.36,112747
77.63,43505
78.15,26603
78.56,57944
78.17,72531
78.38,42022
78.82,71199
81.41,46017
80.82,11889
80.58,29999
81.33,17618
81.77,13758
81.95,35311
82.04,14590
82.53,33503
81.99,61727
81.7,41460
81.08,19991
81.43,60737
81.34,26787
80.42,13768
81.12,29592
80.74,16572
81.25,17445
81.41,56462
82.85,26920
82.87,9965
82.51,52925
81.78,23207
81.51,12797
81.89,41274
84.57,74463
86.6,42244
86.65,62366
85.57,40783
86.28,27447
86.21,49273
86.88,31409
86.3,9135
86.09,25512
86.23,27971
87.92,23643
87.52,57106
87.74,19036
88.09,31488
88.42,66858
89.68,33600
90.08,23843
90.36,74822
91.18,25668
91.41,35122
91.55,48256
91.58,14281
91.6,11312
91.59,16110
92.22,31361
92.9,8183
93.15,35367
92.81,16739
92.17,14854
91.95,34715
91.6,51982
91.33,9810
91.44,76087
92.26,26906
91.83,11568
91.88,45620
90.9,14253
90.72,10115
90.65,20960
88.23,24087
88.9,15317
88.91,53640
86.38,56969
87.18,40577
87.35,64308
87.87,41716
88.66,13228
88.47,42068
88.86,28733
88.9,15094
88.68,32477
88.63,7303
88.6,18657
88.91,37106
88.54,10161
88.73,12025
88.6,37841
89.23,19323
89.14,30371
89.07,40696
90.06,11392
89.55,22777
89.42,39887
89.29,16931
89.75,14567
89.51,20544
90.68,11893
90.9,59343
88.68,31309
88.21,37472
88.6,46803
89.11,9793
89.49,6175
89.42,16075
90.28,15586
90.24,17211
91.1,32609
91.93,21524
91.9,8203
91.82,19703
92.98,8310
93.09,10106
93.96,34578
93.83,15891
93.29,8579
93.57,36952
93.53,4092
93.27,3571
93.37,13485
94.18,12171
94.83,10029
94.46,29148
94.53,13632
93.61,19470
93.17,41660
93.4,55150
92.25,16364
92.5,43942
93.95,11637
94.39,9787
94.96,26551
95.32,13485
95.77,10341
95.24,30611
94.18,10786
94.19,7155
94.59,11596
95.31,6176
95.98,5118
95.89,15860
95.83,14083
95.69,2402
94.87,14433
95.51,5773
94.37,2309
93.95,31075
94.44,5093
93.49,5168
93.67,13556
93.59,3782
93.73,3864
93.89,23024
94.77,11756
94.37,4807
94.41,26362
93.04,10036
93.1,4137
93.7,24762
98.08,37659
99.84,25303
100.53,64705
100.8,19966
101.6,17489
101.82,31254
100.94,21167
101.61,8296
101.94,14011
101.93,3271
101.45,3746
101.9,9362
102.81,9516
103.2,9701
103.36,26716
104.43,20962
103.89,17028
103.09,45231
104.46,18591
104.6,10966
104.29,11041
104.46,30437
105.11,6097
105.27,35368
104.24,10166
104.59,17265
104.27,17331
103.97,35267
103.62,8205
103.6,20763
103.76,9680
103.69,17909
103.27,99047
103.42,18495
103.19,7402
103.35,36729
103.35,17624
103.56,5740
103.63,18458
104.31,9662
104.37,6428
104.48,20920
106.26,8683
106.84,5528
106.78,23186
107.26,7109
106.44,4350
105.62,16950
105.14,8989
104.1,1961
103.85,6743
105.37,12730
104.12,11680
103.85,36959
103.99,4854
103.44,4019
103.8,15859
103.8,3194
104.34,3205
103.83,13533
103.72,15343
103.24,15291
102.5,33857
104.36,21273
104.8,22399
105.31,12453
104.24,16789
103.96,3640
103.6,14736
104.97,2187
105.2,7794
104.94,38224
105.58,43262
108.52,7538
107.01,27871
107.02,15191
107.21,15593
106.86,34543
107.34,7502
107.26,9689
107.97,111353
107.65,13683
107.16,4901
106.85,26898
107,7826
107.52,5431
108.02,20302
108.54,19212
109.88,19022
110.02,38989
109.44,24289
108.36,22042
108.69,26637
108.7,5907
109.83,5646
109.25,14233
109.1,9609
108.75,4858
109.14,18721
108.64,2843
108.42,2665
108.41,16205
107.91,9819
108.21,7101
108.1,22620
106.92,5785
108.01,4912
108.25,18993
108.36,100136
109.65,22898
110.05,34408
108.83,14537
107.73,8356
107.09,89854
107.9,28260
108.61,10116
108.06,102344
108.74,32102
108.07,7762
107.15,34829
108.34,35110
107.48,35717
107.05,22624
103.77,54127
101.37,22994
101.92,32568
101.77,32970
101.26,18054
102.74,68405
103.61,6499
103.3,9490
104.38,31706
105.85,13727
105.11,12824
106.09,34892
103.43,23025
106.98,12941
108.01,23512
108.72,15343
108.91,10439
109.02,35048
109.25,14127
110.9,13800
111.18,40739
111.84,7394
111.83,8124
112.29,13655
113.37,6585
113.89,3641
113.06,20152
114.59,16533
112.3,9305
112.24,24326
112.66,13948
113.98,8209
114.14,25184
113.91,7584
115.62,6265
115.08,29003
115.84,5052
114,8776
114.44,17359
113.4,13184
113.77,10004
113.32,4941
111.25,17497
110.71,8243
110.68,20086
109.55,4690
110.62,4248
110.68,15177
111.54,9646
112.93,8533
112.98,27167
110.93,19994
110.28,9996
109.89,16981
110.16,20463
110.03,17876
109.73,36320
108.86,6754
109.64,3186
108.58,8470
110.82,6435
110.01,7105
110.7,18215
110.51,6806
110.15,9448
111.22,33495
111.46,28331
112.72,13718
112.24,58116
114.22,29463
114.75,17932
115.55,23074
115.17,32300
116.13,7603
115.85,42109
122.69,15643
122.71,12604
122.24,23983
116.76,9928
117.16,10485
117.05,20937
117.75,4774
118.24,6029
118.63,15510
121.17,31035
120.27,15422
118.58,16622
120.11,10911
120.16,19377
119.87,22229
119.82,7306
119.5,11294
119.45,18724
122.13,6717
123.12,11562
123.73,14710
120.99,21335
120.27,12953
119.87,30885
121.22,19304
120.86,30684
120.6,37951
121.11,20473
120.15,25767
120.12,21405
120.07,10029
120.33,7903
120.44,21737
120.21,7784
120.69,18826
120.99,18076
120.24,11976
121.31,13267
121.68,23259
122.09,21826
122.09,0
121.93,10478
122.53,25455
123,21894
124.15,6493
124.28,8920
122.3,18909
120.04,17995
118.17,21390
118.9,23350
119.75,13092
119.11,8256
119.18,17358
118.37,8384
118.41,7087
118.51,13466
116.88,9949
117.16,21448
116.53,22205
116.64,19703
117,9564
116.73,33402
112.89,53018
112.05,41666
111.26,71877
108.67,13443
107.99,15539
108.83,34652
109.6,21862
109.37,32319
109.5,61042
113.57,23667
113.87,23228
113.54,48568
113.66,25453
113.12,42435
112.71,30057
112.47,21250
112.82,13866
114.24,40819
114.58,22455
114.53,29964
114.15,26209
116.45,38226
115.44,23866
116.46,16668
118.64,15290
117.35,24247
117.51,37299
119.05,2409
118.74,3421
118.32,8535
117.42,5057
117.35,4736
116.29,21595
116.05,4591
115.84,5178
116.03,18571
114.27,6400
114.26,7688
113.84,19332
114.77,2679
115.8,4447
115.74,6985
115.19,2672
115.36,2620
115.58,3798
115.79,1520
115.47,2401
115.44,10229
115.34,1150
114.73,2051
114.66,4556
115.13,5703
114.44,6436
113.57,12856
115.18,6880
114.13,3631
113.96,11228
114.76,4635
114.1,3886
113.97,14399
115.46,6317
114.33,11994
114.27,53830
114.1,39679
114.74,9070
114.86,11676
114,4985
115.08,22807
114.72,24602
114.21,7857
113.64,8530
114.22,13973
111.09,10690
110.88,9366
111.3,11846
111.55,15270
111.29,7630
111.17,10387
110.65,6771
110.21,6961
110.13,8116
109.84,15385
109.92,8844
109.6,12321
109.72,11466
108.68,11423
109.53,6607
110.87,8537
111.02,14510
111.96,48082
113.87,12171
114.11,10551
114.66,24386
118.3,9342
117.9,8648
117.62,16503
115.46,9328
114.36,7243
114.12,12120
116.28,8929
117.51,5452
118.47,13270
120.14,11504
119.07,3767
119.42,22786
118.99,6495
119.5,11121
119.17,22053
120.18,5052
119.66,6831
119.99,8921
121.18,9116
120.32,9877
120.49,18377
120.98,5208
122.25,12666
124.36,35345
129.67,34178
130.08,44584
128.02,30320
124.99,24169
125.58,14275
125.29,26125
127.39,21700
128.06,61189
129.19,209222
131.2,40319
130.91,60131
130.85,64922
130.79,9182
129.19,3832
128.56,38575
129.71,10586
130.04,23457
130.3,40384
127.32,7386
126.52,6771
126.48,13869
125.18,12943
126.47,14882
125.09,30563
125.89,15891
127.2,30331
127.36,33628
127.42,26415
128.36,18665
128.92,46204
129.76,37572
130.4,33446
129.62,10577
129.01,17956
129.28,16668
129.65,50484
129.45,10059
129.58,5757
128.6,6987
130.37,59640
131.24,93917
131.41,39818
129.86,14222
130.33,13781
131.29,49263
132.14,14553
132.18,7900
131.97,15209
147.56,68302
147.86,56916
151.57,47233
157.43,38538
162.7,44402
165.23,83152
164.26,34667
162.75,24394
164.95,34509
162.9,41968
165.38,31436
165.58,55685
171.45,52734
173.04,55327
172.39,30073
181.31,51144
175.48,36100
174.19,85570
177.35,46404
177.1,25013
177.09,14503
176.45,9351
176.46,12933
177.25,16330
170.08,77588
167.6,74090
168.43,76351
165.06,51825
165.54,37785
165.79,48315
162.73,43597
164.22,31213
163.54,35129
164.54,16827
165.56,9550
165.57,20535
163.77,25902
163.43,13063
162.51,54358
164.52,29838
163.79,16379
164.27,42945
164.95,81518
166.94,59702
167.18,65969
167.25,25672
169.46,34810
169.55,59864
172.75,20102
173.28,6714
173.02,22827
173.6,19854
170.45,14375
170.71,30145
173.65,12374
172.69,11689
175.56,23855
179.32,26391
183.22,27204
185.88,105697
192.48,114769
184.89,25585
185.37,52430
182,36858
182.99,21813
182.34,90449
182.54,34139
181.96,13218
181.54,36205
183.58,68082
183.5,43542
185.73,48248
182.59,23947
182.81,30442
184.49,67497
185.78,47033
188.32,29088
190.15,34667
188.27,15011
186.5,36880
186.17,105225
184.62,73479
189.38,34309
189.23,63054
188.28,9900
189.06,10678
189,15367
186.81,24463
185.05,10789
184.25,49989
187.01,54699
188.54,41489
188.76,71476
189.39,28160
189.62,13335
190.19,34021
188.97,36961
190.09,24375
189.19,34541
190.69,38272
188.67,19919
184.8,51512
182.5,41236
182.95,30346
184,48388
181.41,50194
182.11,23248
183.27,31399
182.83,17977
184.04,10798
181.22,44585
182.07,42936
177.46,35009
178.02,54532
179.09,20816
177.97,8242
179.93,55576
184.31,29312
185.14,15220
185.94,64856
185.85,33735
183.46,16314
184.32,47011
184.41,66712
186.06,121392
187.35,60327
185.19,14205
184.66,26363
185.83,51396
185.77,30154
186.15,50005
186.79,62600
185.49,23276
184.48,15134
185.89,56526
182.86,10228
182.89,14630
183.27,66100
182.5,37127
184.27,27204
183.83,67638
190.22,28034
194.23,15509
193.4,42919
193.98,33400
194.69,24893
194.53,34570
199.49,46210
200.14,19975
196.59,20433
202.61,65776
200.99,34176
203.94,71968
204.75,75367
206.33,39103
208.31,55828
211.73,57650
211.95,12920
210.1,25451
215.22,35556
210.95,12331
210.96,24651
210.93,19181
212.11,12854
212.23,17238
218.21,28844
219.23,20455
220.61,50574
219.17,18323
219.32,7591
218.02,31037
214.18,25216
213.15,10525
209.58,57691
209.7,25144
209.91,4867
211.21,5579
217.16,15583
216.19,43425
218.27,101365
218.53,17869
216.59,7077
215.97,9961
218.81,33875
224.02,14740
221.58,24149
223.12,43356
230.47,13242
228.43,24754
222.06,32801
229.26,17459
228.6,29076
220.51,31231
217.93,15999
218.47,36323
218.78,37228
220.43,50209
221.23,48579
216.55,50262
209.53,33766
210.25,43274
207.93,51061
203.95,15137
204.81,20294
205.03,75432
197.52,19143
199.64,32762
207.72,46363
208.22,33656
209.68,64473
202.49,43182
197.61,54982
197.46,46907
200.99,61312
198.25,40666
196.05,39791
202.85,75207
209.67,33121
211.1,49021
213.78,31211
215,56314
216.61,40906
212.5,34932
213.97,15552
216.42,23158
214.75,25371
213.89,5687
215.76,23591
211.87,23110
209.22,16807
211.34,15166
208.85,29414
208.43,28369
209.96,22348
208.82,16674
215.37,13119
216.43,27537
223.32,26182
219.93,12936
218.7,32371
214.16,12089
216.74,13035
215.59,27405
216.84,19866
214.45,10119
215.52,41334
216.29,11896
217.1,14272
217.26,45639
218.01,34492
214.16,34549
208.76,105701
203.85,83818
199.25,54683
202.31,57885
203.51,19348
200.42,29326
198.57,76739
206.83,32085
203.56,19910
202.61,41031
201.96,16736
203.29,5902
203.59,19492
208.28,55845
208.58,29890
208.9,25386
208.97,8613
208.59,17284
211.8,20560
213.02,16538
213.11,19934
217.91,17128
217.69,13293
213.64,22939
212.68,16583
214.66,14770
215.37,35566
216.14,63431
214.29,31042
213.95,48202
214.48,22137
217.1,14903
217.95,17007
212.61,27146
211.33,10609
211.93,29156
207.37,42938
206.8,45866
203.71,54228
196.1,57742
190.72,35198
186.99,122013
185.8,73099
176.52,60563
181.78,88147
184.46,19454
186.65,21227
185.72,30029
190.59,15580
187.28,8314
187.76,23971
189.11,16057
189.18,11974
189.01,22948
179.19,87639
175.5,39330
175.07,70080
166.6,122582
169.27,61020
168.48,88703
172.48,36005
171.65,30773
172.72,46273
173.65,26511
170.84,20632
171.4,40585
168.72,79510
164.86,33731
165.61,52874
181.44,118558
185.29,64178
186.23,110965
188.46,84674
179.57,41784
176.62,69645
167.19,74892
167.61,39481
166.1,119459
161.59,83878
168.54,74491
168.45,112337
172.2,118672
178.71,58934
179.42,98925
184,86250
181.39,80567
177.15,72987
178.41,40446
182.72,30851
184.39,43257
182.4,47152
185.33,25257
186.51,86214
183.89,18917
187.12,11906
185.09,21525
186.98,37140
185.39,52788
187.95,41584
181.5,94925
186.6,59620
184.18,40193
184.98,88047
189.29,196319
190.47,228968
185.7,35975
187.39,46517
187.62,98140
185.62,36736
187.78,24754
189.13,18402
190.36,16152
190.06,5334
189.05,14304
192.48,44235
193.09,14502
194.83,38609
194.83,13072
194.05,18261
194.42,33312
193.31,30534
192.95,28723
193.54,25249
195.43,31506
191.66,19727
191.7,33043
194.51,26568
193.08,8834
193.85,16261
193.3,31686
193.99,35226
190.89,37811
192.5,65825
196.05,20288
194.57,43914
194.44,14049
194.64,10183
195.04,32414
187.63,60423
181.2,45931
178.33,68761
177.26,70113
178.49,36195
180.09,91655
176.62,17538
174.27,5666
175.54,62523
171.39,31443
170.55,34339
172.51,75634
171.48,27191
172.37,21290
172.4,29841
176.37,30713
175.39,17972
176.22,28956
178.55,35676
179.92,24979
184.12,74310
183.65,37751
186.23,26531
189.16,37547
191.46,54433
195.53,30096
194.05,42334
193.56,43792
192.52,26802
194.87,48421
197.03,57026
200.76,28024
199.76,38258
200.65,16786
197.07,7948
198.43,41069
201.78,73066
203.18,77178
205.49,65264
235.99,231435
238.51,276506
251.97,135416
264.89,120534
254.37,75079
252.45,79269
252.01,86904
255.16,52675
252.84,85763
259.35,116089
261.91,76978
260.78,89768
262.04,111746
258.46,34251
256.94,44684
258.7,24428
254.17,17609
254.78,38669
251.06,36516
256.38,22555
256.91,40206
254.16,53042
257.13,21628
260.55,30000
263.03,55137
265.17,24485
263.36,76605
271.23,49822
274.56,25704
273.43,74780
274.83,33234
279.56,18823
279.37,39272
281.69,25953
281.76,14705
279.57,75591
274.88,67149
275.48,23331
274.95,43177
265.14,104238
262.93,47587
256.62,64415
260.25,31562
262.62,25717
262.79,45471
256.31,57215
257.77,25074
260.42,45937
268.79,16364
266.36,17761
268.5,40342
263.06,37073
262.68,16686
264.29,45033
264.6,43516
271.61,13471
273.41,39546
272.76,34634
279.7,30530
274.32,59993
266.68,24736
268.48,16124
267.29,24549
268.26,31304
269.31,14187
269.26,24283
267.67,46885
264.26,10772
264.65,37653
263.81,31565
262.95,14250
260.45,64592
262.62,26622
261.54,12091
261.66,30688
265.33,42776
264.08,32231
261.25,22872
266.69,34719
265.83,15907
266.04,26560
260.87,29952
262.49,16904
262.99,65753
263.15,21044
262.76,10748
260.17,26945
260.02,36431
258.91,21462
259.28,44474
260.35,42678
258.54,20362
255.97,64036
227.06,63403
229.08,36580
226.01,53939
227.97,116846
231.27,50027
229.7,67394
234.75,41476
234.34,32925
232.92,54447
242.33,33382
240.87,29266
241.15,38225
238.54,133704
237.53,68258
237.25,58589
235.89,38371
233.19,22988
233.76,48990
226.19,51516
223.77,67444
226.85,87874
226.09,31009
225.9,56553
224.83,76729
226.54,12407
225.61,38195
224.94,16062
222.26,50463
221.23,27113
222.59,44741
224.69,44246
228.18,34265
228.4,43332
228.48,35181
229.44,12004
229.85,46754
235.14,42003
232.31,20923
232.16,39287
241.8,47680
246.06,35834
249.08,59042
244.82,39375
247.82,31177
247.56,29566
246.73,54810
244.84,28579
244.98,30572
258.58,55555
263.53,51664
259.52,36314
251.04,25117
250.91,15531
250.58,17751
253.87,33375
253.87,0
250.26,17928
250.03,15919
249.59,21336
245.9,20082
246.18,13146
246.62,21198
253.17,20363
250.35,15002
251.07,15238
255.39,14197
254.39,17097
253.62,18355
250.84,5081
250.05,3629
249.44,11504
236.84,23032
236.33,32222
238.23,26812
234.5,32640
230.42,22235
230.11,21270
232.92,20536
233.54,15033
235.77,8491
241.67,21742
241.92,12505
240.14,16017
235.6,45687
237.05,27914
236.43,15460
236.97,12638
240.04,8827
239.35,14443
229.22,13619
229.77,9374
230.27,107645
233.81,19824
232.55,23719
229.28,53435
225.46,31713
224.61,27707
224.43,45760
226.69,44122
228.95,25921
228,40294
227.07,9776
227.07,0
227.07,3586
227.82,4569
227.47,9118
222.47,16020
222.53,12414
225.26,14131
223.17,15826
225.21,11863
224.87,24604
222.78,11825
222.75,28311
222.78,21621
236.65,41868
234.08,26761
235.89,56900
249.5,41561
249.47,43166
251.53,58298
256.26,29488
260.73,22482
262.96,51487
252.34,21506
253.63,17263
252.36,33496
246.57,130092
232.44,139041
240.34,63306
298.17,92176
300.5,89909
303.62,114146
279.4,83959
283.64,64639
283.21,64137
285.36,47810
287.81,51690
288.52,66916
299.55,67505
299.65,36579
298.1,34404
303.85,70287
314.46,51473
312.83,43503
311.27,18584
312.81,25810
313.23,30269
321.26,59151
324.29,44251
324.76,38045
329.53,77743
331.85,22353
332.14,28971
346.03,67972
343.54,24197
345.03,44892
340.84,18773
343.38,22031
343.39,34285
278.85,154650
276.12,124626
269.19,103554
261.89,152791
269.73,104548
273.72,83538
282.78,40319
285.18,68321
288.39,85848
301.08,67850
302.4,37870
306.6,79330
302.13,45924
296.31,44055
298.41,69604
298.84,26126
295.47,29931
305.04,44217
298.9,47469
301.8,29826
301.05,32035
308.96,73772
313.42,67738
314.69,50463
308.66,16603
311.72,21662
306.49,30753
309.88,26349
309.45,13160
308.11,25488
314.04,15947
313.38,14306
312.76,23706
315.43,17819
310.65,22903
308.44,25779
309.82,24357
314.3,21237
312.28,17860
309.48,67887
303.56,25742
306.2,32571
312.31,28637
313.2,16051
313.49,29425
317.35,30348
322.9,34473
325.39,37039
320.28,43267
322.2,47956
319.65,46111
307.51,23192
307.65,36625
307.17,38770
291.58,77046
280.75,78091
279.27,76630
261.15,99745
262.73,74834
263.94,64414
253.38,51148
259.63,36638
262.5,41546
274.24,24005
270.91,28418
267.14,36782
256.52,62642
253.53,53748
250.2,100746
246.41,40765
242.62,52192
244.81,72292
237.95,48638
238.34,60221
232.15,184429
227.37,97343
229.1,52645
233.65,77250
227.18,42929
226.19,51456
228.95,46039
218.21,56340
215.37,121753
208.06,115473
207.24,65098
205.33,68646
211.24,54452
206.49,82819
207,45437
203.01,135571
212.96,76354
214.37,85994
215.79,88241
203.01,53281
206.01,29097
205.96,48010
208.7,50019
212.76,17693
210.81,55678
217.87,29000
216.21,33365
216.34,57138
211.13,51806
208.66,20341
210.19,29956
211.81,23577
215.08,20036
214.11,58605
218.38,25092
218.26,11109
217.62,24651
214.9,14881
216.66,25759
218.16,61280
226.65,39560
227.22,14371
226.9,46173
223.81,49604
222.84,29209
224.54,44079
218.57,45207
215.23,49794
214.58,103542
213.41,68015
208.89,32389
208.53,79322
210.91,129589
208.34,58758
204.48,65689
197.27,48250
199.06,57157
198.11,75239
199.67,28011
204.3,26760
203.64,45009
204.59,31804
209.85,42166
211.33,62805
201.17,64889
194.76,35471
193.83,98389
173.3,182749
171.78,105011
171.26,115420
172.21,131015
175.74,56236
180.89,82664
190.87,115750
190.49,110881
185.99,93390
189.09,62728
183.93,71110
210.09,152222
205.75,37212
202.14,35065
205.37,53567
202.2,30815
200.94,16947
205.81,40880
205.64,23618
204.21,18808
205.55,30578
208.79,15531
207.84,5026
206.6,13705
202.42,8877
204.42,12297
201.92,74955
205.76,19409
204.22,14799
206.34,31517
194.16,31662
188.77,32602
187.12,40103
195.47,9775
197.6,15558
198.27,23254
214.95,65685
210.59,27916
208.25,29502
209.78,23288
213.89,29716
217.85,36252
218.48,24889
219.55,15144
219.99,53661
218.94,20967
219.16,6666
220.42,31564
221.95,14167
224.51,8259
225.66,21783
216.93,18322
220.09,7245
219.63,24821
235.33,54749
238.85,23011
240.12,36768
242.31,38270
246.61,23196
247.92,29696
242.13,42028
244.26,21429
247.12,63342
263.65,70186
273.99,44885
272.95,80599
272.86,39800
268.12,22859
267.27,89598
267.02,23809
270.55,15568
269.14,37710
269.93,17350
268.53,9636
265.67,75221
285.48,28575
285.64,24190
287.72,81059
285.93,48868
291.11,33511
288.05,67463
285.28,75083
282.61,45226
284.46,70828
284.71,9704
284.84,8900
285.27,32762
284.18,16589
286.31,5440
286.88,16440
286.36,17160
290.03,7942
290.63,23445
289.13,8766
289.49,5397
290.5,16492
287.16,16620
289.61,8385
285.68,36109
286.4,24060
290.19,12091
293.39,44709
293.12,37900
294.95,37820
297.34,81298
300.32,26683
307.78,3990
306.85,20239
308.12,18711
308.59,8465
308.65,26342
304.6,58954
298.74,25609
302.26,32843
300.58,5985
302.13,7188
299.46,32223
303.41,29556
310.87,9872
311.22,17262
330.93,85679
315.47,37953
312.7,87419
301.55,49043
301.17,19116
303.5,51390
296.68,31233
292.71,33046
293.95,60453
286.55,28034
289.14,16608
292.96,29325
302,37704
302.04,12897
299.6,17180
296.11,43650
288.89,19562
286.41,40809
292.46,26173
290.96,13914
290.47,26684
294.78,20904
298.69,6662
297.97,17988
295.93,7324
297.27,2872
294.94,15958
305.2,19608
306.81,12877
308.03,27719
311.6,15250
304.76,6641
302.09,18937
303.62,4321
306.58,5701
307.27,24152
305.27,12811
304.93,7959
303.65,24197
311.49,14549
308.26,11345
313.7,19592
321.86,14936
318.09,3842
318.47,33248
315.93,17840
316.63,11483
315.84,18093
316.43,19482
316.97,15673
319.1,34588
319.52,38140
320.55,20414
320.82,36031
319.57,18366
321.33,13379
321.29,15144
316.18,65441
303.65,31707
308.72,41583
306.73,28398
303.74,6989
304.76,18146
310.02,30202
310.11,11208
310.42,11250
312.9,8886
314.37,27742
314.79,12356
309.72,5004
313.28,17537
310.33,20051
317.23,6151
315.9,9357
310.37,28330
310.7,10978
311.88,14863
313.23,21490
317.96,5558
317.91,27622
316.9,17026
315.09,11631
320.78,23882
316.29,31653
317.6,12077
318.36,27763
315.86,32285
304.18,9566
304.19,28779
305.61,13851
306.13,6048
307.58,22862
321.16,68375
322.03,7698
320.93,35154
321.7,18111
318.63,6459
316.26,14775
310.85,14484
313.5,3844
315.58,22524
331.38,44698
330.83,24740
323.53,28758
321.61,10710
322.05,4623
322.35,26808
322.17,7213
323.48,3921
323.94,19224
323.39,8267
323.03,11682
322.77,11085
334.59,38405
328.48,7982
330.37,9750
335.25,14697
338.38,18275
342.87,43707
349.64,11352
344.93,4677
344.17,25009
327.16,31453
338.24,24650
337.25,37475
350.61,47534
351.95,18245
354.57,31979
348.56,48644
339.37,21192
343.38,49452
337.74,26533
338.06,22945
335.8,34937
336.02,39797
335.33,13304
335.71,31729
334.68,13737
339.5,7657
334.33,15553
329.72,15480
328.72,6509
330.29,16502
334.58,15320
336.45,5317
335.1,19528
333.2,40350
326.5,21939
324.99,37860
328.28,19454
329.38,8396
326.59,24121
319.64,15659
321.59,12749
321.26,32269
321.03,12122
320.87,7308
319.32,8445
317.88,10291
314.17,6411
314.77,11925
306.02,23361
308.38,28415
310.83,53817
315.21,15069
311.64,6072
311.31,12562
311.45,19146
312.67,10892
310.29,31108
315.91,8345
310.04,2655
311.61,4435
311.29,11774
313.41,3768
313.7,35446
314.07,16470
317.76,13004
315.77,14998
318.71,16480
321.63,4383
321,23910
309.4,24562
305.23,18280
306.74,33108
301.68,17992
300.78,12901
303.13,25218
304.33,8405
307.09,6660
305.65,19442
310.69,16701
306.59,6841
308.39,18121
298.12,28588
296.94,9122
300.16,32373
298.08,20530
299.47,9079
298.8,11888
302.07,18794
298.04,12508
299.17,41346
313.16,30281
323.57,18739
323.31,39236
315.6,73009
319.06,19987
316.74,70073
317.18,14847
316.94,6273
321.08,11574
328.92,3769
330.4,7801
328.97,17793
326.17,8101
326.41,6637
322.41,8787
323.88,4986
316.17,10409
320.74,13419
321.21,17055
326.61,7529
325.57,11637
324.17,7026
323.17,6165
326.44,24512
328.67,3337
332.39,29609
341.42,25253
339.13,23468
339.05,9800
336.44,27437
337.69,8250
339.19,5559
339.59,10623
326.63,20826
329.11,7041
326.92,30355
330.87,10902
327.82,3115
327.68,10456
325.67,34159
335.19,17955
336.06,17406
328.12,14718
328.67,10673
328.99,22511
333.1,32122
342.19,25131
345.84,43711
346.28,14291
348.51,7739
348.51,44840
358.43,53423
368.8,31169
359.48,30300
358.16,21374
358.83,19739
361.28,40253
367.76,24285
359.11,27140
354.58,42307
369.85,51754
372.39,18132
371.2,44327
374.37,37402
375.25,34380
372.32,52002
387.57,36525
381.16,22558
371,28831
381.79,30459
384.25,17888
383.54,52042
371.39,92309
383.7,22168
390.51,46156
409.27,24517
398.97,22341
399,46593
406.06,36994
398.72,27302
399.7,49512
395.43,28318
384.59,17929
388.4,36383
386.01,30227
376.4,31966
371.09,47791
359.6,40510
355.74,17415
355.38,56185
357.65,101095
344.77,53845
346.87,49017
355.18,14371
357.09,9698
361.19,36038
380.71,36728
388.91,23687
385.47,54607
389.92,26849
383.44,12345
384.7,33587
377.49,47613
381.38,23865
383.4,43560
393.7,27432
399.19,23257
398.17,32511
395.23,24357
387.73,24176
387.62,34228
380.14,21592
378.98,26611
373.76,52196
380.48,33504
377.72,11251
376.11,20671
370.12,22840
363.3,48656
360.91,26498
361.12,21459
365.95,23741
365.33,38071
354.05,41327
351.28,38012
349.25,34461
334.98,79553
343.23,37837
352.6,65891
355.56,16970
356.08,24760
358.78,29877
350.3,22006
348.57,13938
350.03,24578
348.3,20368
351.04,18642
351.52,20602
338.27,57788
337.07,68705
334.12,18268
350.2,27213
344.14,23662
342.73,32471
340.52,20575
339.26,27935
335.87,29740
335.89,21994
342.63,12986
341.74,22006
358.99,36834
357.65,25087
354.94,38406
368.7,35723
351.15,25849
351.81,27182
332.85,28826
337.37,18684
337.42,30638
348.2,14392
350.72,19996
351.52,25907
345.38,9592
348.61,14642
350.11,15139
357.44,7035
358.09,11930
357.9,10465
361.78,33220
361.78,0
358.28,15156
357.44,19810
357.88,32628
358.66,32810
362.3,20406
363.68,33109
361.12,14788
362.43,15018
363.71,31622
371.59,22147
371.5,24727
368.18,22156
362.7,23823
361.49,14353
357.31,43239
356.51,16720
355.51,12878
355.58,14593
361.77,12083
358.84,9909
359.49,16471
349.27,14108
353.7,18712
362.31,34721
360.39,18182
362.83,45056
374.25,60148
364.47,85980
353.53,43885
354.99,30733
356.11,48457
356.65,44715
358.03,23032
357.74,20543
359,35983
360.64,28649
341.13,57275
336.34,38990
336.31,53076
362.52,57302
360.75,39427
357.43,37957
353.99,21439
356.48,17779
356.63,52491
356.31,8073
356.88,9152
355.97,16795
359.5,8739
361.63,7771
360.91,11247
362.74,7102
362.74,0
360.57,2841
359.67,2363
357.57,6715
360.27,4923
359.93,3166
359.57,15518
356.44,9118
355.26,4311
354.99,13983
355.33,11458
354.21,16093
352.85,14710
368.21,18416
367.71,8466
365.55,15424
350.56,33202
351.94,26619
354.64,25796
349.34,40753
346.71,30995
352.85,21433
342.9,17915
340.05,30528
336.94,44959
328.52,27411
323.28,42001
322.05,55958
336.48,72224
338.74,81150
341.57,74545
338.42,16761
336.65,15722
336.73,36767
336.96,36848
334.25,20733
333.62,26135
329.27,21759
326.11,17187
328.94,27751
342.99,23131
342.16,26568
342.19,28993
307.41,118877
306.31,50949
301.54,96542
305.63,58426
298.09,35085
293.99,91174
295.14,52449
291.71,75854
297.76,85240
289.05,42694
291.37,50851
290.35,75611
288.68,31986
288.36,27117
286.86,57762
286.07,31429
285.22,26225
284.43,37448
286.69,46337
286.87,66053
286.9,53748
287.27,26512
287.61,44742
286.7,38538
284.83,25566
284.66,16915
284.75,47474
283.97,16197
280.34,20285
279.87,45683
272.32,76464
272.4,53931
270.18,54492
270.73,27685
265.82,25781
266.22,37534
254.09,86470
248.14,76301
250.45,59785
244.87,45387
248.16,38924
246.24,62130
257.56,95076
261.06,58369
260.48,59931
269.66,49911
269.84,25739
271.53,59427
274.71,64343
271.74,35254
272.67,37935
269.98,32396
273.03,24731
274.35,54131
277.31,32483
272.29,26873
274.68,66959
285.86,77719
291.03,88034
290.77,88741
299.78,58007
297.17,79719
297.89,108271
297.6,45669
297.98,58996
291.05,57505
295.21,21952
289.09,20838
289.62,33214
295.32,38720
294.18,37801
293.4,56219
294.21,33704
289.25,17983
291.29,33476
299.25,40440
309.46,47638
311.5,40761
320.09,45485
322.85,40695
326.17,72168
314.62,34663
318.14,20174
319.3,36236
325.15,48143
326.19,38449
325.26,82922
330.84,39032
329.05,45556
327.96,63024
315.11,77736
321.16,49174
324.47,56218
322.29,20046
322.83,13798
322.85,19622
325.27,22378
322.64,23412
326.06,38254
327.14,27977
321.31,19409
323.68,56262
312.22,37329
316.79,16329
315.99,40509
322.88,25643
323.56,27608
320.72,60661
303.31,67271
299.4,46449
301.15,108714
301.53,39221
305.45,34801
304.51,28759
306.18,26429
303.39,20587
300.33,28127
304.71,24479
302.57,16635
302.23,44719
307.99,29362
306.43,17236
306.85,30075
314.69,31475
318.03,22876
320.23,40005
311.18,35492
309.47,16271
311.26,52141
312.04,34413
298.45,26383
292.15,136547
288.44,44324
289.75,34224
290.2,62684
292.17,29662
296.84,19132
293.77,35329
304.21,38967
307.77,22063
306.86,48527
298.52,50316
293.05,41677
293.67,91342
300.74,33580
306.19,18148
301.95,36603
300.56,35246
302.02,32522
298.44,53974
280.31,89333
273.05,80199
275.1,117892
282.42,34831
281.64,16990
282.1,43335
271.08,31181
271.87,25526
271.46,54705
275.59,63316
274.12,27805
274.96,40440
272.93,47515
269.1,44265
268.12,40073
282.2,21572
284.37,22688
284.09,39067
288.91,28028
292.68,23588
289.34,80609
285.17,48401
289.95,26382
284.65,26681
287.81,35677
283.7,37521
290.6,58996
291.4,56640
294.92,19007
293.2,33202
297.41,19919
297.97,22739
294.34,32892
300.69,22506
300.87,54044
295.67,49552
296.72,24376
291.51,15352
294.74,30779
290.52,36850
291.06,26316
290.27,63586
281.9,53692
278.83,52473
279.24,67751
283.13,26827
288.07,18127
286.2,39974
287.5,23316
291.53,24916
290.77,55261
294.55,50860
307.93,37107
312.31,78437
308.76,18621
310.72,12807
314.67,37548
308.7,58122
307.5,44160
305.22,48677
301.66,21425
298.75,11282
297.89,127024
305.53,16393
311.78,17455
310.49,57742
315.36,10786
314.9,22010
313.48,35741
319.55,38234
318.78,36179
319.44,42981
320.72,27569
322.87,16700
322,43934
316.43,65211
320.19,51351
323.4,62766
318.61,48039
316.44,35907
313.99,54707
311.85,33121
312.13,38785
306.64,81602
297.74,137454
298.16,87156
299.36,221379
295.42,65190
287.55,27173
292.52,81463
271.21,177774
275.8,102730
275.62,127955