87.51,71243
86.68,47024
86.13,77133
88.76,63141
88.59,42786
88.85,70396
88.84,56313
89.32,59412
89.68,129738
88.44,118257
88.04,64603
87.44,123975
84.59,79558
85.06,53851
85.24,131295
84.21,70737
84.89,66279
84.77,143868
86.09,39147
86.25,33305
86.04,70746
86.04,42124
85.98,27793
86.78,61937
86.09,49726
85.55,44772
85.51,77406
85.4,58557
86.02,56772
85.53,97256
85.63,60745
84.97,81490
84.45,137303
85.25,51628
85.11,38138
85.43,74205
87.79,81282
87.3,44532
87.5,62417
88.16,63562
88.75,55107
88.79,110259
88.4,83107
88.38,54253
88.63,65855
88.44,39070
88.61,18122
88.94,63246
88.73,64850
88.54,27949
88.62,50198
87.95,94747
89.19,75588
89.28,101053
89.55,45284
89.26,33179
89.21,98202
90.33,97580
89.57,73440
89.15,84432
88.86,60827
89.02,21410
89.05,86882
89.23,56838
88.72,59365
87.99,61342
90.45,114614
89.86,41357
90.23,92275
90.08,84580
90.77,39145
90.35,85883
89.53,135121
87.48,107843
88.22,151918
86.43,98047
86.12,90526
85.83,152506
85.98,115793
86.51,52103
87.38,183267
86.55,89849
87.1,53386
87.39,91812
88.4,118888
87.8,72309
87.82,105347
87.82,74103
87.86,32351
88.18,90981
88.43,43170
87.99,25657
87.99,94305
86.02,58078
85.58,42697
85.57,80574
85.63,55951
85.56,27467
85.45,63591
86.08,60445
85.78,38206
85.87,74520
87.22,76560
87.55,55293
87.54,88387
86.67,57659
86.86,56038
87.08,122309
86.62,93347
85.33,45032
85.47,86168
85.07,71192
84.36,53307
84.45,61168
83.76,48866
84.63,30791
84.14,74250
84.75,52730
85.28,26398
85.33,57500
85.94,61333
85.8,43596
85.82,79619
85.3,56316
85.38,46887
85.86,63394
85.53,71255
84.17,62916
84.38,103895
83.41,41005
83.86,38844
82.93,62710
82.58,91735
82.19,29818
81.37,68758
78.47,127743
78.37,93932
78.06,118025
79.47,71302
80.24,48379
79.49,59520
81.07,76470
82.08,65277
82.41,68323
81,55797
81.12,29482
81.65,38621
80.57,43553
80.83,25717
81.17,42016
82.97,172994
82.91,78578
82.81,75632
81.52,46065
82.41,34835
82.32,49238
82.67,62773
83.16,33082
82.92,96353
83.94,116743
84.5,62176
84.33,69090
84.04,100277
83.42,74085
83.44,71922
85.17,53685
83.7,32499
84.02,78323
83.25,57762
84.22,25250
84.18,63468
83.05,47116
82.63,35513
82.41,48670
83.37,50720
84.01,47541
83.53,46837
83.72,26366
83.92,16699
83.88,29401
82.77,54808
82.79,23512
82.59,54867
83.11,65897
83.28,33217
83.96,55177
83.65,40916
83.89,32553
84.33,42920
84.35,36053
84,21846
83.96,33605
83.66,42365
84.06,17642
84.03,88385
82.26,74049
82.94,65970
82.81,57130
82.71,35678
82.77,27104
82.3,67241
82.33,59106
82.63,67129
82.14,177568
78.22,160340
78.31,59154
78.29,60863
78.34,58136
78.9,41844
78.47,42017
80.54,90480
80.63,50358
80.72,48333
82.09,39019
81.22,21587
81.65,62697
81.32,46757
81.76,42197
82.23,128116
82.09,66575
81.99,63693
81.41,128897
81.75,90815
82.82,26923
82.53,52321
82.05,32794
82.41,27132
82.53,90947
81.28,165521
81.34,212280
81.36,117024
80.32,161929
79.75,151502
79.82,147454
80.87,244899
81.87,149202
81.74,173380
81.5,92364
81.36,28350
81.33,167914
81.2,117287
80.7,87589
80.93,48381
81.67,104252
80.42,47415
80.41,72866
80.52,56653
80.54,60366
79.99,100358
80.37,50565
80.38,32260
80.46,116099
81.64,84769
81.67,28612
81.33,40348
81.07,41794
80.63,42681
80.62,86645
81.89,90356
81.4,53706
81.59,68900
80.97,49024
81.17,31026
81.32,62279
80.86,46110
80.48,33387
80.52,68248
79.15,47354
78.52,43132
78.24,130227
79.18,51533
79.07,56555
79.14,58344
81.39,45281
81.9,22214
81.78,53257
82.38,53007
83.07,28554
83.44,76247
83.93,46734
83.84,40624
83.52,40237
86.39,41030
86.09,39032
85.78,62382
86.83,73415
85.77,56686
86.33,109563
86.33,68785
86.71,54398
86.35,115595
85.51,78533
85.58,99268
85.15,113887
85.75,63878
85.67,41499
86.75,65292
88.1,85767
88.15,54473
87.64,89991
89.33,102580
88.65,60146
88.43,73014
86.48,51357
87.15,35560
87.41,73943
88.05,48347
88.3,39439
88.2,76184
89.23,64770
90.06,58910
89.94,69090
90.24,55702
90.24,46495
89.19,72859
89.5,82122
89.25,53222
89.01,90423
89.7,107453
89.45,37477
89.42,95047
90.69,50461
90.51,36249
90.77,45945
91.46,45704
91.55,30535
91.49,65795
91.62,155199
91.25,197984
91.12,84758
92.16,80310
92.53,37584
92.64,79879
93.27,91200
93.55,43354
93.54,127789
93.83,86052
93.1,35450
92.51,59284
93.52,44459
93.02,46801
93.65,90475
93.65,0
93.65,0
93.65,0
95.1,89429
95.34,46420
95.23,59542
94.27,95906
93.79,50067
93.67,74266
93.64,48386
93.64,45956
93.98,70761
95.31,85416
95,75609
95.14,129466
95.31,77989
95.63,69688
95.31,143617
94.61,63165
94.38,46864
94.81,79418
93.84,74671
93.99,59058
93.68,71709
94.6,74342
94.3,38291
94.23,107271
94.99,50376
95.64,41910
95.67,53233
96.14,33233
96.01,22155
96.02,29651
95.71,27299
95.94,64604
96.65,82740
95.71,35492
95.32,52101
94.86,49922
95.37,27302
95.31,63920
95.17,35252
94.96,31625
94.75,30650
94.93,48029
96.3,77647
97.07,64257
97.36,70470
97.5,44511
98.24,34174
97.98,43435
97.69,57497
97.28,40902
96.99,57768
96.29,20688
96.54,22026
96.84,41279
94.25,49358
94.37,64572
94.14,60568
96.4,76291
96.25,48482
96.97,53424
97.6,50041
97.75,75498
98.25,54707
98.93,36718
98.76,37101
98.62,36327
95.19,113353
95.19,0
97.11,51796
97.87,47522
97.46,44879
96.8,139291
96.26,68531
96.16,168113
97.71,58034
96.1,73227
95.39,78727
96.83,42909
96.77,36141
97.18,45589
96.51,57524
96.27,38175
95.87,57191
98.33,49106
98.54,46177
98.37,58418
99.77,58555
99.85,47110
99.48,84250
99.45,38886
99.54,37248
99.57,61820
99.84,30622
99.83,50608
99.47,55209
98.87,101423
98.97,57802
99.24,53223
97.89,50310
98.12,45589
98,42688
98.17,62677
98.27,53433
97.97,57989
96.36,39032
96.99,31171
96.85,63475
99.11,68060
99.11,46268
98.51,69070
97.2,73044
96.8,129290
96.43,260941
94.33,53714
94.79,72713
95.06,64705
96.74,29771
97.72,41481
97.49,83520
97.81,26100
98.27,43474
97.87,32533
98.94,26331
98.51,40721
98.61,34673
98.97,40568
99.5,35542
99.85,38648
99.75,26774
99.67,31996
99.93,29456
99.75,23831
99.54,30856
99.57,26153
99.26,23232
99.21,19553
98.98,26804
98.86,29894
99,17362
98.92,26515
100.36,44810
100.43,44945
100.59,51329
102.31,76377
102.64,71017
102.55,62319
103.7,92456
104.19,49898
103.4,65449
102.87,48153
103.7,43369
103.88,100255
105.1,70200
105.08,100920
105.49,62177
104.8,55124
104.65,44065
105.24,98512
105.94,141970
107.43,69307
107.68,72323
107.82,83890
107.76,187458
107.07,260603
107.35,49189
107.33,31562
107.79,65416
107.91,56373
107.81,39395
108.24,55979
108.73,46574
108,60406
109.21,44857
109.29,75865
109.28,73735
109.15,60700
109.48,102532
110.13,52702
109.8,94075
107.79,49821
107.6,42955
106.92,82944
106.92,0
106.92,0
106.92,0
108.01,148198
109.48,203371
111.21,281250
112.29,160314
112.98,97329
112.49,72239
115.36,161513
113.63,77989
113.04,131230
108.78,118020
108.26,112915
109.25,130229
110.47,89818
111.01,68458
110.66,106501
113.74,110504
113.38,71282
113.99,103569
112.99,77828
113.57,59219
114.14,90705
113.07,41198
112.45,43420
113.27,41986
113.97,58184
114.12,42473
115.15,83199
116.53,107430
116.73,107429
117.08,130710
114.25,48375
115.03,77691
114.44,60135
115.94,52202
115.73,71861
115.6,91386
116.33,54577
115.38,54791
114.76,83941
116.29,57480
116.27,122352
116.53,106355
113.94,64703
114.65,72155
114.41,83436
114.11,56402
114.27,74483
114.09,54624
115.01,58368
114.79,51075
115.18,77788
112.94,66583
113.6,90072
113.65,139774
113.27,78766
113.53,53078
113.71,61591
114.46,228369
112.39,125782
112.51,142486
114.96,165731
115.05,188918
114.75,146152
115.09,272137
113.82,211223
113.71,225434
118.44,256244
118.91,259244
118.99,244893
121.79,185109
121.26,434858
121.46,540819
126.11,683073
127.08,469473
126.62,484606
131.84,452904
131.56,262366
131.31,296709
132.64,356564
132.77,374580
131.94,208712
135.13,701881
134.04,621598
133.73,406945
135.93,731357
134.59,211769
136.43,270632
136.43,0
136.43,0
136.43,0
143.02,677858
142.42,601439
141.27,307893
147.56,487472
145.08,427072
143.89,476408
146.41,311145
145.95,379279
145.75,230451
142.15,395697
140.9,286429
140.78,377103
133.58,283069
135.18,165494
135.37,202625
135.62,433613
134.54,188114
134.53,749057
134.89,188545
136.52,150023
136.37,260607
136.14,137003
135.73,96799
135.99,225383
140.32,111298
139.09,123541
139.86,161271
140.46,80912
138.85,72262
140.06,120170
141.25,85593
141.02,47424
141.2,105573
141.7,53374
141.88,44780
141.94,84256
142.14,78518
143.84,68056
143.59,92745
141.56,67125
141.38,55806
141,94279
137.55,279788
137.9,82454
138.78,104796
139.88,128239
140.82,64312
140.49,106434
140.75,57625
140.58,43159
140.38,179627
140.66,73101
140.22,205882
139.01,108296
139.64,69174
139.62,69662
139.56,80909
142.49,94926
140.47,61262
140.63,113722
141.31,66355
141.05,47870
140.31,129813
140.16,68212
139.67,56357
141.24,101605
144.86,79537
144.49,41351
144.59,105861
142.33,60160
142.22,78734
140.86,120388
145.95,80116
145.6,48531
144.51,73649
144.73,51015
145.08,37710
145.79,87010
146.61,52536
145.88,44767
146.97,100423
148.11,54377
147.29,54859
148.41,90889
147.31,76890
146.17,76617
146.3,111705
146.64,64610
146.49,47449
147.78,105787
145.78,89942
144.57,104587
141.3,285228
140.39,154686
138.05,104466
137.66,156132
133.15,184958
131.32,113507
132.04,140208
134.1,228902
135.62,93816
134.89,177204
133.47,153312
133.71,77171
134.14,147506
132.87,108257
135.17,88992
137.11,188264
136.7,172021
135.53,104499
134.31,214125
132.51,144203
135.2,67686
134.95,141335
136.22,92930
138.93,63679
138.32,103101
139.84,49028
139.94,49788
140.12,182108
144.08,120917
139.04,89750
141.81,130725
141.27,119111
142.47,74975
143.73,165671
140.67,150768
138.48,138068
136.14,256560
139.18,180023
136.08,135809
136.06,138167
140.83,120582
141.61,71872
138.86,120494
136.69,82400
137.51,56795
138.18,155811
141.13,78016
143.01,42639
142.45,189688
146.08,92733
147.12,85879
148.44,146812
148.88,116427
148.38,92992
148.81,269883
147.68,119948
144.54,50935
144.86,176999
140.23,180252
143.45,82837
144.69,134154
146.65,81006
143.48,72514
141.79,107543
146.69,68352
147.68,46484
147.24,90739
148.74,94523
147.01,56095
147.06,168005
151.01,65137
149.37,39514
150.06,159819
151.77,84928
152.53,64400
151.76,151152
152.29,66206
152.37,59862
152.62,101401
154.71,149947
153.9,69113
152.96,286406
151.64,49847
150.47,61036
151.78,86985
150.05,61429
151.19,48967
150.61,110308
152.61,67636
152.44,41591
152.22,117462
151.81,77343
151.9,38401
152.15,87085
153.52,84055
154.05,63802
154.4,119033
155.62,124227
155.97,53758
155.36,62304
154.68,99478
153.76,43459
154.34,152148
153.07,69105
150.53,63631
149.88,117906
143.89,202901
145.05,124744
145.69,186409
147.5,88752
146.79,108598
144.54,167505
143.56,76632
142.98,61484
141.84,226275
135.74,247936
135.05,121096
133.49,245967
132.15,272399
126.88,153813
125.61,293427
131.55,99795
131.25,129277
132.96,222262
126.55,132737
127.78,96361
128.35,176056
126.21,133029
121.49,110675
121.48,150105
123.18,72951
125.43,73935
124.4,98616
125.88,73730
126.82,52310
126.99,141129
129.9,88160
127.59,64291
128.4,128777
129.24,82980
126.27,48571
126.96,145043
125.83,99025
125.24,56183
124.7,144795
124.7,90207
123.34,58793
124.58,87812
122.28,74442
120.98,144583
120.42,129939
120.23,130075
118.85,75557
120.32,110958
123.89,122273
123.65,81312
123.55,200370
122.04,118957
122.83,39492
122.97,112881
122.32,64233
121.11,38403
121.37,109346
118.72,99202
119.32,48236
119.65,129984
120.01,96936
118.81,99547
119.15,115743
114.44,71870
115.59,61998
115.43,95793
118.05,44177
117.83,28386
117.19,73676
121.31,103706
120.72,75174
120.13,131131
121.6,47821
122.08,40695
123.25,146912
124.38,47857
124.92,53248
125.02,94084
123.11,44153
123.94,25954
123.55,63308
124.11,53893
124.72,54229
124.03,53496
124.57,48943
127.15,47312
126.9,91450
128.48,37976
126.33,53429
126.7,78855
126.73,41000
127.49,43706
127.21,119777
128.53,63917
129.12,38568
129.51,88935
136.92,245249
140.05,99873
140.06,212859
137.86,60676
137.6,44858
136.83,72851
136.69,46527
137.6,45103
136.92,72950
136.02,65318
133.03,41813
133.65,81360
131.75,84294
131.37,60943
131.29,144366
132.32,35690
131.73,27606
132.67,47060
132.31,70499
132.72,37202
132.45,119838
135.11,50254
133.24,27597
133.77,64569
132.62,44250
133.8,17110
134.19,54048
136.14,28168
136.25,39903
138.03,82393
135.66,60831
135.13,37684
136.34,65223
132.86,47614
134.59,26231
134.52,64374
135.25,55578
134.57,29760
134.26,111239
134.27,66433
134.76,13442
135.62,62104
137.91,25528
137.3,24350
137.62,78391
137.09,46474
137.37,36786
137.03,62308
134.15,51932
135.77,53833
135.44,79159
139.89,96766
139.91,54756
139.59,91232
140.25,84224
139.81,43617
139.65,102313
142.52,71992
141.69,57737
141.76,105041
142.94,57298
141.79,39110
142.15,85993
143.91,76602
143.6,42303
144.13,132094
139.05,51596
138.49,51515
139.14,105315
136.1,72089
139.57,39806
138.08,118208
133.9,61881
135.32,67445
134.52,106723
136.71,63023
137.31,55090
136.43,106114
136.52,102926
136.94,50794
135.89,114997
132.77,70066
133.42,73745
134.6,106302
134.86,140223
133.89,51789
134.91,73702
136.8,53306
137.38,38755
138.32,108177
141.99,59405
141.52,47656
140.72,64578
139.67,77307
138.67,69732
139.95,144829
140.71,107584
141.24,105176
140.53,205206
139.75,85395
138.71,64118
139.72,127676
136.35,139184
136.66,144509
135.49,351648
133.81,39482
134.53,37435
134.98,83928
134.33,69269
133.99,57920
134.79,83029
136.69,56494
136.96,29999
136.63,120352
135.1,56965
135.12,21942
135.22,98973
127.27,104764
126.83,80858
125.63,179005
124.3,34311
123.64,41970
122.85,80433
123.39,109263
122.88,69566
122.09,105121
123.74,77390
124.83,46234
125.46,104796
124.85,84044
125.14,50615
124.68,100995
124.79,36456
125.15,27584
125.07,117885
129.87,74957
130.63,46672
130.97,164633
134.2,75960
136.17,49333
136.3,149000
136.31,84764
136.2,216538
137.91,105284
139.7,125922
139.07,56685
139.88,77424
140.27,93377
141.29,118039
140.25,146876
137.99,59182
136.83,29337
137.36,65011
134.51,116872
137.02,140168
138.49,139710
135.57,44983
136.54,22340
137.22,75070
137.45,178921
142.42,69804
143.44,117991
141.31,65542
140.11,52893
139.88,96027
140.95,40706
140.79,23089
140.57,77874
139.8,85018
138.58,75271
140.96,87857
143.54,94734
145.16,100587
145.88,113035
147.19,71983
146.48,51290
146.45,58928
147.71,68167
149.71,39327
149.74,78165
150.9,68900
150.14,98572
150.08,101607
150.85,119047
151.48,108848
150.55,138568
152.13,130528
153.96,101788
153.64,91696
155.11,121360
156.5,51069
155.66,121990
157.07,115751
154.58,74009
155.63,130263
157.37,114520
157.95,58724
157.27,97412
158.57,65028
158.97,51691
159.02,87340
155.2,36003
157.59,42811
157.25,154883
154.48,40872
156.81,99293
156.56,59796
159.81,39731
156.92,38433
157.57,77363
161.23,33046
160.65,36796
160.92,79546
160.96,33347
160.99,26759
160.39,39475
157.22,18438
156.87,43305
154.27,89066
156.98,43779
155.28,38780
156.27,89023
161.26,59882
160.92,35865
161.95,64151
164.08,62975
163.18,49280
163.18,65266
160.53,44992
161.6,64100
162.52,42387
162.28,46135
160.37,30830
160.33,82801
158.78,82666
159.61,45710
159.26,48887
158.88,43049
158.53,45758
159.34,71566
154.42,67946
158.29,36067
157.53,30577
161.9,51798
162.21,79040
162.46,77157
160.2,26649
159.58,27177
160.97,39629
160.68,31565
160.68,0
156.97,42351
157.81,25985
156.2,57188
158.23,38213
157.34,23933
157.78,35459
158.34,25272
157.63,37890
158.62,96891
159.65,33176
159.38,42080
159.3,40406
158.99,46460
157.87,42427
158,58700
156.97,38466
155.05,53561
152.93,77662
153.57,37512
151.05,133498
150.21,68313
151.54,53480
150.38,30706
150.36,48189
151.17,34926
151.51,32605
150.78,75832
148.79,83826
148.13,63548
147.59,119572
148.02,87481
148.05,99950
148.24,117832
150.75,36616
150.98,35426
151.36,42188
150.92,23190
151.58,61265
150.77,56238
148.3,42190
148.56,33596
149.17,35777
146.55,47071
146.23,35050
147.68,65457
147.99,26769
148.62,23563
147.12,44024
151,11812
150.21,19022
150.42,38122
152.73,13095
152.94,17206
152.98,29094
149.98,22192
148.35,30166
149.6,42967
154.21,41188
154.55,34380
154.52,60990
155.64,170745
156.65,58823
156.93,45593
154.66,49734
155.11,25601
154.98,38948
155.22,64902
155.85,48574
156.23,39834
155.63,34217
156.31,32719
156.14,46988
155.44,56554
152.62,57068
150.57,69196
150.98,93572
150.68,67063
150,66161
151.22,66705
153.11,49917
153.34,67591
156.18,55316
154.63,80822
154.39,75958
155.29,48845
153.2,35727
152.98,46056
151.76,88507
152.84,68394
153.4,65876
152.42,39017
153.36,41340
152.98,66522
155.11,60096
155.48,54610
155.04,61435
154.96,35075
154.53,51902
154.8,66301
156.84,117376
157.25,81801
157.39,108280
158.55,38218
155.1,24743
154.91,42001
154.55,25093
155.84,42211
156.9,64910
156.37,68984
157.1,45442
157.46,109853
158.74,95496
158.76,55124
157.56,55793
156.81,26996
157.24,62408
157.9,51868
155.12,51343
155.34,34653
156.1,43807
161.32,136522
162.99,91380
163.23,217363
157.21,295594
157.15,191398
157.55,173895
154.32,113331
153.18,94492
152.26,137617
151.33,82848
151.39,77206
151.72,147416
149.84,149852
148.38,83844
149.64,127825
148.26,41910
147.82,91592
146.62,66371
148.78,48599
147.74,106330
148.24,123201
146.72,44276
147.17,40823
148.07,64751
149.29,84481
151.44,83622
151.46,131695
149.72,104112
148.62,78104
148.65,99123
147.5,51697
146.84,137265
147.47,155158
150.06,200496
150.31,125367
150.54,94580
149.03,103343
149.65,62678
149.83,80639
149.89,96849
150.61,92735
151.3,74263
149.08,117672
148.2,159393
148.81,110635
148.03,88055
148.24,79145
147.69,36043
143.39,65993
142.83,48401
143.94,109432
142.91,33729
142.61,45950
142.18,55269
140.71,16523
141.78,44514
140.78,42041
142.42,23777
142.31,46197
142.91,62685
141.54,22240
141.84,16881
142.75,44373
143.48,67118
143.55,39459
143.32,83074
142.69,70873
142.03,59180
141.64,105246
143.87,63975
142.53,33433
142.61,102307
143.42,27931
143.04,38068
143.34,37990
143.78,37196
144.85,30640
145.54,48940
144.87,82828
146.05,54683
146.78,62178
145.7,50382
145.1,32528
144.3,68794
143.85,33767
142.81,27131
142.59,39945
144.6,42516
143.78,30621
142.28,63018
142.72,50330
141.55,43516
140.54,71419
138.37,106099
141.4,74314
141.02,174828
142.29,61013
144.17,58959
142.36,227789
137.06,56898
135.54,115277
134.85,220686
134.55,185855
134.84,67990
135.84,153677
136,69161
134.6,37507
134.59,171301
135.08,59826
136.27,42023
136.77,85343
139.67,96261
138.73,62903
139.44,119843
139.62,79364
139.41,21405
139.54,70368
138.91,85484
138.71,68918
136.75,142372
134.73,60946
136.92,25278
137.21,55927
137.76,58949
138.35,61346
139.2,136298
139.31,65222
140.85,41237
140.31,81924
141.33,89845
140.53,37966
140.7,201024
142.92,138005
142.57,70239
142.89,95806
143.15,44234
144.02,52520
143.54,108708
150.46,125768
149.23,81733
149.4,202452
149.79,43467
148.41,32624
149.33,48666
149.14,79020
148.8,40245
148.95,112883
148.59,54268
148.18,28746
148.06,65860
148.77,70336
147.63,22657
148.01,120124
148.55,75829
149.9,54999
149.74,94776
149.99,84770
149.97,44686
150.12,83490
150.37,91537
150.86,64503
151.66,152441
151.99,80581
151.21,48737
151.34,143694
151.37,95055
150.47,58526
150.43,93208
150.7,78948
151.15,105212
150.62,165077
149.15,39947
149.47,48789
150.1,70798
148.19,71820
148.85,25312
149.61,31450
149.06,26368
149.36,13135
149.33,54258
149.71,68690
150.65,69157
151.16,120232
149.19,48769
149.17,42135
148.75,52506
147.77,46023
148.61,29767
146.63,89579
146.74,51097
146.23,35202
146.49,103788
145.58,62460
147.73,21025
148.05,112364
148.03,27867
147.37,28038
147.32,52579
143.11,99804
140.44,48260
140.3,78676
140.21,47443
139.2,25603
140.02,109232
138.11,62648
137.62,21185
137.94,52071
141.6,29909
140.65,14664
141.31,42328
141.93,22053
141.53,20231
141.39,41475
139.92,26464
140.31,15607
140.91,33877
138.68,56332
138.06,27614
137.89,57656
136.08,40247
136.96,22684
136.56,44460
138.96,31072
138.18,16307
137.23,36476
138.27,40645
138.4,20433
138.39,27599
136.64,28990
135.36,22899
135.74,32125
135.9,27918
136.47,20839
137.67,39326
135.23,32781
135.77,22758
135.27,49428
138.94,47686
137.65,40825
137.46,106711
135.87,97442
137.41,46386
137.19,108599
139.91,48662
139.21,31334
140,65511
139.09,36004
140.74,38791
139.8,82098
137.36,38202
136.81,25545
138.08,40514
137.55,34834
136.85,12460
136.72,24505
135.2,46743
135.81,27665
135.37,44572
135.16,38194
135.08,25971
134.43,85992
134.1,95486
135.61,50393
136.5,93989
137.62,57004
138.53,51276
138.8,98583
140.11,42641
139.1,17548
138.67,41757
137,39825
138.35,37960
137.88,42176
140.73,49358
141.41,41400
142.09,87123
142.12,70286
140.08,29315
141.92,68403
141.37,23828
141.6,41989
141.5,67127
141.18,42724
139.65,11653
139.42,49200
142.06,36724
141.66,26330
141.85,77316
142.41,27729
140.36,23538
139.85,65089
141.21,29023
141.46,14392
141.03,41963
140.6,50020
140.22,19540
141.19,77226
137.31,39043
135.8,18412
136.36,44010
137.08,37688
138.58,22260
138.29,33175
136.07,49157
136.18,25811
135.8,45239
134.62,35373
134.51,42018
134.82,78956
136.43,46345
137.1,23502
137.61,41684
136.45,49392
136.48,20511
136.58,47100
135.7,24068
137.17,16684
137.63,34253
138.08,37400
137.77,41136
138.26,26955
139.76,15270
140.32,13096
140.27,39218
139.45,20748
140.29,18382
138.76,34087
138.62,32997
138.37,92263
137.18,34636
135.12,22496
135.52,44234
136.77,15317
137.4,13702
138.3,46088
138.41,14986
138.11,13114
137.5,40922
139.11,9020
139.79,8882
140.19,35279
142.34,34671
141.29,16306
141.38,47590
142.74,56109
140.45,23369
139.59,56835
137.44,21231
137.51,24806
136.67,85314
136.01,11287
135.94,8302
136.64,29235
137.73,28252
138.2,24530
137.85,40390
138.15,23933
138.52,28391
137.57,35401
138.97,24048
138.75,17516
139.1,45069
139.95,20400
140.73,27711
140.48,48011
143.57,60351
145.26,57134
144.93,66756
143.09,63441
144.53,61963
145.09,115758
143.14,72514
143.7,52152
143.04,82571
142.49,32527
143.34,57239
143.25,70505
141.19,42201
140.64,46687
140.58,77961
145.07,97068
145.17,104268
145.68,190571
144.55,33312
143.06,24743
143.72,50190
142.36,53660
141.11,45398
141.43,85948
141.99,14859
143.13,20878
143,50873
143.69,101444
144.7,92826
143.96,141869
141.98,59026
142.89,12906
142.5,35215
139.86,56809
140.64,86745
140.81,126949
143.08,147158
142.46,121568
142.59,238032
144.21,80964
143.68,33817
142.14,94076
143.81,74627
145.42,32948
145.01,43645
144.9,50110
145.93,24528
145.72,53818
143.81,21658
142.88,34331
142.39,64883
143.22,55860
143.15,43552
142.32,86901
144,39591
144.57,16275
144.48,65494
143.27,51747
144.33,43854
144.21,73100
144.42,56321
143.89,25942
143.62,50756
144.63,63401
143.99,46292
143.34,65923
141.59,24258
142.35,10607
142.79,31921
142.96,36685
142.78,11581
142.66,48695
142.66,18312
142.78,19049
142.93,34025
144.53,19586
143.74,14702
143.17,20813
143.43,37923
143.12,18769
143.62,37812
144.37,23671
144.03,28174
143.76,28897
144.31,42013
144.06,30498
144.51,34313
146.9,29798
146.9,21356
147.52,43411
149.83,56687
150.13,75692
149.6,99869
149.75,74277
149.44,30855
149.43,90294
150.12,112631
149.95,96563
150.1,146392
150.34,89283
150.63,71122
150.88,145422
149.33,96373
148.29,38837
147.35,68238
149.18,100962
150,57566
149.62,121901
149.69,78433
149.18,62053
148.99,112182
151.21,106487
150.25,72705
150.44,124864
150.75,80233
150.29,68799
150.23,146451
149.79,60840
150.92,55790
150,82680
151.18,77838
150.03,23419
149.61,55816
151.03,37446
150.58,22675
150.55,65789
150.05,61795
149.26,35499
149.29,121087
149.66,36284
149.54,23111
149.41,40827
149.96,30894
150.77,23574
151.38,79909
150.97,20264
150.93,17947
150.75,35091
152.6,34461
153.32,34877
152.97,134522
153.64,100541
153.32,50410
152.65,85966
152.51,34408
151.37,15470
150.71,40917
149.79,45310
148.69,33025
148.92,46791
149.79,107041
149.1,39690
149.43,33603
146.58,75167
146.42,58388
145.54,123273
147.21,76483
146.95,67453
147.02,116489
143.02,226508
145.91,45625
146.18,84251
149.24,38788
150.25,48428
150.1,57034
149.44,34106
150.11,14700
149.94,37367
145.31,70901
144.86,55167
145.5,152250
145.33,33902
145.39,22602
144.75,58652
145.84,83547
147.13,25350
147.53,67041
147.42,37462
148.76,20909
148.65,27861
149.65,39609
150.37,24400
150.5,71474
151.76,74896
151.9,59856
151.84,83101
151.45,62474
152.2,36259
152.32,81947
150.71,38852
150.79,11373
150.22,54848
146.29,212175
145.91,176643
144.88,216401
143.9,167049
142.66,124043
141.88,335093
140.11,87753
139.92,47014
139.84,103768
138.24,126510
138.62,70651
138.26,207806
131.23,459498
131.34,316185
130.6,397870
130.26,171756
129.9,146461
131.15,131598
130.95,81635
130.67,96395
129.96,233950
130.61,95119
130.45,83703
130.11,180605
131.36,128292
132,85139
133.16,140583
133.12,140463
132.04,64012
132.01,76022
133.02,23027
132.27,37394
132.18,67357
129.15,206101
128.92,84744
129.5,226605
128.23,92710
127.89,113544
127.92,195313
128.16,100916
127.98,54959
127.52,92096
127.58,55079
128.24,35391
128.09,72153
129.04,33259
128.93,30684
129.02,45849
130.16,74450
129.58,60760
130.34,74802
131.48,36833
130.77,63382
130.71,94966
128.38,156449
127.85,108188
128.19,111119
130.43,37740
131.3,49205
131.59,50747
131.66,36946
131.62,39428
131.61,47374
130.71,22124
130.78,22769
130.78,42945
129.72,14420
130.1,39163
130.52,46960
132.16,35582
132.16,0
130.13,50629
129.67,35437
130.2,60751
132.39,96129
132.64,79553
132.06,50635
131.38,37062
131.42,65557
131.43,383894
129.91,108390
129.61,39217
129.79,51376
132,61352
132.55,42393
131.95,39681
131.5,51111
131.31,42777
131.32,62508
130.37,86015
130.2,24891
129.99,84280
129.37,60387
129.34,100895
129.65,83018
129.93,126872
129.1,44745
128.79,82188
130.92,32459
130.31,31903
130.67,59186
131.81,62492
131.21,45233
130.99,46648
130.05,26966
128.85,35168
129.31,43443
129.32,36804
129.1,27252
130.62,57891
133.89,71370
135.24,253283
135.45,167523
135.32,72473
135,45334
134.67,56003
136.59,26083
136.43,34390
135.93,47000
137.25,30048
137.08,26374
137.71,46546
137.92,34872
138.67,48092
136.91,55461
135.98,23086
135.74,19168
136.02,35982
137.36,23924
137.86,25971
137.25,32613
138.48,18968
138.62,17737
138.52,32151
138.22,16502
137.86,16199
137.52,14417
136.86,24132
136.74,34169
136.28,43937
135.59,23377
135.43,25169
135.32,31694
137.13,42017
137.19,38205
136.28,43385
136.61,40108
137.47,43357
138.79,39265
137.77,17138
137.53,24531
137.15,32511
137.36,47197
136.3,35853
136.13,36135
134.19,22666
134.45,32304
135.29,57880
133,59913
133.06,35088
132.4,44705
131.26,30085
130.97,45384
131.36,38412
132.27,101722
132.06,31682
131.7,23866
132.94,31405
133.09,24801
133.5,35942
131.12,51787
131.01,40349
130.85,35500
129.86,20434
129.47,17310
129.91,40621
128.48,112404
128.3,50187
128.77,42388
128.79,35936
128.2,30505
128.94,63509
128.5,29082
129.03,37933
128.92,45785
129.22,24728
128.95,23410
128.95,31658
130.2,30337
130.74,63288
130.76,61518
132.09,89312
132.72,63112
134.15,90682
134.83,22345
133.75,39730
134.76,45224
134.09,30519
133.58,42126
134.26,113371
135.54,85097
135.35,84893
136.2,97329
136.1,18958
135.25,27929
135.1,56664
133.95,39983
132.97,58232
134.11,39446
138.28,85403
137.62,29736
138.28,83444
137.59,66530
138.85,55447
139.1,42126
138.15,41084
138.93,29003
138.55,30225
137.81,21234
137.83,17861
137.74,37988
138.92,45384
138.89,33250
139.34,49547
138.13,45549
137.76,30037
137.24,32444
137.53,17118
138.24,15241
138.26,31740
136.94,20734
137.25,37933
135.89,35850
137.29,18945
136.52,19711
136.75,62899
139.54,32856
140.6,27894
142.08,39299
142.18,20288
142.52,29765
142.43,30544
141.31,26531
141.57,22216
141.63,39174
141.9,36565
142.2,39955
141.9,45029
142.03,54553
142.92,23113
142.95,37309
141.92,22902
141.27,36255
141.78,61228
141.92,40758
141.89,19341
141.99,33764
138.5,52070
138.96,53182
138.69,80597
140.65,24752
139.51,20852
139.43,30769
139.78,18019
139.71,15421
139.43,21757
140.56,46641
140.65,22394
140.31,30921
136.17,105882
136.34,53220
136.72,50890
137.68,51925
137.89,21835
137.16,31640
139.37,108084
137.73,55123
136.7,84836
137.8,46517
137.51,34778
137.35,32709
136.42,19810
136.93,29653
137.09,20182
138.05,62866
138.18,30866
138.77,47205
139.13,21721
139.04,14486
139.07,53291
141.77,27176
141.49,23543
141.8,76368
140.37,55482
142.17,40132
142.28,86013
143.29,49624
142.38,36881
142.05,62135
142.65,79756
143.08,21260
142.75,44583
143.04,41423
143.63,22600
143.67,29294
142.87,33287
141.85,35636
141.71,71365
142.42,23344
141.83,17945
142.05,55708
142.02,15122
141.74,31226
141.79,70366
143.69,21177
143.86,14062
143.44,44689
142.85,24555
141.96,25742
142.61,53617
142.65,13663
142.73,13146
142.58,36389
143.74,10661
144.32,22054
144.82,57460
144.8,23659
145.79,17918
146.01,29707
147.71,21042
146.09,26012
145.98,73642
146.78,45363
147.36,27209
147.33,61983
147.54,65526
148.13,27147
147.8,118438
146.82,28950
148.33,35162
148.08,62593
148.02,15658
147.7,12099
148.28,55807
148.47,57686
147.42,20223
147.4,60033
148.65,35044
148.06,54164
148.85,64686
148.51,41714
146.98,24410
147.82,44954
149.43,47898
148.3,44748
146.72,122323
146.81,40192
146.07,21795
144.95,42658
143.78,49631
143.56,14350
142.93,51559
144.33,47051
143.81,31705
143.94,46713
144.39,14280
144.76,17533
144.22,28261
146.5,56005
147.07,25838
146.78,62763
147.11,31070
148.08,21623
148.98,48329
148.07,17240
148.38,11540
148.99,35663
148.89,28957
149.33,20019
149.92,80192
149.91,56257
150.53,57458
151.25,64980
150.86,65694
150.6,40190
151.35,65734
151.96,33392
152.46,7835
152.62,40195
151.16,30633
150.28,31261
150.04,54101
147.4,45192
146.47,30868
145.96,90704
147.1,54370
147.26,45362
147.99,68921
146.76,51669
145.01,65312
146.04,55321
149.08,35460
149.83,27723
148.86,38768
149.03,22973
149.25,11040
149.25,17675
148.73,35198
149.2,30053
148.92,38401
150.03,11043
149.86,15869
150.84,95955
152.13,19034
151.71,12792
151.58,35007
152.79,24175
151.05,24535
149.92,37228
151.28,17607
150.24,7002
149.66,23189
147.51,22239
149.23,22315
149.52,54379
148.71,17854
149.6,9251
149.38,40685
149.66,12020
150.1,7727
150.41,26991
150.09,17585
150.31,11391
149.56,42297
148.74,20090
148.2,10192
148.45,15182
146.46,16441
145.93,20375
146.31,24461
146.23,45214
146.15,16554
145.57,44909
146.4,12503
146.42,13536
146.23,23243
146.94,25401
147.63,7523
146.64,56526
146.01,14478
145.01,12393
145.16,51295
146.46,13321
146.12,14715
146.16,28698
147.59,28089
147.38,16356
148.71,99034
148.13,32421
147.04,100
147.04,0
143.11,22493
143.55,15136
144.61,38472
144.71,30322
144.94,52715
145.02,144701
144.31,19817
144.38,15722
144.03,24340
144.81,34481
144.59,28937
145.35,59683
145.56,44492
146.44,22486
146.42,49009
143.64,28517
144.86,13930
144.7,24992
145.18,18041
142.91,34036
142.63,78210
141.67,28476
141.39,27519
142.61,48217
141.21,30197
141.38,23551
141.23,63385
141.27,41102
141.62,14593
142.34,21778
144.35,31206
142.32,14694
141.87,39852
144.17,39610
144.29,27502
145.32,68589
145.57,22491
145.29,13940
144.99,56966
146.3,33545
146.78,14069
147.12,30720
146.9,10959
146.69,18444
147.01,27125
145.93,25609
144.55,18336
144.59,74485
144.91,35461
144.49,23729
144.45,41491
145.63,74185
145.65,32509
145.75,78623
146.51,25385
145.49,15585
145.56,45869
145.79,54788
144.66,38923
144.44,77556
145.6,23381
145.41,13111
143.6,20640
143,15720
142.69,51083
143.6,31877
142.53,9308
142.62,29970
142.37,27112
142.77,21008
142.53,67823
142.15,12973
142.91,13191
142.57,39966
143.56,37629
144.12,28669
144.31,54302
143.66,35732
143.96,21774
144.42,50416
145.6,26678
147.07,21430
146.57,48782
145.46,44545
145.76,91695
146.05,97734
148.31,17110
149.24,47014
148.68,60545
150.22,51329
151.99,20958
151.23,38405
150.18,16514
149.42,20868
148.69,59892
145.69,37243
146.29,20600
146.1,26676
144.75,45569
142.85,20009
143.16,28038
142.85,29345
143.48,15393
143.7,45101
143.75,50775
145.4,28151
145.76,46102
146.29,16240
146.64,17609
146.81,33846
144.68,19789
144.14,9110
144.42,17835
145.9,25143
146.31,18377
147.57,37657
148.83,27775
148.88,15435
148.71,22954
145.3,161176
143,79939
141.74,164218
139.57,100266
136.86,92770
136.57,125584
134.17,131081
134.38,65800
133.88,122348
134.01,40155
133.25,98745
133.43,48940
134.82,87927
134.59,53516
133.02,98680
133.57,76008
133.32,52056
133.7,80495
132.82,70258
134.22,43179
134.58,69320
134.83,60592
134.33,35868
134.18,67874
132.74,58768
133.37,42446
133.63,80436
133.66,21815
133.38,12823
133.86,30007
135.39,28543
136.49,22288
136.41,37552
136.41,41829
135.8,34158
136.45,61235
136.93,50860
137.61,27302
137.21,63171
136.53,133858
135.78,48760
136.29,84712
136.17,37893
136.54,44843
135.51,42310
136.49,18867
136.78,12016
136.45,28334
137.38,35805
138.03,33498
138.49,34914
140.33,22754
138.63,21824
139.12,35020
139.14,27466
138.11,22371
137.77,47007
137.62,42858
136.75,38900
136.43,62621
136.81,35476
138.15,21714
138.76,42595
137.04,62712
137.18,54942
137.11,51946
135.82,188597
136.18,42927
136.4,64428
135.87,70798
134.55,125716
133.46,105177
133.23,77176
132.42,104428
132.44,92337
132.83,42058
131,23010
130.54,208192
130.72,73248
132.66,60858
132.4,115296
129.26,45632
128.88,48710
128.51,47926
127.59,80412
128.27,41381
128.77,55036
129.15,90596
129.66,63935
130.19,49542
131.7,52550
132.39,22318
132.08,61131
133.5,43558
132.73,43410
132.5,60586
133.63,43855
134.47,32988
134.28,65822
134.58,27879
134.95,22968
135.8,83497
136.81,48901
137.21,42786
137.24,74943
134.74,73777
135.5,54317
136.49,156788
138.72,47280
137.67,36781
137.66,58950
138.41,42404
137.94,29777
138.02,41060
137.01,57053
136.28,61134
134.77,49393
132.87,45572
133.7,36034
133.46,69278
135.16,63570
135.93,29007
135.45,59990
135.56,34658
136.73,36693
137.21,67256
139.32,50385
140.32,59122
140.09,113840
142.34,59292
140.72,54020
140.44,57830
141.07,32784
141.95,29344
142.14,65247
142.05,54118
141.45,53909
141.28,84885
142.12,41021
142.22,26764
141.88,47335
138.82,40146
138.85,29980
139.19,56303
139.13,35095
139.74,35218
140.29,55398
141.3,29828
141.14,26777
141.42,47781
141.61,62178
142.11,32559
142.43,62716
141.22,29975
141.77,15011
142.03,44322
139.31,53401
139.81,36669
139.46,63822
139.28,26638
139.31,26491
139.31,32721
140.52,20407
140.41,19918
140.71,80296
140.73,19441
140.31,17075
140.93,48266
142.23,23341
141.23,15138
141.48,38748
141.53,31780
141.33,14837
141.46,38078
141.22,36961
140.49,24586
140.33,42925
140.9,32175
140.35,44090
140.24,60395
141.67,21158
141.59,21077
141.19,41446
140.27,33119
140.28,33522
140.78,76395
140.24,38679
139.49,38390
139.08,74425
139.88,26842
139.83,30168
139.05,54386
139.8,35184
139.1,56061
138.86,96697
145.33,107599
144.28,53452
142.97,111349
144.1,39516
143.88,39774
143.84,71227
144.23,39419
143.98,42209
143.11,52395
148.47,61820
147.81,43978
148.24,68380
146.93,26260
147.18,31753
147.3,55516
146.87,33399
146.96,19810
147.35,94064
146.36,38808
146.74,34309
146.52,58507
146.41,51400
145.74,73560
146.19,51599
146.52,78772
148.6,83909
148.69,86578
150.24,98802
150.78,68894
151.28,87789
151.73,41672
151.23,20680
150.98,69454
151.76,26760
152.31,41079
152.59,31572
151.27,21204
150.98,36896
150.79,50805
151.51,40699
151.84,42302
152.15,59455
153.68,58742
153.69,60839
153.53,46522
153.2,23902
153.32,33228
153.63,41850
152.93,36574
152.32,37207
152.34,107491
153.38,49854
153.59,52714
153.94,63807
154.85,69232
154.31,58464
153.68,91336
152.7,97050
152.7,0
151.96,43589
152.4,30785
153.08,38543
153.11,52329
153.66,37761
153.57,48947
151.07,44414
149.94,65324
150.21,66464
150.71,33421
151.55,44071
151.42,88202
147.27,103490
147.41,71352
147.34,78306
150.73,59122
150.2,57868
149.07,41253
150.82,157866
149.89,55575
149.83,62025
148.36,69089
148.17,40300
148.25,51371
146.51,96257
146.54,118657
146.11,84150
145.78,35898
146.13,29681
145.78,54300
143.87,89156
142.21,82993
141.76,120568
139.62,142933
139.39,102272
139.41,121745
139.28,40178
138.91,70350
138.18,130472
135.09,130070
134.3,114040
134.26,155323
134.14,120387
134.97,107587
134.42,97526
135.82,48871
135.82,0
136.23,36587
136.1,24284
135.98,52545
137,28464
135.93,26350
136.68,42657
135.38,51718
135.67,53891
135.43,51017
137.3,49401
137.09,40592
137.25,114716
139.55,55580
139,57828
138.72,60558
140.28,42040
140.18,43096
140.22,56646
141.09,40305
140.49,26411
139.63,61650
141.94,77787
142.2,60510
141.9,78986
142.52,44168
142,45716
141.68,85299
143.12,141351
144.28,104339
144.52,111080
147.78,113365
146.61,42023
146.67,112662
147.07,60330
147.2,65808
147.92,91804
149.44,64076
149.47,56637
150.05,81206
150.64,47161
150.86,34886
150.77,41585
152.11,67958
152.58,45083
152.64,60863
150.46,78721
151.27,89422
150.14,125193
148.71,65238
149.42,103236
148.89,78505
148.72,62392
148.34,46821
148,49378
147.64,45045
147.58,52199
148.07,66913
147.48,80750
148.13,79607
149.11,55726
147.94,51973
146.93,49425
147.65,54152
147.84,19592
147.16,38327
147.2,57358
148.8,79573
148.23,36348
148.39,76645
141.93,79801
142.52,111182
141.19,97892
142.29,66647
141.33,57966
142.01,66722
144.35,58396
144.61,28447
144.61,40573
145.26,34581
144.89,41196
145.13,40111
144.22,50223
143.39,28784
143.18,36855
144.43,23294
145.44,17638
145.21,29699
146.52,18882
146.81,31189
147.07,45902
149.08,66236
149.8,32484
149.03,39079
148.6,39789
147.59,44865
147.08,51693
146.53,36214
147.4,31575
147.55,38245
149.61,36173
149.53,21104
149.67,63627
148.58,21980
150.06,26279
149.96,32289
150.3,46370
150.76,28301
150.61,32110
151.25,31102
151.64,20271
151.64,38675
151.29,32390
151.56,72985
150.89,112292
150.92,42798
150.93,25583
150.7,56880
149.24,45974
150.13,45309
150.01,47493
149.29,46498
148.82,59809
148.27,52453
150.37,35446
151.05,46127
150.61,66719
150.42,36155
149.86,47788
150.9,58230
151.23,45864
150.74,119382
146.2,103853
144.66,81709
146.12,42504
146.71,58562
142.41,76352
142.9,49022
144.35,45946
144.52,55671
144.57,53069
145.42,66602
149.47,69930
149.76,88535
149.78,71125
148.55,91701
147.76,51462
147.44,142686
146.65,94005
147.02,82095
147.25,171612
147.28,89111
146.61,78475
146.14,82442
147.91,65186
149.71,56279
149.6,63280
151.49,71725
151.81,82605
152.22,109090
152.49,103751
152.21,102515
152.84,155312
155.66,73838
156.11,47785
155.57,183591
156.81,127744
156.42,65640
157.18,72198
156.94,72355
156.18,30616
156.66,72178
157.66,39520
159.12,45414
157.77,60620
159.52,94951
158.65,43424
158.17,99569
161.49,98715
160.47,113666
160.33,178369
160.33,47468
159.88,30073
158.79,54936
158.8,41821
158.77,37936
158.78,70393
160.73,85198
160.84,41881
159.8,112114
159.88,86672
160.49,58367
160.46,75865
159.66,70561
159.62,66892
159.53,109085
151.47,169342
150.8,101212
150.86,161157
142.65,221669
140.19,142886
139.94,250092
134.82,171036
133.05,89592
135.22,267108
136.92,98307
135.74,77633
133.28,202612
128.99,120324
130.09,235306
139.93,214571
134.46,165274
131.4,246246
130.37,344281
127.46,185881
127.34,162633
130.24,218262
130.97,85510
128.63,72996
129.49,104138
129.97,104930
129.63,49021
128.65,93988
130.54,58747
131.08,50832
129.91,98656
132.85,55748
132.92,39367
133.91,115433
129.09,107338
127.44,56798
126.93,100010
129.41,63056
131.28,77371
130.25,68983
131.61,121588
129.67,66534
130.73,123942
132.05,63473
132.53,50547
133.2,130073
132.3,54241
132.2,70359
131.47,57779
133.42,68073
133.67,36538
133.13,99246
132.88,28827
133.24,48439
133.76,106248
129.24,162415
129.07,80043
129.37,104392
131.04,107801
130.31,86650
130.3,120299
130.08,97256
132.41,88817
132.26,106278
130.01,139586
130.4,79159
130.02,121177
129.74,91947
130.13,63999
129.66,101865
129.68,83764
129.76,72804
129.44,108917
131.61,47765
132.45,56564
131.68,61161
132.7,64451
132.34,42223
132.89,46634
136.02,51515
134.84,105580
135.25,104265
135.47,53156
136.11,60078
136.63,72117
135.84,32642
135.41,32946
134.93,78698
134.23,51395
135.02,37436
135.51,60722
135.3,37847
134.99,20773
135.78,68113
133.51,89745
134.25,53960
133.94,81968
133.74,50279
133.6,30866
133.3,99075
132.15,72248
131.98,38201
132.32,43465
129.97,67032
130.49,29048
131.11,64296
130.91,89353
131.06,47034
131.84,101316
132.69,72338
132.87,41614
133.3,67515
133.15,53922
132.58,27288
132.97,77356
132.91,52227
132.08,34738
133.23,53461
132.61,48428
131.53,37635
131.7,64447
132.95,84703
132.92,46888
132.92,53285
133.83,71869
136,38748
135.44,129387
135.66,112014
133.57,89227
133.08,74310
133.18,80690
133.21,50680
133.32,108157
135.19,59926
135.82,21084
135.41,67740
136.43,42622
136.87,42770
137.39,53222
138.54,91058
139.86,36854
139.55,78534
138.47,44459
138.85,30902
139.5,96258
139.74,41590
140.44,24057
140.22,63812
140.52,111828
140.74,57883
141.21,113210
140.18,137326
140.05,39721
140.85,68681
143.97,64157
144.68,45118
144.6,63155
145.19,77518
144.17,37181
144.07,80131
144.22,32033
144.25,17193
143.45,74062
145.41,42753
144.99,58392
142.75,99247
141.05,115575
139.55,61925
139.46,146550
138.68,43559
139.38,27614
138.73,37294
139.28,99173
139.88,67648
139.83,71259
139.53,88073
138.67,33049
138.7,60184
138.79,29596
139.19,22003
138.52,53535
138.42,77310
140.99,32632
141,70584
141.06,52199
142.08,26533
142.37,65990
143.08,95564
143.88,52359
142.95,54636
141.82,53162
141.35,130681
144.76,76743
146.56,67892
147.98,101707
147.92,54923
148.18,23435
148.07,63746
148.19,75105
148.41,37131
149.11,42569
148.89,36231
150.37,16620
150.78,102406
148.24,97011
147.08,69386
146.97,88500
146.61,53550
146.38,51927
146.12,67177
146.14,76760
145.77,36490
146.3,52273
144.84,49471
145.73,36251
145.95,84402
147.58,246135
145.97,341171
145.1,395427
145.49,265491
145.43,129664
145.5,140881
145.2,167026
144.61,120954
145.54,179811
146.03,151907
147.33,159864
147.63,192254
148.11,164368
150.05,103917
150.63,112615
150.15,62258
149.57,30186
150.45,85882
150.3,125471
151.57,51821
150.98,86986
151.05,45035
151.38,39487
151.33,107392
150.5,91454
150.42,46763
150.13,148320
148.45,79748
147.2,50611
147.23,158594
147.72,147869
146.44,65179
146.18,133463
146.43,80365
145.98,51833
145.29,94172
146.16,49756
147.23,54935
147.4,106329
149.88,74958
148.08,31571
148.28,55092
149.15,48637
148.39,44648
148.71,91065
150.1,64193
150.23,50261
150.74,77633
150.31,40535
149.06,25453
148.78,64880
150.05,62153
150.56,24894
150.93,83288
150.57,60760
149.71,39914
149.91,81919
149.89,49526
149.67,33063
149.98,69750
150.77,79106
152.36,170632
152.64,127960
150.85,84730
151.26,60828
151.11,75336
149.42,72584
149.44,70022
148.99,152290
149.65,108805
150.26,51040
149.94,90161
150.82,34295
150.74,44821
152.04,103503
153.78,206100
155.21,105540
155.36,160508
154.45,41771
154.21,37311
154.55,69932
154.11,49739
153.79,31528
153.99,113394
155.8,21667
155.23,40455
156.37,71299
155.31,52797
155.6,30013
155.76,97569
157.61,48518
157.34,28646
157.59,83118
157.62,57071
157.77,34185
158.34,61334
156.31,58797
155.66,68411
154.34,131381
154.99,38668
155.87,60090
155.82,67963
153.35,89285
151.55,89921
151,239159
149.93,77328
150.51,44123
150.03,105032
153.05,73729
152.69,36896
152.92,118776
153.82,59620
153.94,62892
154.02,106672
155,45795
154.66,41299
153.99,79647
154.84,28620
154.59,21388
154.08,61917
154.06,32001
154.18,28565
154.25,77356
155.51,34919
156.33,35748
156.68,89638
157.01,29472
156.98,28085
156.91,62440
156.22,36194
155.89,19061
155.34,43569
154.06,131280
152.89,21117
152.85,72401
152.44,26043
153.2,17519
153.18,91289
156.38,75475
155.53,27198
154.73,70407
156.38,53869
156.68,50239
156.54,78894
156.73,32951
157.53,19900
157.17,50973
157.38,59348
157.39,35558
156.54,75749
153.26,62021
153.11,43727
152.54,98028
151.57,74574
151.47,51000
151.16,178459
150.75,109092
150.92,37056
151.23,76017
152.99,72390
151.48,56355
150.82,216602
149.94,116561
150.29,76861
150.9,91721
150.74,41439
151.05,33642
150.71,87011
150.06,61301
150.33,44518
150.28,106219
149.78,60721
150.46,61369
150.05,143995
149.86,63649
149.48,31249
149.39,152094
147.73,93001
146.25,36965
146.49,143167
147.93,40677
148.13,16602
148.39,58769
148.41,57635
149.33,22906
150.17,75487
150.46,34999
148.99,19078
148.71,73487
148.78,46509
149.07,18006
147.74,47810
149.11,66244
150.65,37617
149.9,101163
150.4,38299
150.13,27135
150.88,57107
150.08,59308
150.79,53013
151.54,106793
151.67,53166
151.4,40697
151.34,106266
154.3,102111
154.16,61372
153.8,94818
153.87,33148
152.9,16661
152.49,55968
152.38,34465
152.57,17947
151.97,35115
151.92,38557
151.71,38146
151.6,52331
151.42,28277
152.43,46906
152.41,130444
150.72,77607
151.32,98791
151.42,161961
154.82,201076
154.37,68108
155.29,109778
150.83,70438
152.09,73339
151.41,115728
150.42,50221
149.76,50615
150.17,87841
150.77,30083
150.48,16424
149.76,51095
151.22,28398
150.89,57014
150.28,52637
151.96,45519
151.73,27475
152.22,50155
150.17,54577
151.78,63852
152.55,106538
154.16,30236
153.84,53656
153.57,60151
150.1,95060
150.25,60881
149.54,93826
152.75,52422
152.41,44651
151.59,51824
153.13,50682
154.17,59090
154.61,95216
153.21,27089
152.8,37057
151.5,61961
150.57,37436
151.86,21494
152.38,34801
149.41,30003
149.93,14089
149.77,48208
151.19,48609
149.13,44478
149.42,51638
148.38,56620
149.34,29531
149.1,104759
148.55,37260
148.53,79534
147.67,81994
147.4,40714
147.23,35124
147.41,123585
148.38,19901
148.68,34045
148.82,46990
149.76,49230
149.76,0
151.63,92124
151.37,118473
151.17,40198
148.88,49635
148.48,52451
148.39,64209
150.88,33471
150.66,29154
150.41,33457
149.95,34661
150.5,27512
150.05,34589
150.46,36682
150.15,41237
150.09,122069
147.24,51253
146.93,52869
146.59,57970
147.83,65380
147.16,44353
146.93,36148
148.87,53975
149.6,51176
149.92,80144
150.12,36547
149.99,38920
149.01,32082
148.66,17303
148.69,18091
148.47,30026
147.86,75753
147.32,59889
147.91,46956
145.82,57057
145.12,38254
145.56,50926
147.06,100948
147.45,32697
147.61,50599
146.95,36024
146.09,26161
145.91,61390
146.43,78128
146.23,50479
146.26,58181
147.95,48203
148.68,38453
148.49,56469
148.86,22599
148.96,23327
149.36,16589
149.21,18034
149.21,0
148.84,14265
148.56,20369
148.42,31620
150.08,20512
149.63,21033
149.92,30309
150.28,58930
150.4,21638
150.66,28239
150.24,18811
150.51,15853
150.87,28876
152.6,37315
153.72,33102
154.31,30708
161.48,152127
163.13,98291
162.64,130264
157.62,93857
155.86,84269
154.97,110542
155,89129
153.92,77866
154.39,119944
156.1,88577
156.62,90751
158.85,125062
159.47,92540
159.7,100506
160.76,130839
160.91,44023
161.25,39553
160.72,56473
163.68,106413
163.61,70473
163.15,114911
164.97,83174
165.41,127032
167.52,170534
165.27,62811
165.03,62398
164.96,89921
164.98,52738
165.17,178067
164.85,75744
164.47,104174
164.71,111700
164.43,140342
165.78,105380
165.75,93258
165.4,162592
164.93,73543
165.43,109827
165.56,132408
165.52,99454
165.39,50100
165.56,61020
165.71,68304
165.49,52391
165.44,74126
166.22,73801
166.62,54923
166.93,84480
168.01,222611
167.47,103518
167.76,87841
170.69,172082
170.39,105456
169.63,116777
171.95,213263
171.53,303742
173.91,283684
173.01,132235
173.31,154272
173.46,146742
175.05,337214
175.11,196603
175.41,173088
179.06,154942
179.76,108761
179.2,90659
176.34,113679
177.67,75395
178.36,138419
179.89,109362
179.15,73632
178.85,85947
179.79,73114
180.66,79433
180.84,92367
179.84,62294
180.77,53689
181.16,72651
183.52,90296
183.39,107465
184.03,98839
183.07,94214
180.64,90220
181.69,98225
181.07,75844
181.33,94525
182.08,85044
179.34,67995
180.5,54108
180.71,63130
182.395,71710
183.19,50363
183.26,78878
186.94,54364
185.45,54667
185.74,78309
182.5,65242
183.77,65413
183.48,93441
185.24,33059
184.54,58914
184.6,66098
184.42,41071
185.45,33254
184.99,52332
183.52,49355
183.75,49990
184.05,53185
185.36,78957
185.22,52649
184.235,48515
184.2,99354
186.305,130985
186.105,98247
188.755,78185
188.31,147728
188.77,104560
189.75,124324
190.205,100493
187.95,86128
186.17,111623
186.23,93704
185.95,92939
188.675,100911
188.63,82178
189.57,152261
189.26,63719
189.32,87156
190.125,147049
190.39,135577
190.3,108173
190.27,275195
186.575,138109
188.21,116422
186.15,150739
188.29,92435
189.19,106454
190.23,231315
194.12,259980
197.85,172688
197.84,413068
197.215,107211
195.2,92371
196.31,213883
196.78,114352
196.84,76313
196.93,171820
198.88,146280
200.23,104005
198.625,104554
198.99,87279
199.74,77547
199.93,236359
199.985,279972
201.76,143556
201.88,272594
202.98,169613
204.41,80299
203.87,303971
202.155,204770
203.41,146211
203.96,193963
207.47,148303
209.475,68608
207.985,211999
205.96,93870
206.27,42989
205.63,71929
205.89,118644
208.64,109426
208.63,227516
210.3,146133
211.82,154882
211.54,206553
213.92,120185
213.59,83568
212.19,108401
211.025,103851
211.61,224059
204.405,223839
199.5,309839
197.125,225112
196.08,258275
203.11,136768
198.88,58018
198.64,118879
197.5,102766
197.445,31963
198.71,155272
203.36,111624
201.88,88817
200.715,131737
190.93,202845
190.86,135543
190.48,158227
196.5,102152
191.715,120708
189.985,132284
188.73,186380
187.78,86420
187.595,209092
190.675,92689
191.82,48898
190.84,90867
187.655,103866
186.47,71461
185.61,113672
185.305,56559
184.85,31230
186.13,62917
187.68,51550
187.24,41367
187.835,99127
179.995,197523
180.29,68203
182.585,154145
185.49,119629
184.165,57229
184.09,80176
183.265,61085
184.25,80481
184.835,114671
188.495,77290
187.34,33671
187.225,89105
187.06,36141
185.98,52010
187.3,79693
185.56,155636
183.45,320097
183.97,141563
187.12,136317
184.79,127111
183.72,159310
187.595,155486
189.21,69625
188.38,123942
190.985,57398
191.56,71537
191.675,89610
191.605,114943
193.295,74413
192.585,98048
191.33,84615
190.63,118303
190.68,256663
190.145,58321
191.76,58244
192.44,79542
191.455,43918
193.12,52675
192.92,73386
184.74,143307
183.86,62181
185.155,132908
181.16,144330
181.44,74779
182.49,83038
181.49,96856
181.97,64004
181.55,118588
184.25,39922
184.44,42314
184.7,76314
185.75,63520
186.09,31736
186.54,65018
185.485,47959
184.74,29927
184.84,64703