140.4,802
141.41,1204
141.32,1857
143.21,3713
143.21,2402
143.01,2673
144.64,11200
145.61,4607
146.51,6763
143.41,6660
142.97,1950
144.21,4656
144.55,3067
144.09,833
142.54,8410
144.01,4300
145.25,1700
144.79,9630
143.39,3319
142.7,1700
143.25,2780
143.52,1600
143.75,900
144.16,6126
142.76,2200
143.7,4253
144.42,3898
143.14,2033
143.72,974
143.47,974
143.26,3500
143.07,1900
143.22,2779
143.94,690
143.13,800
142.74,1111
143.4,2300
143.27,600
143.31,1701
143.21,1200
143.25,2201
143.4,3131
141.48,4045
142.12,700
141.57,6779
144.84,3673
145.5,1503
145.35,4977
145.03,2500
145.35,883
145.35,1890
145.53,2100
145.47,2000
146,2166
146.96,4233
147.08,4900
147.42,5360
147.91,1800
148.46,800
148.61,7748
145.39,800
145.67,300
145.56,5838
146.88,2731
146.16,982
145.35,5995
145.23,1247
145.34,4058
145.75,5390
147.66,2721
147.78,1072
148,12830
141.67,13040
141.48,8007
141.72,19546
141.67,5045
141.78,5399
140.8,7255
139.34,5251
141.93,2692
142.3,6989
141.63,8413
141.76,11599
142.23,22787
143.58,2564
142.74,833
142.54,4276
141.43,2454
139.76,2490
139.25,6002
138.98,396
138.77,1377
138.93,1955
140.08,4329
138.73,800
138.47,4829
137.04,1769
138.74,520
138.5,2290
138.8,1789
138.97,1365
139.02,7087
139.51,2252
138.9,22477
140.6,19624
141.42,1392
141.4,1303
141.54,2355
142.16,3608
141.33,8315
141.56,9315
143.39,2908
144.36,1233
143.53,7298
141.37,5507
138.25,1606
138.64,6173
140.42,2139
140.72,1756
141.46,6369
142,1911
142.25,710
141.95,12406
143.4,2334
144.3,2043
143.4,4965
144.31,2278
144.15,1275
144.28,4244
144.63,32828
146.43,56358
146.42,12544
145.35,35650
145.55,8388
145.32,6171
144.47,6188
141.29,1823
140.78,5433
142.89,1630
142.78,3286
142.48,3129
142.16,3134
143.73,1550
143.6,3644
143.03,11628
144.23,1806
144.35,4849
142.4,4026
141.42,3810
140.85,3603
142.41,2734
144.63,4660
145.82,6033
144.28,3393
143.75,2257
144.18,2989
144.48,2390
145.06,129
144.55,5285
150.39,5928
153,12035
153.48,9164
152.75,3808
153.43,878
153.33,3634
151.92,1417
152.39,3696
153.43,7250
152.9,8361
154.04,6266
154.25,1825
155.66,24179
154.25,9370
155.01,9409
151.87,2638
152.03,2890
153.23,7310
148.91,5769
150.66,2239
151.4,6320
149.97,4796
148.76,4184
149.61,4824
146.98,14328
147.41,5423
147.83,8169
148.55,1501
148.91,4785
148.44,4340
146.85,6278
147.78,6642
147.86,13757
148.8,3316
149.24,1263
148.44,1193
147.99,3087
146.81,5023
146.35,2428
146.84,2705
146.66,1255
146.46,6375
143.03,9546
141.12,2538
140.68,15579
137.92,4574
137.55,6546
136.96,8544
135.57,15451
135.91,3664
135.36,15290
136.98,3369
139.86,5213
139.79,9944
139.75,4545
139.1,3075
139.12,4587
136.63,8403
136.9,1875
136.9,6972
137.18,3983
136.52,7684
135.93,9192
136.45,5227
138.79,6303
139.45,6860
139.1,5554
138.18,3098
138.22,8225
138.95,1236
139.89,1857
139.5,6422
139.71,2346
140.75,1236
139.53,3277
139.01,1810
138.55,912
139.46,3949
140.74,5031
142.09,861
142.39,3592
141.94,10014
138.73,1238
139.69,3542
139.46,3867
140.06,1271
140.25,2580
138.48,17120
137.67,6733
137.22,19634
138.21,3069
137.51,1603
136.58,4577
135.13,4983
134.86,2862
134.44,4758
136.02,6889
136.96,1702
136.67,6062
137.13,1666
137.41,2468
137.73,6754
133.37,7249
133.26,3505
133.77,5530
130.9,20636
130.71,5692
130.29,13539
130.99,9777
131.42,1742
130.5,3077
132.6,4488
134.98,2838
133.6,4620
132.95,3001
133.7,1739
132.15,21990
128.93,2560
128.98,4315
128.97,8736
127.1,5751
126.67,14672
126.72,30307
126.61,8176
125.81,4993
125.45,24757
123.65,5657
125.38,7018
125.13,11384
125.72,7465
124.02,7198
123.46,7770
124.76,7413
125.36,7450
125.56,6749
123.21,3172
122.98,630
122.94,2990
124.11,6691
124.1,6207
123.45,22067
121.53,4869
122.72,1266
123.33,5270
123.6,16979
124.68,2345
125.33,31054
127.93,5490
128.47,2341
127.34,13025
128.49,8547
129.43,7891
130.97,9103
129.16,4937
128.5,2655
128.29,7706
130.74,4498
129.5,2072
129.33,2969
131.88,9060
131.33,6073
131.3,17732
133.52,8893
133.71,2393
133.62,10337
133.87,6537
134.57,4580
135.13,24061
134.33,2828
135.03,5445
135.32,6527
136.41,3349
135.59,788
135.28,3507
134.49,3503
134.84,5633
135.47,5798
134.59,2883
136.37,2280
136.99,9505
140.73,5857
137.08,3119
137.44,2016
137.44,0
137.44,0
137.44,0
138.73,1708
138.07,1220
138.55,3749
139.26,4951
138.47,7024
138.57,4792
138.59,7613
139.34,2104
139.11,6639
137.52,8193
137.72,2408
137.93,5350
137.51,1835
137.32,2928
137.38,5753
135.84,2683
135.09,1880
135.36,2936
134.85,3379
136.27,2032
136.73,5596
139.85,5360
137.37,3133
136.55,9730
136.16,8684
136.46,11770
137.04,19475
137.32,6136
138.5,3780
138.1,2619
138.15,1841
139.68,2810
139.71,4929
140.82,6522
138.76,1335
138.39,3106
142.98,5344
142.11,3310
142.43,6470
143.42,3140
143.91,6330
144.13,9602
141.85,2966
142.23,2541
141.68,6123
142.19,2260
141.35,2295
140.77,6565
140.56,2290
140.72,4057
140.46,5010
140,9146
140.33,4328
140.64,7625
140.46,1429
138.47,4042
138.66,15727
137.5,7347
136.44,4222
136.56,8236
132.67,10774
132.68,7639
133.56,5967
133.03,1647
133.56,852
133.13,3542
132.96,2150
132.96,0
133.5,3774
134.97,8727
135.09,9541
133.74,2846
132.72,2554
132.74,3453
133.5,3704
131.24,10148
129.22,6997
124.71,6968
125.32,1635
125.21,4845
124.03,15550
126.07,3144
126.75,6733
128.21,4037
128.6,1045
128.12,3776
129.23,6985
129.46,2539
129.96,9619
129.43,2504
129.61,3810
129.94,7805
127.77,4419
125.69,3545
126.16,5688
126.53,1506
126.07,2707
125.81,4526
129.26,6142
128.79,4644
128.08,5617
126.51,5613
126.31,2289
126.85,3672
123.06,9232
123.78,6178
124.22,9646
128.23,2176
128.33,1694
128.09,8438
130.72,2442
130.91,3925
129.8,6007
126.55,1752
127.75,1604
128.23,2045
126.71,6018
128.21,6653
128.2,8246
128.36,5030
128.27,4058
129.22,6208
130.26,6026
130.6,5837
130.61,4048
131.29,1351
130.93,1114
130.38,2439
130.47,1783
129.85,2305
129.64,2716
131.81,1642
131.28,1086
130.94,5114
131.97,3935
131.9,3806
132.43,3657
132.77,1435
132.91,1601
133.63,1870
131.04,3625
131.11,2587
131.54,3239
131.95,1833
131.25,2741
131.45,3063
130.2,5614
130.57,2040
127.65,4776
123.6,8847
123.17,2969
122.71,7989
121.18,4295
122.21,4227
122.29,4438
123.62,2040
124.58,3867
126.7,3461
126.26,3787
127.2,2351
127.41,3330
127.39,2816
127.2,3353
127.84,3665
126.8,2779
127.88,1857
127.51,1435
125.26,1515
124.46,799
125.09,5062
127.04,7336
124.97,1820
125.55,2085
128.68,5960
131.72,2882
131.99,8612
131.98,5068
131.13,701
130.02,5949
128.84,2002
127.46,2559
125.82,3723
122.07,3568
122.74,2546
123.3,2282
123.33,4049
123.91,4060
125.98,7545
126.29,2211
126.6,5453
125.38,7147
123.82,4446
123.59,6822
123.34,6222
122.94,1434
121.16,3659
122.38,4453
125.16,816
126.45,1940
126.85,7651
127.09,2701
127.29,1327
127.45,4069
128.39,2672
130.25,3875
129.56,6411
130.34,6117
129.87,3907
130.72,3834
130.39,2495
129.48,2383
129.1,4079
129.89,3328
130.59,5376
132.15,5229
133.03,6764
133.89,4975
133.42,4151
133.18,9260
133.7,7413
132.57,8341
133.16,3569
132.66,1662
130,7481
132.24,2746
133.83,11470
136.16,15017
137.15,2987
137.66,1374
137.64,1415
135.22,1326
136.24,3781
136.44,2640
137.99,3012
140.09,6326
140.32,7334
143.16,17299
144.33,9064
145.82,9405
143.58,11187
143.24,5146
143.18,18503
140.51,5561
140.24,2392
139.73,7268
141.61,2824
141.4,3561
141.18,5975
141.02,11456
141.05,8526
138.28,6308
140.29,2745
140.46,3093
141.33,4083
140.74,6138
141.39,9127
141.63,14972
145.64,4305
145.07,7714
143.88,11710
144.56,4511
143.59,5743
144.89,13913
145.78,12251
145.9,9405
146.43,9532
148.49,7281
150.35,14416
151.84,20816
157.92,14918
155.81,13775
158.22,14989
158.22,0
158.22,0
158.22,0
152.7,23123
153.58,21951
153.64,24855
154.69,12950
153.93,10160
154.45,15920
153.64,15332
151.79,14705
152.71,10641
152.37,21133
150.39,17818
146.86,30645
147.3,18052
148.49,14658
149.19,15484
149.59,10266
148.59,5959
147.77,16656
150.5,13633
152.87,3903
151.48,10463
151.14,15910
151.62,15001
150.35,41945
153.11,11256
153.37,2922
151.87,9011
150.49,7792
149.85,4470
150.8,7270
152.49,4868
151.38,4592
152.06,13316
153.65,8806
153.8,6530
152.9,8839
152.11,4022
151.47,4251
151.33,7418
148.34,6936
149.59,2313
149.88,16157
148.38,7165
149.95,1742
150.87,9044
154.27,7738
154.62,3710
154.54,12304
157.22,10152
156.22,2323
156.64,8153
155.93,3412
156.01,2624
156.83,6153
157.05,4496
157.07,4285
155.5,11161
160.36,11737
156.23,2219
156.02,8321
157.31,5479
159.53,4463
158.17,14711
157.81,9715
159.19,9966
160.34,23815
159.44,6242
159.32,5120
160.7,7668
160.3,7106
159.27,1385
160.3,6647
159.67,14342
160.48,2390
160.35,5291
161.28,5349
161.86,1821
161.5,5442
159.83,6767
160.2,5734
162.13,10027
162.63,4921
161.93,3012
160.7,10238
161.14,7096
160.37,2409
160.45,12816
159.28,3920
160.55,2512
161.86,5334
161.16,5964
158.25,10387
156.69,22915
156.18,9531
153.83,2325
153.72,11823
149.92,13787
147.25,11257
148.59,9481
149.22,5355
147.92,4914
147.17,9568
146.94,14961
145.51,6023
146.74,7518
146.14,5039
146.06,8378
147.36,5818
149.86,7654
147.52,6772
147.47,19338
143.86,9137
144.42,1331
143.91,8301
146.25,4922
146.81,3794
146.07,6874
147.33,10094
147.49,2891
147.86,19367
150.41,13308
145.92,11214
145.68,14389
145.98,2861
146.18,2782
145.42,13536
142.63,5460
140.88,4178
138.75,25153
138.66,7711
136.2,7545
136.96,12773
138.19,8237
137.55,4846
135.02,17686
130.98,17644
130.05,15385
129.95,21605
130.23,7079
132.7,10176
131.03,6816
131.27,5248
132.15,2371
131.39,11188
132.15,4936
131.66,4795
132.53,12550
129.28,9823
130.56,14778
129.38,24391
132.55,11872
134.05,4850
134.73,13032
132.92,18527
132.53,4701
132.78,15125
135.96,2557
135.18,4036
135.2,6588
136.74,3015
137,7254
135.53,5837
134.9,11639
135.15,2769
136.19,15060
136.67,3765
136.56,2308
135.3,6786
137.39,10641
137.58,7391
137.31,9441
139.22,24152
138.79,8281
138.57,66447
136.39,9609
136.78,1618
137.67,12539
139.8,5334
141.67,1209
141.82,7645
141.35,9439
139.04,1945
139.08,8552
139.43,1845
138.76,1134
139.24,5239
141.33,7097
141.27,2238
140.88,3182
140.12,2419
140.77,1258
139.83,9253
137.75,6163
137.23,3508
137.32,10971
135.67,11915
140.36,1900
141.67,16862
136.84,11880
136.27,5857
137.11,15860
134.35,4571
133.29,5000
133.93,15002
134.59,5386
132.24,3195
132.45,7081
132.52,8657
135.42,2224
134.62,15022
135.39,12409
135.73,8410
134.77,20893
136.26,13948
136.51,3140
136.06,11958
136.38,5294
135.7,1723
136.25,19374
136.45,14820
133.17,9925
131.44,27619
132.17,4657
133.93,1609
133.77,5694
134.44,13042
134.8,12061
135.09,18085
134.75,7447
133.75,2570
134.11,7184
133.51,6936
132.99,3408
132.87,7341
130.19,14818
129.67,5395
128.85,15233
125.18,27778
129.67,5403
130.45,4349
128.01,9916
126.04,5457
126.1,11546
127.34,13469
124.95,2711
124.61,10125
129.42,6157
127.65,7511
128.32,5701
128.02,2245
129.02,1489
129.31,3123
128.46,4141
128.54,2027
128.02,5274
126.54,3989
128.41,4777
126.87,7820
126.46,7450
129.64,4131
129.42,7618
123.01,8968
124.84,2362
124.72,12870
122.85,6982
123.33,2860
122.44,6492
125.03,5795
124.38,1459
123.2,5402
120.78,20587
120.65,8793
118.87,17027
120.39,5700
120.83,8107
119.19,17167
121.01,4538
120.43,2649
120.87,13773
124.09,4885
122.07,1883
120.47,7473
119.29,9270
119.26,2682
119.41,5705
121.65,9933
120.76,3604
120.47,5035
120.29,7590
120.96,4176
121.24,35610
123.22,28261
123.15,8365
122.54,6560
121.86,3297
124.07,2221
124.18,8948
123.87,4619
123.34,1617
123.19,6803
123.7,9906
124.32,4261
123.2,7062
120.65,4794
119.48,4216
119.79,9870
122.67,5663
123.64,14000
125.3,12450
122.07,19999
122.36,2837
122.52,21740
126.51,4309
126.82,2934
126.34,12457
126.1,9754
126.49,1744
126.36,16936
127.64,16978
129.75,7368
129.34,48676
129.79,76261
127.78,25143
126.69,65025
128.83,5291
129.14,7328
128.89,12175
126.83,9951
128.28,828
127.57,7869
127.35,7534
127.3,2991
128.17,20840
126.23,30574
126.2,14679
126.22,15461
126.99,3362
125.53,1814
125.87,2421
124.55,2914
124.51,3112
124.51,9008
122.49,3629
123.82,2388
124.11,5700
128.79,8112
127.43,1556
126.68,6790
126.91,8388
127.82,16844
127.36,24287
127.13,19022
127.32,3980
127.64,5857
127.62,6701
124.1,3403
122.9,17805
123.53,6556
121.66,7671
121.58,18566
119.33,5124
118.36,730
118.55,3713
117.35,8095
117.34,2224
117.29,12443
114.94,6772
114.98,2642
114.27,5630
117.1,2959
118.54,3734
117.32,8513
117.72,10062
117.62,2702
116.19,12400
117.53,9622
118.52,1691
119.4,8082
118.46,2694
118.76,3807
119.68,3825
121.91,1007
121.62,10678
120.99,6199
122.46,10222
122.61,6627
121.84,6736
119.86,2779
118.86,1507
119.31,11742
119.82,6177
120.03,10549
118.88,16193
117.58,9549
114.47,3970
114.44,15636
113.33,14963
113.96,5178
113.89,11769
114.28,2940
115.93,3215
115.5,9358
114.44,2046
114.14,2545
114.42,5423
115.17,3939
115.03,1219
115.62,10679
114.72,1816
114.72,1239
114.93,3295
110.48,8014
109.86,4849
110.28,18099
110.48,7101
108.34,7696
106.66,12076
109.58,1637
108.94,4211
108.95,8199
111.95,6796
113.5,2117
113.54,13171
112.52,2511
113.11,1826
113.67,7546
115.28,7456
116.62,3053
116.5,7805
117.47,9648
118.1,4944
118.21,16013
121.14,4886
122.18,4159
121.3,17948
118.79,9983
119.59,2222
119.83,12895
120.21,6012
119.09,3290
119.83,16870
118.42,12430
119.58,19934
119.02,24584
117.34,2864
116.55,4640
116.43,12048
114.19,7540
116.39,4798
116.05,8324
114.82,3209
113.25,2234
113.98,13329
108.79,6833
114.17,4081
115.16,13202
113,3335
111.64,4569
111.63,13776
116.05,15718
116.36,8229
115.2,22432
116.21,3997
114.08,3286
114.91,9924
113.86,19600
113.82,8967
113.36,10027
114.4,17568
114.63,7933
113,10385
115.87,10429
116.42,17288
117.09,25084
116.17,10995
116.77,6305
116.15,11473
119.15,12185
117.79,4424
118.2,16259
119.13,17401
122.32,13467
121.77,21269
121.25,16547
121.4,6111
121.4,7411
120.49,4526
119.33,8468
120,25679
119.85,25262
120.11,16841
119.89,28745
121.97,20321
121.6,11988
121.73,30529
120.7,17980
120.14,8572
119.67,97463
113.42,27774
114.58,5689
113.62,12940
120.56,11243
120.89,7648
121.9,12933
121.42,2105
121.3,4984
121.79,7901
130.18,10999
131.24,7750
129.4,12186
128.76,6116
129.23,6931
128.01,5550
136.37,7552
136.14,6741
134.87,16409
136.89,9229
137.43,4417
137.35,7592
137.28,6476
136.55,5376
137.88,9125
136.5,5190
136.32,10014
136.99,7878
136.15,5778
135.3,2965
135.79,4072
131.72,1251
132.45,1725
132.34,4486
132.84,3301
132.49,6980
133.09,11468
133,8710
132.94,11515
133.04,7098
136.76,10191
137.53,5530
138.47,11824
137.44,7009
137.95,4650
138.84,25636
140.13,11231
140.13,0
137.66,8035
136.23,11219
135.58,12972
137.59,15067
136.75,9598
137.57,13534
138.75,11429
138.41,11770
141.55,19151
143.53,18417
143.22,10359
142.35,14990
138.84,7788
141.5,7068
141.6,14408
140.21,13326
139.23,6508
138.4,18362
139.02,7627
138.41,2616
137.59,12716
139.05,43365
138.93,41099
139.29,48099
138.61,40844
139.66,17132
139.49,27139
139.01,11194
139.1,32152
138.66,4327
136.46,3770
137.03,7767
137.63,6554
138.55,6179
139.6,2844
139.48,5662
140.13,3662
141,14897
139.49,15917
135.4,10085
134.72,19955
134.93,14324
128.04,26106
128.57,14330
129.09,19785
127.92,7000
129.33,4230
128.37,10386
129.84,23497
130.28,7379
129.82,16983
130.72,10257
130.92,6799
130.41,15551
129.95,5039
129.69,6117
130.59,3285
132.93,2475
132.06,1581
132.33,4315
135.3,4866
135.05,4916
135.35,6502
132.97,3928
133.51,2803
133.13,4705
133.63,1491
132.85,3019
133.04,8250
132.37,4964
132.78,4440
132.08,5446
135.78,4988
134.53,8435
134.6,10721
136.5,3038
137.33,4976
137.54,7357
134.39,4028
135.34,4164
136.01,3632
138.87,25021
136.32,8220
136,19872
137.82,7700
137.11,20829
137.4,36321
137.89,7605
138.93,8132
139.81,13243
139.17,8244
140.11,2399
140.53,9162
142.25,9756
143.19,15455
142.97,10730
143.7,11996
144.23,18512
143.1,12455
141.2,6909
139.78,10863
138.11,7260
140.44,14010
139.43,5108
139.56,3618
141.54,3997
141.28,6338
141.8,6732
141.47,14610
142.43,15492
143.02,8217
139.58,6496
140.28,7473
140.94,6166
142.33,6232
142.67,9252
144.29,4952
145.03,8953
145.08,27130
146.58,11766
143.72,3584
144.03,2593
143.63,3303
142.06,3319
142.89,2485
143.1,2628
141.33,8586
140.53,11552
141.13,4976
141.29,4998
141.73,5001
142.05,4477
142.5,2419
141.73,8253
144.16,11255
142.01,7656
139.39,4858
140.86,7307
139.42,6524
137.54,4880
137.33,5815
132.93,11024
132.64,9742
133.35,13955
134.23,24038
134.5,10120
133.58,8731
133.37,4610
133.81,4371
133.37,5857
133.5,4875
132.7,4748
131.43,9816
131.65,1156
130.96,4316
131.76,1929
131.98,3375
131.34,1548
131.23,2318
131.29,1980
131.81,1606
131.86,2229
129.44,1695
130.41,1442
130.04,3316
130.06,2693
130.94,2314
131.41,4172
129.18,5678
128.16,2715
129.08,4316
127.9,2011
127.54,1983
126.92,5480
124.37,4605
124.85,5794
123.65,6828
122.98,9798
121.32,14150
121.83,17281
120.94,5519
122.06,3391
122.09,6773
122.05,2806
122.52,3195
123.55,7112
123.62,1744
124.11,6180
124.5,18710
131.14,18344
129.4,5545
129.69,13717
130.21,3694
130.06,3914
130.3,13440
131.67,2632
132.87,3542
132.91,2251
132.37,6317
131.75,20019
131.82,17020
127.67,6368
126.37,6947
126.43,15287
130.47,5301
129.81,6472
129.19,7107
128.27,3232
127.54,3829
126.85,6174
129.27,9217
128.16,11790
127.11,18728
132.41,28315
132.82,4944
132.3,20906
132.68,12809
131.94,4171
132.31,20676
131.68,21376
131.1,7415
131.48,22671
130.25,19544
131.8,8035
131.89,23453
136.13,23004
139.79,17967
141.71,43647
141.21,9484
140.34,4292
141.19,14921
137.46,5704
136.44,1100
136.55,6569
137.27,8787
137.94,3017
138.83,7218
140.54,3454
140.88,2209
140.71,6839
139.28,6325
141.59,3795
140.53,10677
139.3,1528
140.51,3326
139.89,6689
139.36,11896
140.71,1342
141.1,4222
141.92,2891
140.92,2317
141.04,11476
140.95,4136
141.34,5366
141.49,9416
142.73,2582
141.99,2145
140.82,6699
143.63,11409
146.65,3734
145.83,8795
147.07,9584
149.38,7580
150.7,10483
149.67,5396
149.64,1736
149.59,3140
148.91,3532
150.4,6383
150.51,9178
148.55,4882
148.57,2898
148.03,4044
150.69,2527
150.74,1329
150.26,4843
151.3,3404
151.32,2716
151.95,2195
154.5,9154
152.88,1937
153.72,6519
152.03,18544
150.76,5276
151.64,6872
150.72,4059
150.74,1764
150.86,11801
151.81,5195
151.06,1550
150.62,5652
149.4,2795
149.15,1043
148.79,5862
148.6,6291
149.83,3009
149.96,6323
146.81,5533
147.94,6614
148.66,6587
146.9,1822
147.79,402
147.97,5332
146.82,7779
147.27,5933
148.55,11161
148.3,4306
147.71,1434
147.64,6632
146.97,4166
147.93,3137
148.7,3050
148.01,6361
148.74,1744
147.68,3398
149.45,4313
149.03,4342
150.37,12727
150.26,11824
153.18,6152
152.13,18504
152.56,7902
153.4,4609
152.65,16162
155.36,13573
154.22,2091
154.02,4362
151.9,4040
155.43,4575
155.55,2183
156.86,2526
155.85,1512
154.62,2853
156.17,5065
155.37,2963
155.7,11755
155.82,4034
153.66,5402
153.99,3944
151.32,4360
150.25,4815
150.82,6225
151.63,2534
152.03,2101
152.09,4772
154.5,2163
153.32,836
153.99,3587
152.41,3742
149.6,1795
150.45,2438
147.71,10859
147.88,14845
148.67,8374
146.82,2351
147.01,3245
147.77,3582
148.61,4899
149.29,3848
149.15,2968
148.02,2799
149.06,2208
149.2,7136
147.31,5820
147.08,4495
147.29,4076
145.72,10112
145.11,9879
144.78,9413
142.47,2886
142.53,2818
142.22,5227
143.19,2439
142.09,1432
141.87,4429
140.03,7022
140.16,3282
138.98,14701
139.84,12476
143.14,10228
142.4,11268
143.33,1930
145.78,2513
145.27,8669
145.09,8838
145.44,4834
142.62,5113
143.69,4940
144.85,1230
144.81,6842
143.07,4880
143.39,575
143.56,1443
144.84,2212
142.64,3815
142.63,2569
143.24,3430
142.42,2069
143.03,7032
143.03,4012
142.33,3952
142.73,2556
140.7,6046
141.02,9924
141.44,6706
141.72,4266
141.33,1069
141.52,2681
142,3187
142.64,1711
141.47,5098
140.69,15854
140.92,2788
141.65,4398
144.2,6912
142.5,1391
143.18,9828
138.12,4223
136.31,5244
136.16,7646
134.21,3899
134.33,1894
134.7,8471
133.48,5727
134.12,4430
134.76,3895
136.4,4723
135.22,4340
136.24,6851
136.45,3229
136.45,10155
136.99,6291
134.42,6631
134.34,4520
134.4,5401
135.03,6927
134.16,1459
133.56,6304
133.27,3188
135.03,4728
134.37,11359
136.52,15536
137.05,12129
138.13,18095
139.5,3037
141.04,1919
138.71,8137
137.85,3808
137.69,4567
133.21,4000
134.94,3696
134.24,7883
135.33,11564
135.43,7758
135.36,14185
135.92,4531
136.13,4349
137.5,15167
136.9,6475
137.74,3011
137.55,3406
139.91,3959
141.89,2156
142.52,8930
144.44,11868
143.51,4752
143.86,7735
143.82,2052
143.13,1115
143.28,3398
142.77,1190
142.77,300
142.57,1548
143.31,3379
144.48,1031
143.58,6455
144.48,5311
144.61,2451
144.82,6256
145.47,9222
143.72,3257
144.26,4920
142.93,1781
143.04,302
142.89,5146
142.06,784
141.94,100
142.68,2348
143.21,8059
143.32,3913
144.63,2622
144.22,5267
143.83,2820
143.37,5978
140.64,2210
141.58,1895
140.72,6240
140.97,3535
140.97,1005
141,1634
142.95,7861
143.57,4209
143.46,5146
140.18,6055
139.91,1124
138.96,7227
138.12,3170
135.5,4212
135.78,4306
134.97,2068
134.3,1198
135.15,6882
136.38,760
136.94,1790
137.34,4989
134.79,3285
135.51,1270
135.28,5602
133.93,4443
134.97,301
134.8,2409
135.95,2251
135.31,1635
136.48,9662
137.86,1908
138.07,2059
136.01,7542
137.2,5147
137.57,1663
138.43,11304
137.85,905
137.76,1211
138.17,4319
136.76,6314
135.66,12230
134.35,25982
134.44,6906
134.61,7867
135.18,15312
134.94,6954
134.31,7265
132.96,9434
132.03,3829
131.89,1501
131.9,5814
132.64,3612
132.41,2937
133.24,4613
133.85,2133
135.08,1946
134.36,4911
137.61,2266
137.88,2832
136.97,4925
136.76,2384
137.39,2069
136.53,15534
135.79,3811
134.4,2970
134.56,2954
136.62,1825
137.74,2738
137.89,1829
138.67,15028
140.59,7847
139.92,3004
141.59,3461
141.22,1260
140.74,10004
141.25,3487
139.6,1414
140.27,7801
140.39,8290
140.66,9986
140.58,8393
139.81,9941
138.59,5854
138.79,15529
137.83,3886
137.21,5238
137.4,6817
137.55,6312
138.04,2733
137.24,10341
138.84,1096
137.01,974
136.98,10392
137.36,471
137.74,1181
137.18,7372
137.18,1433
138.47,2819
137.77,7235
138.92,812
137.54,1560
137.69,2592
138.87,1686
139.24,1402
139.65,6441
142.16,4658
142.5,3740
141.29,5352
140.7,5411
141.32,2207
141.23,7076
141.15,3434
140.41,1152
140.41,1655
141.18,1503
141.62,3026
141.87,3477
136.36,2100
136.62,1254
137.98,9081
139.11,10020
138.54,4808
137.85,9400
136.48,1858
136.48,1922
135.76,10428
133.75,13859
131.94,8359
131.96,18715
130.05,5168
128.13,9463
127.97,18006
130.37,3348
130.19,1869
130.78,4647
131.81,3030
130.48,1637
130.26,5734
127.79,15425
127.27,8838
126.75,7633
126.12,7170
127.01,1924
127.34,5932
125.63,6730
125.91,2250
124.94,5131
126.55,3963
125.99,2496
126.9,4240
128.05,3157
129.4,1100
129.43,4164
131.23,5086
132.5,6425
132.42,4996
131.95,6603
132.39,3129
131.33,5914
132.11,2817
133.07,1330
132.94,4450
132.44,5521
132.24,5363
131.06,6999
133.67,17886
135.57,6014
136.21,12027
136.33,16409
136.99,1294
137.3,10282
137.14,4211
137.9,1650
136.76,4892
137.75,10280
137.34,4919
137.08,2098
135.85,10431
135.36,8307
135.99,11299
136.56,11184
136.47,1938
136.04,6767
134.76,1524
136.03,8054
136.98,5295
135.35,6954
134.91,2305
135.73,9683
135.93,7838
136.03,2926
135.78,7085
130.32,9802
130.77,2146
130.35,5839
132.17,2895
131.12,1470
132.58,6602
126.73,17241
125.7,23640
126.48,71979
122.62,17166
120.43,13141
118.71,49158
118.8,15692
116.5,22347
116.97,39055
117.07,22436
118.41,12827
119.07,30071
121.91,19889
121.95,58885
122.75,63879
121.73,4437
122.09,4106
121.67,10681
119.57,8537
119.19,3484
119.84,3959
118.71,3854
117.9,3826
117.52,6948
118.57,3160
118.45,1884
117.97,6399
116.27,3783
115.92,2052
116.31,14368
114.71,4338
115.26,4934
114.82,5547
118.05,5127
119.12,4986
119.08,4404
118.14,5813
117.7,9348
117.75,7448
119.27,4488
118.24,4124
118.92,3097
117.96,633
118.62,1545
118.16,2570
116.02,4014
115.15,9318
114.67,19614
116.41,4903
115.34,7763
114.4,6451
114.81,6618
115.23,4195
115.79,2755
115.33,2055
115.33,0
113.31,12141
114.02,6967
114.05,7562
115.06,24241
115.52,4670
115.24,11108
112.88,6439
112.18,9947
111.49,12647
111.74,13651
110.15,10405
110.24,20201
110.42,8720
110.74,5164
110.72,4507
107.35,6294
108.26,8245
108.4,8503
104.8,8850
105.38,5785
105.46,15591
106.04,11374
105.64,10672
105.18,18164
105.1,15643
106.04,5507
105.41,9764
106.7,10169
105.09,8083
106.26,10692
104.9,14954
104.62,4407
105.17,6355
102.28,23302
101.31,11926
101.1,35106
101.91,11128
101.94,25375
105.34,24497
110.06,17022
110.47,20749
109.78,20474
109.5,9790
109.43,16322
109.1,14956
108.86,3721
108.92,16734
108.34,31522
109.94,18432
109.38,22150
109.23,26320
108.27,7908
108.34,11195
107.32,17697
107.63,11149
107.37,9440
107.49,11475
110,4011
110.34,2153
109.72,4073
109.39,1200
109.01,2786
109.42,1974
111.39,3440
111.38,1949
110.52,8192
110.4,3883
109.76,4941
109.54,3442
108.98,1180
108.19,4953
108.91,4277
109.62,18622
110.55,11907
109.86,11082
108.09,44262
111.22,17969
110.04,24579
109.7,2199
108.77,3133
109.32,3933
108.54,6170
107.77,7932
107.8,8020
107.55,13719
107.47,3182
107.36,9700
105.32,6461
105.11,8383
104.85,10360
104.05,12113
104.41,13468
104.31,13198
103.18,8383
102.92,8168
104,13366
106.17,5904
107.25,2895
107.17,7833
106.88,9349
106.22,7205
107.13,8993
106.18,6062
105.54,7685
104.99,8262
105.27,7257
104.99,4948
105.88,7823
105.05,4211
105.04,6828
105.52,9987
105.63,4846
105.45,3280
105.49,3650
106.63,5920
106.87,6835
107.4,19975
106.01,6782
106.52,4764
106.14,7401
106.8,2939
106.29,8015
107.11,13729
107.4,1004
106.67,7394
106.77,19557
105.97,4816
106.89,3371
106.78,7643
105.46,2513
105.63,3927
105.98,4507
108.89,7440
107.43,12437
107.44,21427
108.06,7290
107.9,4637
108.27,5291
105.28,6120
105.08,1900
104.91,8031
102.35,2879
103.62,1967
103.14,10612
104.35,2207
104.92,1236
104.86,9106
105.27,4416
105.61,10383
105.85,12393
105.85,4789
106.23,7310
106.58,14484
106.15,12372
106.49,19009
106.88,12111
107.57,23744
107.86,17930
107.4,17355
104.19,7749
104.25,10982
103.66,11292
104.29,4630
103.98,3670
104.22,3499
106.59,4088
107.42,15694
108.32,12608
108.24,3692
107.6,4424
107.64,7550
107.87,13175
107.13,7718
106.37,9526
103.88,17468
104.37,6926
105.19,10638
104.55,3893
104.35,4858
104.65,4392
104.41,6578
105.22,3272
105.83,4926
104.4,12419
104.03,14390
104.19,12364
104.49,4544
103.69,1690
103.34,9016
102.68,4468
102.71,2913
102.87,9242
103.66,3115
103.8,2176
103.21,6993
105.34,27629
105.24,9437
104.77,5875
105.85,25259
106.37,7988
106.99,13503
109.48,42102
110.05,6124
109.46,26543
112.1,6856
109.79,4912
107.89,18129
110.72,6334
110.66,5431
110.58,12351
112.61,6627
113.17,6793
113.36,9376
111.93,13511
111.35,12046
111.64,12899
111.26,8698
111.48,10773
111.59,37702
112.43,7900
112.64,3325
113.32,28690
113.78,13338
112.7,6572
111.92,15784
112.61,6581
111.96,3136
112.67,17541
113.8,4849
115.29,1696
114.38,8625
113.19,2817
113.23,1360
113.25,5540
113.08,2762
112.95,2616
112.83,10772
116.03,4497
114.64,3644
115.14,6375
114.06,2882
112.62,1050
112.71,3192
114.12,4438
113.39,3597
113.38,5818
113.32,3291
112.94,1600
112.44,3960
113.66,2099
114.11,3074
114.87,10480
116.25,11655
117.51,10109
117.15,13337
118.68,5789
119.76,5619
119.11,11150
118.31,12888
116.94,5198
116.83,7963
118.02,16797
118.6,6805
118.8,23855
118.55,7535
118.06,4627
118.35,8976
117.53,2867
120.08,5271
120.14,8147
118.19,6486
118.15,5079
118.54,5572
119.11,4525
119.55,3358
119.34,7936
118.76,8829
118.95,7748
118.87,15579
118.2,2824
119.13,4067
120.08,5017
120.31,26710
119.81,8099
117.44,20173
116.26,24044
115.43,1183
115.4,10903
113.02,7506
114.79,12438
114.55,22262
117.26,8205
117.53,12587
117.97,31156
119.79,13350
119.49,8447
119.23,19861
119.96,8921
119.93,4902
119.3,14013
116.76,7857
116.49,10374
116.39,22246
117.39,2681
117.14,2457
117.19,17966
117.47,1124
117.28,2495
117.26,9444
116.25,1710
117.82,616
119.44,2717
120.72,3278
120.46,901
120.93,3433
120.22,9827
121.3,4486
121.35,5240
119.98,2355
119.62,3728
119.52,6102
119.09,2275
119.31,1334
120.14,11512
118.95,9573
118.81,2803
118.96,5531
120.6,8710
119.99,4863
120.72,15009
123.94,4022
124.12,6158
124.14,14199
124.19,5277
124.08,2933
123.29,9133
123.89,2880
125.03,3638
125.08,4750
124.65,5388
125.01,2545
125.12,5079
126.12,12217
125.69,4455
125.6,15230
125.9,1295
123.79,2143
123.71,3407
124.77,1302
124.23,671
124.35,2431
123.52,5412
123.97,4514
124.62,8867
122.25,7138
123.83,3450
123.7,13358
124.99,3064
125.3,1455
124.99,8676
126.75,5066
127.22,6107
127.21,8593
126.71,4228
125.45,2092
125.25,7236
124.68,7534
124.25,2447
123.34,8414
122.41,8125
120.42,2933
118.85,11204
120.14,7083
120.95,1956
120.44,4909
120.83,2902
122.59,1635
121.93,11833
121.28,4628
120.82,16941
120.56,5729
122.61,3064
122.26,712
122.48,6591
122.87,6707
121.45,3840
121.66,6592
121.7,1437
121.34,100
121.6,2506
117.49,10361
117.29,7577
116.62,9361
117.56,7431
118.23,543
118.11,6833
118.91,3228
121.23,1184
121.54,4589
118.73,5010
116.56,7659
115.52,13920
116.81,3730
117.7,1876
117.89,6121
115.99,12430
115.74,4326
116.02,12606
117.94,6183
118.84,3357
117.61,6903
116.18,6081
114.52,7152
115.31,8729
113.4,6166
114.01,4232
114.12,6792
114.53,4941
113.02,1245
114.5,7538
114.98,6136
114.29,3249
114.51,5343
115.62,5518
114.86,1913
115.72,1447
115.21,6636
115.51,3351
115.3,9352
117.3,1612
116.39,2533
116.69,2655
116.58,2503
116.6,2800
116.63,10102
115.96,3121
115.76,2551
116.25,8120
118.48,4223
118.45,500
118.4,5829
118.45,9881
117.96,3540
117.77,7946
117.25,1362
116.38,1170
116.23,2138
119.37,5034
117.09,3495
116.8,4207
120.52,14119
122.05,5073
122.32,6412
122.48,500
122.69,5207
120.57,3107
119.85,2558
120.14,3778
121.36,2001
120.75,1022
120.66,2936
123.27,3156
123.03,736
122.67,8494
124.22,3848
125.33,9985
125.85,14843
126.25,3861
126.57,3355
126.89,3470
125.84,6310
126.8,2743
126.55,2730
125.93,3447
128.11,3994
128.35,7462
129.4,4814
127.29,2186
126.12,8157
125.83,6045
124.84,429
124.38,4259
123.38,4672
123.21,5642
123.1,11074
121.85,6536
122.56,4427
122.35,7997
121.79,5982
123,5407
123.29,12121
125.26,5905
125.77,2546
123.93,2976
122.27,4554
122.88,3336
123.2,6092
122.94,1800
123.61,1987
123.53,3910
123.08,1850
122.78,4047
122.58,6223
123.85,3144
124.02,4184
125.14,6172
126.85,3469
126.82,2756
126.58,8206
126.4,5876
124.53,2080
125.01,7281
125.93,10840
123.29,8200
123.06,21704
118.09,21248
118.61,8084
118.16,10220
119.73,3537
118.43,3162
119.29,28901
118.57,5183
118.25,8465
116.85,24252
118.02,2079
118.23,1329
118.72,8527
118.58,2210
118.59,1285
118.79,3003
121.31,4315
122.46,5284
122.52,7684
123.42,3939
123.37,1236
123.72,9697
116.01,39606
113.63,14306
113.72,29206
118.27,8650
118.65,5059
118.07,13654
118.62,9866
119.5,13886
120,17612
120.57,9682
121.23,2733
120.92,6190
123.59,5593
122.82,1823
122.85,7894
123.39,3878
122.7,905
123.19,12101
119.96,4506
120.35,2708
120.05,5691
121.42,5287
121.89,1811
121.97,3931
121.91,5948
121.71,1318
121.97,6892
121.36,5291
121.99,2022
122.7,6999
121.64,1120
120.27,3066
120.35,8476
122.14,2844
121.49,200
121.56,3040
121.12,4102
119.73,1380
119.64,7268
118.24,11371
118.06,6681
117.38,19286
117.72,7303
117.22,6270
117.04,13023
118.42,3225
117.43,1025
117.6,3329
117.65,5841
116.97,6860
116.84,7661
117.6,13679
117.96,5853
118.04,12362
117.89,10040
118.4,3602
118.31,7420
118.2,1312
118.93,1054
119.8,12327
122.12,4151
122.84,6998
124.23,10767
124.82,9141
124.79,5067
123.97,12712
123.26,4743
123.41,6579
123.88,10008
123.17,8425
123.85,6200
123.43,14112
122.68,5095
123.13,3587
123.03,27999
124.55,13855
124.85,4732
125.04,6129
125.48,5292
125.96,5014
125.96,21624
126.62,10065
126.06,8060
126.04,36167
125.09,13069
126.48,6106
126.77,20094
127.41,1510
127.74,3267
127.96,12042
127.88,13570
128.14,6015
126.92,15268
126.57,7703
125.18,8860
124.1,18764
123.02,13852
122.62,6900
122.72,23978
122.4,8544
122.15,6264
122.93,13308
123.31,7986
123.03,4218
123.02,22670
120.91,13226
119.81,8971
120.39,28803
118.87,17223
119.45,5325
119.3,23276
118.75,9375
119.28,5731
119.13,14927
118.46,7604
118.33,4245
118.9,14766
118.23,7361
118.46,4721
118.66,13060
120.82,2535
120.43,5685
120.94,18210
122.51,11890
122.48,9194
122.4,24865
121.88,8213
122.24,1764
121.8,3897
121.58,12355
121.84,14634
121.96,13024
123.99,14108
123.46,11220
124.44,23739
125.47,5376
125.52,3936
125.57,21818
127.28,3450
129.28,5818
129.94,19555
132.29,44806
131.53,19934
131.99,61015
132.51,19613
133.27,7273
134.02,22711
133.66,18767
133.58,11555
133.44,19880
134.34,51773
132.51,17483
133.37,15835
134.43,14066
134.47,5818
134.64,19977
134.82,32381
134.96,12657
134.51,21456
135.29,5788
134.74,6008
135.41,13470
134.3,17300
135.11,12856
134.92,30833
131.78,20964
131.28,4018
131.62,10506
131.14,20240
131.71,25157
131.02,33958
130.4,3048
130.47,698
130.1,3781
130.37,4064
131.19,5007
132.02,15823
128.79,20544
129.16,13329
129.61,18506
126.92,13277
126.47,15340
124.87,36386
122.8,6899
121.58,20010
120.78,30583
115.11,21884
116.11,13675
117.05,66254
113.29,16951
112.72,9846
113.21,15192
113.4,9467
112.55,4879
112.41,7702
113.08,22333
113.18,10717
114.19,8795
113.67,3768
112.79,7456
112.65,10334
116.93,10546
116.37,6462
116.94,8117
118.88,3123
119.25,1994
119.36,8243
119.29,5710
120.13,2102
119.97,7632
120.61,1953
120.83,4761
121.14,9995
122.41,4806
122.48,2436
122.15,5960
119.52,4158
118.86,3650
119.16,8951
118.69,9880
120.1,5319
121.22,14366
121.27,2367
121.36,2712
121.19,4376
121.65,6557
121.65,0
120.32,1889
120.09,4449
120.2,5037
121.69,3929
122.46,3868
121.57,8323
121.62,8156
121.31,2346
120.89,8242
120.77,4645
121.75,6201
122.11,13728
120.84,6454
119.77,4197
119.42,13258
123.18,1006
121.97,1177
121.49,5671
121.16,1591
121.19,4090
121.37,4400
122.88,4641
122.93,5487
122.72,4275
120.89,5457
121.1,1667
120.77,4914
118.07,2553
118.72,2912
118.72,5239
118.28,4363
119.32,979
118.69,6013
117.58,4114
117.55,2682
118.17,3477
118.66,3325
118.06,7638
115.86,9936
115.9,5428
114.78,3356
114.35,21069
114.99,4327
116.24,3671
115.81,5557
116.96,12763
116.96,0
118.93,5237
118.93,4246
118.82,3778
117.3,3453
116.76,2742
117.69,5825
115.44,2064
116.78,2571
116.55,4207
116.15,2074
116.23,1800
116.71,4320
118.84,8492
119.3,4830
119.17,8575
120.43,5236
120.87,2550
121.26,3834
120.76,2979
120.71,2095
120.08,4518
123.55,3477
122.46,2893
121.43,5877
124.06,15101
124.36,6234
126.01,4143
126.05,2797
126.57,3652
126.12,11227
124.18,6945
123.36,7362
123.32,8903
124.78,1084
124.9,1182
125.12,4904
125.74,4683
125.89,4910
126.01,8415
125.72,4178
125.2,11036
124.23,8521
125.07,5766
125,3147
124.66,6335
129.92,15449
129.9,8320
129.4,18039
129.71,7616
130.35,7512
129.48,7364
126.75,5923
128.26,6760
127.62,16688
129.58,814
129.78,1040
128.91,4008
127.22,6724
126.27,2359
128.55,6606
128.87,3297
128.47,2153
129.7,6081
130.26,9565
129.39,11730
129.75,10679
136.2,10396
136.08,2596
136.11,9821
136.51,15699
136.8,16528
135.57,12759
135.14,12246
135.35,30364
135.24,19657
137.35,4502
137.23,3666
137.35,4722
140.69,13362
140.76,10663
139.45,13865
139.98,2001
140.41,4283
139.53,5161
140.16,3473
140.83,2318
140.1,9541
141.86,11192
141.35,4309
141.68,15346
141.87,2595
141.72,1567
141.61,6706
140.26,6490
141.71,4055
141.03,7020
141.65,4255
141.74,1570
142.44,4282
139.4,4781
138.73,2818
137.3,5063
138.27,8560
138.53,6868
139.38,14240
137.37,2706
138.1,2520
138.76,6047
139.12,6490
139.44,8188
139.85,8476
138.11,5043
138.36,5967
137.62,5885
137.57,2396
138.98,1421
138.99,2476
136.31,6642
137.07,3084
137.78,6112
139.48,5021
139.46,5692
139.61,8894
138.06,21935
142.11,15803
140.38,17722
142.48,17933
141.32,14367
141.7,39653
143.82,3889
143.74,12171
140.13,11747
140.25,14371
141.9,7932
142.62,11358
143.46,13559
144.12,7060
144.35,12334
144.23,7637
143.29,4802
141.29,30897
140.65,28437
141.38,17517
142.43,25370
143.7,25107
143.9,18238
142.93,28189
144.07,6333
144.45,5025
145.85,18347
148.59,13479
150.53,37863
147.6,54727
149.8,15945
151.18,13511
151.2,45067
154.13,15563
152.37,7981
153.12,20253
153.43,13437
152.66,11482
153.31,42927
152.74,2121
152.42,1395
152.23,13406
152.19,8770
154.98,4165
155.3,4961
152.29,2583
153.48,7678
154.21,12273
155.95,10506
156.06,5173
155.19,17230
156.37,9456
155.23,3920
155.16,13949
153.51,8086
153.49,5958
152.35,18446
154.27,5719
155.09,5415
154.7,14848
157.92,20697
156.08,14281
155.27,20274
155.72,16299
154.87,11292
155.53,14137
156.79,5212
156.45,8479
155.44,13028
155,6018
155.38,3352
154.78,9407
156.91,17570
159.33,6329
157.46,16069
150.3,25240
146.85,20548
147.14,43422
144.66,33148
143.83,13000
145.71,10944
147.78,8046
146.57,4986
144.3,17802
147.32,10814
146.49,14108
148.96,48293
152.98,23331
153.91,21277
156.8,29438
164.9,36607
163.6,18925
164.54,28903
166.57,39772
166.57,29446
167.88,60570
169.4,17871
169.46,16378
167.27,24663
172.06,11956
170.46,14820
169.98,36119
170.09,14390
170.09,17312
170.22,21786
173.4,16254
172.17,7253
169.79,22639
174.46,28212
174.96,22577
172.03,31609
166.66,33679
169.12,19006
169.55,74675
169.19,7744
169.34,11411
169.79,19643
168.47,9884
168.91,1881
168.77,3628
166.79,13042
167.16,3702
167.92,38734
169.41,19907
168.06,7164
168.27,34387
168.47,13554
169.91,7220
170.31,11054
165.52,7293
165.74,3892
165.6,13236
164.52,10993
163.59,5588
163.22,10251
164.82,3413
166.29,714
166.22,9622
167.48,11960
168.18,11393
169.32,20378
169.85,14559
169.75,7370
168.99,23399
166.91,19123
166.14,7654
164.68,19844
165.32,10047
167.79,5344
167.6,21181
159.52,30410
158.36,24011
156.67,35701
156.4,9961
156.31,11815
155.78,12338
154.83,14735
153.92,7161
154.19,32602
155.8,1686
157.42,1300
157.4,8196
156.47,5708
156.42,1728
157.23,6479
158.6,6159
160.02,3117
160.34,6098
161.78,2341
162.05,2912
162.63,19212
163.58,1927
164.14,516
164.23,15515
161.72,5752
163.12,3851
163.75,12731
165.16,5199
166.62,2532
167.34,3876
166.77,5025
166.3,3384
166.91,15294
168.09,5563
166.01,2733
166.76,4306
166.55,2126
167.49,984
167.95,5339
167.31,6435
167.49,3829
167.87,16570
175.51,14124
175.81,17571
175.79,15317
174.17,5088
175.08,3184
174.93,5943
176.03,3285
175.99,1379
176.62,4366
176.33,10609
172.85,7691
172.61,26716
167.36,15369
166.54,9034
166.55,14628
165.55,7114
166.28,4762
166.1,7941
164.85,5405
163.19,4346
163.34,15923
164.07,3017
164.19,2604
163.36,9032
165.85,8230
166.47,2699
166.42,11290
168.36,3281
170.28,4491
170.2,15782
170.82,9549
170.87,6673
170.45,22642
169.57,6417
169.11,4649
168.3,13927
168.31,4159
167.74,8258
168.01,6667
167.56,4841
166.73,3710
166.24,12398
168.21,4521
168.39,1898
167.42,14569
162.56,5049
164.52,3417
165.15,7956
164.52,8118
162.73,14907
162.98,43356
162.73,5634
163.67,2132
163.26,8889
160.41,4608
160.33,7007
158.89,44525
160.61,2213
162.36,1478
162.82,14249
164.22,1405
163.14,1507
163.48,7564
162.86,8240
161.28,13500
163.27,20268
164.55,4017
163.54,11675
162.78,15026
164.43,8264
164.91,19453
160.39,31862
156.83,13963
157.97,31165
157.44,7619
158.22,1382
157.82,5971
157.21,9412
158.78,6563
158.82,14417
158.58,5622
158.53,3312
159.23,15779
160.3,4583
158.47,3839
157.8,8178
155.78,7785
154.47,7697
155.79,11727
156,18228
156.67,5385
156.24,18063
152.99,4259
152.76,2135
153.79,6511
154.68,6475
154.69,5273
154.21,5926
155.83,5015
155.89,3584
155.63,9851
156.28,28077
159.16,24550
159.52,24636
160.46,9112
160.06,10289
160.76,32391
160.92,8178
161.28,7799
162,32895
163.34,21212
160.92,11935
162.32,23865
159.14,7321
159.88,10370
159.56,14440
158.33,20712
159.69,13567
160.49,39298
159.8,9673
159.03,5272
159.54,8856
158.04,21065
158.87,16963
158.04,24737
160.83,44837
161.32,30713
159.77,34080
163.77,2228
165.39,1295
165.03,14101
166.97,24940
169.95,8684
169.96,13958
170.53,2896
170.64,3966
170.46,9537
171.03,10443
170.47,13372
170.74,12527
171.87,8651
171.55,5539
170.93,17108
170.57,11853
174.61,12009
173.9,16937
176.21,11496
175.9,2432
176.58,9020
177.34,3473
177.98,6352
178.82,22362
178.19,11396
176.5,4329
175.63,13227
176.33,7459
177.05,10754
175.7,11219
176.07,11162
174.72,10460
174.56,10396
174.46,14125
173.46,4426
173.45,4097
174.55,20908
176.2,7931
177.16,10803
179.51,7976
181.42,1046
180.59,3744
181.53,16762
183.98,4415
184.26,13009
184.09,4730
183.42,1198
183.24,11390
182.59,1428
183.7,100
184.85,2863
183.17,9334
183.82,1774
184.09,9798
183.33,3180
184.39,2540
184.79,8840
184.19,13467
187.59,1647
187.83,2229
188.03,8694
189.5,3247
190.26,8312
190.48,9564
189.77,1590
189.81,15022
187.99,10964
188.42,3669
188.06,20664
191.76,24505
192.76,2590
192.72,9154
195.03,4395
195.65,1453
196.36,8640
197.03,8342
196.09,8788
195.56,19450
195.87,8200
196.54,3989
196.07,14541
199.3,7570
199.43,1613
201.16,11381
201.28,6525
201.21,10219
201,36832
200.08,4017
203.29,2997
203.12,11894
202.95,10290
201.46,3303
202.07,20761
201.32,7942
200.84,1009
201.57,6765
199.2,9804
199.4,4466
200.53,8631
205.57,20239
207.85,10848
210.65,25435
212.95,26112
213.1,8106
213.74,28651
214,12778
212.81,7726
213.41,17254
212.38,7238
209.36,6208
209.48,11208
211.42,23356
212.07,15166
212.15,37884
215.14,4328
215.9,4682
216.3,7567
220.65,11363
220.41,5956
218.89,13376
220,14253
219.87,6413
220.27,20457
223.33,9174
222.83,5531
221.76,21503
217.8,15622
212.1,8546
216.49,11930
217.96,3613
218.57,4380
219.07,4947
221.27,19836
221.78,16744
221.9,23851
220.57,22119
217.41,11776
217.64,22486
214.69,18013
213.49,15208
211.94,29071
208.27,29501
205.01,8173
202.77,27615
204.09,8060
203.54,6776
202.26,11244
208.1,5134
209.69,2835
210.98,13139
207.91,26494
207.61,7236
207.25,25263
209.44,19020
207.47,23333
206.81,18154
212.53,30216
216.49,4242
216.14,30947
205.22,36605
201.19,23305
202.34,15419
205.77,4109
205.98,2015
204.38,31265
195.19,79770
194.53,45510
193.28,66759
193.11,12166
188.25,14607
188.97,34004
190.82,9117
190.9,3856
190.47,11483
190.24,4941
190.57,4931
189.83,9497
185.07,11538
183.92,7853
183.95,17601
184.31,12967
185.16,12105
185.56,31840
186.25,5154
186.44,5535
187.03,18609
187.45,15716
189.08,14668
188.95,7779
187.97,44493
186.64,8638
186.63,25143
186.27,3012
186.75,8522
186.69,39733
183.51,7775
184.2,8749
184.62,12983
187.72,11974
187.3,3329
187.11,6441
189.04,4987
187.74,4142
189.17,12694
187.79,5106
188.64,2815
190.04,6057
193.51,14596
193.57,15687
194.04,13994
193.16,2773
193.21,783
193.88,3547
198.08,9093
198.62,5223
198.97,8792
198.36,5082
197.84,10418
196.04,10036
194.64,9946
196.75,12368
196.32,16555
196.39,7841
196.29,4082
193.16,21763
193.57,8229
194.52,7731
195.7,9216
194.99,1950
194.77,4053
195.16,6052
195.31,6228
190.29,2952
189.95,9769
190.25,4395
191.1,5039
190.71,9954
196.5,7294
196.43,5489
197.47,8344
199.03,6333
199.68,8966
200.26,28002
203.71,6086
205.1,12725
206.77,14507
208.69,17364
208.69,0
206.91,2556
207.68,2018
207.79,10182
198.96,7069
200.53,5088
201.05,7196
203.38,6560
202.59,3776
201.98,8904
202.75,3263
203.22,7525
202.83,7524
206.03,9236
205.67,5757
202.52,11884
201.18,1838
200.97,932
200.72,8454
202.44,3295
201.81,2640
202.52,12628
204.38,8704
204.76,6969
206.01,8010
213.04,2538
213.62,2617
214,20446
215.5,5322
216.29,4643
214.64,5212
212.69,3938
210.75,4960
212.22,10091
211.6,10530
209.26,8675
209.85,11402
206.45,4691
208.95,5744
206.67,15964
208.03,7484
208.26,3670
209.2,7996
211.78,3068
212.99,1007
213,11510
214.45,3866
215.19,1293
214.54,5906
213.49,3890
214.26,5984
214.74,6792
214.22,2503
214.22,0
217.99,843
216.82,463
216.96,1347
207.84,7184
207.26,4109
207.67,7426
208.59,2065
209.31,1723
208.58,7179
208.58,0
207.35,1018
206.44,4841
205.19,3044
204.42,2378
205.33,3999
215.78,3974
215.48,2961
213.35,11878
215.21,8056
217.31,4038
217.82,8083
214.47,16067
215.35,4602
217.64,4065
218.76,1863
222.01,14815
222.61,15923
235.95,25033
230.9,15175
229.91,14082
232.39,2351
233.82,7418
231.43,24533
233.38,8167
234.61,4648
236.92,13896
236.79,5481
235.65,6534
236.7,11014
237,7692
237.68,3674
240.11,11023
238.77,9755
241.38,4782
241.63,17457
251.44,11896
252.62,6657
251.32,20725
253.52,3125
252.56,6205
251.38,8092
259.94,5236
259.76,6733
259.73,16148
259.14,21310
253.11,23738
255.28,38674
264.3,10844
265.33,16697
260.42,29305
259.57,8798
257.45,8302
258.92,14183
264.66,6511
266.95,7081
265.65,12517
257.33,24299
260.64,11859
258.9,16457
243.37,19715
235.77,16857
236.86,36886
230.67,13206
229.58,7168
231.88,11072
237.67,18514
235.23,11911
236.58,21054
235.66,18687
235.25,8956
237.58,6677
228.07,10321
225.49,12125
225.04,18018
231.72,4647
230.71,8206
230.84,10887
241.82,3382
242.43,4089
245.39,8823
249.3,6122
251.34,3760
254.56,7568
254.01,3471
255.96,2981
255.98,3593
251.26,4856
245.41,7886
244.42,9388
247.77,2284
251.42,1103
250.27,2267
245.34,1747
248.76,1238
248.53,6614
254.41,3056
254.53,6008
253.23,8316
254.8,3418
252.41,2782
253.11,3108
255.79,8973
258.31,13597
259.05,23051
263.32,1361
267.19,4159
269.33,5744
269.05,2115
270.48,3493
273.43,11352
275.23,9529
276.52,9069
275.99,10961
275.33,1911
275.62,1000
277.83,4438
283.03,4343
280.77,3064
278.87,7809
270.53,21803
271.68,25432
275.79,29980
259.57,5615
260.25,8930
259.22,37127
263.4,4464
259.86,2039
262.61,3512
250.26,10762
247.93,9714
249.99,17045
257.89,4882
258.12,15732
261.11,17234
250.33,1442
256,3013
256.71,6827
266.69,3201
266.12,2834
265.15,12723
262.8,9231
261.92,3511
263.07,7529
263.07,8017
264.38,3032
262.86,9940
257.5,9023
251.66,9442
252.95,25440
256.22,8674
252.69,9379
253.625,20029
258.835,7553
255.21,844
256.195,7189
245.37,14740
245.515,10726
245.625,42201
229.29,18746
229.7,21854
228.15,41088
226.035,15587
224.42,12809
222.93,14739
229.475,22420
227.3,12846
229.66,38903
226.95,6262
229.99,9304
230.85,21135
233.56,10205
234.505,5677
233.88,10149
234.775,10232
232.99,8067
229.7,22957
230.705,10600
234.09,45146
233.02,65707
235.27,29501
236.45,23867
234.175,41422
242.52,17683
242.405,8503
245.54,18302
252.69,11613
258.865,5614
258.375,10323
255.43,5311
258.145,9021
259.07,17282
257.97,10797
256.44,7718
255.94,14458
255.765,3420
260.02,2212
259.115,8244
267.3,10986
267.91,3977
267.035,10664
267.145,16141
263.97,3715
264.2,12850
262.485,7181
260.82,3894
261.13,11098
260.53,1949
260.695,947
262.04,5197
263.42,3059
260.69,1782
259.745,43618
258.7,3270
257.01,2498
257.63,10044
258.445,5257
258.22,2399
257.93,6981
262.015,16487
264.51,5120
262.86,12907
258.82,5819
257.95,4152
258.125,18522
255.35,15391
249.9,11930
249.97,34939
251.475,5621
248.12,1709
247.44,24748
245.5,1469
245.85,6205
243.92,13516
242.93,12169
242.52,1457
242.385,9677
241.73,6324
240.2,13566
241.25,7060
234.46,6011
231.96,5389
232.64,20054
229.855,13996
231.9,8089
231.265,25911
228.9,12256
230.95,6916
230.77,14503
231.95,7639
226.74,2702
226.985,10606
225.325,7268
224.83,4432
223.99,10098
226.19,7082
226.06,3899
226.495,16368
233.5,19981
233.16,12837
233.97,21066
236.725,10838
232.755,9039
230.84,17247
230.2,7313
230.53,5897
230.79,24760
237.01,4004
237.93,2215
236.78,26515
235.61,27372
230.26,19278
233.025,53241
235.27,12867
241.095,19307
240.3,18706