16.71,11716
16.26,4192
16.49,12470
17.96,12624
17.52,3660
17.8,13850
19.41,12226
19.6,2800
19.51,14550
20.45,8596
19.96,866
19.96,8110
19.13,5860
19.69,3580
18.84,21638
19.87,3962
19.64,4424
19.69,27724
20.63,2936
20.72,762
20.28,5004
19.95,1414
19.84,4862
19.87,4684
20.03,2418
19.91,1008
19.81,2278
19.6,200
19.39,1066
19.64,9302
19.86,2246
19.59,4452
19.29,5130
19.74,2072
19.34,1674
19.8,7824
20.58,4724
19.88,6298
19.83,13816
20.08,6448
19.88,2104
19.63,8564
19.05,1830
19.49,850
19.45,4742
18.81,2100
19.05,1786
18.91,1478
18.91,0
19.32,1542
19.28,2038
19.12,408
19.18,200
19.2,8260
18.62,1600
18.64,2798
18.72,2822
18.69,2844
18.51,1294
18.73,4918
18.22,664
18,2976
18,4710
18.29,3210
18.26,804
18.06,1534
18,200
18.21,600
18.24,1272
18.28,4244
18.5,1006
18.49,8940
19.13,9676
18.43,5004
18.4,3968
17.8,1284
18.13,2914
18.26,7306
18.66,1908
18.66,0
18.92,1806
18.88,4302
18.87,1712
18.75,2024
18.89,2936
18.46,1698
18.31,2916
18.13,3210
18.3,2686
18.09,10530
18.02,2446
18.47,1412
18.57,6062
18.57,0
17.7,1534
17.47,2966
17.48,600
17.49,1876
17.26,5156
17.04,416
17.11,452
17.34,1002
17.37,800
17.38,200
17.6,606
17.6,0
17.1,420
17.09,822
17.35,202
17.16,468
17.44,602
17.5,1604
17.21,400
17.26,1202
17.06,924
17.11,762
16.92,1202
17.1,616
17.1,0
17.11,1724
17.3,266
17.3,0
17.48,8914
17.27,1066
17.65,1222
17.35,1546
16.85,914
16.7,200
16.71,1542
16.74,5866
16.62,1402
16.52,1472
16.97,608
16.97,0
16.54,3340
16.18,2008
16.45,1202
16.29,866
16.61,1244
17,200
17.19,1158
17.57,200
17.72,200
17.59,2692
17.54,1060
17.43,520
17.55,400
17.61,200
17.61,0
17.66,400
18.29,3082
18.24,1466
18.22,1202
17.96,200
17.96,0
18.22,624
18.07,600
18.18,200
18.24,1010
18.63,1000
19.19,200
19.05,258
19.41,736
19.41,0
19.13,486
19,600
18.79,200
19.02,466
19.12,694
19.11,400
19.16,1524
19.39,740
19.31,400
19.4,900
19.41,200
19.32,800
19.27,866
19.27,0
19.27,0
19.2,600
18.72,1284
18.78,1414
18.73,1414
18.64,400
18.72,1200
18.73,1090
18.62,418
18.56,806
18.78,2238
18.6,666
18.81,2286
18.76,1204
18.76,200
18.76,0
18.7,816
18.7,0
18.91,580
18.79,1120
18.79,0
18.05,656
17.62,13108
18.09,200
18.08,1200
18.01,1998
17.42,1424
17.44,200
17.17,1208
17.36,602
17.52,1168
17.71,1516
17.88,502
17.91,420
17.91,1200
17.96,200
17.96,0
18.17,1286
18.15,600
18.15,0
18.17,600
17.77,400
17.87,200
17.87,0
17.87,0
17.87,0
18.03,472
18.5,600
18.6,1050
18.42,476
18.42,0
18.58,200
18.48,1288
18.45,240
18.45,0
18.49,400
18.49,0
18.49,0
18.54,2060
18.64,2926
18.44,200
18.62,1672
19.02,1254
18.64,200
18.53,2226
18.65,1152
18.53,2398
18.52,3428
19.26,4764
20,3840
19.77,11610
22.29,8122
22.51,5198
22.67,12732
21.97,2746
21.32,1266
21.19,15030
22.47,1000
21.95,1068
22.2,2008
22.2,0
22.12,726
22.33,2280
22.31,2402
22.39,800
22.64,5706
22.48,2172
22.29,800
21.9,6130
21.84,454
21.84,1828
21.82,6042
21.71,2838
22.1,1068
22.07,4394
22.67,2564
23.01,1192
22.93,5230
22.86,200
23.14,822
23.27,2492
22.89,200
22.89,0
22.39,4630
22.39,0
22.69,200
22.78,902
22.13,1048
22.64,666
22.59,600
22.59,0
22.42,200
22.81,666
23.14,1392
23.87,400
23.81,2348
23.48,1066
23.59,3116
24.39,1582
24.39,0
24.39,0
24.06,1908
24.68,1098
24.6,430
24.84,852
24.66,1200
25.13,1134
25.37,1846
25.8,1504
26.07,7688
26.5,9188
26.53,978
26.46,3368
27.09,6322
26.72,3480
26.72,0
26.24,1418
25.82,402
25.77,2120
25.86,2002
25.73,1486
26.56,1202
26.42,2918
27.33,2182
26.69,830
26.38,3810
26.38,0
26.38,0
26.51,2562
27.35,2666
26.89,666
26.66,1942
26.74,1002
26.38,600
26.58,1352
26.08,200
26.4,400
26.44,1242
26.21,1088
26.21,0
26.11,200
26.12,936
26.12,0
26.55,1114
27.28,1000
27.59,1526
27.31,1688
27.18,800
27.32,886
27.94,1584
27.47,400
27.47,0
28.07,2652
28.57,466
28.77,1028
28.49,3668
28.47,600
28.79,4176
29.36,1530
29.16,202
29.41,1400
29.32,2956
29.47,2768
29.88,3286
30.06,3300
30.1,400
30.4,10200
30.37,2764
31.07,200
30.53,1320
30.56,668
28.3,6820
28.02,1074
28,1828
26.81,2768
26.07,4632
26.17,2040
27.24,1646
27.38,2274
27.06,3886
27.25,1466
27.47,1442
27.47,2576
27.48,3686
28.44,1802
28.07,4374
29.47,1810
29.36,2754
29.45,3084
28.99,200
28.8,200
29,694
28.72,200
28.73,1862
28.71,1782
28.02,400
27.95,600
28.28,440
27.48,466
27.51,2332
27.12,4522
26.92,842
26.76,254
26.51,1044
27.36,4264
27.43,1596
27.34,3538
26.78,1600
27.45,6646
27.42,1862
27.44,1732
27.4,400
27.46,4386
27.35,3350
27.35,0
28.67,800
28.28,1416
28.14,3750
27.56,2484
27.15,624
27.18,3254
27.94,5320
27.1,1456
26.34,5498
25.87,9712
25.26,4980
24.79,4096
23.84,1962
24.09,2720
24.01,4308
24.48,838
24.88,1238
24.82,940
25.62,14606
25.62,0
25.29,734
26.32,1176
26.52,2762
26.17,10760
25.73,2006
24.61,3082
24.89,1058
24.89,0
24.35,812
24.02,6796
23.51,2310
23.91,1000
23.69,2684
23.69,0
23.31,2022
23.42,3106
23.05,600
23.16,1206
23.37,7128
23.69,400
23.38,1392
23.36,1510
23.56,3132
23.43,822
23.44,1520
22.5,1408
22.71,200
22.86,1864
23.2,1598
23.25,700
23.26,200
23.36,1068
23.34,1732
23.36,1748
23.96,1288
24.21,776
24.24,1934
24.24,0
24.23,618
24.15,404
24.15,0
23.85,400
23.81,1278
23.53,1724
23.54,200
23.25,592
23.25,0
23.99,1030
23.94,2078
23.94,0
24.21,200
24.21,0
24.09,400
23.63,600
23.33,2624
23.31,1330
22.99,200
23.45,1010
23.45,0
23.25,1604
22.95,1978
22.49,908
22.44,902
22.39,1008
22.53,600
22.68,700
22.54,806
22.54,0
22.42,402
22.63,3184
22.92,1788
22.88,1400
23.16,2292
23.29,1466
23.4,866
23.27,1552
23.32,200
23.22,666
23.3,1960
23.15,3134
23.16,200
23.2,2618
22.82,2236
22.96,2038
23.68,634
23.27,2022
23.84,4644
23.83,4080
24.94,3084
23.89,200
23.7,3664
22.82,5554
23.06,1800
22.72,2448
22.43,14028
22.49,400
23.26,1134
22.9,830
22.95,1266
23.38,6124
23.59,1202
23.84,1734
23.42,6276
23.55,3110
23.44,3912
23.38,4554
23.18,676
22.99,520
23.11,1184
24.03,400
24.01,400
24.25,1410
24.87,2420
24.83,1674
25.38,1026
25.09,1086
25.37,844
25.45,490
25.41,1202
24.87,1888
24.97,2594
24.97,0
25.11,600
25.09,2776
25.21,1226
25.73,2518
26.1,2162
26.87,1200
26.95,3436
27.32,8054
28.97,1066
28.91,5354
29.01,7948
30.32,6580
30.17,5396
29.2,3366
29.47,10894
29.8,14404
29.84,2862
30.03,1782
29.01,1002
29.29,1848
29.29,0
28.92,1602
29.14,2450
29.33,1204
29.11,1872
29.34,4704
28.68,200
28.45,1266
28.36,3854
28.13,1754
27.77,1818
28.36,2860
27.39,400
27.39,0
27.73,2028
27.24,1002
27.03,2326
26.44,4094
26.3,2468
26.46,848
26.86,5462
27.77,2002
27.85,1714
28.02,11900
28.15,400
28.19,600
28.06,4200
28.44,920
28.7,7786
28.43,4916
28.79,9184
29.57,3198
29.62,2904
29.72,3104
29.83,1974
29.74,10952
30.14,1200
30.33,1646
30.05,2210
29.52,3198
28.48,2864
28.38,5798
28.89,3492
29.17,3542
28.59,1644
29.62,2480
29.72,674
29.73,1480
28.99,200
29.14,1224
29.37,1928
28.68,3158
28.25,1434
28.38,3004
28.3,1800
27.63,446
27.5,2040
27.26,7598
27.84,200
27.76,9300
28.01,14988
28.15,2930
28.13,16396
29.03,4478
28.89,5310
29.19,10834
29.71,3506
29.6,1482
29.3,7602
30.43,2138
30.89,7218
31.48,13198
31.95,2592
31.08,1344
30.6,4820
32.48,3430
32.52,744
31.85,5202
31.68,1564
32.02,5536
31.88,9500
31.77,1228
31.9,1260
31.62,3606
31.62,0
30.81,400
30.93,2612
31.2,3748
32.17,2070
32.1,17200
32.81,3846
32.05,602
32.19,6944
31.18,800
30.91,400
30.51,10248
31.47,1324
31.8,1684
31.88,1614
31.88,0
31.88,0
31.17,2516
31.11,1812
31.48,608
31.41,3824
31.41,0
30.38,1412
30.03,2820
30.24,948
30.24,0
30.01,2550
30.01,0
30.54,3870
31.07,10400
30.72,200
30.58,220
30.59,996
31.34,1028
30.75,3324
31.13,7826
31.69,1246
31.91,1540
31.99,2498
33.52,3356
33.66,2542
33.74,5290
33.61,4478
33.93,3062
34.3,2582
34.37,1000
33.46,1358
33.98,6934
34.72,202
35.24,1380
34.92,4332
34.71,1388
32.81,5050
32.73,2214
32.38,404
31.54,866
31.39,2858
30.77,2162
30.23,4148
30.48,1816
30.14,906
29.87,800
30.15,1606
30.63,400
30.62,756
30.72,4678
30.79,800
30.16,1602
31.48,800
32.39,5444
31.82,2122
31.87,8098
30.23,7444
30.24,2454
29.66,5770
30.35,2520
30.2,338
29.87,3454
29.21,1628
29.25,1066
30.03,6218
30.79,1986
29.47,2814
29.52,1754
29.4,2872
27.78,1418
27.6,4514
26.35,1294
27.1,2180
26.64,4062
26.49,1296
25.66,1402
25.94,6220
26.02,704
25.41,2058
25.26,4398
24.35,5206
24.74,2384
24.29,3330
25.08,1030
25.55,10564
25.09,7122
25.43,4464
25.39,2202
25.14,870
25.63,1270
25.96,400
25.63,3344
25.13,2202
24.56,2462
24.63,3746
25.34,200
25.98,3576
25.71,8394
25.23,1246
25.08,1644
24.85,1762
26.22,600
27.19,6336
27.73,16860
27.17,4800
27.79,4292
27.8,5724
29.07,8010
30.41,2434
30.44,10784
31.5,5408
31.77,4848
31.68,12636
32.05,2270
31.57,1132
30.97,4536
30.85,1266
30.98,2086
30.62,3166
30.17,418
29.6,6346
29.53,5582
29.63,22456
29.62,3400
30.05,4150
30.23,1476
29.72,400
29.72,1400
28.69,10746
28.09,5568
28.23,13234
28.11,2065
27.37,3289
27.9,10390
26.71,3645
27,5479
26.93,6196
26.78,4962
26.21,2093
26.67,9187
26.08,4626
26.98,4699
26.81,6044
25.56,3322
24.4,3033
24.29,3416
24.49,1747
24.33,710
24.73,1955
25.53,927
25.36,560
24.85,4319
24.37,210
24.72,520
24.88,1941
24.82,518
24.73,400
24.8,1874
25.66,1243
25.63,525
25.52,3825
25.48,1241
25.64,1100
25.6,3661
25.84,1982
25.87,2122
25.33,2289
26.67,202
26.78,565
26.79,3376
26.83,1028
27.27,402
27.08,3479
27.19,2266
26.13,1021
26.15,5719
25.86,1870
25.49,925
25.72,4019
24.68,1315
25.54,1069
25.44,11279
25.44,0
25.97,506
25.78,1082
24.54,4998
23.03,2441
22.45,11624
21.2,4109
21.18,1585
21.34,8081
22.25,2224
21.73,9499
22.89,9769
23.06,3035
22.58,805
22.33,11215
22.39,13596
22.13,1908
22.65,7279
23.01,1450
23.05,908
22.24,3613
22,1452
22.27,812
22.71,1706
21.58,992
21.9,400
22.26,1533
22.56,3059
22.78,2315
22.66,1885
23.66,2420
23.88,600
23.66,3683
24.22,1530
24.48,2002
24.73,5803
23.29,2448
24.03,952
23.85,6546
23.46,1137
23.82,717
23.65,2651
23.32,300
23.07,616
22.42,2377
22.88,100
22.88,0
23.21,1068
22.7,2848
22.67,1599
23.01,1313
23.09,412
23.53,333
23.62,6069
24.6,1105
24.18,300
24.01,1810
23.93,1148
24.26,592
24.42,1256
23.9,100
24.53,921
24.49,1577
24.41,2109
25.3,205
25.11,2207
25.98,2411
26.02,2034
26.1,2827
25.8,2845
26.64,1196
26.79,3147
25.78,2636
25.25,3097
25.89,4133
26.59,1918
26.29,1206
26.65,2622
26.98,2149
27.23,1761
27.02,2423
28.14,7985
28.58,1735
28.31,4462
28.47,2250
28.7,806
28.64,2864
28.56,364
28.32,541
28.23,4958
28.01,414
27.73,522
27.63,1309
28.18,407
28.29,725
28.34,2162
28.04,1140
27.97,518
28.44,1804
28.21,575
28.57,1823
28.63,3716
27.99,704
27.91,707
27.95,1032
26.64,240
26.79,900
26.71,5052
27.12,3405
27.22,1843
27.2,12904
27.72,3687
28.58,413
28.31,6464
29.15,1268
29.05,658
29.26,3429
29.58,2246
29.52,5268
30.25,6527
29.44,3797
29.48,8563
29.1,2805
29.46,234
28.42,1394
29,2344
23.93,22428
24.52,10475
24.9,10891
23.49,7856
22.62,2831
22.24,10937
22.87,2500
23.68,2224
23.31,3265
22.6,515
22.52,1378
22.7,9096
22.45,1123
22.86,1215
23.1,3143
23.05,423
23.46,500
23.63,2266
24.02,701
24.3,695
23.98,1887
24.43,400
24.58,400
24.25,5406
23.81,1306
24.05,100
23.95,2211
23.62,696
23.88,703
23.44,2023
23.14,3479
22.7,463
22.52,2490
21.54,722
21.6,1744
21,5242
21.59,847
21.36,910
21.47,2231
21.47,0
20.44,300
20.37,5800
20.22,1682
20.34,1000
20.26,6252
21,3196
21.26,1353
21.57,5324
20.76,1294
20.83,2969
21.27,4629
22.29,2301
21.69,1534
21.44,6163
21.9,1864
21.77,914
22.07,2903
22.54,1313
23.1,1979
23.03,3047
23.01,2327
23.05,2130
23.34,3935
23.76,4557
24.25,3216
24.04,11516
23.8,806
24.4,635
24.27,4352
24.97,701
24.85,303
24.3,6069
24.19,555
24.16,101
24.29,1427
24.59,100
24.72,300
24.59,1726
23.72,202
23.67,500
23.66,841
23.66,0
23.32,400
23.52,724
23.43,2155
23.31,1557
23.13,4129
22.92,300
23.17,900
23.09,661
22.67,500
23.24,591
23.37,2680
23,200
22.33,951
22.36,1481
23.21,649
23.12,520
23.05,2442
23.6,540
23.71,107
23.96,1992
23.52,781
23.1,1659
23.2,1540
23.64,336
23.64,0
23.36,1236
23.79,2170
23.56,2606
23.67,2608
23.96,855
24.27,517
24.14,584
24.57,1921
24.36,2620
24.09,3987
24.32,1188
24.78,523
24.78,8152
25.17,1091
25.21,836
25.14,4937
24.87,300
25.45,500
25.36,1360
25.13,3078
24.91,1400
25.24,3461
25.36,1105
25.43,484
25.67,2015
25.22,627
25.23,1798
25.82,3615
24.21,1813
23.77,2136
24.02,3310
24.22,3704
23.5,4357
23.52,7663
22.82,4106
23.24,5650
23.05,4468
23.93,2799
23.62,4235
23.15,3571
28.15,5015
27.56,6053
26.58,8002
27.86,4709
26.4,4522
26.6,15707
27.12,3412
26.55,7860
27.28,7268
27.24,1130
27.07,2171
27.45,3987
27.6,773
27.94,2528
28.43,5613
27.13,596
27.22,216
27.14,851
26.72,673
26.65,100
26.83,2085
26.44,354
26.73,720
26.74,998
26.9,743
27.69,641
27.59,1207
27.9,500
28.35,935
28.23,2030
28.23,0
28.04,210
28.42,1025
28.52,506
28.52,0
27.81,688
27.84,400
27.34,425
27.97,208
28.32,200
28.14,228
27.66,549
28.43,684
28.8,3909
30.25,1564
29.53,576
29.24,160
29.86,838
30,2021
30.11,2111
29.68,865
29.53,1209
29.2,2280
29.24,1617
28.82,517
28.85,1430
29.05,588
28.93,2061
29.21,1096
29.52,629
29.65,502
29.52,1357
30.32,804
30.03,460
29.72,1693
29.94,1305
30.01,1033
30.09,1830
30.04,4186
28.62,2711
28.36,7133
28,4731
27.92,1933
28.2,5573
27.79,673
27.58,1251
27.82,4968
28.14,5256
27.84,5894
27.93,5404
28.37,615
28.94,1344
28.53,1551
29.16,989
29.38,306
29.55,647
29.71,200
29.68,650
29.67,2205
29.18,991
29.22,1045
29.17,1176
29.07,200
28.98,1092
29.28,532
29.27,526
29.35,309
29.3,1854
27.93,502
28.13,1763
28.69,1850
28.64,2221
29.12,415
29.29,1225
29.05,209
29.23,452
29.36,1646
29.9,2285
29.62,1846
29.15,3160
29.59,2195
29.53,957
29.25,1785
29.44,680
29.66,1135
29.41,2530
30.3,2718
30.38,2650
30.98,1300
31.92,1194
31.89,220
31.29,2549
31.87,2970
31.29,7227
31.61,6701
31.73,5885
32.32,1685
32.37,4130
32.96,1384
32.96,2461
32.39,2646
32.05,1021
32.58,500
32.93,906
32.1,2276
32.45,3039
32.77,4222
32.73,2680
32.49,1402
31.92,1728
31.69,1160
31.32,4391
31.45,2779
31.25,600
31.22,2637
31.36,2663
31.74,2586
31.81,1633
31.91,7556
32.58,3590
33.3,3498
33.4,5502
33.06,1312
33.03,1324
33.17,855
33.04,700
33.14,1402
33.1,2288
33.4,1872
33.07,1680
33.36,1859
32.79,1684
32.79,736
32.81,972
32.48,720
32.82,309
32.86,2370
33.03,4943
33.26,3846
33.87,6049
33.73,510
33.29,1146
32.78,1294
32.8,3244
32.5,951
32.15,956
30.7,1393
30.96,722
30.67,2608
26.37,15526
27.18,23276
27.26,16077
26.88,5744
27.14,1120
26.97,5126
25.89,2713
25.98,4008
25.51,12550
25.63,5850
25.31,2678
25.33,14374
25.34,16085
25.09,2162
25.09,6069
25.31,2372
25.56,1744
25.6,2735
26.07,2799
26.26,4066
27.02,6290
27.22,2134
27.52,3946
27.24,6187
27.15,2077
27.37,1523
27.36,4023
26.81,3912
26.79,1406
26.42,6436
26.56,3625
26.62,5149
26.4,6971
26.34,2692
25.84,2470
25.68,1808
24.94,1899
25.09,2012
25.18,2676
25.58,2167
25.41,1827
25.34,1911
25.51,1132
25.38,1344
25.3,3006
25.47,2019
25.3,1666
25.02,1478
25.06,200
25.02,411
24.98,621
25.3,230
25.3,392
25.39,1071
24.96,800
24.65,531
24.56,3588
24.65,2290
24.1,1549
24.01,6744
24.2,1318
24.12,100
24.2,857
24.13,100
23.99,766
24,4840
24.11,1368
23.57,2234
23.99,2970
23.87,2143
24.26,1394
24.36,3250
24.2,4292
24.18,1308
23.5,5266
23.77,3261
23.57,3384
24.13,5033
24.65,2939
25.12,3050
25.73,6528
25.76,2065
25.7,2206
25.59,10565
25.74,2755
25.1,1155
24.86,10478
25.4,2100
25.35,4674
25.47,3148
25.92,654
25.8,1584
26.06,13596
26.71,1382
27.01,1968
26.8,6818
26.62,404
27.3,2559
27.56,6506
27.68,2472
27.69,2925
28.05,4869
28.7,325
28.55,658
28.6,3974
29.1,3834
28.48,2832
28.35,5374
28.98,3156
29.42,948
29.52,1852
29.94,1414
29.94,1286
29.36,5615
29.32,1773
29.83,628
29.64,2649
30.12,4175
30.2,2063
30.37,3671
29.94,1548
29.88,2008
30.09,3503
30.17,3062
30.3,881
30.51,2049
30.65,1087
30.93,200
31.04,3414
31.58,1283
31.93,2028
31.66,4683
31.1,4678
30.95,700
31.13,2713
31.08,3548
31.08,2937
31.1,1731
30.65,942
30.59,300
30.55,3603
30.59,307
30.85,1186
30.94,1609
30.92,940
30.58,1535
30.46,3768
30.74,1044
30.87,667
31.32,1950
31.1,105
30.95,1402
30.55,2157
30.79,710
30.78,200
30.86,310
31.03,1953
30.73,1549
30.73,2713
30.65,586
30.97,1001
30.77,4746
30.83,677
30.75,2680
30.64,2998
30.65,210
30.74,1001
30.53,1079
30.77,922
30.81,708
30.8,2160
31.02,100
31.12,301
30.77,381
30.4,610
30.56,700
30.59,435
30.59,600
30.5,200
30.12,1528
30.55,2248
30.39,400
30.33,1021
30.64,318
30.82,1132
30.96,1932
31.67,701
31.74,578
31.53,1681
31.73,301
31.59,200
31.6,2887
31.73,4763
32.84,2751
32.59,11698
31.91,514
31.62,1348
32.14,1252
32.31,100
32.38,537
32.1,1357
31.78,1465
31.39,500
31.2,1053
31.94,933
31.5,2048
31.28,2234
31.26,146
31.2,2291
31.21,1441
31.32,465
31.81,668
31.82,2709
32.02,2583
31.91,900
31.85,1706
32,647
32.22,504
32.21,2076
32.03,2270
32.24,3308
32.27,3250
32.27,0
31.16,101
31.27,730
30.76,532
30.37,301
29.86,312
30.13,1448
30.31,609
30.29,2072
30.67,415
30.66,966
30.27,587
29.38,401
28.97,371
28.95,6253
28.95,0
29.91,101
29.93,349
30.26,2477
30.38,522
30.37,1193
31.21,2147
31.83,1606
31.7,3767
32.31,4318
32.28,2021
32.32,4177
33.26,6775
33.42,3164
32.72,5763
33.04,1310
32.8,1220
32.63,1512
32.17,506
32.19,100
32.22,763
32.08,472
32.06,325
32.16,769
32.56,689
32.56,0
32.29,863
32.13,320
31.89,200
31.58,2973
31.11,1016
31.06,777
31.14,6407
32.11,1323
31.27,970
31.36,4023
31.53,1002
31.67,912
31.8,1099
32.36,1158
32.56,1770
32.74,6114
32.46,635
32.26,400
32.37,1253
32.34,402
32.23,386
32.14,6768
31.85,505
31.56,252
31.58,1515
31.22,1521
30.83,800
30.94,501
30.82,416
31.09,126
31.08,444
31.47,326
31.71,530
31.44,2340
31.78,100
32.04,1540
32.12,2541
32.52,350
32.43,301
32.27,1042
32.01,808
31.92,1822
31.48,100
31.27,211
31.26,1508
31.53,543
31.82,1000
31.82,303
31.82,0
31.98,200
32.01,256
32.64,300
32.49,471
32.78,561
33.56,728
33.71,2581
33.79,2030
34.23,400
34,673
33.9,5097
34.18,1110
34.16,100
34.31,2225
34.59,579
34.55,855
34.95,531
35.34,333
35.08,681
34.95,1259
35.21,908
34.95,500
35.48,1059
35.14,2072
35.03,1384
35.22,824
35.45,857
34.92,859
34.91,2786
35.48,1075
36.16,410
36.24,1849
36.19,1403
35.92,308
36.02,1358
36.22,888
36.28,266
36.34,1802
35.84,366
35.66,221
35.4,1040
35,1378
35.08,417
35.1,1592
35.1,0
35.48,402
35.34,100
35.25,425
34.99,307
35.28,227
34.54,427
34.17,609
34.47,679
34.09,450
34.03,208
33.88,727
34.37,429
34.39,100
34.38,1905
33.08,308
33.15,945
33.43,586
33.43,0
33.43,0
33.04,1117
32.68,506
32.68,0
32.46,566
32.44,660
32.04,815
31.66,2052
31.98,449
31.76,1666
31.78,933
31.32,1754
31.43,1683
31.29,2937
30.92,558
30.57,491
30.62,2744
30.52,235
30.35,523
30.37,900
30.37,0
30.47,200
30.31,304
30.27,761
30.17,447
30.49,682
30.49,0
29.96,511
30.13,866
30.13,0
30.13,0
30.03,1514
30.22,904
30.21,630
29.87,2497
29.95,2533
29.8,1080
29.44,1065
29.02,311
28.92,1499
29.3,855
29.48,358
29.54,271
29.45,490
29.76,1628
30.21,1529
30.13,1396
30.58,407
30.55,805
30.31,250
30.53,846
30.37,405
30.14,3663
33.17,6887
33.84,4887
33.79,8594
32.52,1264
32.14,1093
32.57,6303
31.73,2921
31.77,1736
31.61,2486
30.96,1138
31.13,1432
31.2,1542
31.32,200
31.46,1794
31.99,1392
32.61,405
31.77,1385
32.06,2362
31.56,250
31.58,1120
31.51,2094
30.85,1517
31.41,2573
31.28,4149
31.58,364
31.41,1155
30.98,3848
30.41,3429
29.48,945
28.68,2816
28.72,1536
28.71,1240
29.1,7261
29.22,1019
28.81,100
28.85,3925
29.01,3314
28.91,3584
28.02,6847
27.71,4966
28.19,1672
28.6,5715
28.08,425
27.99,2464
27.61,4287
26.57,4244
27.13,945
26.95,7254
27.27,5136
26.48,1629
26.32,3784
26.62,5024
26.27,4550
26.22,2810
26.5,815
26.5,0
26.69,4657
27.25,647
26.94,200
26.61,811
26.23,6054
26.05,1049
25.65,2399
25.68,2053
25.58,789
25.36,1144
25.4,1306
25.41,881
25.45,1368
25.45,0
25.36,1239
25.7,5129
25.48,777
26.28,735
26.33,1808
26.13,2829
26.34,700
26.56,7168
26.54,2769
26.84,1602
26.58,1274
27.01,713
26.95,1838
26.96,4288
26.92,217
27.06,798
27.08,1779
27.79,3189
28.22,2109
28.4,3979
27.49,1358
27.45,834
27.19,4580
27.33,1133
27.35,600
27.6,1749
27.51,1001
26.99,333
27.08,2496
26.78,1708
26.77,748
26.85,1469
26.64,1547
26.5,3613
26.58,1963
26.14,2703
26.13,848
26.43,1450
26.31,431
25.87,323
25.67,917
25.87,1454
25.78,2209
25.48,14675
25.5,915
25.5,0
25.5,7188
25.28,1004
25.15,110
25.26,1621
25.42,966
24.74,888
24.68,3199
24.75,1591
24.78,975
24.73,2813
24.45,2030
23.56,220
23.27,5276
24.32,2406
24.28,1067
24.41,27964
24.86,951
24.91,142
24.91,1172
25.26,2678
24.91,1984
24.96,1596
24.1,653
24.14,2330
24.08,10231
23.71,6064
22.81,6542
22.48,17727
22.88,3610
22.74,807
22.31,7649
22.37,2287
22.31,3037
22.4,3207
22.26,5262
22.5,7972
22.47,5279
23.48,1511
23.42,3785
23.62,6467
24.1,3035
23.73,2025
23.53,5693
23.5,1129
23.71,300
23.93,594
23.93,100
24.04,1037
23.98,925
24.41,216
24.67,416
24.66,380
25.68,430
25.85,496
25.72,2115
25.42,690
25.37,670
25.27,1528
25.4,431
25.4,0
25.55,1024
25.51,870
25.65,1032
26.06,1151
26.14,931
26.27,2269
26.14,916
26.35,1976
26.28,1599
26.56,1286
26.41,411
26.25,1664
26.56,200
27.04,629
27.32,2604
27.47,1478
27.68,721
27.71,1134
27.84,2911
27.27,2282
27.23,1873
27.24,2169
26.82,100
26.76,1308
26.99,849
27.13,500
27.02,852
27.09,1989
26.92,2652
27.09,1956
27.07,1005
26.61,555
26.58,769
26.12,4258
25.62,6751
25.71,3197
26.07,600
26.08,1091
27.09,3110
27.95,925
27.67,305
27.77,1674
28.01,555
27.45,521
27.57,432
27.11,1325
26.97,1320
26.9,3752
27.55,2339
27.61,557
27.69,788
28.1,400
27.96,200
27.43,612
28.12,2848
27.91,1850
28.31,1289
28.01,1200
28.26,2659
28.33,377
28.45,1100
28.53,344
28.61,513
28.69,591
28.85,1062
28.83,1746
28.94,2518
28.94,1392
28.96,1302
28.19,1006
28.05,623
27.71,2615
27.98,1216
27.95,2580
27.25,2016
26.93,1176
26.95,5054
26.34,3632
26.45,1718
26.44,828
26.84,553
27.11,505
26.66,534
26.7,750
26.64,400
26.72,1112
26.72,837
26.08,407
26.2,284
26.15,379
25.72,504
25.89,205
26.15,1245
25.54,1841
25.4,221
25.42,894
26.28,1463
26.83,1065
26.77,1175
26.21,825
26.29,1644
26.2,1884
26.03,300
26.08,312
26.02,575
25.79,746
25.88,1436
26.13,510
25.6,200
25.31,1312
25.24,2117
25.59,1212
25.41,1477
25.38,1673
25.54,302
25.42,1036
25.88,2152
25.97,301
25.69,396
25.71,561
25.71,0
25.16,247
25.27,1105
25.09,500
25.02,2957
25.04,521
25.2,962
25.39,1196
25.68,2857
25.21,600
25.29,432
25.26,1764
25.48,699
25.5,4349
25.54,2716
24.9,1912
25.41,977
25.5,928
25.22,628
24.99,777
25.15,1225
24.2,1406
24.44,2860
24.81,2464
25.27,1411
25.01,1307
24.99,2689
23.9,4959
23.77,2344
23.91,7321
24.28,1143
24.45,2404
24.14,1114
24.45,1185
24.64,1708
24.25,2788
25.17,100
25.44,211
25.32,2553
24.14,1540
24.08,1506
23.98,1336
23.97,1437
24.11,300
24.11,1145
23.78,325
24,1198
24.44,340
24.12,1349
23.86,1266
24,1950
23.46,433
23.6,1000
23.29,1289
23.05,2102
22.98,2245
22.66,2642
22.84,504
22.71,500
22.64,2611
22.91,4760
23.37,980
23.28,416
23.12,368
23.07,2237
23.19,544
23.7,100
23.87,110
23.78,875
23.9,1678
23.56,743
23.47,949
23.62,5365
23.56,1520
23.45,2383
24.26,3381
24.17,4793
24.61,3349
25.69,904
25.78,400
25.52,2245
25.04,1401
25.68,2252
25.72,2072
25.69,410
25.9,2121
25.84,1480
25.84,0
26.3,421
26.04,715
26.57,200
26.3,1567
26.43,576
26.75,416
26.61,918
26.31,1675
26.2,362
25.95,100
25.97,1501
26.29,242
26.39,237
26.47,3768
26.06,315
25.64,690
25.5,353
25.96,902
25.83,231
25.74,916
25.63,960
25.57,997
25.72,3882
25.08,301
25.08,0
25.52,723
25.52,0
25.92,341
26.36,1285
26.58,1639
26.94,200
26.89,834
26.01,425
26.15,878
25.87,834
26.45,519
26.67,1597
26.44,1314
26.08,555
26.1,640
26.17,1459
27.11,1561
27.24,1390
27.37,822
28.09,560
28.35,2207
28.58,688
28.66,1125
28.98,342
28.85,2529
28.79,1031
28.57,324
28.61,1426
28.37,400
28.87,545
29.03,2588
29.13,449
29.22,1303
28.8,2635
29.79,16038
30.38,2635
31.06,6616
33.57,14645
34.99,11429
36.58,13120
35.73,5064
35.86,3267
35.15,12631
36.42,7039
36.15,3985
37.2,16976
37.16,6370
37.09,1867
36.95,11409
38.64,11383
38.07,7012
37.32,13984
36.93,7749
36.17,3938
36.31,4057
35.8,1658
36.35,2178
35.45,17186
34.96,5885
34.81,7815
34.5,8426
34.66,3188
34.55,412
34.56,3292
34.6,2200
35.18,572
35.25,1798
34.69,6898
34.75,624
34.67,867
35.24,854
35.68,1110
35.65,2819
35.1,200
35.17,306
35.5,1176
35.54,501
35.78,3218
36.09,4676
37.16,4223
37,3633
37.01,3527
37.83,4146
38.33,7481
38.52,13883
38.01,3211
37.99,3596
37.97,6399
37.19,1804
37.2,1002
37.42,4412
38.16,1617
38.49,1611
38.86,12204
38.87,5560
38.67,445
38.38,2869
39.06,3757
39,2090
38.95,4922
39.05,1863
38.45,1760
38.23,5883
34.15,8447
34.97,1250
35.52,5444
36.71,7444
37.77,2573
37.64,12889
36.78,3901
35.84,7452
34.45,12879
35.26,2081
35.18,2563
34.94,6574
35.74,4096
35.8,2048
35.97,9048
35.11,4134
35.18,5556
34.9,11693
34.35,2223
34.42,1830
34.48,6677
35.58,5857
36.28,3483
35.9,7610
35.98,3216
36.75,1672
36.4,8182
36.44,1887
35.93,1203
35.99,3282
36.69,1619
37.31,1231
36.3,2971
36.68,2764
36.73,742
36.12,857
36.01,1309
36.01,0
35.96,1907
35.57,2883
36.91,1896
37.27,3971
36.04,312
35.97,1554
35.83,5832
36.02,604
36.03,100
35.58,2288
35.71,1517
35.25,1512
35.56,3620
35.45,1863
34.81,1684
34.8,3323
33.58,6151
33.38,5811
33.19,12491
32.8,7188
33.34,2241
33.24,9509
32.91,1976
33.3,2744
33.18,23999
33.51,722
32.95,550
32.93,3693
32.89,618
33.15,212
33.22,1922
32.34,1995
32.31,1924
32.08,9648
32.3,1358
32.7,200
32.45,1491
31.53,3934
31.25,1455
31.28,2689
30.47,855
30.52,1848
30.62,4710
30.56,1980
30.35,1395
30.71,1033
30.53,1334
30.4,1375
30.59,2347
32.2,9502
32.35,6125
32.27,5950
31.22,4911
31.36,612
31.5,4755
32.01,1729
31.22,1198
31.93,1512
31.81,1329
31.74,2508
31.61,6403
31.05,1213
31.01,466
30.99,4357
30.96,1594
30.3,6758
30.31,10025
30.76,1595
30.66,300
30.26,5075
30.4,880
30.35,141
30.4,2339
30.3,402
30.12,446
29.93,2941
30.93,607
30.99,2267
31.08,980
31.93,2125
31.58,5335
31.52,1433
31.23,909
31.24,3164
31.3,1251
30.99,1030
31.15,2738
32.56,2747
32.56,0
31.58,425
32.43,1687
32.92,1522
33.14,7559
34.04,1221
33.83,1504
33.78,2022
33.82,911
34.16,1096
33.62,2236
34.27,1464
34.8,2218
35.21,3437
34.66,1256
34.55,2940
34.42,7067
34.53,511
34.47,731
34.57,13724
34.35,1926
34.12,1124
34.26,3746
34.04,1323
34.52,1778
34.51,6543
35.08,1204
35.24,217
35.51,3462
35.69,1273
35.96,511
35.43,850
33.68,1469
34.36,549
34.5,1510
35.64,2546
35.79,1197
36.02,3227
35.98,928
35.05,208
35.33,300
35.73,567
35.44,112
35.29,410
36.33,1472
36.02,1154
36.22,3516
34.97,427
34.31,856
34.34,2539
33.46,2119
32.86,1418
32.82,3944
31.81,5127
32.35,4205
32.24,3928
32.71,675
32.75,1069
33.13,1672
33.45,2215
33.16,780
32.2,994
32.44,139
32.64,107
32.83,4587
32.55,100
32.31,101
32.16,2386
32.81,1557
32.84,318
33.02,737
32.9,1336
33.03,1215
33.12,3554
32.28,715
32.46,200
31.98,1324
32.59,288
32.78,700
32.57,673
33.18,429
33.46,1095
33.51,3273
34,3990
33.95,500
34.02,917
34.51,600
34.25,957
34.4,2562
34.15,6484
34.68,1885
34.76,2051
34.53,22621
34.13,311
33.77,11867
34.75,7338
34.79,3868
35.04,6024
35.33,710
35.47,1042
35.95,5743
34.13,996
34.42,813
34.39,5204
34.29,964
34.04,2822
33.96,5759
34.25,2172
34.05,1585
34.06,4790
35.41,7303
35.38,6640
35.52,19074
37.84,11476
37.16,2931
37.84,5757
37.84,2356
38.04,3467
38.13,6958
39.64,6292
39.49,5342
39.98,9675
41.03,3414
41.11,3618
40.79,16453
41.18,4329
41.3,1190
41.29,3601
41.09,1143
41.06,891
40.93,1756
40.43,2191
41.11,1969
41.14,5697
42.62,8526
43.38,9014
43.78,9119
44.13,1305
43.92,869
43.94,11655
43.92,2628
42.59,2136
42.22,11014
42.74,2327
42.45,2628
42.13,2879
41.56,453
41.59,3834
41.66,11263
41.21,5039
41.76,2078
41.36,4443
42.26,3682
41.45,886
40.9,8792
40.69,673
40.46,810
40.59,4609
40.69,825
40.22,792
40.6,3179
40.96,452
41.04,309
41.19,1749
41.19,0
41.19,0
42.27,142
43.51,2807
43.06,607
42.61,2506
42.13,1032
42.08,229
41.65,1826
41.69,3019
41.72,325
41.42,6285
42,942
42.25,2226
42.11,3599
42.17,2391
41.89,1212
41.63,5232
42.63,2841
42.52,219
42.45,2315
40,1138
39.28,1236
39.89,2271
39.9,1320
39.31,2025
39.66,3435
39.27,500
38.83,807
38.87,2181
38.38,1295
38.5,997
38.57,4868
39.86,1058
39.93,664
40.16,2419
39.88,216
39.84,426
39.72,596
39.59,878
39.76,2022
39.97,2520
40.44,790
40.62,148
40.82,2066
40.44,209
40.34,100
40.24,1010
41.36,771
41.65,400
41.23,1401
41.04,1009
40.21,952
40.04,2967
39.41,466
39.55,1289
39.32,1910
37.93,1420
37.44,3959
37.49,3171
37.43,100
37.63,331
37.56,2126
37.67,1664
37.26,200
36.97,1719
37.58,336
37.49,1509
37.55,2823
37.27,412
37.31,300
37.71,1441
37.33,799
37.45,934
37.57,2623
37.08,796
37.09,2098
36.68,4022
37.05,1759
35.36,793
35.15,9042
36.12,326
35.72,1651
35.44,1503
36.64,1661
36.36,1601
35.9,3520
35.99,1755
35.64,691
35.73,2127
31.31,10480
31.63,12022
30.86,11968
30.9,2302
30.82,2707
30.02,8725
28.33,2859
28.94,2700
29.66,2074
29.82,2004
29.29,1483
29.18,4789
29.58,3624
29.25,1479
28.68,3423
28.63,1529
28.11,3212
28.06,6594
28.08,1297
27.46,1200
27.32,3558
27.71,1972
27.77,1808
27.61,3568
27.45,1962
28.4,5571
28.78,9098
29.09,1139
29.08,2127
29.33,3265
29.3,1082
29.06,2149
28.61,2669
27.96,2521
28.05,854
28.05,2382
28.49,200
28.33,415
28.53,2591
28.48,111
28.34,955
28.62,942
28.81,2163
28.91,1657
28.84,4928
28.92,1663
28.92,0
28.28,1445
28.14,427
28.74,1250
28.26,300
28.25,506
28.36,348
28.13,3109
28.83,1653
28.33,3443
28.46,505
28.54,723
28.71,2615
27.97,1430
27.25,1845
27.52,1751
28.16,2380
28.41,1576
27.53,1840
27.47,747
27.54,396
27.51,2195
27.2,481
27.34,493
27.33,1074
26.81,1105
26.96,1366
26.6,2628
26.61,556
26.85,1236
27,1618
26.72,731
26.74,240
26.75,2580
26.31,2053
26.42,1929
26.38,8583
26.25,974
26.76,1395
26.07,3227
25.64,1628
24.85,1027
25.02,2748
24.76,546
24.77,835
24.62,2761
24.56,2173
24.56,0
24.65,311
24.82,634
25.06,1620
24.59,1502
24.65,1114
24.96,1834
24.54,304
24.83,200
24.94,1196
25.69,4909
25.85,758
26.07,3246
26.59,1704
26.12,2002
26.35,10704
26.44,2719
26.38,1851
26.85,2238
26.72,1772
26.32,1811
26.41,7273
26.52,974
26.04,2217
26.34,3285
25.96,591
26.3,1009
26.4,2319
26.4,2007
26.71,409
26.89,2058
26.51,681
26.1,205
26.42,2640
26.5,832
26.78,200
26.74,570
27.26,442
27.17,1241
27.19,2888
26.67,704
26.63,902
26.56,2380
25.71,697
25.78,929
25.97,1806
26.42,1227
26.39,2901
26.31,2427
26.16,321
26.02,839
26.25,2221
26.37,1315
26.38,405
26.38,777
26.22,101
26.25,703
26.13,1539
25.94,523
25.57,734
25.99,2505
25.86,228
25.96,500
26.1,1288
25.99,1405
25.64,1394
25.88,3241
27,5846
27.33,3361
26.98,5376
26.96,1530
26.99,3968
26.85,3618
27.03,2326
26.85,3578
27.03,7271
26.92,4193
26.66,2122
26.54,4371
27.31,7196
27.13,4871
26.68,7008
26.7,10711
27.05,4318
27.04,6791
26.23,9597
27.83,7806
28.42,20642
27.99,2799
27.67,1634
27.85,3111
28,4318
27.93,3769
27.89,2135
27.43,2217
27.66,939
27.5,1853
27.8,503
27.6,3015
27.91,5762
27.39,666
26.63,1658
26.54,4960
26.77,1377
26.88,2704
26.56,6841
26.68,407
26.61,994
26.43,4779
26.49,2316
26.39,3667
26.35,4307
26.4,1519
26.33,1534
26.04,4378
25.36,905
25.36,0
25.59,3414
25.4,1782
25.49,3101
26.23,6304
26.55,1883
26.46,1481
26.6,3723
26.06,719
25.79,424
26.05,3187
26.29,1876
26.13,2190
26.2,3020
25.44,805
25.53,911
25.56,3630
25.44,1086
25.63,2217
25.82,3963
25.78,100
25.92,102
25.95,7799
26.3,1729
26.02,1991
26.1,4246
26.37,402
26.82,916
26.81,3953
27.02,508
26.41,702
26.25,3523
26.3,525
25.71,978
26.23,1208
26.19,2219
26.8,801
26.43,4011
26.63,460
26.6,896
26.99,3331
26.97,903
26.64,205
26.88,748
27.03,602
27.11,796
27.17,7422
27.98,300
28.12,1219
27.76,3471
28.43,1694
28.64,475
28.17,5237
27.6,1391
27.06,2449
27.31,7417
27.24,811
27.47,103
27.51,1971
27.2,200
27.3,799
27.25,4086
27.03,722
26.94,392
26.59,1603
26.82,1216
26.74,405
27.22,3052
27.38,2797
27.02,2768
25.73,3352
24.73,2405
24.17,2262
24.52,5153
24.22,764
24.3,1321
24.17,4182
24.27,1701
23.95,1309
24.03,1270
21.7,6795
23.19,1002
22.79,5303
21.63,6709
21.78,2172
21.48,7373
20.93,2683
20.68,3887
20.81,11531
21.27,511
21.09,2292
20.58,8801
20.61,3520
20.78,4739
21.88,5283
21.58,2667
20.95,2213
21.4,4112
21.9,3001
22.99,2052
22.81,949
22.86,956
22.1,100
22.16,9892
22.32,402
22.35,646
22.18,1849
22.58,1020
22.92,2797
23.23,1182
23.17,1297
23.08,254
23.14,1330
23.15,12653
23.48,3653
23.51,8441
23.42,1731
24.33,1247
23.92,1470
24.54,321
24.36,521
24.44,2123
24.29,353
24.14,911
24.21,759
24.07,278
24.13,1467
24.17,890
24.23,531
24.21,1279
23.92,5894
23.49,5149
23.08,900
23.48,3101
22.95,1101
23.4,2327
23.75,3890
23.85,1461
23.59,1108
23.78,3298
23.84,1846
23.44,1020
23.39,1942
23.7,12609
23.4,2314
23.64,2796
23.42,2700
23.8,786
23.54,3753
23.09,1102
23.15,510
23.03,3191
21.33,12176
20.08,7197
20.09,14498
20.24,13328
20.46,6868
20.31,16892
21.41,1971
20.73,1867
21.26,1955
21.43,245
21.54,1097
21.77,5901
22.04,432
22.04,605
21.8,8817
20.94,2260
20.58,1277
20.68,3228
20.65,2284
20.85,1633
20.82,1584
20.57,278
20.62,440
20.67,1470
20.56,613
20.5,1792
20.49,11707
20.22,3208
20.37,14671
20.01,4450
19.46,998
19.42,788
19.55,4674
19.36,800
19.56,901
19.55,4053
19.74,1623
20.66,1326
20.77,4106
20.34,1455
20.1,1829
19.83,6965
19.65,200
19.46,100
19.32,1422
19.12,615
19.42,1194
19.38,2240
19.49,1042
20.04,2288
20.16,7988
20.09,1765
20.12,735
20,1449
20.13,2016
19.96,1179
19.89,1408
20.21,1002
20.44,932
20.39,2342
20.62,1276
20.58,1797
20.37,3627
20.89,743
20.89,100
20.99,1172
21.08,2071
21.41,8723
21.18,4555
21.06,791
21.04,1618
21,4760
21.25,100
21.15,773
21.06,2024
21,1584
21.4,1000
21.49,10295
21.93,3598
21.53,3555
21.52,951
21.38,1460
21.35,2421
21.15,3305
20.94,500
21.18,584
21.03,1949
21.03,968
20.57,1583
20.67,2921
20.67,506
20.44,868
20.35,1976
20.44,1776
20.71,868
20.75,2035
20.79,1261
21.17,1469
21,4605
21.03,100
21.14,159
21.29,1516
21.25,4829
21.3,6951
21.27,7456
21.53,1049
21.65,2735
21.79,2846
21.94,1780
22.45,1324
22.23,2649
22.18,417
22.53,1634
22.4,1646
22.12,741
22.3,1251
22.37,215
22.1,439
22.2,789
22.08,638
22.43,1223
22.01,3830
21.71,2474
22.06,1809
22.45,4922
23.36,619
23.38,100
23.24,2140
23.38,200
23.36,319
23.38,3470
23.01,100
22.74,200
22.99,1153
22.77,100
22.77,0
22.15,1046
22.15,0
21.81,852
21.79,1058
22.17,562
22.29,111
22.18,961
21.9,100
21.68,100
21.52,2060
22.25,203
21.95,305
21.93,1590
22.23,846
22.3,1267
22.62,2202
22.67,991
22.67,943
22.47,2274
22.02,526
21.69,497
21.58,2134
21.56,201
21.58,192
21.7,2094
21.54,200
21.65,200
21.64,271
21.55,636
21.48,957
21.45,3073
21.45,902
21.54,292
21.37,5124
21.15,551
21.07,789
21.01,1352
20.69,2566
20.43,302
20.37,4519
20.69,616
20.55,406
20.62,2174
20.97,167
21.22,223
21.32,1472
21.62,501
21.86,1177
21.88,2663
21.74,422
21.74,0
22.05,360
22.54,1494
21.86,624
21.9,1966
21.9,0
21.65,1018
21.59,3495
22.45,337
22.57,199
22.7,1398
23.09,100
23.34,150
23.38,1552
22.9,1186
22.88,377
23.04,1980
23.02,1177
23.1,2865
23.16,1934
23.16,0
23.23,407
23.2,2958
23.57,1491
23.05,1376
22.82,1703
23.1,1294
23.1,0
22.56,1458
22.05,442
21.99,100
22.1,812
23.1,2440
23.71,2797
23.72,7161
24.27,3475
24.05,2117
23.97,3307
23.51,400
23.13,1872
23.07,3339
23,2947
22.95,1070
22.72,1154
22.5,100
22.52,509
22.53,1568
22.77,605
22.77,0
22.9,1792
23.1,703
23.16,604
23.54,2406
23.03,1130
23.29,432
23.39,3428
23.47,3028
23.7,553
23.53,760
23.82,1102
23.75,1160
23.54,1503
23.68,2247
23.91,1076
23.75,4455
23.75,5493
23.77,4196
24.07,9177
23.24,2866
22.36,388
22.82,7686
23.65,1786
24.91,200
24.54,2094
26.63,6707
27.56,5412
27.17,5686
26.65,4691
26.47,3202
26.75,4914
27.32,861
27.46,574
27.3,5095
27.13,1633
26.34,649
27.19,4375
26.47,2063
26.4,537
26.55,2762
26.91,518
26.69,3494
26.66,6896
26.44,2239
26.47,418
26.3,3698
27.32,5783
27.24,611
26.97,3418
26.41,205
25.96,3491
26.58,5947
25.75,853
25.72,585
25.35,2263
25.86,1293
25.81,1403
26.27,7501
26.36,788
26.43,1061
26.41,5938
26.21,411
25.64,838
25.69,2293
25.77,1000
25.82,1256
25.9,4049
25.57,482
25.62,440
25.98,2051
26.66,790
26.56,1565
26.58,2130
26.15,716
26.12,202
26.05,4391
25.5,2353
25.26,1438
25.16,3935
26.02,1449
26.26,2505
26.65,6147
28.4,1683
27.92,4777
26.97,7589
26.18,1993
26.01,919
25.86,6951
26.77,462
26.83,1672
27.36,4222
26.98,14402
27.43,703
27.38,8753
28.23,2789
27.84,1413
27.62,9912
28.45,5732
29.02,3220
29.05,12308
28.16,2635
27.51,1253
27.47,5880
27.55,621
27.67,12536
27.86,2789
27.5,1481
27.45,1576
26.48,5629
26.68,809
26.24,812
26.33,3016
26.79,200
27.02,365
27.15,1940
27.34,432
27.51,731
27.5,3427
28.1,1084
27.64,1616
27.57,3462
27.61,500
27.84,704
27.92,2959
27.35,650
27.06,1622
27.27,10112
26.53,884
26.47,702
26.46,2629
26.5,626
26.25,304
26.33,1286
26.4,1281
26.28,932
26.15,5815
25.14,2290
24.93,1878
24.49,11210
24.06,1579
24.41,3402
24.19,8735
24.1,1992
23.93,4282
23.86,10118
25.84,4654
25.07,2253
24.75,9767
25.86,1491
26.73,1237
26.86,3653
25.51,1086
25.28,2715
25.71,7039
26.08,894
25.9,1998
26.07,2127
25.78,2668
25.8,4397
25.13,18198
24.66,3694
25.03,9117
24.95,8841
25.18,1196
25.5,3343
25.07,626
24.56,1625
25.02,2643
25.18,7074
25.41,263
25.37,4460
25.12,10545
27.04,3989
26.16,6787
26.45,5704
25.89,3991
26.58,2680
26.86,2808
25.81,1799
26.1,2187
25.99,2302
26.33,1393
26.22,348
26.44,981
26.65,557
26.73,1001
27.15,1895
27.72,4360
27.72,0
28.55,405
29.3,934
29.07,5030
29.48,971
29.13,102
29.71,7747
31.43,1673
31.36,1886
31.29,2604
30.52,2990
30.78,174
30.76,2949
31.16,773
31.33,1531
31.18,4079
30.59,2397
30.35,2098
29.91,3808
30.81,1135
31.09,1533
31.34,3974
30.81,517
31.04,1709
30.9,2769
31.43,5592
31.57,2948
31.12,1565
31.85,5271
31.49,4881
31.72,4797
30.77,4200
31.55,5509
31.72,5418
32.11,3582
31.97,2550
32.19,3288
31.27,743
32.09,971
32.35,3065
33.31,3301
32.93,970
32.62,4071
34.26,3840
33.35,3282
33.35,4927
33.81,2887
33.42,3316
33.42,4698
34.27,2753
34.12,3420
34.17,3445
34.66,6869
34.66,0
34.05,885
34.29,808
34.5,5471
33.37,1827
33.22,1964
33.26,3265
33.49,1948
33.58,742
33.57,2979
33.88,1951
33.97,2958
33.96,4001
34.49,752
34.51,2045
34.55,2418
35.3,1708
36.2,1615
36.33,4654
36.43,2949
37.37,2589
37.57,3653
37.17,1774
37.54,2127
37.53,7065
37.38,945
37.69,2026
38.06,6779
38.67,1772
39,1158
39.32,6127
41.74,3926
42.41,3588
42.8,12141
42.47,2266
41.84,1858
41.66,6309
40.25,8317
39.59,3022
39.23,8284
39.53,1010
39.54,1872
39.82,7695
40.97,1120
41.56,2189
41.72,3184
42.57,1790
42.16,1532
42.12,5513
41.99,3387
41.62,1754
42.48,4270
43.2,3115
43.9,2889
43.66,2426
43,848
43.22,1815
43.17,4184
42.93,3433
43.47,4049
43.56,2028
50.68,3038
51.58,4086
51.24,8887
52.52,5115
52.7,4790
53.26,19599
52.87,6905
53.23,4640
52.71,6066
51.26,5968
50.73,4235
51.28,4958
49.04,5094
49.26,12172
50.38,5349
51.69,2226
51.09,2189
51.51,6400
51.02,1292
50.49,2346
51.58,4747
49.13,2072
49.72,3099
50.28,927
55.24,1635
55.43,2023
55.58,2292
64.51,6942
64.9,3314
64.94,6958
62.53,6530
63.58,3292
63.02,11301
60.89,1135
61.41,2501
62.9,8667
60.98,2811
59.32,2379
58.07,5471
61.09,4189
60.49,2939
60.38,10167
56.61,5667
57.48,3503
57.97,6866
58.41,1935
57.56,1413
57.07,6773
58.06,14537
58.54,4585
58.05,5986
58.24,4591
58.12,2362
58.34,5895
58.66,2487
57.535,2144
56.51,5202
56.26,1143
56.74,3356
57.39,4494
56.01,909
56.23,2293
56.31,2538
56.33,2538
55.95,1986
56.3,4546
57.22,1369
56.47,3825
56.89,5583
55.27,3460
56.84,3718
56.905,6827
54.27,400
55.15,2350
56.145,1877
58.125,1962
56.895,1986
56.83,3169
55.16,3457
53.85,2830
53.305,4382
53.49,2672
53.27,3356
52.74,7446
48.37,6125
48.7,3991
49.54,6127
50.47,3383
51.94,2833
51.39,4699
50.18,1602
49.82,1129
50.045,2974
48.81,1681
49.27,805
49.235,5105
48.77,691
47.945,1115
47.185,4049
48.44,1388
47.57,757
47.59,2105
47.38,3824
47.47,5790
47.77,8159
46.64,3052
46.745,2843
46.73,5275
44.13,2611
44.015,1352
44.045,10743
43.455,3921
42.68,1532
42,7624
45.02,9666
43.59,6322
44.35,15134
43.53,6274
43.76,3314
44.08,9876
44,1766
43.71,1183
43.59,4477
41.175,4107
39.94,3997
39.18,6625
39.27,4462
39.94,11452
38.99,26316
38.8,3757
39.28,5606
38.53,7986
39.49,1126
40.22,1543
39.8,9652
41.14,4107
41.8,3925
41.72,8066
39.655,4043
40.49,1972
40.915,5677
41.765,574
42.605,1907
42.455,6189
42.38,3136
43,4237
43.14,6820
47.105,5505
46.78,2227
45.65,8358
44.485,3008
44.83,4892
44.74,11036
44.25,1358
44.335,3631
44.22,3460
43.335,3727
43.485,1497
43.68,2437
44.8,8811
44.75,2977
44.3,4059
44.69,2340
44.63,2291
44.8,6180
46.585,4662
47.225,3213
46.72,3511
48.85,3611
49.22,3915
49.1,5405
48.88,2446
47.925,3078
47.99,2125
48.005,2897
47.235,2189
47.11,5915
47.575,2778
47.28,1502
47.01,5000
47.19,3081
46.71,2773
46.39,8564
46.88,3195
47.5,3032
46.605,7713
46.06,100
46.325,1101
47.415,3133
45.87,1498
45.72,926
45.84,6837
44.71,2035
44.705,1327
44.54,4044
45.21,679
45.075,1163
44.975,3610
43.89,2638
43.32,1668
42.7,5481
42.47,3551
42.14,3983
42.87,14821
42.48,1221
42.08,1035
42.75,3810
42.83,3967
42.135,847
42.655,4603
45.155,4248
43.64,4628
43.92,9076
45.815,3899
45.16,10651
46.005,13664
47,9912
43.92,10901
43.895,18499
42.42,7214
42.34,7374
42.075,11048
41.46,5553
41.65,2354
42.21,22723