183.42,32531
186.41,31229
185.71,35770
187.36,46740
187.2,36657
187.98,55604
189.81,31298
187.25,22431
186.69,36724
185.25,11020
186.58,17651
186.91,33630
185.63,54363
187.71,20013
187.86,68969
190.41,40350
191.61,37935
190.75,50372
192.37,53524
191.68,24612
190.81,53636
192.92,37642
193.36,19917
192.92,46796
191.63,29909
190.65,24762
190.26,31977
189.35,17583
190.76,52136
192,29392
189.91,49400
188.8,46836
188.58,82396
192.2,23657
191.05,14494
190.76,25146
188.16,35753
189.42,24584
189.8,62000
191.26,30017
190.25,29225
189.92,45396
190.53,40564
191.48,39560
193.43,64324
193.05,29293
193.92,15031
192.18,31268
193,445940
209.21,220866
219.58,270199
208.1,47499
208.21,42573
209,77148
214.84,51850
213.68,68999
215.18,81979
221.21,101575
222.2,122593
224.4,120333
216.75,89674
212.15,62813
212.61,75623
215.15,39560
214.96,15701
214.57,20239
214.39,61136
213.14,32880
212.86,73322
213.35,40574
212.59,30442
210.72,55681
211.36,14766
211.67,17165
211.24,52657
210.38,42002
209.2,17423
209.56,52756
210.04,62448
212.55,35835
211.77,63752
211.44,28574
211.23,13363
210.81,23438
209.87,38899
208.12,40838
208.03,52261
224.94,286123
221.48,93702
223.22,121444
220.18,51194
219.92,41867
220.12,52265
217.1,38943
217.36,26349
217.54,21209
219.89,15916
219.43,6898
218.45,18386
219.05,21525
219.02,17684
219.01,38872
219.47,36735
220.05,24464
220.33,22358
221.06,38238
221.86,41564
222.14,76133
222.97,55313
223.48,76111
223.53,89212
224.23,102266
223.91,43412
224.42,137086
224.42,56833
223.45,18003
225.11,115583
226.21,71448
227.04,172976
223.69,41847
226.18,64227
224.65,49241
224.97,54413
223.85,52895
224,10969
224.78,48288
224.77,15685
225.22,25456
225.93,49222
222.54,102326
222.3,77310
221.05,59656
221.46,55391
221.44,130763
221.47,21772
222.3,28820
220.38,36443
221.48,28035
226.1,40072
224.52,39643
223.52,29295
223.09,17820
225.71,13002
226.06,28849
227.37,29741
227.6,21075
226.97,30747
228.75,61615
229.97,22533
232.34,75572
232.82,57282
232.65,27327
231.68,15582
232.56,16793
232.39,11442
232.29,38153
234.45,24003
234.79,15695
235.33,37637
236.38,27431
234.09,9006
233.35,31740
232.8,23044
233.36,10809
233.39,26609
234.36,19062
235.44,9832
235.79,38639
240.93,79446
246.92,134959
241.59,304578
250.29,77998
254.28,55346
253.94,65965
252.59,54416
252.68,25456
251.83,54903
250.76,70828
250.95,57587
251.7,68847
254.72,69704
255.06,17529
254.24,37162
255.22,59582
257.68,36377
257.79,65628
256.56,37274
254.74,19377
255.18,91532
250.27,25208
252.45,31378
252.56,29690
253.02,27055
252.94,27077
253.08,31966
255.37,24160
257.02,8673
257.13,23942
261.36,32481
257.43,28813
258.54,37285
261.62,21122
261.09,13363
260.91,42786
256.91,18444
259.36,21575
258.22,28950
261,16972
259.38,19613
258.1,27195
259.52,15172
258.71,16580
257.83,43687
253.78,42865
251.88,24540
250.66,57373
251.25,41530
251.95,14280
252.5,33640
251.76,19487
250.93,17055
250.06,36754
249.9,53331
249.05,18936
248.39,33334
250.43,17399
251.95,14060
251.57,17963
252.04,25313
247.61,22799
247.81,29076
244.07,54718
246.19,24888
245.89,33563
246.51,12750
247.06,11334
246.78,23954
246.7,9003
248.58,8194
248.73,26861
248.4,30588
246.57,14701
245.76,66186
243.33,35993
243.31,13512
244.01,30456
238.9,137871
232.79,114242
230.81,139637
230,62572
232.56,68327
229.54,87252
228.7,88686
226.51,40673
226.81,31400
227.4,55929
224.52,71533
222.54,73761
225.62,33172
226.43,33896
225.06,45754
222.03,71932
220.18,126340
220.49,110509
218.87,21510
219.33,13154
219.55,59016
218.48,40779
221.64,28104
221.35,71396
222.88,54215
221.17,21982
220.95,50419
220.16,21825
220.37,21828
219.3,53826
222.02,28494
223.76,12659
223.3,37910
224.02,39248
222.38,22081
221.61,19406
218.58,59442
216.64,33513
216.28,93062
212.66,151242
211.52,111193
212.46,150615
217.24,51659
219.28,34192
219.52,111882
226.43,73533
223.91,56600
223.52,57844
218.48,27744
220.01,10189
220.02,68294
218.96,57474
215.21,26267
215.22,68551
217.64,32956
220.09,21583
221.08,68615
218.24,60200
217.61,21401
217.95,54087
220.91,40927
223.73,25360
223.75,57064
223.05,28133
224.37,21052
224.76,54375
226.53,21267
226.34,14722
224.5,24375
223.19,25420
223.72,11207
222.33,21374
222.87,29129
225.34,40553
227.46,43892
224.86,19486
226.18,21830
226.05,41841
227.74,13490
227.03,10794
228.05,22806
230.39,19870
230.09,9464
227.61,16162
230.37,24040
230.93,22525
231.18,26526
234.49,18436
233.55,17168
232.91,33809
230.21,12278
230.68,14056
230.09,25637
229.84,44050
231.06,19444
232.06,30043
232.06,0
232.06,0
232.06,0
230.35,77497
237.29,42463
237.25,87291
242.36,66799
240.94,39359
239.35,84829
243.83,66855
241.63,23643
241.46,46847
243.16,28400
244.24,15567
244.55,24413
242.52,28407
240.96,20550
238.3,34262
242.59,75523
247.27,26547
246.82,38221
249.59,50282
251.42,99632
252.38,112991
254.77,45087
257.42,39653
258.02,42923
251.25,89739
252.25,41616
254.05,40588
250.88,10900
248.57,9802
249.19,15701
250.19,5963
249.07,6095
249.44,23872
252.15,7956
253.36,9457
253.37,27751
252.05,10125
251.81,9795
251.8,11447
249.07,21379
250.62,10972
250.08,15536
247.61,11269
248.47,7018
248.74,10258
246.96,10228
248.35,2845
248.7,24221
251.03,14149
251.07,10734
251.6,18113
250.3,8909
251,9677
251,9393
252.07,20049
253.65,16175
251.78,25330
252.01,22065
251.02,21794
251.34,31771
250.53,17249
250.44,11210
251.48,13111
250.34,12333
250.85,19865
250.35,38370
252.55,49944
252.55,0
248.85,16867
247.99,29478
244.78,48127
238.51,24431
241.11,18055
241.42,51223
241.45,34831
244.12,34498
242.2,59049
238.61,20346
239.36,18973
237.64,29607
236.18,61961
235.26,54178
233.53,41625
234.19,44920
232.69,41120
235.61,34027
233.52,35239
232.2,57101
233.79,32954
230.53,51653
232.35,28542
234.1,26834
234.75,19970
234.12,31152
233.65,49052
233.23,67152
233.31,37301
233.1,24417
238.17,29043
239.2,21684
238.76,37029
239.26,60037
238.73,31244
238.61,49208
257.28,86292
262.12,32594
260.74,95804
268.63,94014
269.15,41244
268.47,51939
258,46425
255.53,19544
257.49,51864
250.26,40827
250.37,37585
253.38,53784
253.4,39601
253.28,27501
253.39,45082
254.36,63271
254.41,26917
255.07,41008
262.03,20445
263.43,13085
263.62,20538
266.43,9818
266.86,14892
266.55,22518
266.64,6854
265.51,17831
265.39,16271
267.17,5375
266.75,14009
266.98,12652
265.85,11104
266.95,10536
266.52,18583
267.26,3507
267.22,4280
266.23,10770
258.83,31056
258.34,20431
260.28,30751
255.78,16439
254.95,9972
256.32,20614
254.22,26503
254.1,18074
251.81,34747
247.17,45183
248.78,19293
250.11,27288
247.98,27302
249.75,20640
249.54,30875
246.86,29791
245.91,25568
248.8,24504
248.23,19816
249.14,10960
250.67,26636
242.22,91957
243.52,62171
244.73,62041
242.51,37788
240,25837
240.82,72947
235.59,43310
233.87,33885
233.57,46991
234.87,18471
235.87,18379
238.21,26543
239.59,36815
238.18,19749
236.74,33054
236.51,16901
237.45,16109
235.89,33886
235.44,13918
232.86,18398
232.93,53053
232.93,0
232.93,0
232.93,0
226.93,11324
228.23,12228
231.8,33273
229.56,28118
231.59,34767
228.83,42443
231.76,13020
229.26,10447
226.84,29637
230.53,25544
231.15,19938
232.58,45175
233.25,52382
234.42,39781
235.29,37183
236.46,24195
235.88,25789
236.46,60557
239.36,12465
240.72,11827
241.01,20723
234.2,66742
234.66,39044
234.84,100061
232.63,23976
233.04,19298
233.68,63676
231.77,21447
231.91,27362
233.12,67964
228.2,22867
230.5,12784
229.5,21757
234.62,9014
233.97,5384
233.59,15314
233,19082
232.45,10237
229.57,21760
228.82,8386
227.87,15897
226.95,18400
224.06,15517
226.36,18619
225.66,24859
234.42,35552
234.25,25878
235.2,42499
234.88,20474
237.53,18414
237.19,29545
233.87,17866
235.06,14117
233.07,50580
232.36,43678
230.89,23238
233.6,34747
230.45,31494
230.71,43054
231.48,41982
233.07,13756
231.89,28717
229.88,51898
228.65,54551
230.75,67001
233.22,75342
241.37,29321
241.78,17247
241.42,27689
238.65,21268
239.49,29391
239.46,44270
238.85,33423
237.98,77467
240.57,69841
246.66,35726
245.33,20447
244.71,37740
246.24,25742
247.54,26898
248.71,49718
248.98,41308
251.26,61007
253.39,60847
252.35,40662
253.55,36232
252.84,41118
252.84,0
252.84,0
252.84,0
255.06,31963
255.62,32215
253.12,51725
254.63,20215
256.07,27162
257.96,38122
260.65,30690
258.4,14765
258.03,18875
260.07,32111
260.54,26442
258.13,63069
263.7,131902
263.99,74272
264.98,66655
268.22,69092
265.08,58354
266.13,78738
272.52,45993
272.39,27353
273.42,67447
277.26,43779
278.16,18901
278.74,58071
282.01,57938
280.79,19685
279.74,60994
275.78,53030
275.16,28921
274.69,60142
275.82,72259
276.05,48508
276.01,90862
276.03,73139
277.39,30488
276.73,48532
279.63,24069
278.72,12543
279.71,66896
281.71,41742
278.28,24583
279.42,61025
280.29,73555
278.3,44074
277.91,74260
280.65,24213
280.84,22459
278.67,53025
280.42,29163
279.95,13506
279.63,61354
278.21,38949
279.65,23189
281.33,82793
283.6,53479
282.83,24333
282.05,80606
283.15,37372
283.35,13147
282.48,21733
286.07,69176
288.97,27980
291.3,100820
301.59,80990
299.75,32992
299.52,130929
298.09,40086
299.25,27431
299.99,78841
298.48,49250
299.13,14729
298.93,46041
294.84,30374
297.32,27216
296.58,87124
293.37,49557
290.71,20506
291.44,63689
291.04,17017
290.87,8883
292.94,22975
287.96,7356
288.05,11173
288.34,35851
287.72,36610
285.16,18765
284.57,16323
285.66,31842
285.27,52544
284.81,68073
279.37,52680
280.92,23715
279.29,62722
276.36,48474
272.01,25324
270.55,54560
267.85,32417
268.11,20285
271.29,53312
278.66,47026
275.17,11763
273.81,28390
274.62,32926
275.88,32221
277.33,72689
283.39,100012
283.95,91526
286.01,106154
283.26,34208
282.82,29792
283.25,93616
276.27,53781
279.05,24728
275.53,49765
274.96,33483
278.27,16306
276.16,29060
274.43,26851
279.07,28610
281.02,84973
283.42,48829
279.66,26879
280.94,184221
280.93,53514
283.01,22641
283.1,112035
277.03,44852
278.51,29731
278.21,82862
281.4,44585
276.38,47165
277.36,60293
279.16,24493
282.23,18670
276.9,34799
276.4,26193
276.96,38068
279.08,56684
279.52,39945
278.65,12269
279.59,94590
292.18,110636
293.21,44935
292,66851
290.43,54134
291.31,18596
290.82,59587
287.63,23457
287.44,14984
286.62,47697
276.68,55614
278.56,46845
276.79,58000
287.34,39052
286.31,15132
284.92,53296
294.2,48783
292.67,23816
293.23,33428
295.11,45333
291.64,29324
293.65,53544
297.4,68436
296.64,18205
297.03,39237
298.56,60901
298.01,52978
302.15,49136
305.11,67850
308.94,49213
308.03,84399
301.85,47433
301.44,32634
302.83,76651
298.46,45326
299.23,39661
301.39,53099
292.15,73191
292.15,33907
290.25,96031
293.67,61796
293.39,36655
292.28,65304
300.63,71034
298.84,30036
295.85,117133
296.9,34722
296.47,32148
297.78,63809
303.47,16834
303.39,18178
301.91,81585
300.31,40650
297.54,9995
298.78,28347
290.42,48317
289.87,52876
288.55,66588
281.71,49177
281.07,40846
282.92,91796
280.74,34066
278.82,17911
280.58,72433
282.18,11238
282.02,11530
283.19,36711
278.41,48030
278.33,6570
278.1,40535
287.81,43627
284.6,37894
286.74,102247
286.15,44190
288.16,31217
288.15,55498
292.78,42153
296.06,42477
298.15,94489
299.27,52446
300.37,64094
301.57,115092
312.54,83461
314.53,64610
314.07,100282
315.94,48782
317.25,30437
317.3,65816
312.2,54748
308.98,69867
308.24,73814
311.11,37896
312.37,18219
312.75,81909
312.42,34171
312.91,12958
315.85,53096
311.34,31364
309.37,20027
311.38,51547
312,67622
310.11,36928
312.36,64428
317.97,29277
317.53,14073
318.27,52104
318.1,35405
318.21,21275
319.37,27624
319.77,24047
319.51,15585
319.75,29804
319.92,14689
319.95,11837
320.93,18713
317.64,22821
316.9,10366
315.9,39366
312.18,17493
311.99,24154
312.42,47456
309.58,25604
312.39,13791
313.45,40081
321,15232
320.29,12576
317.89,43492
319.22,23828
318.6,45344
314.23,58962
315.27,19005
315.12,6716
315.75,38716
314.71,49473
311.75,17646
310.85,34148
313.18,19139
315.92,13179
314.8,30086
317.17,15134
317.85,8473
316.27,45979
318.74,36384
319.07,20278
319.78,64955
318.52,54928
319.09,33354
320.49,25282
315.4,16930
316.33,18029
316.09,38694
313.77,51049
319.39,18127
322.21,38863
317.75,26325
318.17,13754
316.74,74485
317.62,58544
316.68,26082
315.29,43053
314.46,74487
313.41,16952
311.19,49868
308.72,117332
304.47,98594
301.04,138646
296.37,87581
295.04,44669
294.21,74313
294.61,45027
293.84,25420
292.37,76060
291.29,39780
293.75,8961
291.27,40053
294.87,39824
293.67,24495
293.23,41116
295.93,30439
293.83,22444
293.26,91239
293.2,55417
293.33,32444
291.49,43477
293.42,25755
297.69,22925
298.38,38382
302.05,39541
302.93,17612
303.56,45443
303.51,51998
302.35,12860
301.33,38276
306.5,49873
309.52,11085
309.94,35253
307.03,19271
307.15,11559
305.95,31589
313.35,39036
314.54,31822
315.02,57657
315.63,36592
314.37,36566
313.03,55522
306.23,44362
307.82,36844
306.49,68971
306.63,33583
310.54,19540
310.33,42162
308.95,23217
307.71,15033
309.96,34741
313.38,23378
312.97,19831
310.7,59245
303.11,41333
302.6,17776
302.53,43718
301.54,44597
298.67,11250
298.41,34054
297.89,25933
295.83,12515
293.74,85056
293.79,109071
296.05,36278
298.85,93221
299.77,14790
299.61,13250
295,105606
299.93,53165
300.39,23568
299.5,46190
298.75,45283
301.48,23594
301.81,36506
301.28,33214
303.52,30030
304.69,39225
308.22,29148
308.66,11859
308.76,38715
307.63,18403
308.01,7199
308.43,46934
298.39,26375
299.15,20664
299.57,44921
300.15,33645
302.01,14896
299.37,27191
297.17,39752
298.87,15567
301.95,51581
300.99,9014
298.3,12178
299.03,54442
291.68,42398
293.7,30016
294.73,55802
291.04,24999
293.39,15977
291.14,51823
293.91,26941
293.49,9507
291.92,99288
297.25,88404
298.73,47764
300.43,126014
303.37,56185
301.68,32471
301.86,72660
296.88,52369
300.24,65350
299.43,113906
302.1,44162
300.65,53921
300.94,86763
324.13,235120
328.61,78943
322.49,152538
320.31,72717
321.01,26110
319.46,62385
316.52,57328
314.98,50082
315.61,91238
314.41,59307
309.19,37114
308.71,53216
316.17,40565
317.55,14563
318.52,50729
318.89,19810
319.18,32028
321.9,59325
325.72,131402
323.12,34983
324.24,66938
320.05,27227
320.73,35127
319.35,60222
313.14,36531
313.92,13114
315.21,39496
312.64,25021
316.66,25764
318.28,77542
322.03,30099
316.94,8667
315.79,32345
312.08,46754
318.79,36311
321.66,77502
320.74,32636
320.31,17201
322.59,65009
326.51,48748
324.92,11705
324.14,45271
322.77,31155
321.56,33903
323.34,34628
321.26,56268
319,39764
317.2,70301
317.13,26961
318.89,23963
321,24496
325.41,31266
327.29,28591
328.24,72485
339.59,57490
340.89,23524
337.06,35537
337.36,36583
339.89,18784
340.11,51835
346.27,28679
349.75,46673
347.75,49266
346.42,40748
347.18,21091
346.72,47821
348.4,53523
349.06,35044
347.46,128397
347.42,61952
350.72,49767
349.59,82904
340.19,97737
334.49,68829
336.86,170591
347.6,56017
348.83,24270
349.79,98983
344.01,41077
346.01,28567
349.58,74693
348.49,43515
344.99,30785
343.66,77209
354.68,30907
352.36,26258
352.38,65299
353.63,15335
355.69,32382
355.61,43117
357.2,23629
356.87,18031
353.79,30036
355.59,22106
352.98,14259
357.04,34188
336.15,82757
335.04,82655
341.29,60558
343.82,34841
348.16,40877
349.01,31243
343.84,38285
339.58,41284
339.95,78237
346.77,15826
345.34,32631
343.4,45379
347.95,36423
351.17,14559
351.29,38507
350.77,12973
351.23,12035
351.6,56459
352.05,26410
352.41,14103
352.58,36875
350.77,27049
348.25,26552
349.98,28984
350.88,24352
351.13,18501
352.43,21551
355.75,19205
355.75,0
357.48,23231
357.07,28610
355.34,51195
351.91,53732
352.32,19791
353.2,33099
354.1,13571
352.89,26200
357.6,70305
359.93,30588
361.4,42174
361.3,46144
362.52,19564
362.53,9323
363.09,25544
363.55,32420
362.52,31576
358.93,46455
359.86,12886
358.67,30095
358.04,36519
363.99,13860
363.18,21849
361.38,29297
361.54,15639
359.4,28397
359,40415
359.77,52924
355.11,22185
353.78,40670
355.92,19783
355.34,24427
355.32,68604
354.3,45031
354.01,67886
350.91,51318
354.72,30979
351.8,39453
352.3,46744
349.21,24621
349.39,29029
350.9,40705
346.09,51581
347.43,36495
349.54,39454
349.12,20532
349.01,18009
347.2,23656
350.61,10009
350.6,7885
350.03,16278
358.96,13792
359.39,15979
358.9,22142
358.05,14049
354.34,34886
355.49,52125
356.39,12058
357.24,10142
356.63,15436
358.31,12826
356.31,13888
354.94,23591
356.12,14890
357.17,8391
356.02,12368
360.82,16064
359.91,7537
357.78,11205
354.27,14868
354.35,8914
353.86,20946
354.24,13453
352.79,10688
353.93,24407
355.04,16875
355.42,40607
352.25,20577
345.95,11527
347.92,14504
350.16,23473
351.74,24241
353.28,34351
354.82,26401
350.47,46144
344.41,41107
341.76,70712
338.41,14758
340.07,15173
341.72,32547
344.67,24061
346.2,40744
351.15,43855
347.23,19432
349.86,15669
348.58,32512
352.98,19210
351.27,8121
351.58,23120
349.39,49251
349.68,30532
349.95,37326
345.55,20427
344.64,37093
344.05,114505
342.45,29591
342.19,28005
342.88,45825
336.85,69779
333.67,75425
335.78,101065
334.52,56745
333.38,52775
332.09,56231
332.93,15990
334.88,12292
336.16,35778
337.28,21597
337.7,24034
338.51,41770
338.77,27742
338.38,30771
338.12,52192
335.87,23880
334.65,37193
334.71,33831
335.43,19640
333.04,32360
331.26,45855
332.04,13228
332.16,13487
332.16,23536
330.09,60115
330.55,42604
332.52,54049
312.1,184452
311.9,95904
318.8,109116
331.21,69499
331.08,79859
328.52,124939
329.08,28093
326.87,26980
329.21,32591
325.43,40788
327.94,24356
329.85,35586
330.74,41054
332.04,39492
332.91,30481
335.93,56644
333.12,26627
333.79,27012
336.43,19782
337.14,9052
337.03,19998
339.13,28757
338.38,21079
338.22,35438
341.8,12162
342.06,21676
341.97,23236
334.9,67653
329.83,21102
328.19,63594
324.17,47762
322.52,54465
321.31,70645
320.02,23439
319.43,50170
320.95,32634
321.85,16440
321.87,18536
320.4,47934
322.47,15111
323.5,19936
321.25,26802
322.09,15379
319.13,24793
320.4,36360
315.98,23357
313.66,24133
315.53,46520
312.63,21493
311.37,25081
310,52826
304.83,28561
304.67,25640
302.9,47651
307.85,25906
307.78,28674
308.05,44217
306.05,23875
305.29,32411
307.27,34449
310.07,46709
311.64,65741
311.49,49613
309.93,28591
312.3,21429
310.7,55708
307.14,33696
303.05,33755
302.81,57328
303.07,18360
305.2,27638
305.21,20843
309.49,28058
311,50817
307.88,66351
312.57,43500
310.42,55649
309.51,36270
319.16,97207
319.62,52749
318.59,79706
317.85,42780
315,33810
316.3,164032
319.4,57742
318.48,73292
321.92,102499
318.7,37963
321.69,25624
322.21,66495
322.33,40556
320.95,25587
322.2,75715
325.15,27060
323.33,20180
324.85,37780
324.38,18733
321.3,31920
320.92,68480
325.68,32879
324.62,21243
325.67,61522
326.16,32629
325.81,28100
324.38,63389
322.61,48640
327.36,37919
327.49,61725
326.8,20975
326.61,15265
327.33,49068
330.06,44021
327.69,18610
327.69,65682
331.14,20729
330.22,19914
328.09,85484
330.09,20803
329.98,7751
330.36,49746
335.04,14978
333.12,15768
333.88,68110
338.19,37173
341.35,24781
341.89,80980
346.58,82642
348.59,39481
345.84,64927
352.35,40340
355.99,28110
354.33,59406
356.83,42405
357.66,26568
359.77,66365
356.3,24269
357.27,18171
358.1,49155
358.53,16780
358.28,14857
356.03,48130
357.96,52464
360.58,23767
362.56,48528
363.42,37372
364.78,27091
365.21,52243
365.55,27877
365.02,10112
364.77,59863
364.6,31917
364,12025
363.83,28543
363.44,11517
362.13,14558
361.92,37874
361.06,20056
361.66,14054
361.71,94125
361.53,33578
363.63,31358
364.71,76045
371.39,42290
374.3,33900
374.48,71252
376.86,27705
373.87,8830
373.25,39433
380.66,33272
377.3,15404
375.53,30717
363.27,41803
366.35,27799
368.13,47471
378.79,50337
373.33,22747
375.78,91620
385.87,56621
390.34,62765
392.09,68722
389.09,33129
392.83,18649
396.87,71073
400.3,54759
393.62,33400
393.7,54347
411.9,156397
415.98,85981
421,125660
419.54,93711
417.51,62280
416.57,60918
417.9,24266
420.16,9422
418.94,39333
419.71,28078
421.78,16236
422.23,17863
423.99,48141
420.36,20795
418.98,30520
421.11,29239
422.23,43085
425.07,96305
421.94,43032
423.68,25620
424.57,26529
432.93,44483
427.49,27223
425.75,81223
425.04,10675
422.08,12880
423.67,47980
424.79,22957
426.07,16581
427.75,44399
425.96,29896
426.62,18526
428.26,28284
426.5,19391
426.95,8461
426.17,30602
436,21925
433.37,14402
431.53,33726
435.56,75989
429.11,32895
426.09,41654
420.48,62518
415.97,46819
414.76,71290
415.84,28279
416.25,33471
418.19,32389
413.11,28591
411.86,18385
417.97,26808
417.36,19811
415.49,13344
416.73,12102
417.81,18796
414.56,13375
419.06,48223
416.91,24032
418.09,19950
420.44,38743
421.43,45092
426.8,50387
426.55,61114
429.22,34975
433.38,14156
431.85,41175
436.28,59138
436.41,37665
437.55,28385
435.55,10994
431.56,9463
432.78,19145
433.81,41814
433.37,28352
429.38,72693
431.53,19074
435.44,13072
435.65,28886
434.95,31841
437.3,11949
438.56,78641
430.28,17990
432.8,18657
433.13,17943
436.07,29417
437,6230
436.54,12039
436.23,10051
435.74,7276
435.16,19592
445.84,37134
442.85,15316
443.45,40332
442.27,16778
442.22,8859
442.07,53093
443.55,20258
441.73,14039
444.14,31180
441.96,19632
444.24,29453
443.9,40582
449.22,44291
450.56,25673
451.14,59286
446.68,18764
447.86,10351
448.87,31972
444.85,52519
441.73,14627
443.42,28852
446.88,37530
447.65,27803
453.96,37704
453.45,21858
454.77,12244
452.74,45485
451.49,22811
455.2,11455
453.62,35553
455.88,28294
458.39,19559
459.56,36379
450.36,30834
449.58,33558
455.77,26180
454.31,14514
453.65,29138
454.89,13299
456.59,13141
455.89,35327
448.98,24640
442.61,22785
444.21,39792
442.04,15827
440.42,14840
441.33,13487
437.46,36422
435.23,22594
431.31,59302
431.47,40674
432.48,29136
432.07,44681
431.86,19203
427.33,13304
427.57,50117
436.88,22006
438.46,9260
439.58,94709
435.31,26342
440,9047
437.36,21896
441.06,26315
441.52,13769
442.24,22277
442.9,40037
440.25,26000
443.76,23783
450.19,28796
451.71,23466
454.52,41882
454.53,21294
454.17,10019
454.51,20122
455.66,13078
450.62,8492
448.85,24286
450.7,15138
449.05,14682
448.06,29562
438.53,15957
441.99,4548
441.96,33734
444.65,15958
446.27,23380
446.84,23742
442.85,10085
447.67,9511
447.29,16941
444.85,13763
441.6,8377
443.07,26487
446.91,5455
443.31,3371
442.76,13879
446.11,17383
449.67,13317
444.01,36625
442.22,13093
440.78,15168
439.91,27635
439.39,15459
441.55,9435
440.62,28902
443.27,20008
443.27,8471
444.39,25049
515.43,151432
518.12,147847
505.84,115249
509.61,47176
515.88,26337
517.42,54231
509.72,30149
516.45,11365
509.59,38685
514.69,27182
517.01,7976
516.88,23200
523.92,47556
529.03,37251
527.67,59799
528.13,20449
533.2,13407
535.71,45593
533.39,25747
539.64,15741
536.89,21341
537.24,12718
534.16,10741
531.15,32176
529.84,20150
533.44,13246
533.98,42706
541.78,14905
537.29,12569
538.58,31138
539.63,24151
541.1,8167
542.18,10529
541.08,22888
538.55,11112
540.7,20204
542.96,9456
540.39,8445
538.38,11989
538.86,9904
543.35,7539
544.19,28614
542.22,5618
542.7,4722
543.15,17166
542.86,16043
540.92,4566
542.69,27149
543.03,8461
538.85,3539
537.92,18131
538.76,38643
542.84,9395
543.59,29313
547.51,10408
546.05,4470
545.1,14909
549.33,13820
548.52,7986
547.53,14947
544.11,14732
545.08,6454
547.58,18783
555.5,29583
563.68,25229
560.7,34892
569.11,37674
572.93,29499
574.3,25343
579.04,42319
584.48,12031
583.62,28419
581.03,15961
586.3,21573
588.31,30592
586.07,35591
583.66,39598
585.52,65493
588.73,27615
586.77,7338
583.85,32590
582.2,38310
571.64,30338
571.87,46705
559.22,23507
563.13,8433
560.83,32598
566.04,18543
562.13,7651
562.15,20502
560.83,13509
560.58,14458
562.91,16592
544.19,50913
533.33,28946
538.85,38549
539.55,29228
543.27,5483
541.04,19059
536.66,15528
541.36,10503
539.36,23713
541.56,21306
539.81,8528
538.67,16186
537.81,15764
535.25,13362
534,48782
538.76,14814
534.33,9409
535.26,32710
529.77,12013
524.88,17280
524.42,36829
521.82,18278
521.46,13977
519.04,70729
519.27,33856
508.33,23732
510.61,47356
523.41,37552
520.18,7020
517.94,12534
527.01,35912
529.16,16071
528.87,40561
540.84,42110
547.18,22180
548.49,56635
568.33,63758
560.14,55514
563.88,65398
566.15,58247
570.92,34170
569.78,59333
592.46,49934
589.41,26870
590.87,39772
599.54,43961
597.31,24429
591.78,46362
603.47,60900
596.03,19125
596.75,19587
600.38,34224
607.4,23824
603.36,28914
595.66,26995
594.4,14533
593.35,59989
602.36,20767
596.91,12258
594.68,30548
580.49,64394
579.26,21119
581.64,25252
580.27,40879
574.16,26265
576.75,26040
568.56,20495
576.83,9573
571.46,38060
571.99,23854
580.09,13948
578.75,34605
580.45,23729
582.48,22338
579.24,35809
564.07,24732
559.62,15221
559.18,27381
558,22918
551.72,11141
551.06,40980
560.48,22283
554.6,15549
555.75,19871
549.9,82615
539.8,28059
544.17,61225
544.81,25705
542.98,34801
544.63,40111
569.18,109193
567.02,37641
567.25,66634
564.6,34404
563.27,8239
559.53,24934
579.83,17160
581.71,18962
584.96,36543
586.3,12765
587.92,9795
588.51,58679
588.4,66450
595.07,32480
604.58,69794
580.66,26480
582.77,25963
579.73,51178
581.64,17962
582.23,12714
581.67,27736
581.32,25599
597.06,45144
600.36,32294
601.33,21170
599.35,6491
602.08,12922
585.28,34096
576.22,24564
579.31,48830
577.5,19342
572.32,25157
577.24,22543
580.48,13147
583.93,6569
584.25,16240
593.21,25700
586.08,15389
588.59,17703
585.16,10564
584.29,3189
582.6,12020
578.49,10892
581.86,7807
583.04,33126
591.23,14647
591.23,0
584.24,13451
585.07,9854
582.93,15159
583.41,4533
580.65,4581
581.82,12179
577.77,7892
582.83,4704
582.77,9689
583.5,14059
578.35,14964
579.8,18937
583.27,10813
580.53,24687
574.18,26328
570.71,14100
575.2,15068
574.33,23812
577.03,7851
580.84,12860
578.56,13362
576.95,5378
582.31,5770
580.63,7351
572.12,8708
576.4,6031
577.61,10401
578.83,10683
582,17618
585.69,26591
570.84,96786
568.37,25673
573.12,17880
572.47,12862
570.5,18351
570.5,21061
581.88,10705
586.64,11367
585.79,26628
569.84,25820
564.21,23928
560.25,37641
556.63,25494
561.97,13203
561.77,32446
569.59,17327
566.78,16444
566.23,37892
573.04,8959
570.94,12229
568.52,20673
565.2,9312
566.74,9935
563.32,21112
560.71,6805
557.75,11793
558.95,13374
559.38,13246
559.89,9565
560.06,18191
558.09,8354
558.18,5382
561.82,5909
565.93,8371
569.73,6268
571.02,9977
572.75,6513
572.36,6129
572.23,11102
574.77,7988
571.9,4629
571.8,9232
578.72,19704
578.36,18371
577.42,14215
603.76,19841
603.26,26146
606.7,41595
617.07,23918
614.89,24820
611.42,24060
606.57,4945
603.63,3203
605.26,7165
600.9,8493
606.75,9289
613.01,13625
616.69,8815
616.95,15917
616.91,20701
618.01,9334
618.88,26653
621.47,29384
624.48,22639
622.31,12035
625.83,13237
626.33,16469
631.43,9996
630.97,17007
634.21,8865
629.79,18038
626.1,32707
621.05,9411
621.74,5710
618.83,13740
609.18,69810
607.43,22698
611.85,29728
615.92,15728
615.38,16484
616.13,19587
616.21,12042
617.49,5022
619.21,13051
612.72,12856
618.87,5865
616.26,14673
624.6,6170
624.97,9420
622.52,20114
619.18,17618
616.09,48831
616.48,71050
622.15,46327
623.91,22458
626.39,12666
633.36,20562
631.45,12352
633.97,37441
633.06,8442
632.69,8539
633.78,14474
629.85,16969
633.2,32492
636.5,21930
639.3,16854
641.99,12675
647.12,21436
656.56,10425
656.34,14598
659.89,19662
694.17,50966
685.13,47912
696.95,37924
693.54,43427
685.13,26278
685.14,20138
711.88,18021
714.91,12856
718.45,23386
723.08,47853
726.85,11847
720.43,12069
725.66,9646
724.63,14514
728.86,30986
718.89,8311
718.89,5764
718.15,11827
725.36,10054
727.88,10695
728.07,14416
747.24,15600
740.22,7159
740.94,37229
746.99,21885
746.4,11508
745.89,8301
773.26,31078
774.17,11694
773.05,15353
754.65,19225
743.48,12970
744.21,16920
728.02,18305
728.23,13496
727.57,12898
756.07,23176
759.52,15595
757.52,75801
753.21,9042
752.6,5519
755.94,17259
760.15,9123
761.47,11718
758.96,19380
757.63,21210
756.62,23341
759.41,28041
745.6,12839
742.44,5464
746.26,10626
737.56,10993
738.54,6052
740.21,16815
765.54,16551
766.48,15134
763.78,34261
780.67,22628
780.33,13687
782.64,21340
764.77,10758
761.36,11005
761.99,11027
770.2,10572
765.4,9332
767.6,11561
766.34,29185
773.07,15736
769.35,15280
758.78,25352
749.88,22854
752.67,13195
724.16,37349
720.23,32414
720.14,45925
733.84,20592
738.08,15390
740.33,17261
742.52,15149
745.09,11589
746.51,23865
742.84,19500
747.39,17836
746.46,38688
738.41,20234
740.87,11994
744.58,19311
749.46,24707
754.25,16096
752.15,24030
749.08,10641
752.4,23678
759.23,43715
756.75,15052
758.59,19942
755.32,12234
748.78,45063
761.72,21418
762.91,15766
762.11,15876
758.28,7446
760.85,10548
765.27,6496
760.72,8950
762.32,8159
758.99,13541
762.01,12282
764.45,21423
767.43,23236
763.27,5014
764.25,14259
777.14,22919
775.11,12526
769.8,19826
747.16,17989
742.89,7340
746.91,13087
751.72,27199
746.62,10191
751.08,22969
770.14,28520
762.93,10447
765.67,24468
765.27,26118
762.5,10673
761.6,19337
759.84,15674
771.19,11792
768.61,7019
766.72,12883
764.34,6274
764.46,15861
750.65,19823
746.19,10721
740.03,16924
751,13777
750.12,3988
750.1,8136
743.18,13371
748.83,4729
750.89,14060
748.56,16951
747.06,13771
742.11,37733
751.35,17876
750.48,9856
742.87,19109
739.22,21939
733.49,10044
733.87,22286
753.16,28945
738.77,12652
737.87,15568
738.76,10503
738.79,9420
734.21,11890
732.68,36820
718.72,8799
720.75,21406
722.45,15985
719.48,17122
725.15,21946
724.88,11975
729.92,9684
731.66,16148
727.73,14207
720.33,6612
724.74,28847
714.58,31654
712.57,22298
714.44,22521
717.52,16504
722.42,5725
723.54,13382
724.71,10004
720.85,19232
721.81,37184
779.18,80920
759.09,25658
767.63,57359
758.66,25269
760.63,25094
762.96,39236
759.26,57797
751.13,48109
747.27,57760
724.47,82940
723.64,38878
727.83,75161
737.91,27821
740.38,38386
748.43,42477
757.74,30981
762.3,12250
762.51,69700
764.09,18583
762.53,13348
765.6,38256
765.88,17637
758.15,5333
761.87,36167
762.79,25436
752.26,7936
751.75,32177
743,21083
743.56,15554
744.5,15643
740.45,12174
743.89,6401
748.09,7535
760.8,26667
768.01,12755
769.47,39062
767.7,7138
765.68,7879
766.48,21467
758.34,6350
758.98,4146
759.77,13223
765.6,13840
772.04,10074
771.24,18895
798.05,33090
791.97,16400
795.82,28469
788.78,16064
789.06,5688
787.26,18031
794.02,16125
805.05,16315
796.88,46419
795.44,6651
797.65,7739
798.1,8891
779.42,11997
796.56,7104
790.01,15167
793.07,18548
800.76,15529
800.06,24301
800.27,13271
805.58,2088
807.67,11216
809.44,18617
806.23,15268
801.15,27834
813.65,28475
820.49,17558
817.37,20138
820.33,11102
817.7,9868
818.61,14175
810.33,12727
820.53,9737
824.34,12305
829.29,19201
825.64,5731
823.44,29899
841.48,17801
839.26,19559
838.95,14507
846.88,15797
846.45,16402
849.02,43360
844.99,45232
848.28,39310
849.73,19252
850.27,10765
853.03,6437
849.34,35093
862.17,8088
862.48,6934
865.34,16592
868.4,7140
868.82,9132
866.93,20406
870.01,17420
872.13,15958
875.57,35628
874.85,17074
881.64,13348
873.63,14655
890.96,23525
883.89,23294
866.78,16903
869.23,10646
874.08,11044
871.47,19898
878.16,15657
887.54,12799
886.56,21297
882.92,16665
891.02,5637
892.33,9671
892.33,9408
892.78,4793
887.51,5108
891.27,8838
889.88,3852
891.51,12643
897.47,7552
900,6167
900.97,16796
898.26,20423
899.49,11103
899.72,21736
871.25,32248
884.83,13716
894.15,16162
901.33,40115
875.25,28146
893.44,10989
900.48,16551
902.05,24047
904.55,14154
904.73,11637
907.72,27033
912.12,10707
912.01,5285
916.26,11560
924.77,13703
930.98,9908
928.58,24792
927.9,30086
909.85,18449
915.89,17325
931.75,11449
931.79,2920
934.62,8541
946.8,10235
939.98,3932
937.9,9162
938.66,6557
936.91,4129
931.8,22591
902.74,30177
902.44,9511
902.53,40070
875.99,85454
832.01,41611
840.94,56275
860.17,15418
850.99,11565
847.34,19796
854.41,14325
847.55,3168
856.21,17974
867.22,33475
871.99,6235
868.42,17629
852.39,23867
846.16,7096
851.44,22188
819.4,82400
822.67,44905
805.66,62457
806.56,21842
802.18,10810
800.82,44633
812.54,17104
799.33,11493
795.83,21188
805.62,60817
774.71,29789
773.96,35547
790.09,24963
787.99,6475
790.54,34169
822.51,24283
815.49,33546
819.05,46081
796.63,45649
785.8,9186
782.2,42889
760.38,48410
771.47,23663
771.41,49133
779.03,37257
788.97,21898
793.57,44959
773.37,47083
760.72,28852
759.93,71160
825.5,167880
819.12,47768
828.51,105196
884.16,111709
880.31,27106
881.33,38989
881.88,31046
878.34,31269
877.34,59003
895.59,31966
894.45,13570
894.59,23764
908.17,32471
915.7,18236
915.47,45479
912.09,25981
914.11,10149
917.53,12593
921.65,16383
915.64,7620
917.24,12793
911.83,25069
908.58,20460
908.78,21240
954.81,35252
935.26,11542
933.69,26074
936.65,15641
932.23,15908
941.24,19984
953.15,16705
948.57,6029
938.8,18720
948.11,11798
934.04,3260
936.75,13707
933.73,7542
938.17,1889
938.99,10868
959.59,18170
945.6,11856
942.55,11875
942.44,7629
938.93,1607
934.34,13203
936.14,12733
938.12,8450
933.26,12773
933.37,14572
930.93,4937
933,25440
950.99,12026
953.33,9933
942.24,23948
936.26,10514
938.8,4505
934.93,25115
907.55,18480
902.76,12684
905.46,18541
896.64,45797
889.23,13042
887.11,31667
893.84,16105
892.39,8449
890,14304
894.2,16936
887.29,21010
891.41,19608
894.49,15338
902.57,9860
908.64,23488
911.59,27116
914.52,10954
923.1,39453
924.06,17923
925.02,9492
917.68,22943
918.44,12510
912.66,9629
913.53,16520
900.4,10809
896.51,12930
894.67,16481
896.76,12304
895.78,13314
896.78,31100
897.14,14611
893.92,19916
901.44,26867
921.92,43368
918.42,27945
917.76,54608
901.44,12151
908.14,5658
906.64,14832
899.85,12023
909.75,8220
906.83,29093
921.53,15956
911.09,9433
913.78,7209
903.76,20454
901.6,10299
896.24,21409
871.7,57152
869.39,30594
872.13,37177
860.22,27244
867,8756
867.9,25538
878.45,29343
872.83,15513
871.35,24811
871.71,16265
878.56,7661
879.41,18255
877.97,19767
876.79,19876
874.29,20373
875.65,20326
870.77,4353
871.49,16703
888.39,14219
892.1,4176
887.33,16355
905.8,7401
898.82,3741
904.65,21989
904.28,10425
905.98,11178
903.51,16830
900,6753
902.05,6442
897.33,10852
901.29,29001
913.32,14344
913.43,27775
917.48,10309
919.38,4763
917.76,17521
907.68,37006
899.27,16558
903.66,31967
894.66,15089
900.89,4637
901.32,25189
911.72,6810
910.78,5550
910.43,10225
898.43,15457
904.88,16045
904.45,21474
900.37,9896
897.21,3891
898.42,18255
895.37,11501
897.51,12587
898.62,15719
892.36,28413
885.5,26988
886.72,10678
882.35,10654
881.22,7244
881.88,12313
886.47,27509
885.14,15377
881.64,27255
883.64,12655
884.14,9019
885.65,18036
895.4,38431
892.86,27638
891.88,47153
776.36,395090
837.34,98574
814.57,132094
825.54,96272
838,56072
827.28,66074
814.54,44583
813,34836
812.45,53751
801.62,19392
798.49,29452
796.59,29217
788.42,21402
790.45,22496
796.06,28866
761.43,43683
763.77,30315
761.18,48064
775.81,26374
781.39,30346
789.56,28185
812.95,53821
822.36,42916
836.35,50397
826.58,25657
825.86,15515
825.75,18511
802.94,25448
801.24,22594
815.22,24622
810.6,25685
809.92,26840
805.58,35683
787.4,44774
788.72,37100
780.56,53117
742.58,95381
743.76,58421
743.09,60908
714.72,63998
711.69,38298
710.75,67759
715.41,56277
716.91,35675
718.97,51859
736.96,80536
742.65,34362
741.28,70085
732.3,24999
740.57,15664
742.89,52546
741.47,39200
741.44,41184
737.77,54489
734.27,52723
740.26,38857
740.58,43282
788.44,72931
786.29,29387
781.23,34929
780.23,25643
781.95,20065
780.34,23486
790.82,27007
790.82,0
791.37,11217
786.94,8832
790.88,12920
801.6,12554
804.6,21043
805.34,26434
826.9,28927
826.13,14656
825.68,17381
812.92,16009
816.66,9477
814.35,11413
827.36,16337
824.85,23959
819.23,26520
799.8,25377
795.34,15191
796.16,30254
793.39,24453
793.65,12129
792.82,26158
781.11,20982
786.15,8288
787.8,36551
781.87,25162
778.36,23073
771.8,33755
771.61,27415
780.37,12733
784.21,23177
781.22,14060
773.89,24660
771.31,21594
770.14,25006
772.49,38289
773.81,63939
766.74,14625
767.8,17479
760.47,23829
749.59,15974
748.32,13642
750.1,22178
778.9,49513
777.56,61010
764.49,29812
786.31,9741
786.31,0
786.78,5723
789.13,2440
788.68,5537
777.46,10358
775.21,10484
774.04,14897
765.35,7491
767.48,5132
766.64,10282
759.75,13791
762.05,12153
760.89,12939
769.16,12558
765.99,7799
766.78,13853
771.01,9766
771.69,6341
775.06,15844
768.65,21830
763.12,48487
756.8,43721
767.24,44258
766.25,24385
764.88,33069
777.6,20036
771.97,11961
779.18,32921
779.01,25221
784.81,32233
786.48,48772
778.9,38259
782.68,52266
791.46,41027
732.68,85983
730.22,51404
732.13,48062
741.75,39288
737.5,54207
742.46,61262
750.04,33204
752.67,26768
753.96,28857
732.43,26437
730.93,38344
719.83,61761
719.67,24965
725.32,34188
732.08,54491
746.86,29435
746.75,17802
747.32,20190
746.33,29346
755.81,18394
752.5,26441
780.43,25431
775.16,14811
776.48,25402
792.68,33578
796.34,19069
794.5,39593
798.19,16131
798.83,19345
802.47,25858
797.98,6695
792.96,15192
796.26,27931
801.24,25346
810.72,25984
812.46,31165
813.48,10675
814.59,7276
806.97,20438
801.64,19355
805.64,16840
805.32,22131
799.33,55766
808.26,38964
814.79,47759
824.41,30286
835.78,27466
834.54,34925
858.65,101075
861.01,45327
859.95,57233
870.88,41550
874.66,36155
871.86,40186
858.84,28347
851.17,23670
862.89,15572
859.98,16220
858.19,16170
863.17,21843
860.88,21946
864.56,15275
863.94,27501
868.03,29085
862.73,15957
864.62,17167
860.31,47803
846.49,32388
838.75,28945
848.81,50878
849.39,33380
849.39,30452
865.8,41952
865.26,27453
855.28,18258
865.65,31966
865.87,24111
862.87,27601
880.23,49825
875.5,26273
868.86,28660
870.63,34383
879.8,21781
883.03,36691
892.54,56752
893.88,43452
892.84,50551
908.05,26538
901.63,31510
904.26,20315
915.09,19689
908.73,36358
903,43252
892.24,33017
893.35,17443
904.47,25774
915.13,45358
923.56,23849
920.52,23575
898.86,34526
901.38,17222
909.52,48852
908.75,28459
910.18,26474
915.87,48899
914.25,38411
902.81,35172
900.96,28595
872.4,86784
859.35,30372
862.81,60986
811.79,48721
815.97,25920
815.1,44804
815.82,54598
813.37,23492
815.28,32595
793.5,43562
791.85,34826
793.15,57540
801.05,34033
802.92,25703
805.07,27581
817.52,32598
815.7,11141
818.98,49643
809.54,18518
810.44,20012
810.59,38840
826.74,23100
826,10789
826.7,35200
842.83,37669
837.6,12490
836.85,43496
832.43,35496
830.15,19207
835.34,22893
841.91,20922
851.16,29367
850.29,53576
853.8,24920
851.97,16681
844.24,28844
827.83,23553
829.41,12841
827.08,48434
816.33,21553
809.22,16574
811.45,21731
816,28982
819.94,17778
816.3,18039
797.07,19847
805.09,7793
808.95,27621
801.11,28722
809.72,11211
797.87,42837
791.92,30559
798.01,20710
806.31,36210
802.68,39825
794.64,3441
791.12,24844
750.02,69620
742.15,39752
742.58,66788
694.32,79609
710.51,58148
718.73,79340
750.18,31314
739.46,22673
729.07,42425
697.88,85826
689.04,113545
735.5,55502
717.29,18607
697.73,41101
711.72,45716
720.55,33137
712.96,20391
722.64,54077
735.27,37720
734.26,25341
744.99,37817
749.76,30056
752.11,10482
748.16,24063
728.87,29568
736.68,22373
729.71,38906
841.96,99849
832.66,64953
843.13,111758
825.61,43323
813.31,15634
802.37,26586
823.21,51608
819.45,16882
808.8,25363
827.03,36905
814.72,9936
819.04,20551
831.89,21265
843.98,18240
847.53,31044
855.33,30136
862.65,21013
867.67,42920
864.38,32910
860.66,33128
861.98,25092
875.31,25212
880.33,15531
884.06,21711
874.78,25417
884.17,21084
889.22,61255
823.25,140792
791.86,89586
801.51,169529
814.9,89256
818.15,53555
818.95,46689
813.94,27263
812.25,12017
817.09,15406
792.29,56442
782.61,34986
771.65,59593
771.29,35326
768.91,41503
772.81,37443
734.72,102775
740.97,40182
750.65,38674
750.5,19702
751.02,19388
738.22,66375
723.3,124703
740.87,53688
749.83,48026
749.46,39359
739.92,39677
742.05,38237
747.04,100899
720.17,66828
710.2,141510
716.47,72966
719.67,37188
726.4,51223
745.1,45214
744.68,30715
751.16,40293
748.04,59181
747.9,24655
745.25,35346
747.95,18622
744.02,17802
745.27,57961
735.13,32144
733.49,57648
723.79,44985
713.17,47389
711.65,41098
713.18,43690
710.12,25772
705.33,10339
708.58,30460
714.12,51220
716.53,26215
725.74,35664
719.13,25695
713.68,15962
711.12,39442
718.81,7888
713.16,7977
714.2,24225
722.89,50080
731.51,26135
733.48,59633
725.88,33270
738.69,11134
735.41,33926
743.72,19513
748.21,17813
747.8,33853
763.03,29616
762.46,14789
763.5,38665
749.85,32918
761.23,10513
757.61,28014
764.04,11313
763.16,2122
762.64,15290
770.52,5965
766.76,10101
769.97,21731
783.11,23325
790.25,16098
795.22,45972
809.49,15574
808.87,15180
808.97,36058
804.19,14225
810.13,12445
805.23,22415
814.83,20845
817.94,13391
813.65,22234
813.83,39322
814.97,14597
805.55,19117
793.89,14045
791.9,6884
787.5,15490
776.9,9426
779.7,5788
780.04,19298
752.29,39301
756.22,8826
760.31,25929
773.81,8420
761.43,9336
764.14,44290
762.39,8712
764.79,9214
770.3,34478
776.01,15817
783.56,12458
788.62,40141
790.61,21102
791.08,14382
789.58,33117
794.36,13716
780.61,27529
774.23,39493
773.11,13715
773.65,8474
772.1,19378
776.41,42835
781.75,6055
771.3,14656
770.7,12127
771.44,13644
772.25,14923
773.63,15298
771.93,12858
760.71,17758
767.24,7948
763.91,20055
776.54,20807
783.14,39179
774.62,39093
781.36,23430
780.98,17878
779.66,36252
787.53,26801
786.75,26984
789.3,95321
779.84,27903
776.78,4608
779.6,36106
786.42,16353
789.42,21083
791.8,28470
798.13,32912
769.11,8028
771.86,39222
777.66,31140
789.45,8279
785.43,30218
779.59,14705
778.42,40578
759.16,41901
762.53,20669
765.81,8695
768.98,23780
764.33,16222
760.5,24683
761.54,21804
768.87,29631
769.7,4962
768.38,22892
774.35,10957
785.72,35801
793.13,18498
794.82,37314
798.29,24888
800.96,73799
805.74,20218
800.34,9553
800.99,61664
803.96,21810
810.8,21261
808.58,28882
763.55,111476
762.91,20004
764.65,64489
768.7,27055
759.92,15810
761.11,74536
754.12,40086
758.08,27004
744.42,87605
761.01,56370
752.48,30858
753.97,67857
750.69,33801
757.27,10063
758.41,34642
755.34,24373
759.55,11501
759.89,25135
751.17,45107
742.64,33695
736.05,74378
638.13,407800
631.51,233185
635.8,193734
642.14,199917
625.61,101427
628.86,148581
637.22,158330
640.87,65054
636.58,118819
632.11,35967
637.53,54834
633.18,32351
652.1,72131
655.41,29542
651.21,69240
660.24,105992
668.37,60033
675.19,87497
686.46,100881
691.46,49663
700.24,79724
699.03,33631
696.47,21138
697.01,24611
703.42,70246
706.36,53968
701.04,73473
686.71,42457
693.31,13633
696.62,21316
708.05,54455
709.45,36614
709.65,26062
712.56,25282
711.04,4992
707.72,30558
707.81,19831
698.21,9585
694.02,24608
720.77,64989
723.34,22186
723.26,73837
740.03,16152
734,13574
733.33,28530
732.02,31714
727.63,11330
725.86,27913
730.72,26104
728.49,4030
726.81,16664
727.62,20626
724.34,8554
730.86,38225
729.19,10110
731.54,7737
730.43,21391
739.32,28583
740.01,12028
742.55,21634
721.42,33519
727.2,13645
725.41,33262
720.69,25491
716.71,55642
731.05,53293
737.13,21989
744.58,11813
744.69,30219
743.01,22677
744.02,12044
744.1,42179
750.88,9918
751.86,15944
753.1,19702
748.51,12462
746.11,8101
751.65,25141
748.17,19598
742.19,16171
745.02,23628
747.38,28205
758.96,29818
762.2,35904
765.62,21434
765.75,11669
762.81,26900
760.75,26555
759.37,27638
760.9,20747
752.64,17082
755.41,29707
749.35,34770
749.62,12908
755.39,6073
752.91,19890
744.56,17464
744.09,10130
742.74,25772
736.63,8395
738.53,9636
735.09,15347
732.96,56778
716.37,21262
711.3,58451
719.99,33148
715.9,27442
722.14,72582
720.49,46189
719.9,22797
720.36,22073
730.3,27126
727.94,60405
749.97,96872
787.9,134791
807.52,70637
825.41,86110
816.74,50425
816.88,26730
813.34,44629
816.72,98505
833.96,36285
833.9,67932
845.05,49644
844.47,32069
843.53,53207
843.28,12720
841.15,7052
840.71,23682
849.3,19507
846.82,14332
845.48,16981
853.72,16297
848.98,6583
848.28,18259
855,56624
843.31,40353
833.44,19168
824.2,12610
823.58,12855
818.06,23048
808.79,9927
807.69,6557
811,12833
813.78,20939
821.63,17693
821.23,22537
829.29,12157
819.83,5768
818.56,41577
792.97,25786
789.93,23376
791.09,37329
800.8,17317
797.66,5187
803.09,21422
801.55,10035
803.01,10179
802.02,28182
800.51,40541
804.81,28551
806.04,39194
815.33,46970
817.04,29795
815.97,44877
822.5,32009
828.99,14267
828,36727
810.26,19792
816.21,5915
819.41,28979
815.43,40534
814.86,10956
814.29,20431
821.11,16736
818.94,22622
823.33,62653
824.56,63287
842.38,33960
844.96,47901
838.54,46142
850.86,46094
858.66,53822
878.01,81009
887.68,57883
894.94,83505
894.81,48323
892.92,49107
896.05,56125
940.92,89201
948.07,62130
928.92,53699
932.1,82168
924.78,69374
934,44138
908.58,39426
902.02,24229
914.58,30755
962.44,46485
965.23,27496
962.81,35026
978.62,55142
993.56,46341
986.25,32308
999.41,28666
1003.83,27301
1007.8,36383
1020.12,23795
1025.08,22844
1020.38,14542
1022.37,40138
1026.99,38747
1028.04,33668
1016.9,24596
1022.57,17104
1018.93,15467
1020.11,24848
1029.63,17823
1033.89,25433
1045.56,43737
1046.4,36999
1044.33,27271
1049.55,27924
1041.02,19351
1044.87,24260
1045.06,30492
1056.99,40213
1059.7,37654
1062.1,27790
1058.69,14668
1061.4,49524
1089.06,35254
1102.25,33746
1100.97,37629
1104.2,14351
1101.17,17777
1101.77,17049
1071.95,42252
1071.95,0
1066.43,20425
1059.82,23569
1054.12,28036
1059.21,23692
1052.21,35509
1043.75,38587
1036.34,31676
1032.44,25628
1031.96,43964
1011.2,21495
1011.78,14894
1010.55,44947
1010.32,11795
1006.83,26054
1004.91,41495
991.65,28902
991.08,23810
990.87,33697
992.27,15750
989.71,12048
985.24,41785
985.06,12549
989.82,33415
994.12,34486
1022.26,37641
1015.4,21206
1006.35,27824
1014.97,25992
1017.59,18335
1020.74,40840
1050.85,30712
1053.49,32736
1057.09,35460
1050.39,36908
1039.38,45839
1044.56,47740
1053.98,40823
1047.31,29461
1036.71,30964
1064.93,28692
1061.42,33190
1058.29,33540
1060.04,26600
1067.74,19300
1067.62,29860
1061.06,18649
1064.02,9792
1067.22,19916
1070.81,7662
1070.96,9001
1068.08,22429
1072.09,9044
1072.09,0
1070.78,2567
1070.41,3131
1069.02,6564
1079.37,7548
1080.03,7615
1079.87,21307
1076.37,9417
1075.09,6294
1077.78,9817
1074.35,13804
1074.89,9261
1074.75,11954
1065.58,13339
1067.57,12848
1069.4,16764
1039.09,24327
1038.03,28715
1038.04,48197
1053.57,20419
1055.93,13254
1058.4,14660
1098.06,33905
1099.82,19197
1102.63,43246
1098.81,17397
1093.18,30853
1069.94,25855
1075.19,28899
1077.24,19936
1070.06,47639
1068.7,9594
1062.52,18524
1077.41,16035
1076.96,16425
1073.12,16795
1076.7,28209
1068.38,12595
1064.21,6837
1064.82,16109
1018.22,61484
1028.52,27372
1028.88,30953
1038.65,17673
1045.69,14284
1039.08,28847
1040.4,15941
1034.41,12674
1037.6,32606
1060.88,34288
1071.51,25279
1072.75,61472
1083.03,19359
1085.61,24884
1085.93,22663
1072.57,35372
1063.46,19340
1066,22639
1059.23,14712
1060.09,16963
1059.12,17806
1067.34,14237
1048.42,23989
1036.05,30042
1012.21,26005
1003.55,27374
1010.86,25032
1026.5,22882
1019.55,13613
1025.41,23076
1025.28,16883
1037.59,9287
1042.55,34655
1044.1,25652
1049.63,28315
1039.19,46432
1036.15,86337
1000.6,56645
1003.97,52517
1102.27,37670
1092.99,26614
1095.69,65764
1019.44,76407
1031.92,40630
1006.85,79616
1048.5,36091
1040.18,24104
1054.35,50911
1055.49,18543
1049.32,25082
1047.34,34620
1029.54,39896
1033.69,22722
1028.92,39981
1022.93,14547
1016.54,17512
1014.68,64020
1025.21,55640
1043.36,35396
1047.75,67369
1048.16,23450
1049,24704
1040.91,33172
1050.32,16648
1041.2,14397
1039.57,27709
1016.73,29598
1017.57,22304
1013.56,39744
1014.68,16255
1014.73,16267
1017.65,24596
1009.19,25744
1014.31,17594
1008.62,28322
1051.18,50265
1055.38,22113
1045.94,45925
1047.41,23785
1047.43,21496
1044.36,19176
1037.43,20082
1032.05,18891
1029.96,14638
1011.17,27225
1005.91,35877
1016.41,23092
1024.7,27279
1027.56,28550
1037.5,88954
1034.02,17976
1029.96,16086
1018.58,43756
997.9,20772
1003.81,14165
1005.73,22555
1001.7,6557
1002.59,11269
1004.22,13159
971.3,49272
970.34,30420
971.16,29753
973.93,14987
977.15,14817
988.74,20948
989.93,31925
994.61,17828
993.19,32877
996.81,14529
1005.29,9239
1003.56,22651
993.83,20624
991.65,6845
995.49,12891
990.12,17176
975.22,10163
977.13,22189
998.89,17405
985.12,10233
989.28,16204
992.21,20053
979.6,23358
983.98,26975
960.78,55743
938.88,53707
929.19,101885
909.67,34603
917,20918
915.58,19679
916.06,13957
917.05,9996
918.07,28460
919.81,17217
915.57,16099
906.85,43419
907.24,29595
920.18,18670
911.39,50951
902.2,19276
898.84,11958
900,29061
910.97,12112
914.98,13293
914.46,24283
908.56,26203
898.89,20619
899.68,34994
890.3,25973
886.47,19759
886.54,55139
890.83,38347
882.89,32692
886.74,42744
917.96,26137
909.46,16297
914.93,54497
933.21,83033
967.88,68319
964.89,70361
952.92,40529
932.4,21228
934.46,32139
931.35,10913
924.94,5944
918.7,15763
904.14,31603
922.74,30294
928.85,42428
941.87,26389
955.98,22690
954.36,34031
944.32,19185
955.43,9695
959.61,21150
943.32,25320
937.75,10702
937.32,26022
943.62,20097
930.59,18183
927.94,35186
933.3,25289
934.33,19095
927.56,45272
921.23,33340
899.21,39169
897.81,49033
912.04,27766
899.48,13734
901.51,30051
921.59,24250
925.31,14218
919.54,32595
921.84,19091
926.43,9485
925.39,37645
891.26,54810
896.39,27239
900.4,46249
916.11,18998
917.26,20796
917.21,56863
922.39,22633
917.28,13752
913.86,26098
886.44,75771
882.98,25214
878.55,66766
885.91,14898
881.16,9464
876.9,34171
872.42,20789
868.25,15734
864.91,33136
860.14,36656
853.96,30788
852.34,50840
913.69,95055
929.94,57574
937.67,148923
973.14,76021
959.55,47454
961.12,55508
961.65,37279
960.6,20831
963.01,57651
978.96,53387
978.56,29517
987.73,52787
989.38,32917
987.01,19914
988.64,44830
976.85,23317
969.55,24092
972.63,66792
956.46,37108
948.65,17178
957.34,43339
972.27,41475
974.34,14704
969.68,28308
985.02,27181
991.2,18983
990.01,33148
1004.04,56148
1001.02,61822
1018.81,50094