233.49,253414
233.22,144382
232.63,254628
237.68,126060
237.6,53670
238.7,126857
235.32,128702
234.42,120086
233.82,184776
235.38,147899
235.2,86467
235.25,193840
230.81,159959
232.27,68348
232.29,134797
236.51,78771
237.9,77668
237.88,132403
238.21,183028
236.09,115906
236.26,179428
240.13,175481
241.12,97330
241.05,219207
241.77,106394
242.11,97328
241.54,157434
241.74,107668
241.78,85263
241.39,124148
240.67,134932
241.39,81925
240.66,155407
241.69,136568
242.05,182524
241.18,266430
240.44,186496
238.84,87272
238.69,104917
238.99,120493
238.68,91807
236.89,148675
234.45,185448
236.1,70562
235.94,152877
239.53,191256
241.48,64805
241.4,103426
242.44,169291
242.76,119739
242.58,232444
245.01,119940
243.18,115840
243.08,95770
245.02,119782
244.49,72410
245.12,109761
246.12,144406
246.96,140748
247.19,169229
247.85,109583
247.61,75206
247.3,96889
247.91,98827
247.99,60732
248.52,139410
249.47,78015
249.53,55370
248.51,77131
250.18,125057
248.94,97422
248.14,201771
247.96,238677
250.57,149224
250.98,174058
250.37,272530
250.05,106126
250.65,228855
250.4,225606
252.95,91033
252.67,185755
254.03,112525
254.19,48532
254.43,141006
255.99,111362
255.19,105211
255.14,153541
256.64,170255
256.91,119108
256.22,85605
255.6,58239
255.59,106142
255.19,147033
257.66,153171
258.02,45397
257.56,124143
259.11,119402
259.47,64935
260.77,243862
259.94,162812
259.95,59358
260.15,130172
260.33,108320
260.25,105868
260.26,79354
264.28,128030
265.67,88175
266.48,137546
267.59,203732
266.7,152277
265.66,130980
268.53,215609
269.02,167672
269.19,148443
267,214726
266.77,96935
267.38,97409
265.65,130349
266.7,72519
266.81,148144
267.29,100337
266.7,81533
266.76,116051
269.82,171285
271.63,70639
269.4,61854
271.37,163366
270.96,83347
271.47,139815
270.97,129002
269.94,86626
269.68,112949
271.87,137724
269.72,120875
271.25,91856
267.98,237089
265.92,150969
265.45,150314
267.13,106886
268.09,158135
268.7,217584
269.28,113836
269.9,62943
269.67,72702
274.48,93016
274.42,44876
274.16,192085
276.98,168903
278.25,117410
278.26,117629
277.06,191762
277.56,166574
277.79,277145
277.66,214333
274.15,236777
272.79,363835
276.8,248616
276.47,149106
274.59,275641
277.22,148530
275.32,107825
275.83,176668
274,128190
273.82,92120
273.66,256720
273.84,102453
274.8,66497
274.83,102365
274.02,165810
275.79,97392
275.44,104079
275.84,126325
275.48,73866
275.46,175828
276.73,132505
277.17,68064
277.57,127905
277.58,74684
277.44,46113
277.26,145923
278.29,95549
277.43,71115
277.13,101383
277.89,78070
274.94,54870
274.98,120286
276.54,75979
275.51,64632
275.73,97895
276.62,97564
277.97,46686
278.44,117470
279.71,133059
279.95,69289
280.66,156948
281.94,120192
280.6,71271
282.04,136633
280.76,109897
280.04,119093
281.5,148194
283.48,94405
282.77,90786
282.79,270966
280.23,138117
283.78,246500
285.55,214619
291.7,380159
292.66,183696
293.13,244207
293.02,105222
293.06,80505
293.21,188682
292.58,118962
291.57,87199
291.91,155598
291.01,81056
290.49,63325
290.03,143821
290.28,554300
289.59,102694
289.66,180998
286.64,187961
288.87,50087
288.63,164165
292.19,86999
292.31,66420
292.25,145829
291.75,108295
292.72,117265
292.15,193962
293.55,108018
292.33,74712
292.3,183774
291.79,114944
290.13,61986
289.61,171428
290.79,91238
290.93,60673
291.11,85147
288.44,147227
289.43,76671
289.37,150336
288.19,137015
287.33,62526
287.96,121947
290.41,97473
288.36,128022
286.68,206349
286.93,182645
287.05,101952
287.99,156992
286.23,122463
283.74,95471
285.16,230218
288.01,132176
289.97,118592
289.69,207033
292.09,122993
291.44,110736
293.03,160092
291.73,103317
290.83,59696
292.34,172538
291.33,191014
289.49,84221
289.14,226730
286.07,259654
282.62,127712
282.2,242595
285.75,109353
285.52,52329
284.32,302226
285.4,155220
288.09,56619
286.44,200278
288.48,104036
289.27,87791
289.24,117017
287.7,89859
286.76,71179
287.35,114029
283.48,135434
282.94,82458
283.46,182178
278.34,399172
275.29,212806
274.73,484139
275.77,152467
273.79,136742
274.39,176964
276.03,252893
273.73,192615
273.21,285822
273.38,212594
275.9,143395
276.64,173157
273.72,195917
271.98,158202
270.87,181706
275.41,152659
278.65,85633
279.68,162954
276.44,170331
279.27,117368
281.14,194923
284.64,111751
285.53,120789
284.81,165467
284.38,123439
284.07,66462
284.14,104083
285.47,71822
285.91,55507
285.06,81432
282.34,133297
283.58,89162
282.96,145886
284.97,128011
283.8,65076
284.12,227740
289.02,127175
290.07,100535
290.4,196485
290.44,184476
290.19,134906
293.19,151275
293.44,176044
293.49,125304
296.39,205938
296.89,92996
296.7,64955
297.28,114955
297.44,152126
296,149112
295.61,141907
296.81,200167
297.65,126876
298.17,204211
298.33,96190
297.03,69191
297.56,117385
296.27,144548
296.91,81180
297.27,161916
297.77,259700
299.67,210273
298.97,310443
308.05,357688
310.72,209489
313.73,331024
310.08,226982
312.02,99917
311.89,262470
313.61,243898
315.55,190291
318.04,303012
315.39,273000
316.24,135374
316.22,247770
320.05,129255
320.76,100324
320.56,445750
320.85,133514
319.89,55030
319.97,172241
321.4,155645
323.18,68914
323.9,141213
325.14,171234
324.8,131729
322.78,229680
323.12,72189
323.03,52827
325.07,55210
324.76,88602
323.9,65167
323.64,69536
321.11,70837
320.69,132484
318.72,102560
320.52,58359
320.94,65161
320.38,53002
323.1,143115
324.2,91495
324.05,100334
323.16,59770
322.66,57325
323.2,78170
325.49,127224
327.89,91919
327.44,146513
328.07,102423
328.55,72503
328.11,76538
327.6,96069
329.06,74171
329.18,125305
330.94,102607
331.56,82355
331.05,108462
335.66,364336
330.38,97301
331.38,84220
322.8,105618
322.89,79210
324.58,124899
323.8,100396
324.68,85895
324.87,105316
321.86,298115
318.73,200
325.67,161960
326.04,83769
325.79,136622
320.7,238000
319.05,163813
320.03,183129
324.04,250199
324.31,328959
323.15,300165
318.11,191258
319.54,158262
318.47,218255
310.89,385581
308.97,241209
308.93,316445
311.42,126372
312.79,207118
314.16,171685
323.81,253870
323.86,264162
322.26,247847
320.22,170236
320.14,164973
321.5,153618
322.21,105782
323.21,88934
322.33,121038
329.11,172370
328.5,210155
328.12,200932
329.74,158348
329.59,132168
330.33,148230
315.49,290115
313.76,136315
315.7,201350
318.24,160729
314.49,185859
317.63,264010
320.25,273728
314.72,346817
313.3,251181
311.32,163378
310.34,79192
312.74,176793
308.26,191051
307.59,157060
308.32,121245
310.14,141809
314.54,138816
316.2,127134
319.5,125760
319.71,100946
319.98,221760
324,71635
323.28,69938
323.77,113292
328.54,80669
328.82,84814
329.12,92271
330.49,64437
329.63,53184
329.64,105953
330.18,62329
328.95,59468
329.94,71811
329.66,39968
329.58,48596
329.26,117857
325.24,107623
325.41,70031
325.58,109863
320.68,123756
320.7,124701
322.09,137106
318.61,407653
315.97,110947
316.48,176429
311.65,154560
309.42,204307
307.94,256700
307.01,260075
305.17,170698
304.09,174092
300.18,117979
302.92,86183
304.19,143313
295.71,190077
296.65,261954
301.22,231426
300.97,178304
303.93,135609
304.29,229391
307.85,101128
308.77,98869
307.13,125664
303.38,261060
298.78,206199
297.04,408639
297.48,299006
297.04,226618
297.26,212807
296.06,148099
294.15,158291
293.76,205883
297.16,221803
300.42,154926
297.56,243131
299.45,134416
298.89,159328
295.45,299074
290.82,256972
291.08,208984
288.45,462291
276.3,755862
274.87,542261
279.48,446331
277.99,480733
278.35,401956
284.4,528004
289.72,351380
292.67,505210
288.35,662869
294.61,267859
291.89,196906
289.05,208143
291.69,219365
292.12,180498
292.6,256802
298,213902
297.56,186099
298.19,264889
296.42,153911
296.08,117021
295.35,161385
301.75,158212
301.79,197278
301.85,180262
298.66,237192
295.73,305665
293.3,345189
292.71,117675
295.81,121271
296.91,146435
294.67,230760
291.62,165495
293.22,216226
291.86,83710
293.76,107542
292.92,116920
297.97,124537
298.05,100706
298.63,151421
295.62,448218
293.75,353962
291.72,250638
289.76,141726
289.08,274680
286.07,289805
283.77,152056
285.66,242712
284.19,159231
289.45,146314
287.63,99691
289.17,178394
285.22,149078
286.6,163374
289.86,138260
284.77,185736
284.41,135995
282.87,217904
280.06,149212
278.24,256426
280.55,285417
278.85,206729
277.33,224792
279.12,167619
277.77,153027
276.82,228144
272.8,233119
273.34,276119
273.92,250778
280.34,309932
285.55,203744
285.91,198940
286.33,171881
287.26,115234
285.52,113357
284.84,231952
287.7,150927
286.81,132714
284.59,222209
286.68,173482
289.52,129560
290.87,282824
286.76,138212
287.8,170464
286.21,180065
280.1,265551
281.42,202931
278.52,284985
271.05,227153
272.5,197666
272.56,245767
266.1,388396
273.81,217484
269.68,173821
277.15,128227
277.3,151027
278.19,271623
272.73,178443
273.09,128818
276.79,110770
277.91,121481
274.93,106953
274.26,282752
273.79,447523
272.84,261002
269.74,346480
271.15,231489
273.52,246571
275.13,327013
281.3,189076
281.42,136798
278.5,473237
283.64,172558
281.28,128834
284.08,201647
285.56,132358
286.81,120250
288.5,276562
287.63,237461
289.62,143952
286.7,229395
290.22,154705
293.84,163578
293.5,215213
289.94,155961
292.42,100161
291.23,188327
289.58,111968
291.32,142699
291.1,231240
293,197298
290.26,119266
292.55,156673
300,216288
295.8,68711
297.58,221965
302.55,129052
301.93,120046
303.19,330821
302.81,118144
303.41,103067
303.95,175887
301.68,197550
302.24,91929
301.21,262226
296.93,190444
295.78,56705
296.9,187081
303.8,136503
302.93,99979
303.53,162475
302.76,157925
301.78,80401
301.41,232904
292.91,374654
289.96,236578
289.31,387868
291.67,190376
289.36,124605
291.28,207149
287.24,80936
290.75,98188
289.04,203105
278.34,239695
276.67,122503
277.64,282219
280.78,209316
277.05,175590
274.54,390213
273.53,112013
276.39,94760
276.56,187159
275.78,178511
273.71,92424
274.05,261633
270.73,124589
270.82,100345
271.76,174193
273.19,142269
275.02,86338
274.33,205958
276.94,151137
277.87,90673
278.25,181227
282.21,287101
276.84,241798
275.62,353929
271.3,152403
268.19,133352
266.76,255195
263.71,269733
265.11,133290
267.02,374866
266.07,413522
263.49,236782
264.27,691961
275.78,603299
276.71,656731
279.78,546782
273.55,214105
274.62,133457
279.78,311614
278.13,229263
274.77,86149
273.25,313278
270.83,404537
271.63,322392
270.12,324144
274.14,142457
273.3,145705
273.24,173311
271.66,194062
270.21,110310
274.22,408971
273.12,452175
267.06,251161
267.15,394487
262.97,271575
266.81,141519
265.24,419104
259.3,269051
258.33,166510
257.05,348703
262.98,294732
259.32,206934
264.55,238686
260.55,236072
256.76,176947
253.11,354354
246.19,347540
246.33,248425
242.44,406178
251.03,271132
252.78,231656
250.72,336558
248.23,181469
251.93,239232
255.47,352348
257.2,191897
256.43,108896
256.05,302255
253.27,212146
249.08,145332
247.43,322316
246.7,314310
248.57,212744
246.66,352093
249.64,195257
244.68,193047
242.44,281299
248.92,177957
252.22,131058
252.32,197918
248.64,368870
249.56,161083
250.73,381354
251.36,289045
251.66,136037
252.14,431017
256.69,173266
256.91,94988
258.49,233581
262.61,146495
263.93,142563
262.65,225706
262.49,215644
264.74,193197
264.88,382008
269.08,189092
262.89,106820
263.36,263083
258.04,276370
259.98,318799
264.08,454358
263.97,230583
261.25,111691
261.43,220493
264.98,157081
262.05,94420
261.99,166953
260.29,142366
262.57,176048
262.53,187161
263.9,162069
263.76,148004
262.46,187176
263.86,260096
263.02,134467
262.6,304177
248.29,493330
247.51,141471
247.16,282680
239.89,513856
238.12,242973
238.34,415943
236.17,166406
236.72,164796
236.27,278975
241.95,149774
241.61,110097
241.27,473372
239.12,207054
237.91,199685
236.17,432435
240.3,475279
239.21,238488
242.15,256314
245.44,295091
245.67,128478
245.51,330833
246.3,278425
246.37,138306
247.33,297826
248.49,299200
248.66,184589
249.2,363477
256.19,371668
256.28,137334
255.93,386559
257.49,165280
258.04,149477
256.52,235621
255.31,239485
251.39,163869
250.99,277014
252.77,199137
252.62,108543
252.61,209486
246.95,319370
250.58,168764
251.03,413384
250.13,291276
248.18,156172
249.78,287086
248.29,149376
249.62,153044
251.78,270869
256.87,217273
256.19,107068
257.04,347653
259.65,154070
259.84,100625
259.88,225208
255.81,193934
259.86,86016
258.54,184066
254.5,111690
256.76,65849
258,178648
250.85,404538
249.22,160874
248.81,628683
242.41,266985
243.11,156865
244.49,339394
240.24,186656
243.95,106624
245.22,215625
250.34,264541
249.4,138576
248.07,304106
252.03,378789
250.83,132391
248.05,182829
247.77,195431
249.76,92227
250.96,391333
252.2,188728
255.75,167631
253.14,233356
252.35,215270
253.41,121455
255.84,232913
255.28,178368
252.95,121357
252.07,265663
250.22,150595
251.37,68520
250.4,264345
247.77,311257
243.38,304397
242.56,469694
255.6,358498
256.32,212493
256.56,776419
261.39,321491
265.95,201664
268.36,437215
270.81,309578
270.82,108414
271.42,305950
269.93,134369
271.91,78736
268.73,149170
265.54,138451
266.59,136694
265.71,188064
270.22,147801
272.5,141799
274.47,264360
274.16,100106
274.19,58802
274.04,126995
272.96,118254
271.66,69734
273.34,130881
276.6,119827
273.94,60649
272.2,127910
269.65,142249
272.49,126197
273.51,227603
279.49,223620
279.89,117935
279.71,375134
280.25,205230
279.81,59243
279.43,208479
278.91,116718
280.08,89680
281.11,279942
283.3,99227
283.76,69392
284.28,168383
283.59,173709
284.31,74162
284.34,132466
283.84,105135
282.32,70301
283.38,253528
281.61,111443
282.92,72430
282.59,190874
278.34,117088
278.32,91115
278.22,155506
271.98,152550
271.19,67202
270.4,157389
269.48,155699
268.81,101660
268.93,119473
268.13,117815
269.13,44723
268.03,173179
268.99,109824
267.93,63896
268.95,154740
271.47,169097
264.43,70599
264.04,178341
257.68,130796
257.67,82472
258.13,263492
257.78,207821
255.24,113100
254.46,192014
258.31,154520
257.3,66391
255.45,173840
252.23,186805
248.52,104615
249.25,199348
254.41,95957
255.85,105009
248.81,168300
248.11,144719
248.9,101673
245.72,165719
247.68,164986
248,93297
249.72,216083
250.61,105116
251.62,88515
249.55,132400
254.89,127773
256.32,95199
256.78,237602
259.4,102679
258.12,59385
259.28,145702
250.08,203047
247.92,152880
248.61,259265
246.32,133341
244.85,111156
243.78,236170
243.43,216647
238.85,132535
240.01,242869
236.02,157263
237.18,102678
235.58,217462
236.5,101089
235.01,136938
235.3,212222
235.63,164567
236.52,111892
233.07,288334
237.85,69157
237.52,52331
238.76,395031
233.4,298454
234.28,118202
234.57,259376
231.98,119845
231.48,81577
230.93,217118
233.75,149331
232.74,77852
230.23,178378
233.31,108726
230.01,121240
228.5,235223
228.54,255259
233.05,125982
233.22,370668
229.34,226922
230.1,166424
228.37,353350
232.17,202767
230.84,114844
228.96,416100
228.39,170802
230.6,97049
232.71,265345
242.17,243874
241.58,113013
241.15,244747
238.79,133655
238.73,111802
240.68,262367
241.34,323664
241.46,85293
241.22,195334
230.57,287554
229.34,236995
227.75,342813
224.49,200983
222.7,179437
223.47,191647
219.04,255748
221.66,110877
221.81,305164
219.96,159141
219.58,131279
220.48,259716
216.75,587993
226.38,249491
228.21,395493
227.31,202943
223.63,110999
223.97,300067
230.47,153003
230.36,133969
230.75,329680
233.17,278422
230.5,147163
232.27,199331
230.42,231214
230.64,95366
228.29,181760
232.15,111117
232.86,101512
229.24,180476
231.32,141148
232.21,121028
234.21,272082
237.71,254901
238.8,145109
238.29,393497
242.42,256170
242.71,201835
242,399081
224.6,1187016
229.81,532180
228.42,766429
220.8,368754
220.83,192268
220.26,403470
222.78,430443
225.89,188467
227.28,453922
225.58,196214
226.75,159186
226.87,304719
224.13,394575
222.91,219018
221.81,410755
220.06,286055
218.68,188638
220.29,719167
210.5,369452
210.04,299474
210.47,649633
210.34,425303
209.59,238482
210.87,407739
220.03,138256
218.04,175576
221.41,233225
222.88,285646
224.25,199715
221.22,134612
219.72,99154
220.19,158571
218.21,203890
231.96,300952
232.27,211028
232.79,526045
238.82,173267
239.56,203028
240.26,230655
234.87,272524
235.71,232187
236.38,288199
237.58,163826
237.8,248498
235.68,258576
234.6,91545
236.68,120482
236.58,189931
234.08,191518
236.43,191471
235.66,144273
233.76,103853
233.33,79522
233.35,172664
235.72,130393
235.36,104695
236.11,84930
236.91,87460
236.64,93092
237.81,133915
241.09,92084
239.06,72412
241.3,108492
241.63,96480
241.63,0
236.92,119357
235.83,109540
235.32,169093
234.48,97888
233.97,62901
233.91,103219
234.91,81319
235.74,299827
244.06,540386
247.49,100776
247.88,144277
249.2,172284
245.18,119513
246.47,88236
247.89,116455
246.28,142500
242.75,120650
242.43,221301
240.8,130179
239.04,98311
238.45,168730
239.54,96331
238.73,71634
238,125201
240.6,64300
241.25,99228
240.49,114007
241.5,87776
241.01,53463
240.61,235682
243.38,106765
243.83,131011
244.67,137008
253.31,210653
248.12,100742
249.21,195171
254.06,200142
254.13,229912
250.04,282228
243.75,134241
242.09,104436
243.3,177447
239.21,153257
237.71,140594
238.98,354978
234.95,145127
234.54,115406
233.28,137817
234.87,91462
235.76,86020
235.53,89447
238.14,66202
238.82,45581
238.52,122441
230.12,92534
229.34,100217
230.88,165286
230.86,55271
231.93,39812
232.15,69550
231.42,51749
231.23,60827
230.56,69144
230.89,118568
230.75,96342
229.66,147737
233.81,96867
234.44,71078
234.76,160684
231.87,62351
232.91,58573
231.62,118976
233.56,133902
232.01,84983
233.23,105141
221.8,463828
222,267148
222.3,278014
218.4,219499
216.53,212015
218.52,226142
217.15,217244
216.7,239730
219.66,235307
223.62,212991
224.86,116687
222.07,141706
222.84,105574
222.44,123810
222.2,77358
226.62,127912
227.83,112631
228.42,234037
231.09,196132
233.15,151818
232.11,121586
230.56,149452
230.37,127620
232.13,156517
233.23,79465
233.37,137772
233.73,157300
232.16,245148
231.18,172567
231.01,182303
225.22,225073
225.82,190430
227.92,160682
230,180167
232.29,140977
233.48,296812
236.42,304293
237.88,244997
236.31,350038
236.72,241998
235.61,280125
236.27,307436
228.59,480939
233.21,262672
235.22,216000
236.35,174925
238.11,143382
239.85,242380
241.15,127935
242.25,138991
242.27,158831
236.75,108495
236.6,89141
236.47,179870
238.44,76094
239.91,126348
240.36,214602
239.77,72004
240.61,188077
245.76,227012
253.52,279005
254.96,278812
254.75,302939
255.1,114879
253.75,172912
250.95,189399
250.51,100261
250.16,97010
250.55,102922
255.85,292637
260.78,215774
259.85,277646
263.32,253898
262.82,154843
260.62,261016
263.89,179253
260.86,203766
258.59,206320
255.54,120484
255.04,173776
255.18,136069
264.91,300357
265.38,169997
264.18,193151
263.8,202151
263.9,189600
266.06,173211
260.48,133239
261.43,192918
261.55,178358
259.63,210720
259.85,197332
258.97,276290
250.93,216081
250.43,177526
251.81,126567
247.52,188296
246.57,109135
246.78,126958
247.06,73290
247,85917
245.47,93223
247.1,137656
245.78,124668
248.08,121745
242.78,56979
242.9,52416
243.73,155699
244.9,98004
244.91,54984
244.03,119152
244.08,46044
245.15,83134
243.94,116466
242.58,125463
242.02,76984
240.77,159581
241.94,74452
241.55,104273
244.24,162701
248.21,85216
249.05,82789
248.92,97948
253.33,86439
252.46,51161
251.7,85505
248.78,68283
249.52,68426
247.59,112759
246.62,66329
246.93,91318
246.8,69248
252.53,86795
250.66,82499
247.77,143746
246.29,136114
244.14,104641
243.72,110496
244.6,211785
250.12,89260
250.06,264635
250.88,203759
254,147216
252.72,308896
256.13,338063
258.09,236573
257.63,296190
258.43,567280
266.77,467253
269.12,501882
275.03,391906
271.07,143663
274.18,352184
265.39,475263
264.81,185937
265.06,299856
267.57,311736
263.99,155406
264.77,349751
266.8,287552
271.35,188522
270.95,352760
270.97,150537
273.8,122490
272.4,228223
271.35,126464
272.87,113434
271.77,190103
273.87,173318
269.56,70999
270.07,202280
267.21,150006
267.46,121171
265.91,153966
273.39,98142
273.22,88220
272.75,165933
276.96,150997
276.65,125412
275.65,163426
277.24,177214
278.62,79331
279.92,210962
280.43,159309
278.59,100440
278.3,159483
282.4,179346
282.41,85342
281.16,174791
279.28,117978
277.52,47915
277.34,128842
276.99,87403
279.83,165519
283.73,410822
278.61,85106
280.31,41849
281.61,92344
277.39,192723
276.38,122615
277.06,190782
276.93,119782
278.51,50705
279.99,175215
279.18,110547
280.85,102481
281.86,315086
281.04,141262
279.62,146135
278.37,201119
281.99,61342
280.2,28327
279.89,87708
283.11,84684
280.78,57218
281.19,92391
278.67,98018
281.27,57474
281.87,107401
280.34,110323
280.64,55749
281.54,181503
276.65,211955
279.02,71639
279.16,141565
277.46,276071
272.94,190020
274.54,268941
274.3,220983
271.8,256152
271.47,656922
287.91,554815
291.83,186197
289.25,337763
293.48,293180
295.72,173974
296.27,309606
299.73,315990
298.67,90609
298.38,174307
300.42,161782
299.89,72833
300.07,77582
300.94,153523
297.03,77892
299.12,86698
298.45,144122
299.79,72795
299.78,249242
296.98,180524
298.53,52376
299.87,91692
300.07,110751
301.88,74110
302.77,215773
301.32,106346
300.33,47506
300.36,152701
302.14,129644
300.14,41866
300.96,121424
302.96,149730
303.89,74057
303.56,131933
300.4,120221
302.39,64131
302.55,97961
301.26,126283
301.19,59427
299.99,120917
301.64,75802
302.63,41867
301.89,71636
304.89,139795
306.29,91070
306.14,149092
305.19,105678
305.81,77288
307.27,132487
308.82,128455
310.33,71393
309.66,169802
311.04,85965
310.93,33220
310.79,77216
314.24,175341
314.03,46089
314.09,139616
314.23,193642
312.29,118411
310.54,240815
308.93,129637
306.74,83710
307.89,146039
313.99,416402
316.64,223696
318.67,339288
320.79,215982
325.79,92517
324.89,161856
324.55,161644
325.46,120671
323.89,227457
327.71,160703
323.09,97826
323.63,315335
320.95,126482
323.39,57667
324.68,105741
326.29,109797
327.89,88642
327.63,123177
328.71,98255
330.89,59408
330.6,130071
326.76,491267
327.48,70956
326.07,127943
323.72,281964
318.27,122815
317.08,227099
317.5,97494
319.22,46927
317.19,110977
322.7,163442
318.66,52561
321.53,164393
319.95,120253
321.17,69468
322.83,313740
325.49,107941
324.83,80053
326.94,171785
328.67,117327
330.7,65050
328.3,248370
333.98,287697
338.09,103687
339.39,217830
338.92,128395
339.62,48045
338.64,222750
332.15,165749
329.02,65566
331.43,128988
328.17,109420
325.61,60484
327.34,117036
329.85,253553
330.95,63872
331.06,153430
327.83,85398
329,61461
330.08,157342
328.35,141907
324.29,106367
322.94,172427
326.24,137373
325.43,53411
327.65,174164
328.45,100894
329.96,55690
328.24,88909
327.73,83199
328.37,27607
326.52,94534
333.66,99843
333.09,38007
333.77,96347
332.72,102001
329.98,57630
331.98,107704
331.74,58945
331.27,96465
331.62,140922
332.57,121400
335.1,87607
333.38,61712
332.5,36653
333.13,75067
322.77,176120
322.04,130226
323.18,132490
321.77,142166
325.37,68085
324.98,100593
332.01,222019
329.38,44846
330.97,152936
333.49,89650
333.97,64726
333.89,105083
340.13,323791
341.85,50933
339.3,102299
336.18,99072
338.6,158630
338.98,193553
336.18,402728
349.69,540610
356.36,374469
351.4,151441
351.89,162668
345.67,219779
348.56,184201
342.14,135042
340.96,241646
340.4,217710
339.09,160241
338.91,742141
336.52,179067
336.93,90578
338.56,140980
340.42,143785
341.28,136208
343,298765
334.2,422244
329.71,148717
327.72,346185
330.98,291272
328.26,204458
327.15,312178
328.72,137731
332.05,69337
331.52,204764
327.36,257732
327.3,244492
327.35,155018
327.28,122985
330.8,69948
330.69,142886
324.48,152738
321.13,82158
321.21,104263
321.75,66205
321.12,51288
320.81,79691
323.64,112623
326.07,48666
324.64,111829
322.75,73047
322.87,93145
322.51,113948
318.82,111281
316.52,65725
317.49,97071
318.01,144259
315.68,42580
317.41,121193
320.71,131366
316.11,110271
314.8,76925
313.36,69582
313.58,48614
314.3,64026
314.25,104134
316.28,33532
315.58,95814
316.79,68339
318.02,36629
317.62,131088
315.6,79003
316.07,58704
316.51,90507
313.82,62417
313.53,29006
312.81,119244
307.35,96758
310.3,82244
310.36,125355
313.8,114945
312.67,72992
315.65,169108
318.02,126186
317.78,48567
316.97,105118
320.1,110165
321.73,54141
322.52,89004
323.23,117963
315.43,74353
316.02,190974
317.23,94263
313.48,36612
315.01,138920
317.24,50956
316.64,37525
316.2,80394
316.96,171143
321.79,99826
321.15,176520
323.17,92073
322.08,69423
322.3,72569
322.91,136084
321.72,81347
322.16,145919
322.74,104802
321.43,52622
321.44,86068
322.95,131987
326.82,43909
327.41,121808
327.36,155006
325.53,84240
324.98,140253
324.92,71242
324.4,68812
324.16,176426
327.22,148283
328.73,66308
328.97,124240
330.25,69132
330.19,46353
331.46,93598
329.38,208924
326.83,107214
325.98,225313
328.36,74098
328.48,55848
330.29,153495
331.43,224283
333.74,123162
332.7,163251
326.99,106959
325.99,53581
324.78,102074
322.99,57256
323.73,54449
321.97,106815
320.32,88571
320.17,45785
322.2,117132
322.71,52570
320.76,31875
319.35,178070
311.61,351847
315.64,65072
315.83,168739
314.14,83321
313,30562
311.92,145938
310.5,70898
310.53,49551
310.3,97260
307.3,135316
305.7,63927
305.72,127672
306.41,111488
304.75,71690
304.19,138783
305.63,141803
307.98,45345
307.35,55285
312.55,111754
311.5,61155
309.6,144036
310.97,161027
312.57,90068
312.5,167849
314.57,133860
308.35,54661
306.55,168294
310.77,116709
312.86,99217
310.47,151186
311.47,84520
310.57,51747
311.63,128014
312.95,96277
319.05,81225
320.76,154841
320.81,83504
321.24,36814
323.7,73002
322.97,296111
324.34,76498
322.21,149334
325.22,140383
324.5,62497
323.85,117620
325.58,153949
325.97,75767
323.56,94145
327.2,154458
321.62,96866
321.95,89913
326.41,129076
327.36,77930
327.59,101252
322.65,92180
325.74,48139
324.74,160129
328.46,135948
326.7,94496
325.65,131918
327.72,180681
327.91,143313
327.56,110563
323.49,164938
321.14,48065
322.26,135991
321.11,105783
323.16,163826
325.28,149035
324.23,175310
324.16,98475
323.4,194624
338.09,467952
331.7,238383
332.93,575246
328.79,393429
324.48,230437
322.68,256545
327.03,188008
328.11,62414
323.95,151862
331.89,99579
329.65,83915
330.61,130000
329.75,158895
329.66,79350
331.61,172002
337.09,181105
338.44,57660
337.53,248959
339.89,178565
340.7,83141
340.91,128577
343.81,136885
344.71,66799
347.14,128730
350.26,68529
348.78,72015
349.04,79974
354.57,56840
354.69,47853
354.61,97818
354.95,45732
355.4,41987
355.3,49879
355.68,119092
356.32,70007
354.17,54916
358.32,85466
361.24,56689
361.84,110616
360.81,58736
360.4,38718
360.47,57175
363.78,101520
362.97,52707
363.21,102502
363.43,84167
361.78,51242
363.66,74830
367.15,130689
368.8,80045
369.47,98627
364.09,83184
365.67,37474
366.37,427543
368.16,208595
370.4,133876
371.95,134015
365.94,182252
366.27,113174
366.22,61943
370.8,55813
372.01,63480
371.41,60076
369.48,43507
369.48,0
371.31,92856
373.83,28156
372.74,81853
375.1,48237
375.3,56487
374.93,55176
373.25,152015
372.71,62838
373.45,83125
371.03,91531
370.5,69376
370.26,128269
365.79,259766
368.38,169093
368.9,147332
358.28,97795
362.92,98107
361.68,91758
365.54,85907
365.61,58141
365.93,77944
365.14,55023
362.5,46254
363.5,76422
362.43,64480
364.21,75230
364.03,97095
367.04,78572
366.59,50809
367.26,67144
363.47,96097
362.89,62968
363.55,82999
365.72,70435
365.91,66234
366.29,113119
368.85,119851
367.63,93135
368.13,230846
362.93,180537
360.3,201375
359.36,320714
364.96,134073
363.87,68414
364.48,476511
364.29,111225
364.76,62230
366.42,68080
365.34,52356
365.68,59329
365.69,109912
368.61,101625
369.45,85617
365.6,137619
365.18,49944
364.08,74254
365.68,51071
368.25,41827
368.31,29042
368.26,46718
368.47,33188
367.66,22542
368.19,39627
367.27,27311
367.13,33615
367.05,30936
368.54,21836
369.59,24133
369.55,68068
369.26,35761
368.32,40026
370.31,77629
362.05,86591
363.09,50333
362.13,88694
366.19,101879
366.1,55310
365.35,112401
365.86,37433
364.21,61532
363.03,89757
365.38,83902
362.52,213713
360.95,81725
364.03,132285
365.5,125693
368.09,190884
367.4,53841
369.26,71304
368.95,87713
375.02,88916
375.93,89182
377.41,115966
376.53,95840
375.73,43631
378.74,82132
380.41,54699
380.9,33753
381.31,46856
385.92,105590
381.81,79870
383.14,73895
380.85,72909
382.88,96639
382,76265
385.84,59109
384.25,61490
386.13,50216
388.24,122173
389.5,95026
390.22,236573
388.47,59990
389.89,47373
390.75,49284
388.76,43294
390.46,37124
391.18,52952
396.72,96319
398.33,45502
396.17,67881
399.9,62384
398.6,59105
396.87,53320
398.32,45263
396.27,30779
396.99,37181
399.16,86050
400.19,43105
401.54,71616
402.66,129834
400.25,146328
401.11,122599
396.59,119383
395.56,124162
395.81,152870
396.75,141730
397.15,80884
397.76,103656
401.33,90619
404.9,75642
404.49,225614
397.71,90480
398.87,57738
398.85,68854
397.95,115765
396.76,68320
397.05,67503
403.95,40841
405.04,26509
405.87,55664
407.53,114217
406.29,76247
406.4,83013
411.9,91358
412.72,65654
413.04,101814
412.13,38487
411.98,86941
407.99,75758
401.4,77923
400.02,89656
398.43,97145
399.59,48741
400.78,53715
401.17,110351
399.94,79486
399.2,62474
399.48,79998
399.49,56840
399.57,63832
398.67,83757
394.54,62195
393.7,36643
395.56,57051
393.72,49843
393.47,51824
392.72,79476
403.41,55752
403.32,47789
404.59,102231
405.05,47763
403.5,26204
404.38,49690
403.29,38428
402.56,31272
402.6,46158
400.28,45899
397.84,89159
401.13,68646
401.19,32784
400.41,37102
401.04,53079
401.37,46405
402.59,36867
403.72,119478
406,57452
407.85,51717
408.96,95229
409.63,58083
409.74,56452
408.89,49017
397.36,81745
397.09,79827
395.32,132585
396.27,116974
397.81,92886
395.37,123055
401.33,81643
402.11,56408
401.81,78160
402.57,70238
398.9,52539
401.02,49091
396.11,73369
397.78,55716
398.41,113817
403.44,112600
406.92,56118
407.86,118214
405.98,91250
408.55,41689
409.43,69370
415.42,169185
418.97,87682
419.06,159768
412,127819
408.91,81171
408.92,138198
411.19,79604
411.92,88588
411.85,82193
412.22,66336
414.56,59556
413.86,111757
415.29,52137
416,40109
416.05,151007
422.7,98249
422.39,72573
422.39,68972
421.89,50816
420.69,18154
422.6,46741
416.75,71244
418.19,46918
416.92,64901
417.36,53005
418.44,39595
416.4,72331
415.8,68211
413.24,27247
413.04,77947
414.75,96930
414.59,47365
413.84,67659
417.77,39927
416.81,18629
416.23,50555
413.09,63197
414.62,35498
415.43,120550
413.59,258029
415.89,94348
416.02,132979
420.32,43916
420.67,31903
420.03,108652
415.91,56379
419.35,45427
417.67,76165
419.08,47515
418.32,21744
418,78695
419.6,43471
417.5,30847
417.21,103223
415.13,84796
414.16,49077
415.21,59183
418.01,68458
419.58,52073
421.6,87489
418.19,75982
417.38,48380
414.37,93169
420.12,65025
415.51,42197
409.22,102461
410.07,62812
409.7,41450
409.52,54352
410.53,75718
406.59,61592
406.77,94338
402.18,78183
405.22,49107
400.02,197083
396.36,151240
394.44,80372
394.99,180378
393.86,140176
392.89,74764
394.87,94765
399.9,99658
400.49,48840
401.5,87540
403.27,78209
401.02,48306
403.79,95644
385.57,343523
387.13,158897
391.88,215933
403.04,186138
403.51,50842
403.53,117607
395.22,108829
394.57,37061
395.97,104518
393.43,146177
391.25,29903
389.81,130268
386.16,125046
387.16,51382
389.18,189076
391.78,101313
391.12,52146
390.48,119413
399.8,80848
399.99,25332
399.89,69005
401.25,80981
403.7,20983
405.33,70300
406.14,112715
406.59,49055
404.85,139387
402.19,71178
405.53,17206
405.67,88058
404.27,64467
405.12,40401
405.33,74612
407.74,89146
407.23,36275
408.24,59435
405.8,34297
408.12,31740
407.93,24848
405.88,66012
406.74,25152
407.87,61108
412.67,89956
415.96,43242
417.26,100359
418.23,56754
417.19,34251
416.56,94744
413.12,56109
413.87,24473
413.77,49666
420.44,70751
419.09,53608
419.34,66505
421.62,130030
426,45332
425.13,46132
425.4,76901
424.76,38849
423.66,80799
424.59,109783
425.92,33003
421.9,68639
420.18,57370
424.1,26148
424.63,56507
422.17,80376
422.67,39859
422.99,79330
423.73,62368
424.31,47095
424.7,88583
416.02,244124
413.61,63927
413.59,170477
406.72,200326
401.2,100967
401.13,349147
407.97,52609
406.67,32372
406.45,81120
405.9,44746
406.76,36852
407.93,59618
412.68,80641
414.79,42224
417.26,97085
417.7,76711
416.06,27449
417.64,48477
419.45,54106
419.51,36331
419.95,56792
421.37,54004
421.18,21143
420.94,55938
420.78,79477
422.63,70498
423.38,122172
432.31,96009
432.78,57191
433.01,121002
435.81,69083
436.28,34830
434.75,64762
435.93,76749
436.48,17332
436.26,39632
435.79,99283
438.55,78965
443.34,188001
441.81,93314
440.52,35528
441.4,79931
436.81,101191
438.38,69899
438.75,99981
441.41,125565
443.19,71547
442.97,133129
443.64,141695
444.02,47850
442.41,87512
441.68,71785
443.97,37298
443.85,63272
444.55,77132
447.19,59065
445.99,85156
448.87,144531
447.62,57451
447.16,101060
447.9,155686
447.42,83839
447.1,93270
442.16,116935
446.71,40642
447.49,113669
449.66,96331
449.53,52275
452.7,68810
453.17,68959
453.21,50435
459.98,77260
460.23,38633
461.07,70821
460.41,88784
460.03,35822
459.18,65220
458.42,96764
455.73,77434
454.15,122728
456.34,137476
454.4,91623
457.69,138422
455.04,160150
447.18,70125
446.87,82147
447.3,97935
447.75,58423
449.68,94761
448.47,97102
448.84,37046
445.7,60790
445.43,130126
442.77,61080
441.58,79318
437.9,105011
434.94,80562
437.11,98828
433.53,108345
429.09,71417
431.6,111518
431.96,56683
432.33,29483
431.02,90260
437.58,41729
434.28,26241
437.67,66268
440.16,27719
440.84,19883
438.96,31497
433.19,129245
425.86,139656
423.42,103234
416.41,238402
417.3,130096
419.3,192078
414.2,124241
420.34,119639
420.67,69933
422.64,54682
421.66,26509
422.21,56916
421.6,61705
413.95,66859
414.08,153412
413.07,328415
410.52,293178
413.32,388071
421.1,113158
412.11,85224
410.1,172433
402.19,144800
401.78,85185
400.34,161001
388.93,303323
393.6,121979
391.2,187478
394.64,120470
399.36,84259
398.28,143956
403.64,102134
400.13,62694
394.83,117959
397.31,44518
398.09,34047
399.04,138832
398.09,54958
398.8,40219
401.11,58001
399.38,56888
402.86,18860
400.96,43496
406.12,62995
407.68,50420
408.45,101307
409.72,54084
411.67,53117
410.46,72619
415.71,114726
414.85,42374
414.95,108732
413.02,76740
413.58,27174
414.22,60470
414.75,60686
412.64,44536
414.02,73224
418.56,194927
417.97,81046
419.26,112886
419,64135
417.34,33440
419.16,82913
420.73,102625
413.34,76886
410.3,185680
412.91,98658
409.22,59441
409.58,100901
410.93,73547
408.46,50053
407.15,87089
407.29,101946
406.33,57496
408.59,61852
407.75,93769
404.22,80183
403.22,123118
416.15,125606
414.3,45122
413.1,167384
411.81,126796
410,63942
407.57,132177
413.32,93945
406.79,68571
406.27,169125
402.03,131260
404.68,53736
404.05,75381
406.75,113091
402.27,51861
404.5,104783
402.77,132128
397.18,63234
397.05,168150
402.06,124575
399.95,54965
399.43,116231
409.67,80375
404.71,39757
407.28,151382
410.52,137403
409.06,118321
413.64,230651
416.24,100330
415.15,62290
421.04,136095
422.01,111651
424.07,100528
426.24,154749
427.04,131972
425.1,110526
426.55,78333
434.05,142399
430.84,72786
430.21,108872
427.59,67156
425.78,51612
429.77,165880
432.32,120120
433.78,88960
434.34,113251
431.73,102600
430.85,122241
431.76,309780
427.79,60004
430.25,55871
428.91,54017
424.08,137863
424.73,49354
424.3,132927
425.66,131855
426.58,51743
427.41,91232
428.25,107745
426.46,48033
424.75,133166
425.86,77392
423.37,71818
425.15,128447
421.45,144804
423.31,53605
423.12,123944
417.48,116807
416.52,52962
417.96,116598
413.39,116022
413.67,48695
413.41,141676
413.57,67573
413.03,35854
411.67,75323
411.41,78472
412.93,51741
412.59,177938
409.93,138785
410.22,91110
408.53,186729
408.65,114165
409.87,71318
408.23,145520
410.67,168848
414.84,139285
412.52,129346
410.65,100550
412.06,66953
410.95,132915
410.05,110625
410.42,53547
409.66,80889
416.83,97389
415.75,50058
414.97,119423
415.7,146673
411.11,126973
412.3,200302
406.07,123205
409.32,49155
410.16,79089
412.79,74729
413.72,56287
412.81,93003
412.55,82235
412.19,49949
412.68,96327
412.05,102790
410.44,45097
412.04,94137
421.37,209208
421.9,79546
424.37,163861
424.29,202341
424.1,87020
418.79,157777
419.85,122913
418.85,52907
418.86,114124
426.6,143955
424.93,63889
423.25,121063
424.12,100017
423.71,104896
422.97,168623
422.93,141373
425.29,78412
426.35,136509
429.95,234729
431.58,178958
429.28,346422
406.07,405985
403.75,307341
403.39,397225
405.92,256681
409.2,109082
407.78,158720
405.03,125592
402.37,90925
403.4,117318
406.98,98829
408.44,100079
406.43,91472
411.31,217838
411.28,101861
414.67,130188
418.8,149511
419.46,191470
421.38,115462
418.95,110877
417.47,42816
418.22,80619
414.49,173989
412.26,75232
414.37,89278
414.17,142133
414.89,98495
418.81,104279
414.87,130637
423.68,116357
421.52,159461
420.81,227277
418.75,114563
422.6,120240
411.77,111097
410.15,125279
409.42,173167
412.61,75210
410.79,101326
411.79,88776
408.46,102395
410.85,78076
411.17,79405
408.35,82379
409.13,64819
409.02,116177
409.91,85582
411.15,111289
408.95,104962
409.38,104576
410.56,85421
411.03,125032
411.84,110839
412.02,82580
412.56,83985
421.6,84462
422.74,87049
422.98,107938
420.39,91349
419.29,84070
420,122163
417.97,139284
417.97,0
427,84094
426.89,64467
427.03,60824
426.59,127881
426.22,127224
426.06,96157
434.98,102906
432.73,97718
433.91,115396
434.49,139205
439.67,106303
438.72,100826
439.13,80199
438.12,72615
439.45,81977
440.8,86278
442.11,72378
441.87,103533
443.64,96401
441.59,111250
438.23,95368
444.23,88808
445.09,50002
444.23,68959
451.09,113105
449.83,60043
447.46,116221
443.44,115691
441.54,70551
442.92,60705
442.79,159145
443.74,98818
446.09,148936
448.63,136028
449.15,96642
449.8,134827
446.73,93270
447.74,119995
441.73,270970
437.59,133529
435.85,84649
434.82,137859
431.9,130095
437.33,134511
433.84,144191
433.92,74357
433.92,0
433.93,23857
434.33,21793
435.5,36333
425.22,75726
423.64,41448
426.52,129730
420.26,61075
422.87,69302
422.83,81041
420.75,74601
419.41,56007
418.5,116738
417.84,114398
411.66,134584
412.73,86784
417.26,57725
417.96,47542
418.84,52660
428.1,72971
424.4,87778
421.82,80438
422.72,104312
419.78,63943
419.71,99597
422.03,69320
418.92,92640
419.45,132953
414.11,115813
415.74,119311
416.91,136632
410.93,129842
411.43,115463
412.82,73627
412.17,85426
411.02,74078
410.36,208044
420.8,138353
420.7,60632
423.25,106964
423.3,76209
422.74,69583
423.74,86656
424.91,198600
427.37,117512
425.82,176226
423.43,83586
425.72,189296
424.18,77254
437.05,180068
440.99,153597
441.07,141634
438.73,84925
438.36,56209
441.06,76831
440.81,89801
439.91,83216
437.92,93180
425.29,216957
423.86,141504
428.85,137224
437.31,146244
440.74,159160
443.66,229321
438.47,118660
438.7,109443
440.53,161419
411.05,335549
410.53,300243
411.74,339376
413.28,208818
414.36,331215
412.32,163769
408.82,221929
408.02,132055
410.14,215962
409.44,91274
407.78,113127
408.6,115149
407.43,120966
409.01,99708
408.94,106755
413.14,86152
412.71,88539
411.05,140448
408.18,140628
406.4,136630
404.74,138849
411.02,103276
408.67,78508
407.79,137207
407.69,57190
406.15,60522
406.99,53509
404.31,147697
406.64,184994
405.72,107492
405.84,61772
403.92,90204
406.41,97212
403.85,101753
403.83,68536
403.27,89106
405.22,67581
404.68,70818
403.22,83143
404.44,229983
407.03,145669
410.62,94179
413.09,176481
414.23,84970
413.58,80027
410.78,117839
409.52,132588
405.56,149306
400.26,130270
400.93,100678
401.42,122480
396.65,282484
396.09,257268
395.2,214357
399.62,101879
397.99,106255
395.47,76726
394.76,107015
394.25,131503
392.1,226832
389.24,133834
387.32,126493
389.29,183882
391.28,109170
392.04,107690
389.48,180021
382.09,233398
381.78,162692
387.83,173659
389.31,185264
393.89,254518
396.81,299857
397.54,150708
394.37,291337
391.66,182278
387.63,160021
385.36,124984
389.93,149662
378.51,327276
378.95,187097
376.48,220566
377.65,188846
379.79,125591
378.69,282110
377.4,176791
376.5,122580
375.08,177469
379.92,187111
384.01,85698
384.34,139734
385.95,121703
383.3,99720
387,144725
381.12,178780
379.74,166413
379.79,189990
384.09,83031
384.61,61559
383.04,148367
383.82,128761
384.66,92206
383,120369
381.98,109940
380.62,86864
383.11,265687
389.11,172106
390.01,103022
389.13,153873
391.72,128927
391.55,83101
391.76,97897
389.32,111554
389.63,110428
387.1,156780
387.15,135612
387.31,96790
386.89,121327
384.51,142741
378.64,194862
375.73,189093
367.71,336341
368.15,253009
367.7,385016
375.39,192398
378.16,125957
376.87,209641
378.34,164215
378.36,124847
379.13,162558
369.38,294292
372.08,150005
373.75,316386
369.7,613747
364.37,205541
362.94,400703
350.53,583465
353.12,247769
357.78,412873
368.87,246498
363.94,265149
357.97,448918
358.1,240655
357.78,427320
381.43,516398
377.56,219571
371.56,275861
373.1,334144
381.56,178791
383.1,155465
386.05,215894
387.95,165818
383.29,132173
384.99,161777
386.75,189377
384.56,137050
382.31,151257
373.26,148441
373.85,86760
370.34,282596
369.62,160249
368.16,160290
368.25,292737
358.25,219995
355.74,108049
354.64,221038
358.51,229569
363.21,154907
360.39,178900
376.31,162958
373.1,105843
374.21,288987
378.53,124020
380.42,90914
382.74,184580
384.02,104123
384.83,103507
386.89,139465
386.97,70090
384.86,56354
386.38,168159
390.43,84777
389.72,86401
390.44,88278
382.16,167466
387.45,98607
387.45,272915
428.49,560084
425.85,318654
426.39,496984
433.68,239911
432.86,146495
433.25,187614
432.88,122861
434.2,81428
434.59,168887
430.29,79885
432.7,73194
431.27,73052
431.37,184050
430.28,82809
432.04,189394
434.65,117295
438.37,112790
438.65,162932
435.74,81011
434.31,65393
434.66,179127
437.74,124666
439.73,81086
443.67,151885
446.17,154173
444.23,72152
444.78,141303
449.92,146746
449.26,64248
447.85,154807
450.63,152770
452.72,106833
451.66,200764
446.76,163607
447.18,185566
449.41,143421
453.61,145866
454.59,128180
455.81,131923
452.39,86929
453.45,100322
454.13,178044
453.43,183488
454.74,183905
451.87,188848
456.61,164917
453.57,73797
453.43,137754
447.2,104903
447.91,93186
450.41,130089
454.8,173616
455.68,135514
456.67,201357
457.94,124859
455.98,90369
454.96,151990
456.03,88727
453.35,93470
455.55,170145
455.7,89417
456.64,103083
454.67,201573
458.05,113279
458.55,65257
457.86,109661
460.07,136019
460.02,75938
459.83,131833
461.92,124094
462.06,59842
462.23,104517
462.18,162976
465.27,148238
464.99,203509
469.46,123161
467.99,52405
468.23,82882
466.78,103791
467.79,83288
470.03,133987
467.39,111682
465.93,56614
466.03,214939
470.36,128096
471.19,73254
470.37,113795
472.36,121900
474.97,132904
476.69,189097
476.12,123516
474.54,68555
473.14,131226
476.87,138520
477.53,63013
476.19,119363
472.66,99797
474.73,82232
473.22,89431
474.5,96413
476.06,42643
476.86,133186
477.96,126679
477.25,151486
475.83,142990
472.67,199415
477.25,171973
484.05,148433
484.76,253587
488.28,180021
488.82,173950
490.46,126234
488.92,85098
487.7,144356
493.12,117981
491.32,134762
493.55,303067
494.22,133953
496.17,135552
494.32,195403
494,190937
495.76,94577
494.69,156408
494.57,200350
488.96,204428
490.42,200097
488.03,129997
489,107065
487.66,145974
493.21,277911
496.68,100235
494.93,99283
495.45,69840
493.63,115899
493.76,87839
492.32,51742
493.48,66761
502.32,185673
497.11,111137
498.8,89930
498.41,129681
497.42,112561
498.49,94786
497.99,96543
500.95,62220
501.17,76068
499.75,89359
499.85,57491
499.74,91812
502.44,115080
504.16,57566
505.03,67646
499.92,129432
501.51,45012
502.22,62474
506.91,147055
510.01,82079
509.76,135080
509.12,117007
506.66,39984
508,115096
508.96,75242
507.77,101246
507.26,99849
505.05,99078
504.24,64520
503.57,97712
500.16,158048
501.59,90031
502.26,101680
506.38,111560
508.92,80485
509.06,132633
509.35,95189
510.65,69831
513.85,111305
511.75,97642
509.39,59956
508.66,116105
512.3,149275
511.08,52534
509.2,93618
509.48,128519
510,126253
509.95,265933
533.18,478538
533.74,173549
530.29,406685
526.24,305562
521.01,203894
520.39,178176
533.1,133049
532.47,112962
534.79,242185
532.02,232860
529.03,94550
529.32,229018
523.48,191938
523.49,81155
522.79,197035
522.32,105149
519.17,62070
517.55,112425
520.17,120160
518.31,71990
519.69,94363
520.58,119939
522.89,71351
520.66,99856
521.5,112136
523.61,129883
526.17,111550
527.15,138600
524.9,102690
520.8,199383
520.26,103010
520.33,80293
519.48,190420
518.63,144337
520.85,86633
522.79,226455
516.3,154112
514,123026
512.36,255920
510.6,169049
506.96,98494
508.27,187805
503.6,242529
501.97,141112
503.71,222428
501.13,140420
504.41,133052
503.2,148154
502.03,376847
505.44,104055
505.91,165870
504.77,99791
505.17,107753
503.11,179943
500.86,90424
500.26,119296
496.86,405825
498.15,161759
502.36,130915
504.24,223027
504.93,84749
505.98,77126
506.2,114894
502.96,99280
505.16,57364
506.37,104295
501.39,180998
498.81,91557
500.14,167693
502.5,147705
503.09,95061
501.12,208944
501.81,117635
504.71,65890
505.2,94438
500.12,136274
494.28,132673
491.52,266368
496.81,111743
498.29,63715
495.83,141279
499.12,101142
497.56,71952
497,188812
498.44,210703
498.76,104677
498.69,99284
498.18,123742
499.87,86382
498,109839
505.6,151369
509.01,123053
509.69,158087
508.57,118736
511.01,78863
510.45,149510
509.13,112716
510.82,64583
509.92,220428
504.38,70750
505.9,49151
507.54,112570
508.02,110407
506.07,80140
506.31,120885
512.15,93698
509.93,86679
509.29,324424
512.36,136127
511.76,74603
512.42,85282
509.5,125985
508.35,83218
507.79,161048
506.45,85095
506.18,58193
505.49,72149
504.08,145270
506.53,55325
505.09,147354
510.63,99860
504.65,44886
506.42,86543
513.44,122191
511.61,74337
512.17,101298
510.55,141243
513.89,71153
512.98,189774
510.4,124392
511.79,108305
515.45,147204
516.26,234373
512.07,85339
514.92,141559
516.79,76239
517.6,101418
515.46,128873
520.66,106137
523.13,117928
526.2,227187
522.95,141651
520.64,47495
519.59,62657
523.59,79971
522.7,44644
522.06,112274
519.65,151653
517.5,129729
517.32,166278
520.39,144139
513.73,90543
511.82,158518
512.67,122320
510.91,61493
511.18,95654
507.68,99960
509.29,77258
512.4,139578
512.97,136145
512.63,69749
511.03,67288
512.37,75472
511.51,71847
508.93,84424
507.94,134331
509.08,33608
511.22,80094
512.37,116509
515.15,50002
515.64,120740
516.1,128740
513.58,101425
512.82,265045
520.36,194974
521.44,163504
516.7,107543
520.27,123380
520.31,45925
520.74,150297
520.85,84686
520.35,70357
522.13,165399
529.58,144393
530.44,77917
529.69,121427
544.1,229321
539.09,142364
540.11,182457
536.24,169147
536.4,122187
536.73,272493
525.82,461393
520.67,243765
524.59,249406
517.12,324079
514.43,134406
514.52,323685
517.88,134371
516.28,174008
514.32,173878
512.31,86631
509.32,133061
511.52,134915
508.31,265780
506.58,127386
506.23,202611
494.23,215863
495.94,158020
498.09,300509
493.06,122220
492.74,111926
493.88,196900
500.17,128360
501,111161
504.14,123749
501.02,76029
503.32,89591
506.98,104785
501.72,233917
503.44,206864
508.18,164254
509.09,96968
505.23,115562
500.57,136114
504.82,135496
506.2,99194
508.83,186498
505.53,78087
506.07,56347
503.25,95129
487.3,166017
490.71,106077
492.69,115462
486.19,163396
483.34,132649
483.35,152003
489.54,208829
479.28,104612
479.03,175182
469.72,163738
472.77,124547
473.54,183023
472.8,145635
474.74,113561
473.57,182625
470.57,136013
474.69,102742
475.23,216715
483.94,300778
486.49,161005
485.42,127971
490.54,146106
490.54,40
487.44,88040
487.79,74132
485.8,108672
490.61,92936
489.44,64873
489.11,70381
480.4,142551
481.98,99696
482.04,176619
476.95,97914
477.76,161379
477.8,107616
480.73,104009
479.69,58653
480.74,61153
488.53,137885
490.04,110776
488.6,118165
489.82,47535
488.65,50067
489.61,72110
477.51,159476
479.61,322127
477.28,343266
479.64,108129
479.2,196116
483.25,150068
476.51,179311
477.35,105076
477.44,132235
473.01,94979
473.22,188087
473.19,95675
473.59,135957
471.51,103383
475.13,148165
475.31,174402
476.92,127265
478.12,206210
486.42,111196
485.66,57154
482.98,88189
483.39,119793
483.9,77329
482.68,222991
483.67,69554
484.98,88398
483.84,118321
484.74,58945
485.15,53323
486.17,41962
486.81,43787
486.81,0
485.9,52159
486.03,33420
486.31,28192
486.11,42673
484.3,40404
486.28,52566
487.66,72717
487.14,41099
486.61,69868
483.55,78229
484.42,54456
483.91,77229
472.93,170170
471.2,236012
470.83,197233
471.32,129629
473.68,114390
472.95,166552
471.08,125518
474.46,108271
475.69,99936
486.67,165906
487.71,89880
483.92,82781
476.9,102206
477.12,75130
475.46,107120
472.89,137360
475.87,83858
477.64,53686
478.03,152781
477.11,79508
478.65,143457
467.32,152467
466.59,142015
466.11,155762
460.76,193006
459.72,201093
456.71,323170
458.41,111705
458.07,167959
455.84,153686
458.32,130307
460.04,76873
461.18,94797
453.16,113492
452.66,133630
453.34,119132
450.02,273778
441.32,341005
445.79,198701
445.61,164889
450.52,138713
449,105346
466.62,239777
467.29,123269
467.53,201372
468.88,196183
472.2,98163
471.34,115506
476.91,197109
479.62,150823
480.7,141659
477.98,103683
478.05,144763
479.45,246448
422.26,936614
423.51,611162
422.79,649962
430.02,433980
430.74,300149
428.77,475900
426.1,288237
423.97,223537
422.08,152830
412.51,525535
410.25,466800
409.17,394618
414.5,267687
413.4,200752
416.76,183762
399.39,461667
401.83,389843
394.92,437123
393.16,282944
398.06,263974
398.56,335846
410.85,664240
411.02,359966
412.91,352418
420.76,603628
417.57,339016
414.51,174827
403.53,264625
402.41,358185
403.62,198187
398.94,220745
402.45,275566
404.55,207870
399.27,242088
402.37,100410
400.85,152829
396.92,227292
394.95,155145
395.89,120183
401,124587
400.16,108680
398.1,119765
400.75,239438
397.885,176642
396.95,111907
399.63,193269
397.545,207264
396.88,148312
385.665,248149
387.47,298203
384.01,197326
386.87,212827
386.98,134156
387.92,185398
398.61,340248
398.605,223218
398.39,247473
402.12,507996
400.15,160476
402.25,117169
395.96,179983
394.78,180885
393.23,246610
399.34,175592
399.51,104693
399.46,96635
395.9,249209
401.775,189277
404.28,152140
405.2,227104
407.96,169370
409.27,250294
407.13,232899
408.69,155342
409.54,283008
411,172441
409.73,131366
410.52,145608
405.43,260985
408.16,134996
404.88,185446
404.725,240572
406.365,199659
405.69,218783
407.285,155047
402.77,99545
403.585,147170
402.67,213797
403.89,198419
403.78,175588
401.285,287422
395.53,135859
396.86,146527
395.33,143026
398.16,168876
398.22,293488
401.82,299410
398.78,115470
399.33,186754
397.99,144141
394.92,174916
394.37,313516
390.28,290914
389.59,211752
387.81,405991
382.72,247321
384.29,203344
383.14,259752
386.01,188459
383.58,145545
383.13,212990
375.535,362014
372.73,144890
373.18,224206
373.43,257380
370.38,173979
371,223664
373.8,386672
367.875,237382
366.93,367546
357.395,335580
360.28,235844
358.84,472837
360.75,443359
363.72,437410
359.12,520102
367.11,240802
363.85,206162
368.49,410294
369.615,180933
372.17,105669
370.75,202056
365.92,171574
370.275,80060
370.96,225613
372.84,111272
371.595,101751
371.66,180922
369.65,222136
369.28,79964
370.77,260832
379.01,198069
378.52,169034
375.7,334419
368.33,280033
370.17,177291
371.92,272711
372.805,338090
370.74,189518
371.14,266660
374.43,404621
379.88,174170
381.995,354927
390.05,362757
393.6,237465
392.825,309247
402.74,294255
406.95,203833
409.99,439756
413.3,299118
419.53,175250
419.565,331436
424.715,484983
428.09,264412
424.565,309413
420.575,158980
417.42,93384
418.365,165439
424,261768
426.19,247784
426.18,346671
428.19,241023
431.78,168313
431.12,211982
417.34,300583
419.38,172315
414.52,167321
419.58,219935
419.62,120562
420.815,166486
419.95,237580
422.31,97612
425.63,268119
426.525,287006
427.66,149822
427.86,197016
425.55,233232
424.37,118852
423.38,307762
404.98,660336
402.58,369243
402.6,938921
412.23,374344
415.975,143492
415.19,251985
415.68,233634
415.02,218902
414.54,216558
410.635,218572
409.34,132276
410.18,182651
409.95,358075
415.12,81603
412.43,180476
423.85,224310
425.48,124055
421.93,242154
416.4,311678
416.095,150603
415.8,215858
410.03,268609
410.39,112211
411.1,138960
408.33,249234
408.69,152313
408.86,294625
402.81,236307
404.27,167108
403.89,275786