123.47,55347
125.22,42518
125.43,74791
126.14,57995
125.75,20707
125.58,46206
126.02,40569
125.22,15005
125.45,31506
124.74,39816
125.08,22360
125.1,51548
124.56,38062
124.14,14902
124.08,55882
124.9,34900
125.89,28710
126.43,51617
126.25,46379
125.71,25809
125.73,48535
126.23,38164
126.51,16498
126.7,46957
126.76,61562
126.35,20537
126.42,44180
126.74,40065
126.95,28235
126.64,59556
127.13,32795
127.09,20991
126.62,81935
126.65,54792
126.87,38764
126.83,67356
126.66,57858
126.59,19220
126.04,63682
126.88,24306
126.78,33265
126.98,58607
126.65,41379
126.92,28096
126.88,60799
127.74,82392
127.68,45471
127.39,68753
127.48,34757
126.7,22818
126.61,56776
126.86,131267
125.99,101367
125.96,77094
127.21,22635
126.58,16528
126.58,40791
127.08,27780
127.62,19666
127.46,32142
127.31,24730
126.91,10840
126.85,37039
126.9,37427
127.2,26986
127.27,53668
127.79,53796
128.34,53090
128.13,52347
128.16,50911
127.77,38784
127.61,114439
126.84,51607
127.93,37183
127.64,183582
126.4,65972
126.29,22161
126.31,62128
125.96,84276
125.97,28523
126.18,28654
126.5,23664
126.91,8815
126.73,26852
125.55,32207
125.57,25115
125.34,51426
125.05,101459
125.36,18328
125.61,54703
125.76,22556
125.93,12513
126.17,46823
127.12,48491
126.87,29910
126.79,50093
126.67,63425
126.58,18201
126.32,65518
127.37,46362
127.21,27829
127.24,96347
128.41,50300
128.07,18126
127.9,51804
129,30911
128.9,21503
128.85,48255
127.97,38929
127.82,33595
128.05,43836
128.87,31202
129.58,9545
129.22,34672
129.74,45255
129,8337
128.96,36593
129.19,45286
128.9,32672
128.88,32581
128.45,41102
128.5,23419
128.67,71344
132.07,77664
132.27,34847
131.97,64723
132.83,72931
133.31,30567
133.55,61557
132.76,51722
132.79,47752
133.86,45918
135.08,49384
134.18,18934
134.67,67887
134.86,66582
134.09,32415
133.78,89692
135.64,74994
134.43,39391
134.6,77595
134.22,42636
134,20680
133.83,45194
133.18,57476
134.02,37216
133.94,59993
134.82,24688
135.64,14143
135.84,55102
134.79,28750
135.59,31567
135.54,56536
136.22,27266
136.32,21904
135.88,42261
135.81,21393
135.18,18836
134.6,56723
135.52,13362
134.94,13425
135.31,77688
135.71,19586
135.28,11061
135.35,50296
134.47,26034
135.06,9151
134.64,28459
135.23,32242
135.47,21498
135.12,30498
134.34,33362
133.51,16143
132.87,53651
133.17,24297
133.27,20347
133.27,49529
132.79,26227
133.04,16553
133.33,35586
132.89,13458
132.77,9956
132.91,28114
133.48,13427
133.42,10645
133.33,34568
133.81,56351
134.52,29450
134.14,32547
133.46,10048
133.46,8410
133.72,20414
134.44,16521
134.91,10760
135.06,12034
135.72,14691
135.77,21903
136.06,30897
136.38,21784
136.05,12343
135.92,28363
136.14,18970
135.33,11365
135.38,39095
136.09,55312
137.15,26242
136.97,68302
137.4,21660
137.09,14416
136.71,50415
136.07,10641
136.46,7860
136.43,21317
134.45,20798
134.74,8063
134.43,48082
133.32,36698
133.65,9289
133.79,20419
133.37,23894
133.57,14434
133.19,32846
133.08,23675
133.68,8483
133.49,30887
133.83,35215
134.1,18413
134.38,42832
134.21,25486
134.29,16508
134.31,51863
135.6,30663
135.59,21006
136.12,36438
136.14,11991
135.61,6786
135.5,29705
135.99,9457
136.38,6923
136.49,18464
134.43,29318
134.48,14714
134.53,39129
134.92,38218
135.5,28024
135.62,26577
135.9,12173
135.39,14174
135.08,25181
134.66,15830
135.11,5738
135.34,20559
136.51,11443
135.6,5054
135.18,24496
135.24,16986
135.03,17709
134.85,33013
134.96,16797
134.97,26345
135.51,25676
134.47,38840
134.45,23258
135.06,98177
134.44,14567
134.26,20787
134.01,36099
134.06,36468
133.68,24337
133.24,56654
135.08,24440
133.97,25133
132.96,31359
133.73,16687
134.59,7495
134.33,35399
134.22,14000
133.9,5270
134.22,24103
134.23,12599
133.45,8896
133.66,21832
133.34,28044
132.47,17809
132.92,39404
131.61,32498
130.86,22785
130.6,61755
131.92,20502
132.39,14556
132.3,37816
132.46,25127
131.54,19742
131.36,40837
130.98,28056
131.05,12718
130.98,46340
131.22,38412
130.27,34803
130.48,90551
130.64,48913
132.23,27504
131.87,59937
131.24,54071
132.23,20752
132.99,86842
136.36,41632
136.81,28331
136.73,59087
135.41,22529
135.19,14386
135.59,28844
136.42,12735
135.66,11580
135.56,42336
136.54,23810
136.96,13588
136.22,39847
136.09,49545
136.49,47323
136.9,184780
138.03,40115
138.28,47138
138.38,73963
138.03,20431
136.84,14065
137.04,41911
137.04,8528
137.56,7162
137.03,33560
137.2,9941
137.99,46349
138.3,71183
140.2,26483
140.13,10315
140.23,45610
138.69,48515
138.94,12375
138.39,40902
138.91,30659
138.73,11419
138.86,73099
138.26,22500
138.33,10897
138.43,33888
138.38,22584
139.22,27326
139.7,38354
139.88,17871
139.07,12233
139.55,38971
140.22,26023
139.69,7656
139.72,48803
140.41,22343
140.12,20273
140.47,61657
140.03,14335
139.7,11684
139.82,40487
140.21,23479
141.08,10622
141.04,44685
141.2,19002
141.79,11502
142,46090
142.13,23716
142.52,14957
142.44,23457
143.3,27307
143.81,25659
144.04,35507
141.15,33129
140.08,12257
140.65,19410
141.2,20487
142,15937
141.96,47547
142.22,9838
142.21,15916
142.83,19420
141.39,10392
141.36,11327
141.59,13895
141.32,18233
142.03,6092
141.76,39002
141.78,113393
141.66,9231
141.92,24454
142.4,10303
141.83,10702
142.12,18573
141.1,10221
141.67,7127
141.61,19896
141.06,12055
141.22,12762
141.71,57052
142.91,9230
142.22,7775
142.4,24784
143.54,31990
143.74,33303
143.23,60985
143.11,13587
142.58,23507
143.64,42943
141.73,9087
141.72,15028
141.88,15963
141.18,73969
141.18,0
141.59,39270
142.52,30344
142.67,36360
140.78,21853
140.91,16719
140.07,64431
139.9,19145
141.12,24512
141.28,29690
140.55,27409
140.48,19740
141.14,47543
141.95,36670
142.98,33563
143.19,87431
145.71,28084
145.48,25384
145.56,85814
145.2,28400
145.09,19214
145.2,89091
144.15,16691
144.17,9835
145.07,39104
145.03,12708
145.23,12396
145.64,48378
146.6,16626
147.14,27416
147.62,66852
148.16,39700
149.18,20306
148.93,48376
148.19,52150
147.67,36721
148.03,57319
148.98,26134
149.61,29361
149.83,39873
150.9,31152
151.18,81485
150.37,87477
149.85,42697
149.06,45413
148.37,93115
146.74,42321
146.84,56273
147.26,55484
146.77,16309
147.68,16576
147.54,28692
148.33,21848
148.35,33915
148.09,63185
148.9,9031
148.09,14769
148.55,24831
149.21,7534
149.29,13755
149.48,36226
150.66,6207
150.7,7153
150.51,19937
150.39,8572
151.16,11459
151.21,22149
150.95,4565
150.94,4571
151.15,19809
151.06,21966
150.93,20229
151.57,37369
149.87,10213
149.81,14572
150.58,37328
152.07,18208
151.64,18875
151.94,33959
152.91,33757
152.33,27796
152.49,47855
152.18,15619
152.44,15892
152.71,35353
152.04,16112
152,31276
152.44,59000
153.24,23767
152.83,20332
152.58,45802
150.77,27547
151.51,31005
151.3,58335
151.97,16029
152.06,13147
151.76,36389
152.46,23477
152.03,34074
152.14,37750
152.93,31030
153.06,26653
153.36,46246
152.31,24453
152.21,45410
152.2,95938
153.22,93274
153.55,64741
153.7,94426
153.65,50757
152.99,17013
152.93,43012
154.24,23815
152.81,19733
152.69,36868
152.2,52833
149.7,57218
149.22,50068
149.66,30481
148.88,41644
150.55,39395
149.58,33720
149.43,44101
148.93,72791
150.99,38189
148.79,36221
148.1,60099
148.02,72159
149.01,45870
149.76,76808
150.2,18144
151.09,33156
151.18,50272
149.14,30594
148.94,28779
150.18,34671
152.72,27153
152.66,40138
152.93,37138
153.13,21046
153.9,18991
153.63,50463
149.94,12907
151.43,14405
151.19,42483
150.04,31509
150.12,33301
150.72,48043
150,25095
150.63,13760
149.9,65995
150.15,29539
150.03,52575
149.9,66297
147.45,37148
147.51,39027
147.12,64439
148.07,30174
147.76,52114
147.87,80962
144.77,53502
145.71,69442
145.18,104154
146.64,34603
145.42,29281
145.03,76794
144.09,15195
144.96,23416
145.73,43215
145.31,21274
145.79,29376
146.11,62471
146.56,39681
145.9,34809
147,49364
145.98,69161
146.5,52842
146.98,72519
147.42,25643
146.91,23744
145.92,56131
141.52,54212
140.91,55481
141.79,131490
146.21,36253
146.7,36633
146.78,67341
142.82,50779
141.86,36394
141.55,72240
142.21,35395
141.95,40140
141.86,66096
143.54,54599
144.82,50966
144.24,63857
144.54,36339
144.16,33191
143.85,46698
143.32,68383
145.8,77116
145.81,70553
144.81,46653
143.58,58986
143.51,54187
140.56,42766
141.24,30173
140.53,50790
137.83,36248
139.4,26932
138.41,54073
135.81,34288
135.67,86374
136.52,64389
137.36,17784
136,28690
136.03,46112
137.81,48563
138.32,26170
137.96,60584
139.04,47816
139.51,43624
139.96,74906
139.96,40538
139.72,19353
139.3,109292
140.58,18820
141.1,27642
142.06,41714
141.37,42052
141.65,37934
142.16,117217
143.02,48953
142.27,33289
142.34,76047
143.34,138924
143.99,37266
144.33,87039
145.16,28802
143.34,39169
144.4,43268
144.11,16863
144.47,21932
144.11,32617
145.13,17842
145.02,12252
145.19,44578
144.78,20329
144.35,12085
144.45,32590
147.7,29793
147.53,18341
146.68,43091
147.15,12777
147.4,14390
147.41,25632
148.47,19534
148.29,18021
148.58,70267
147.7,26894
147.83,19342
148.33,58663
148.28,17650
148.63,14880
148.67,32592
150.29,30201
150.04,8332
149.71,28414
150.74,26694
151.82,18122
151.6,67708
150.49,27540
151.93,21507
152.33,51844
152.2,17742
152.14,10649
152.4,35082
152.85,28824
152.6,18201
152.41,40642
152.67,22602
153.51,13968
152.9,55306
151.94,37073
151.65,44818
152.33,41946
152.31,20896
152.17,21946
152.38,84346
150.79,15389
150.14,18116
150.31,39653
150.9,32871
151.15,9865
151.29,54321
154.02,25265
153.81,23659
154.8,75016
155.85,39213
155.16,20520
155.04,61504
153.24,51518
152.94,27411
153.08,72693
150.8,67999
151.13,47485
151.52,114447
153.61,67742
153.35,26463
153.04,83729
154.25,55055
154.62,27366
155.34,73862
154.82,36573
155.02,37248
155.41,86868
154.6,47439
153.29,18923
152.79,88575
149.74,198295
148.8,68157
146.99,177133
147.84,61742
148.44,29733
147.45,87481
150.06,32311
150.55,43433
150.56,102524
151.35,60297
150.42,27630
150.22,103254
149.45,63179
148.64,32818
149.4,90513
148.97,154240
150.31,39736
151.74,79652
153.44,54531
151.15,63067
151.34,84785
150.69,51302
150.88,34489
150.16,84142
150.55,58531
148.1,38658
148.96,83650
150.6,17051
151.23,12990
151.15,52930
153.84,53260
154.3,39807
154.54,156480
153.08,34890
153.2,25442
152.89,67066
149.04,76657
146.58,30313
144.55,90382
141.33,101428
142.46,43266
141.76,98935
142.09,30990
141.27,36397
142.1,119928
145.27,35658
146.5,21872
146.29,48375
147.4,52588
146.22,52261
146.23,156680
148.03,61946
148.59,44546
147.52,104242
149.73,51474
149.43,35784
149.61,126965
150.33,26947
150.49,13700
150.35,60481
145.72,103328
146.78,62313
148.06,144458
146.21,65639
145.2,38311
145.39,97152
144.47,32327
146.22,24906
146.02,69584
146.65,41923
146.03,21452
146.3,65399
147.82,24205
146.96,18220
146.63,42083
145.74,30269
146.41,20055
146.88,36324
147.02,26476
147.61,19998
147.02,49689
147.85,23691
146.98,12478
147.07,82088
142.95,60880
144.58,40995
144.55,62664
143,42956
143.64,28229
143.18,107193
140.81,39028
138.05,36597
137.94,89399
141,76352
139.45,36129
139.28,158508
139.26,70317
139.83,27585
139.41,95579
139.3,65381
138.99,41720
139.51,50309
140.11,21936
141.48,13619
141.63,61654
142.56,41930
143.57,23026
144.09,50217
146.06,71533
144.63,72312
145.19,144174
146.3,41861
145.93,35676
146.45,101998
146.92,30976
147.54,13133
147.23,54648
148.87,20738
147.15,19862
146.61,67337
147.33,28368
147.66,19661
148.19,76654
148.01,58400
147.46,81653
148.27,76644
148.19,44078
147.99,24363
148.9,87040
148.49,35789
147.36,41195
147.95,80802
150.98,19500
151.16,33769
151.22,104590
150.69,35929
150.8,32213
150.41,73966
152.54,13796
152.14,11967
151.75,59867
152.02,35536
151.51,48615
152.05,153338
151.82,58854
151.17,48531
151.26,113870
149.44,50255
150.39,46662
151.26,82783
148.97,39733
150.25,25632
150.68,70046
152.45,26084
151.39,13341
150.76,66349
150.26,24417
150.8,19591
150.64,46615
149.76,35565
150.37,24716
150.31,69692
149.53,13439
150.27,21123
148.42,45581
149.79,15203
149.12,15083
148.84,39208
150.6,47854
150.5,27498
149.79,50429
150.32,25653
151.15,14989
150.84,43699
150.36,14991
150.83,13804
152.02,46176
150.71,24744
150.3,18477
150.54,90207
152.17,33218
153.69,46560
155.03,66786
154.23,9890
154.54,5256
154.72,52339
156.41,33420
156.95,16454
156.46,51904
155.87,29456
156.28,27276
155.5,62503
154.83,26133
155.95,22835
156,39898
155.72,20219
155.72,11894
155.02,50265
153.33,26198
152.83,16579
153.59,31695
155.4,20067
154.56,11775
154.05,39337
154.79,15832
155.17,8050
154.74,32721
156.04,12070
155.2,11389
155.24,35741
156.41,8426
156.43,11070
156.13,47163
155.81,8435
156.17,3023
156.24,41706
157.47,29735
158.45,16634
158.81,54823
159.11,9112
159.62,7927
159.79,40115
159.51,15877
159.44,7775
160.04,25088
160.02,6273
159.82,11960
159.81,46398
159.92,15414
159.65,6266
159.97,33017
159.86,12417
158.76,8582
158.08,40802
157.55,14927
158.08,9966
158.06,33742
158.16,9058
158.86,7139
158.35,35987
158.24,33612
157.9,13651
157.91,43360
159.2,43244
156.94,18784
157.06,66783
153.64,36065
154.72,24958
154.86,54169
154.05,49967
153.77,25893
153.52,79360
153.79,36937
154.05,24007
153.38,67013
152.95,31028
153.29,18708
153.09,94337
155.77,24598
155.55,42703
152.18,114348
152.93,32074
152.47,27073
151.93,80180
152.23,31258
153.21,35400
154.56,45749
153.22,31489
153.72,23057
153.88,37999
153.84,20576
154.31,20249
154.67,45866
154.47,44146
154.87,20525
154.99,60566
152.49,43337
151.61,24697
151.27,110032
150.2,39008
150.17,23863
150.2,83766
149.14,35408
147.51,48190
148.13,104818
148.46,45145
148.05,36067
147.7,99058
148.95,18029
149.08,23281
149.53,52947
150,28415
149.98,36894
148.93,134363
152.19,54057
152.93,26307
152.91,183905
150.56,31586
150.65,17962
151.18,75286
150.07,48514
149.72,26045
149.69,52667
150.13,38950
151.37,53952
149.75,126351
151.06,72027
149.36,73180
147.65,73846
148.3,47722
149.82,42648
150.24,65786
149.03,28569
148.61,26211
147.44,91503
148.68,29433
147.5,15665
147.21,89757
146.05,41067
146.14,22386
147.17,82852
150.09,23602
148.6,30943
148.55,52156
147.66,20077
146.86,22399
147.97,49898
146.78,46568
146.06,37941
146.01,87911
144.43,11718
144.2,14560
144.08,73280
145.12,63043
144.46,49451
144.74,129457
145.26,47048
146.07,52910
146.28,85940
150.09,130917
151.55,55277
151.09,137970
150.92,142955
153.75,72369
154.92,151364
154.92,49200
153.01,32444
152.97,101617
152.89,37606
154.04,20535
154.7,86324
156.89,36558
155.12,24845
156.24,60365
156.47,51443
154.9,42079
154.15,91292
154.43,32131
153.88,18480
153.33,42511
153.68,29531
153.76,25071
153.98,67976
157.27,29064
157.56,20873
157.8,80604
158.91,40308
158.79,35443
158.9,62606
159.55,78852
161.12,47601
159.96,60933
159.83,41856
159.81,42491
160.22,74686
161.12,72688
162.53,59869
162.33,96654
161.72,41016
162.76,46255
161.83,62169
161.5,33412
161.5,19119
161.12,82349
160.69,22581
161.13,33552
162.26,120157
158.26,41428
158.53,15240
158.81,74064
159.31,28852
158.36,32633
157.74,53628
160.2,16692
160.28,33792
160.65,50205
161.9,45285
162.13,43735
160.56,34482
161.04,16822
161.35,15612
160.04,45325
161.15,50503
159.68,54693
160.96,103420
157.47,89521
157.24,72903
158.02,105444
159.43,43064
159.53,37157
158.83,52565
157.75,26175
157.94,45892
157.95,39224
159.56,21075
159.02,24751
159.34,49588
159.08,35667
159.78,33457
159.86,50233
161.09,24172
160.84,20252
161.29,57545
164.84,40257
164.03,20304
164.58,52832
165.39,34839
164.78,36685
165.01,24256
165.15,13325
164.74,21329
164.89,45953
164.63,22652
164.63,0
164.78,14850
164.72,17472
163.93,46685
162.48,14958
162.31,17059
162.74,22299
161.05,14501
161.44,35460
164.83,45062
166.05,15195
166.45,12255
166.87,24186
166.45,20514
166.18,18003
166.96,33145
164.83,12534
164.8,42964
164.29,114949
163.58,14916
163.02,19396
162.75,25824
163.34,35722
163.44,24272
163.3,33790
164.7,36959
164.31,26667
164.1,34203
164.8,12193
164.67,21314
165.07,31229
163.9,34622
164.56,80002
164.44,125318
166.35,47315
164.45,20065
165.07,47844
166.21,60560
165.85,83930
164.76,56086
161.37,44897
160.5,31986
161.62,75415
161.43,44072
160.55,45779
161.39,76879
164.07,26065
163.23,20001
162.07,30979
163.13,8390
162.95,10036
162.94,16495
164.49,26781
164.6,13436
163.97,19854
162.43,30508
161.31,30498
161.97,27782
163.01,8854
163.74,13184
163.67,15418
164.29,18800
164.38,15212
164.28,24839
163.97,15045
164.21,17682
163.93,28919
163.93,17005
163.92,16454
163.71,25389
162.2,7860
161.89,17715
161.07,41038
159.8,36738
159.42,25199
160.38,36634
160.59,44928
161.03,25904
159.87,34575
159.18,19612
159.39,23171
159.39,26994
162.13,27011
161.69,17906
162.81,29017
163.81,19314
162.79,22034
160.89,33055
160.22,18337
159.6,21088
159.84,24343
158.77,25297
158.62,19989
159.89,75727
158.76,15845
158.23,25361
158.33,44416
156.92,26914
156.65,34430
156.65,81354
158.64,25641
158.48,37418
158.1,39864
155.4,101364
154.88,55930
154.76,43131
153.6,66575
153.04,71073
152.75,45444
150.76,43347
150.78,46074
151.85,68578
152.6,42302
152.68,26941
151.83,74046
152.52,39276
152.53,34392
153.2,46338
152.39,23944
152.73,33446
153.64,67071
153.22,40212
153.3,36207
153.25,68522
151.48,37122
152.13,37580
152.65,51186
153.31,36602
152.1,52190
152.16,71227
152.05,21674
152.5,25715
152.82,46664
152.68,6176
152.57,37618
153.93,76780
152.87,38133
152.08,54505
152.09,50475
151.04,58687
151.88,29833
151.27,49528
153.31,55767
153.99,56693
154.15,91993
152.79,51343
153.67,53005
153.58,110127
153.31,32671
153.31,85629
153.48,143442
156.22,76473
155.59,43752
154.87,106182
156.92,57887
157.63,69758
157.94,88044
159.34,75028
159.81,38678
159.24,77016
157.22,25215
157.79,25908
158.31,44954
156.79,33261
157.12,36329
157.1,37419
157.7,34522
158.66,30783
158.41,79280
157.36,8935
157.63,8931
158.31,34079
157.43,35717
158.93,17956
158.53,32432
158.75,13647
158.56,30640
157.99,25168
158.35,21391
157.42,17309
158.28,37814
156.76,10093
157.15,14562
158.27,23709
158.51,8928
157.98,12622
158.05,28374
156.06,17216
156.47,20308
155.91,43127
152.64,32727
153.32,14964
153.24,33129
156.28,14658
155.97,12395
156.74,22874
155.49,10093
156.22,10237
156.6,34648
155.95,19560
156.63,29537
156.24,31932
156.37,29262
155.54,14663
155.74,28705
155.84,24777
156.01,16407
156.07,17173
156.3,10861
157.49,13859
155.51,42186
155.58,25673
154.98,13760
155.3,40853
159.33,76205
159.56,31659
158.8,92648
155.61,105921
155.87,33777
155.56,94858
156.77,77802
158.54,279476
158.1,148925
159.28,29668
158.96,39658
159.45,86797
158.56,31274
158.17,16795
158.64,52454
160.16,20037
159.61,15935
160,47386
160.12,20191
159.82,23871
159.73,65352
161.26,20103
161.98,9276
161.03,62225
158.5,17380
159.9,6355
159.47,42214
159.59,23005
161.07,14252
161.53,48333
163.2,17792
163,10258
162.5,39982
162.94,16086
163.01,7837
162.75,15022
163.04,16379
163.3,20156
162.83,28884
163.52,36610
163.03,11554
163.13,21116
164.4,22589
164.45,31994
164.41,57612
163.89,30918
164.87,15112
164.86,32238
165.41,30284
164.51,28283
164.07,36336
166.42,35025
166.53,14177
166.49,51954
165.76,23052
166.61,14121
166.38,52203
164.54,9726
165.28,10745
165.5,28623
165.55,22113
165.59,15493
165.62,50722
165.53,16021
165.46,9673
165.86,97662
164.94,20399
165.14,16511
165.86,47580
166.19,19046
165.83,14391
165.67,20583
166.25,19625
166.48,12338
165.88,40364
167.22,15436
166.14,12147
166.92,24107
167.06,25845
167.07,14474
166.97,63721
166.61,22896
167.84,16774
167.92,75150
167.65,21320
167.9,17369
167.82,27759
168.04,19379
167.88,16551
167.67,50097
171.21,49571
171.47,48948
170.93,113872
170.97,34238
170.06,22969
170.39,63236
169.75,30316
170.28,17090
170.77,68361
172.76,31733
172.61,15006
171.95,38893
172.28,9073
173.29,9124
173.66,26032
173.24,36454
172.11,14983
172.75,39718
174.05,23158
174.47,12038
174.09,39031
173.99,24780
174.32,36080
174.63,41551
175.18,15689
174.97,12435
175.03,31238
175.11,12651
174.73,7843
174.88,23843
174.98,10921
175.23,6949
175.4,35239
176.14,21258
175.07,26413
174.68,28601
174.56,21107
176.09,16863
176,44772
176.74,9268
176.79,7539
176.29,27791
175.95,19693
175.75,16676
175.71,19318
175.03,10800
175.17,7001
175.38,27265
173.78,26117
172.69,21074
173.56,31223
172.97,23504
172.34,38062
172.35,86107
174.03,14996
173.13,11071
172.84,36118
170.43,70487
169.72,64759
169.29,88697
167.46,79975
166.98,17985
167.17,63144
167.65,17006
166.91,8208
167.55,28408
165.24,17556
165.56,10119
166.15,49444
166.22,12292
165.9,7711
165.8,33444
165,29697
163.98,7607
163.99,31780
164.66,23750
165.86,21585
166.33,88316
164.84,26171
165.28,7522
165.99,28757
166.96,15099
167.54,7549
167.69,32374
169.18,13339
168.31,5970
167.55,26824
165.94,19536
164.79,17217
164.42,42364
164.16,20969
164.82,11507
164.73,33582
164.88,68645
165.08,32199
165.2,43521
165.34,12395
165.49,7718
166.26,13650
164.81,44447
165.05,41512
164.73,79860
165.08,13658
165.38,8317
165.33,16845
166.03,9041
166.55,4116
165.97,30729
168.51,8056
167.89,3740
168.58,39310
170.06,13171
170.51,19809
169.9,27891
170.03,8280
169.47,6287
169.56,10302
168.62,4979
169.43,4011
169.03,24048
169.36,18511
169.79,12615
170.41,14690
170.4,18073
170.34,6050
170.12,32935
168.01,24184
168.01,25001
168.03,45467
167.7,31086
168.16,11712
168.59,45583
167.39,32411
167.61,21344
167.2,38517
166.42,51552
166.9,29689
166.97,53833
167.82,30785
168.09,11074
168.25,41989
167.71,19926
168.64,22422
169.09,29604
169.24,13398
169.1,37070
168.79,35923
169.47,21282
169.4,35768
167.98,24349
167.44,10775
167.54,72970
168.98,52230
168.2,39019
168.12,88388
167.45,35461
167.29,28174
166.65,59495
167.6,35353
167.29,19641
167.39,103265
167.41,63145
168.77,73697
170.13,77914
171.33,27953
170.67,17751
171.27,43594
169.41,47331
169.83,24990
169.09,106332
168.89,53058
169.12,38193
167.75,97771
168.54,35366
168.93,26343
169.5,43619
170.66,43422
172.2,35029
172.6,64393
173.65,82688
173.14,42380
173.08,66093
173.88,29148
173.59,22210
173.8,45529
173.32,31662
174.39,11222
174.14,34248
173.27,24144
174.5,13837
174.36,53033
174.74,34803
173.31,24700
172.39,52590
173.81,43113
173.57,17607
172.95,79966
171.73,47674
170.34,10014
171.03,40378
171.16,9646
170.06,7274
170.17,12470
170.95,16154
172.18,13732
171.81,36148
171.24,15915
170.84,6619
170.51,23309
170.87,17764
169.95,35899
169.49,37125
169.74,50863
170.12,20443
170.16,34166
169.59,13750
168.57,14176
167.54,31480
167.48,33955
167.48,17585
168.01,55772
168.67,39128
168.24,8870
167.6,21827
167.51,21441
167.59,7943
167.23,43678
167.87,15085
167.99,4610
167.22,31468
166.22,10714
166.07,10694
165.64,35035
165.87,6098
166.23,2423
165.76,28786
164.8,18078
164.23,14562
163.54,73993
163.28,70512
162.47,48476
161.91,95416
161.66,15194
160.69,7791
161.14,30945
160.48,35382
160.18,32974
160.22,33630
161.54,15514
161.48,6505
161.93,20809
164.15,18319
162.25,11681
161.77,25858
162.24,31970
162.9,8772
162.82,31162
164.41,8006
163.51,11999
163.7,15521
163.93,18589
163.82,4397
164.04,43263
165.32,10356
165.08,5913
164.62,21585
163.93,28983
163.73,12663
163.89,42826
162.61,54893
160.59,62058
160.29,60471
161.02,28849
159.89,9288
159.35,34862
159.51,16289
159.9,24309
160.15,41089
161.54,18621
161.86,17413
161.54,52888
162.34,7691
161.23,7389
161.26,14736
163.35,65591
164.18,35208
164.22,84156
163.41,13079
163.05,15691
163.73,38364
164.21,45107
164.47,27531
164.79,73406
165.32,20585
165.93,11602
166.41,34071
166.14,11864
165.2,13229
165.09,49554
164.46,8366
164.28,3932
164.52,29331
163.61,10734
163.13,10852
163.48,37085
163.08,13657
164.12,11469
164.28,65272
162.19,20527
162.19,20145
161.15,34045
160.21,19922
160.94,7021
161.32,35869
159.58,24971
159.9,19179
159.23,36988
158.33,35132
158.15,15829
158.24,89942
157.17,21896
156.54,21743
155.45,102791
155.09,26260
154.91,12167
155.31,26052
155.21,27631
154.83,10462
154.17,39490
154.78,29209
153.91,14410
154.27,32022
154.18,29876
153.37,19504
153.68,47423
154.18,16126
154.1,7850
154.05,31447
152.24,78346
148.63,46058
147.74,157893
144.05,229212
145.79,129230
146.67,227599
145.84,87733
146.09,90084
147.05,184328
149.53,99864
150.12,69038
151.17,102693
150.38,86654
148.93,31821
149.04,75540
146.08,106187
145.67,56098
144.41,80029
146.4,56375
145.18,17927
145.8,160686
147.56,53486
147.98,49472
148.28,79162
147.06,38173
147.83,34142
147.14,120049
148.36,100747
148.02,29137
149.18,94585
148.39,75712
147.98,30398
148.14,46963
147.62,43007
147.6,33968
147.34,64236
147.09,57671
147.28,52754
147.46,93951
148.25,29834
148.98,21031
148.48,57999
148.8,26885
149.55,12565
149.33,41975
148.97,54987
148.73,22179
148.43,53249
147.98,34570
147.16,22973
146.36,70264
148.38,27555
147.77,22909
148.45,62454
148.39,32685
148.92,17745
149.3,59763
150.06,33509
150.81,17062
151.22,52623
152.14,44027
152.84,35257
152.85,56209
153.89,17828
153.98,7497
153.37,19168
152.9,23367
153.08,21985
152.88,30520
153.38,12278
153.38,7403
153.47,34780
153.85,14591
153.16,13942
152.92,33538
153.04,16516
152.64,18149
152.48,40436
151.99,28285
152.53,23516
152.77,36303
154.07,47100
153.98,20179
153.91,37268
153.92,17903
153.3,15465
153.83,52632
153.16,30996
152.52,9278
153.18,28490
153.59,39307
153.36,20098
153.75,16719
152.3,9281
152.68,10264
152.93,26017
152.38,9872
152.24,18812
152.69,31395
152.97,17385
153.65,10418
153.62,29505
154.56,16343
154.96,8063
155.05,20296
155.39,19419
155.39,0
155.13,8555
154.27,9976
154.33,20229
155.26,10096
155.36,19963
154.83,12899
153.64,25139
153.36,13416
152.97,23947
153.21,7417
153.83,3766
154.34,32985
154.78,28616
155.45,15120
155.61,25846
156.27,23814
155.81,23413
156.31,26982
156.48,19590
156.09,23893
155.47,51469
154.28,31769
154.56,33908
154.79,31918
154.75,23703
155.13,26221
154.68,25576
153.93,36298
152.89,20542
153.07,47240
154.34,32641
154.65,26630
154.67,35704
155.53,13958
155.29,17112
155.4,64456
156.1,32894
156.61,38859
158.11,70156
157.67,45603
157.18,32788
155.55,50288
154.69,31135
154.94,29215
154.79,30637
156.36,22758
156.87,25851
156.84,35867
155.46,19498
155.18,11298
155.17,28953
154.06,12600
153.85,29000
153.5,57821
153.96,22366
153.01,20698
153.52,44884
154.83,11271
155.22,6751
154.68,16909
155.3,3574
155.81,12387
156.01,24986
156.31,2502
156.17,4641
156.17,10390
156.43,10211
156.01,6202
156.48,20426
156.91,11456
156.53,5885
156.64,24460
159.28,25228
159.44,16248
159.51,37584
159.66,10650
160.15,15508
159.9,26239
159.98,18566
159.04,10215
158.76,28338
157.48,20895
155.35,16379
155.34,31718
155.29,22836
156.24,22749
156.57,36071
154.03,39982
153.36,42925
153.56,43277
154.19,27117
153.98,48200
154.33,68117
152.72,17730
152.65,14959
152.98,32114
153.49,11932
153.77,9485
154.19,25131
153.69,26421
152.99,72478
153.1,71947
153.74,24325
153.23,22859
153.77,26902
153.16,15747
153.25,26148
153.98,25657
153.2,63577
153.29,48202
153.65,89585
153.84,25720
152.6,42127
153.02,58195
153.26,27274
154.16,16792
154.95,39895
153.78,26304
153.87,36257
153.31,57072
152.41,33891
152.93,30400
152.93,43758
154.16,22523
154.64,18979
155.05,35260
154.84,22235
155.12,21171
155.08,25325
155.45,21956
155.58,22897
156.49,53379
156.89,15566
156.62,29842
155.65,64315
156.83,20513
157.96,14611
157.99,45699
157.27,20913
157.62,12233
158.65,36108
157.66,23420
157.59,21673
158.04,62779
158.2,27815
158.63,22616
158.1,39697
159.35,9689
158.78,41316
158.5,21654
160.42,47454
160.05,71822
159.71,69230
155.98,46355
156.25,53402
155.97,95375
154.75,32013
156.51,32988
157.31,54744
154.78,35796
155.45,21534
154.67,45363
155.05,25144
153.89,11798
153.83,33071
154.5,23506
154.67,12655
154.84,21744
153.66,19846
154.29,11880
154.06,39097
155.27,26811
155.17,24415
155.44,54506
156.14,19722
156.02,31780
155.33,43168
154.19,24521
155.11,19369
155.56,38109
156.87,26749
156.15,20146
156.75,20989
155.63,20124
155.37,16323
155.06,40049
154.9,9720
155.15,8258
155.07,14190
154.79,37452
153.76,26712
154.14,35425
153.9,13491
154.6,12167
153.93,23201
152.54,20085
152.62,17120
153.06,37079
152.96,25384
153.51,18462
153.67,39501
153.02,29039
151.98,31259
151,56300
151.89,31727
152.38,16786
152.12,19055
151.68,25350
151.5,25059
151.66,33188
151.3,40116
152.03,33295
151.86,36516
152.87,72506
152.73,63511
153.22,86281
153.46,15061
153.54,22850
153.57,22211
153.36,20857
154.11,16360
153.94,30340
153.08,19151
153.78,14626
153.42,31249
152.48,31283
152.85,29500
153.17,46872
157.49,95068
159.44,43223
159.13,124990
160.16,66715
159.94,57740
159.36,60036
160.76,44322
160,33550
160.13,36098
160.35,34277
160.95,28446
161.11,27010
160.86,12599
160.34,16200
160.18,41929
160.88,41050
160.98,17467
160.63,40027
160.25,31787
160.26,28386
160.23,79279
162.47,70386
161.7,12836
161.31,54753
162.9,67109
163.26,20633
163.02,36639
162.28,26304
161.12,25406
161.14,28505
161.72,45227
159.89,11180
159.74,37778
157.9,66842
158.34,33599
158.58,70975
159.48,22770
159.42,29428
158.97,62261
156.55,50451
157.97,24727
157.37,64824
157.91,22660
157.76,8673
157.82,27258
157.14,25363
157.72,9615
157.94,42061
156.5,35149
156.61,20618
156.78,22392
157.64,41582
156.62,24738
157.17,24121
156.43,16788
156.6,49366
156.25,48268
156.22,45036
156.09,24369
155.21,68849
156.13,44307
156.56,44318
156.3,92485
156.82,27191
156.95,24669
157.11,41209
159.75,86498
158.93,52826
159.06,169090
160.37,53245
160.39,73799
161.02,95545
162.42,49185
163.72,47006
164.71,76081
160.2,112100
160.07,58666
160.47,141297
159.62,68618
163.53,69484
164.63,158185
165.41,60604
165.12,18015
165.51,72958
165.64,27126
164.04,18390
164.21,20948
163.26,16361
163.72,6090
163.8,22852
162.92,20195
163.63,16356
163.51,22216
162.02,15325
163.64,11061
163.4,34849
163.52,21110
163.68,16728
163.96,35945
163.96,15791
163.28,3192
163.79,17470
163.26,17674
163.17,7256
163.22,20457
164.94,15925
164.62,6164
164.63,35196
165.75,11258
165.92,21529
165.37,18729
165.87,6266
165.34,6695
165.4,15444
166.18,25616
167.02,25008
167.54,26787
168.14,35473
167.84,13899
167.45,50265
167.47,32794
166.32,10035
166.75,33485
167.55,21054
167.1,12657
167.28,40668
167.74,29122
169.1,41823
169.76,125876
169.69,23246
169.88,28052
169.6,16267
167.95,23032
168.34,12991
167.67,29893
168.55,13318
167.96,8827
168.12,28859
169.06,11429
168.39,9790
169.09,26034
168.58,16115
168.2,6375
167.08,22792
166.02,20980
166.57,8700
166.35,33812
163.18,73366
160.19,27493
160.74,58561
160.41,30348
159.85,24300
159.35,51255
159.45,15265
159.01,13088
159.05,26660
158.62,52225
158.13,25365
158.63,47064
160.59,19808
159.78,6030
159.77,36840
160.1,16636
161.1,12492
161.86,30127
160.23,30810
161.06,18308
160.95,43665
162.23,27810
161.73,9997
161.38,37931
161.07,19709
161.11,14663
160.8,40412
158.23,105122
156.5,65802
156.33,134156
154.13,65485
154.7,37958
154.65,79517
154.06,43903
153.19,23963
152.87,33189
151.96,21856
152.49,13425
152.9,19028
152.66,20423
154.01,11324
153.93,22817
154.8,20777
154.9,15664
155.43,52468
156.14,20029
155.95,9899
156,11399
155.89,25208
156.68,19758
156.48,45622
157.95,21361
156.3,12234
156.91,35954
157.54,48955
157.5,18307
157.45,61884
157.22,33006
157.13,37153
157.4,66190
155.12,48754
156.45,17390
155.81,63564
156.06,69365
155.91,28951
155.65,64783
154.83,56160
155.05,37978
154.57,67135
154.69,39160
153.22,20452
153.13,31199
152.83,13922
152.76,17543
152.97,39399
153.27,72598
152.42,28633
152.89,18601
153.52,22525
153.95,60106
153.29,30646
152.55,9956
152.23,32274
151.9,35925
151.64,25709
152.11,32278
152.2,67749
152.25,33769
152.93,81579
151.22,85213
153.92,42318
153.98,50203
154.95,48822
156.25,29852
157,57961
155.4,45398
154.33,8424
154.35,37675
154.32,26537
153.25,19071
154,25620
157,59957
157.7,39912
158.99,56313
159.78,45515
161.29,35055
160.97,49043
159.21,26191
159.05,20160
158.67,42473
158.07,36514
157.83,7472
157.42,22005
157.36,14671
156.93,5443
156.27,20626
155.43,24681
156.64,19701
157.26,43122
160.5,64702
160.12,50341
159.69,102064
161.01,85047
161.74,63071
161.22,79993
160.64,61219
161.72,9948
162.31,31400
161.45,51376
161.73,37162
162.17,53242
162.43,40916
163.19,19920
163.62,96372
162.16,42571
163.26,15118
162.85,43390
168.05,58146
164.08,34040
166.28,64438
166.43,40045
163.83,24891
162.72,58079
164.65,21339
164.06,21370
162.93,37991
163.15,42805
163.37,27326
162.73,85019
161.91,29299
161.41,28265
161.98,43041
161.21,13752
160.42,12408
161.03,21656
161.71,19102
161.63,19232
160.17,36256
160.18,15103
160.91,7525
161.22,17210
163,41113
162.64,16865
163.08,44911
162.77,24520
161.55,10629
161.41,36535
160.87,10812
161.47,10003
161.79,54505
162.32,19104
162.6,31748
162.97,38545
162.23,48457
164.31,36247
164.09,62048
165.62,19357
164.43,15165
164.22,70032
164.55,23444
164.38,18486
163.99,31167
164.95,96854
163.61,24115
164.01,75461
165.34,31708
165.16,20232
165.31,70514
165.83,39844
164.86,20631
164.56,100436
164.07,26895
163.18,15385
162.63,42452
161.74,65683
162.07,39106
162.11,99825
161.74,46852
161.06,12544
161.32,117520
163.27,71402
165.73,29236
166.72,76835
168.36,49833
167.53,42577
165.54,112245
167.22,63190
167.03,47283
168.01,86814
168.44,72004
167.61,23723
167.91,61874
167.86,36032
167.77,19699
168.51,53366
168.81,19120
168.56,23621
168.52,33078
166.02,30427
165.04,17731
165.41,53237
164.97,13585
165.46,18669
166.2,67197
167.95,30010
167.77,17381
167.32,53337
168.34,43825
166.75,24865
167.39,29363
167,30346
167.13,29718
167.33,46734
167.84,26611
167.85,13420
167.93,74818
165.21,43735
165.56,35656
165.3,168951
162.9,140682
161.74,127888
162.05,102877
162.19,60903
163.61,12180
162.9,46963
161.86,61501
161.9,34897
161.27,130720
160.27,38650
160.64,21225
160.45,29716
160.4,52489
160.17,32709
160.08,55079
161.68,84555
161.37,74577
160.83,124230
161.25,129411
160.65,54856
160.61,101928
161.34,40735
161.27,20108
161.4,87344
160.6,58263
160.18,33688
159.9,46292
158.23,35302
159.48,27572
159.32,51148
158.44,61517
158.73,55859
158.33,119205
158.02,63857
157.9,50513
157.83,77829
159.02,127013
159.93,64722
160.35,73677
161.54,51138
163.51,40742
162.71,81600
162.35,64044
162.64,40329
163.15,69999
163.61,38352
164.29,33014
164.62,70350
165.22,23688
165.22,24259
165.52,63509
166.11,72744
166.49,52012
166.6,70053
165.21,63448
164.72,55692
164.47,82736
165.81,41132
164.58,28176
164.56,48954
164.51,19944
165.03,12943
165.11,46709
166.98,55261
166.07,37858
165.73,96688
165.24,29210
164.48,18834
164.76,32657
163.86,18270
163.72,12058
163.77,48645
162.84,42620
162.79,24905
162.3,45330
163.81,41264
163.54,30105
162.81,45755
161.79,40671
161,48488
160.75,62012
159.05,85042
158.58,77895
157.97,89842
157.63,30246
158.17,39334
157.53,101730
157.79,41878
157.64,23120
157.89,56693
156.27,36853
156.5,49550
156.38,64319
156.57,17726
156.88,17262
156.87,30325
158,32717
158.28,21409
158.48,43334
154.62,35688
154.85,29373
156.04,60826
155.05,30153
155.52,19357
155.47,50307
156.11,16998
156.5,35079
156.19,32456
155.25,16656
155.5,16069
155.66,40775
155.26,27770
154.8,30944
155.32,46050
154.28,25056
154.56,24641
155.27,37100
156.24,53647
157.18,34309
157.67,82349
150.24,94129
150.7,35006
149.84,117139
150.92,41640
150.48,27693
150.28,32007
148.24,48181
148.06,46094
147.87,76280
148.49,42005
149.54,30830
149.87,43702
151.09,28226
150.86,42058
151.03,43169
151.7,37950
151.5,52390
151.9,67451
154.28,43748
153.17,25245
153.41,39755
153.18,39169
153.35,27405
153.3,63736
155.27,23271
154.44,22378
153.84,27130
153.77,43905
153.77,0
153.79,38465
153.52,27644
153.87,25854
153.71,25159
153.43,22680
153.42,57835
151.36,14092
151.25,15688
150.94,35946
150.75,26035
151.53,30828
151.58,43693
151.99,27679
151.71,29054
151.3,76082
153.81,51841
152.88,28362
152.51,45814
151.68,44042
152.29,34453
152.62,39558
151.4,40507
150.49,43859
149.79,120393
151.56,27193
151.07,26880
150.73,66802
151.86,27826
151.1,32343
150.99,32123
151.13,122337
149.83,30401
149.93,74877
150.21,75754
149.16,92590
148.78,141053
147.36,111517
147.7,66951
147.14,112657
145.76,42347
146.33,34348
145.35,58080
144.41,48787
145.57,47665
145.27,55019
144.77,31250
144.77,0
145.67,23404
145.51,15396
145.58,30664
145.53,18832
145.52,25670
145.87,36374
144.32,49612
145.38,42413
144.79,32452
144.8,14460
144.45,20206
144.39,32081
144.81,24561
143.81,27717
142.95,27471
143.66,41335
143.39,47723
143.14,54922
141.06,74252
140.43,54325
139.99,76546
140.09,61215
139.28,57210
139.03,58432
138.94,45705
138.68,41631
138.97,51352
136.31,91488
135.21,71136
136.04,69260
136.91,77600
138.01,54130
138.04,96695
137.19,46958
137.04,61591
137.58,63287
138.06,57927
138.02,64946
137.87,60181
138.18,22083
138.93,30748
139.36,45405
141.25,28643
140.89,32572
140.74,44480
142.16,45647
141.19,38235
141.38,33699
142.07,64353
141.88,51889
141.71,86832
140.64,26227
141.39,31838
141.61,57671
142.13,17880
142.05,22238
142.03,38667
145.12,44554
147.24,43601
148.13,52781
146.05,28794
144.72,37038
143.71,60913
144.29,46430
144.21,30300
143.67,34065
144.47,35597
144.49,52841
144.87,42943
144.04,21271
144.25,26690
143.47,40988
143.44,65204
143.74,93273
143.59,109170
137,68859
137.13,65389
137.14,65869
137.79,95349
137.59,86530
138.13,76455
137.23,34583
137.8,38064
138.68,50669
137.49,43549
137.66,34786
137.54,49987
136.6,95411
136.61,66009
136.78,94748
137.07,57658
137.92,67147
138.1,47792
137.28,43433
137.39,57430
136.62,60918
137.45,62924
137.46,41688
137.43,86664
138.01,25941
137.27,32129
137.1,38479
136.42,88055
136.69,80828
136.77,59034
138.14,51056
137.89,34070
138.51,62502
141.43,42973
141.48,39346
141.96,57489
142.97,67877
144.83,121786
146.3,113691
148.57,56830
146.63,31924
146.9,58838
149.57,96138
149.35,44626
148.78,88713
144.62,66359
144.56,33410
144.94,51236
144.89,67193
144.71,47068
144.93,74713
145.79,53878
145.6,45468
145.92,57670
147.34,65447
148.31,37328
147.82,73326
151.23,126306
148.76,104940
148.17,140412
147.17,43917
147.06,40627
147.18,43150
146.16,53020
146.16,78243
147.31,80503
149.76,98354
150.59,80889
148.29,67432
147.14,71349
147.14,30285
146.96,87008
143.51,93574
142.63,55691
142.79,125879
144.43,66428
143.1,39554
142.91,70929
143.02,37130
142.56,17238
142.71,64340
145.26,48417
145.14,15085
145.64,60385
144.42,61118
143.77,45104
144.23,97777
142.72,46260
142.32,34973
141.36,88488
141.88,29993
141.74,31825
141.25,48087
140.96,61602
140.31,41354
140.32,118957
140.11,58030
140.3,31109
140.24,55663
139.78,43649
140.08,30083
140.22,57803
141.76,54214
142.37,35898
143.02,97552
144.19,59221
144.33,50108
143.51,109645
144.23,65996
144.99,33233
144.7,223675
145.36,95638
145.07,52575
144.03,112586
143.77,72058
143.92,46217
143.26,106179
143.36,57455
143.05,34539
142.77,53772
146.27,103980
146.95,27718
145.95,106619
146.19,194506
144.33,80865
142.48,220348
136.68,120443
137.13,56469
138.64,107861
139.56,48469
139.12,36825
136.48,148344
134.62,100689
134.02,65562
139.18,96235
140.91,92102
139.05,70907
139.08,200409
137.39,91903
137.52,80769
139.18,108238
139.48,41481
139.68,25777
140.38,72189
139.72,45229
138.65,33202
137.59,83171
137.34,78768
136.59,38133
135.74,85603
136.21,67831
137.18,29623
137.7,50026
136.02,33470
135.92,53342
135.45,103809
137.74,60549
138.55,41395
136.56,83739
137.78,64285
136.16,56628
136.05,107987
134.33,156906
131.31,104301
129.64,183224
127.13,104911
127.8,53369
128.13,126726
129.19,71119
129.07,42563
128.22,50318
127.91,44974
128.63,33674
129.11,77689
128.24,66005
129.89,57753
130.34,118921
129.25,28392
128.56,25103
128.5,80710
128.36,67575
128.36,46654
128.74,104431
126.74,42739
127.89,46931
127.28,62043
125.7,43886
125.89,47077
125.17,81496
125.86,45176
125.96,27427
126.7,81890
126.48,70583
127.71,44398
126.68,61378
125.96,30861
126.12,21470
125.7,29848
126.27,55631
125.43,57052
126.04,116922
124.8,109797
125.13,47484
125.66,73825
124.76,240081
123.57,122314
123.67,108300
125.12,85357
125.82,72452
125.76,86893
126.23,87469
126.4,41027
126.76,92264
126.98,84489
126.7,92489
126.44,96398
126.89,68933
126.51,88044
126.82,81640
126.15,105631
125.94,105356
125.96,127778
124.15,61722
124.63,58355
125.24,92390
123.72,81812
124.08,51069
124.23,70417
124.49,47405
125.22,47516
125.7,176638
126.83,45756
126.25,29593
125.97,114236
126.6,31254
125.36,24954
126.37,62173
127.36,60786
126.54,42056
126.54,76068
124.39,64580
124.93,26020
125.01,45745
125.35,54682
126.74,47028
127.06,59150
126.34,85937
127.2,37191
127.44,47301
125.7,107715
125.9,63542
125.86,69642
126.9,111724
126.05,51034
126.17,60369
125.87,42555
126.39,45242
126.63,74962
126.22,87605
127.3,82208
128.08,100794
126.81,68148
126.42,20203
126.71,65634
127.09,80537
127.55,59407
128.1,90076
128.72,59961
128.34,41257
128.02,122287
128.25,68720
126.85,55224
127.15,90342
127.63,44269
127.11,51074
126.45,107199
125.77,65641
125.39,78518
125.98,106342
126.43,94288
125.92,30504
126.38,127857
125.43,98080
124.62,55139
124.77,70351
126.31,46742
126.33,49963
126.81,76539
125.76,86428
125.11,52739
124.61,65701
124.95,33134
124.61,63210
124.78,51603
126.51,105403
126.97,77418
127.47,107179
127.35,106685
127.94,94443
127.73,72187
129.48,132143
132.25,62144
131.15,125123
132,58242
132.52,31607
132.54,75881
131.98,76613
131.73,70395
130.99,78260
130.57,35000
130.77,60498
130.24,100369
131.31,51352
131.02,81049
131.11,104740
129.54,51350
129.94,74227
131.29,62841
132.5,51112
132.39,105933
130.94,133408
130.39,108493
130.75,79487
130.77,76665
131.58,73660
131.81,73820
131.12,151093
130.4,67358
130.25,126526
130.95,130700
130.94,66000
131.13,232266
139.35,193619
140.74,161257
140.44,201017
140.86,81044
140.06,52127
139.38,98594
137.99,115924
137.1,50582
137.5,87479
141.49,168148
140.89,95064
141.19,122469
142.52,92128
141.63,29186
141.49,64296
142.11,58742
141.21,51036
140.33,123719
139.73,42280
139.17,22967
139.36,82228
137.95,70290
138.23,59629
137.68,127336
138.46,67155
139.44,39369
139.08,100254
139.71,57342
139.89,40195
139.63,147080
137.1,106699
135.59,80367
135.33,159125
135.13,77465
135.29,27662
135.58,41651
135.62,98020
136.13,39073
135.71,114396
135.64,58902
135.93,28980
135.69,64286
135.87,65647
137.05,54659
137.18,103734
137.65,97659
138.38,62530
139.89,120891
140.63,69038
140.65,42492
140.99,61126
140.6,51969
140.23,30968
140.94,60021
141.6,72787
142.11,39736
142.49,143225
143.71,60305
144.42,33862
144.65,91829
144.35,48551
144.68,30705
144.89,129715
145.31,83305
145.66,64433
146.72,161482
146.05,97387
144.89,67115
145.49,132461
146.62,55104
146.54,35617
147.51,91124
149.59,93501
148.06,97547
145.99,102012
145.73,71253
145.08,52835
144.83,100336
146.43,105880
145.14,50614
145.55,68469
144.04,93106
143.89,38850
144.21,86733
143.27,95628
142.39,40320
142.55,111246
142.88,82850
142.79,30663
143.15,85276
143.35,88500
142.51,24168
142.57,61353
144.28,60332
144.21,33284
144.51,95004
149.73,239680
148.23,87187
147.19,161394
144.97,116443
143.58,54306
143.53,161368
144.11,67350
142.74,35052
142.62,102227
144.18,80753
144.49,29444
143.65,115377
140.61,87427
139.95,80223
138.27,170069
139.96,60115
140.45,38187
140.52,117233
139.84,35596
139.88,23209
140.16,60954
141.65,70169
141.44,32604
141.76,70011
140.82,14017
140.49,26450
140.72,55391
139.23,84514
138.58,55221
138.59,127407
138.43,47214
138.48,41600
137.89,139783
139.13,58394
138.92,78223
138.62,203286
138.57,25832
138.53,19817
138.73,47961
138.29,24473
137.98,22617
138.95,77515
138.19,41210
138.57,37207
138.55,55341
138.09,84490
138.23,65990
139.3,68542
139.49,62494
139.28,64230
139.37,102728
139.01,52909
137.68,31213
137.71,74708
137.97,33074
137.4,37522
137.64,66751
137.7,101109
137.09,54413
137.15,94898
137.93,89061
137.83,37483
138.01,64666
138.86,48806
138.89,38690
139.73,57598
140.28,48428
139.2,43472
139.25,67316
140.46,72346
140.35,48568
140.45,113074
137.54,52860
138.2,72746
137.93,141419
137.56,112911
138.98,42009
138.59,99410
137.22,71372
136.8,40911
136.36,115378
136.89,128894
139.16,92941
141.1,110790
146.25,239257
147.11,83042
146.78,183181
146.23,48643
144.96,22596
145.71,68230
146.59,91139
147.25,55135
148.14,151802
148.6,43298
146.89,43320
147.17,96059
150.45,189683
151.06,96911
150.3,180218
149.89,59565
150.6,37876
150.62,94570
150.37,23732
150.62,18257
150.98,39434
150.83,67966
150.61,55738
150.69,67966
150.11,59184
151.76,27682
151.69,36230
149.41,25052
148.3,19817
148.44,57252
149.13,39590
149.3,18650
149.05,32459
149.21,31649
149.6,29476
149.35,59090
149.69,34605
150.08,28684
147.95,76662
144.2,78598
143.99,33178
143.13,77345
144.39,40362
144.84,27115
145.03,64576
143.85,34908
143.85,33863
143.41,63008
141.53,35071
141.09,62983
140.91,53190
140.59,30836
140.12,64331
140.06,45871
139.62,54073
139.58,24770
139.71,49444
140.05,43638
139.34,53177
138.8,67007
140.86,38212
140.47,59066
139.88,43530
139.55,48029
139.41,42219
139.77,82185
141.35,36711
142.08,76099
142.62,67177
142.39,40846
142.46,43313
141.86,40673
142.01,37457
143.31,72150
142.73,44191
141.95,20239
142.65,28943
143.88,66611
144.09,44111
144.52,44807
145.22,135577
145.82,33622
146.13,30944
146.08,44539
144.68,28686
144.92,23770
144.5,53030
143.48,51998
142.44,33354
143.12,41456
144.98,33910
144.73,38388
144.11,57566
143.42,32377
143.09,43779
143.18,53365
143.76,25833
143.45,21679
143.28,30209
145.01,44156
145.2,19345
145.39,35673
145.2,31291
145.2,0
145.92,35909
146.93,38320
146.82,64832
144.4,24571
144.08,23278
145.24,42294
146.31,39416
145.78,34558
145.26,29244
144.36,31301
143.67,80080
144.43,80499
143.57,76414
143.61,32220
143.72,56586
144.97,56337
144.64,55699
144.8,79448
143.47,89952
143.18,53641
143.3,77277
146.94,102240
147.8,75105
147.35,103034
148.53,50372
147.59,41455
147.51,74798
147.79,66199
148.16,50087
148.68,86252
149.38,52237
149.33,28953
149.97,64941
149.47,75964
149.52,42594
149.09,77751
149.14,34676
148.36,28949
149.12,37672
148.47,45908
148.37,24629
148.16,53068
147.75,30560
147.27,23929
147.38,45495
146.45,33489
146.14,45077
145.36,63925
143.42,34260
142.9,42457
142.75,59756
141.88,60220
141.88,0
142.24,8939
142.01,11825
142.17,20824
143.24,25893
143.12,28101
143.15,16191
142.81,27473
142.93,11165
142.92,19545
142.02,22182
142.43,19750
142.59,27902
141.64,30861
141.34,22171
141.49,61599
138.42,54285
139.15,35350
138.83,75474
137.81,42907
137.85,48832
138.02,50513
136.69,40766
136.86,64471
136.2,83640
136.88,38828
137.36,52163
138.07,137616
138.57,32936
139.28,35609
138.58,50229
138.66,36718
139.24,35153
139.73,52618
140.77,55470
141.24,66214
141.94,70481
144.3,63750
144.31,27290
144.53,50966
144.39,30386
145.2,36450
145.31,54659
144.88,37663
144.85,25511
144.43,40526
143.7,163658
145.06,94044
145.26,100973
144.42,51412
144.63,31093
145.33,66966
145.15,35802
144.72,46773
143.38,59368
142.4,43086
142.43,46535
142.71,70517
143.77,39562
143.49,84362
144.08,49052
145.39,72659
146.04,118416
146.76,112614
148.06,37526
146.82,39616
146.63,57383
149.24,72524
148.4,66763
148.57,97278
147.91,53221
148.82,98102
150.4,140424
153.27,96688
154.08,114782
154.57,114844
157.8,153374
160.71,133313
160.9,163624
164.23,106792
164.77,89578
163.95,104323
165.46,124416
164.97,60644
165.87,51004
167.04,94719
167.06,68723
167.46,139326
166.13,133143
165.01,74459
165.12,49787
164.34,32922
164.42,48834
165.69,63568
167.82,61991
167.54,43347
167.07,63418
169.84,117615
168.11,74693
167.48,76443
164.75,69114
166.02,48239
164.69,74198
160.84,55366
159.46,77179
159.64,71941
161.28,83793
162.63,37329
162.72,123568
162.73,27828
162.24,12127
162.57,50681
162.31,23998
162.43,17437
163.28,72420
165.81,30143
165.47,45017
166.41,53922
166.9,23326
166.81,22820
167,59315
166.93,21995
167.17,33210
167.36,61824
166.81,19756
166.89,18616
166.75,63384
167.21,54746
167.74,20008
167.74,51960
166.67,53315
166.42,21599
166.75,31380
164.14,70794
163.12,55954
163.83,48014
162.63,32094
163.12,20977
163.02,33985
161.55,32549
161.76,30063
159.48,60135
157.22,45158
157.6,25464
158.315,30369
159.69,54013
161.08,20927
160.56,72277
159.965,33131
161.98,34174
162.53,141742
159.29,66409
159.05,35937
160.81,68010
160.685,54735
159.97,60374
159.905,73604
161.285,50021
159.97,26947
159.91,35306
160.27,65900
158.37,29275
158.22,78888
157.415,41276
157.765,25381
157.205,81219
154.07,57597
155.38,67412
155.055,78851
154.27,55857
154.07,52180
153.76,85098
152.86,81538
152.11,63434
151.315,114953
150.53,40710
150.96,25725
150.4,79977
151.555,62456
151.21,61731
150.92,63573
149.945,79673
150.895,48134
151.315,87699
152.32,57043
151.53,56479
151.72,125859
152.47,50446
152.41,42743
153.04,157251
155.47,130000
157.65,79293
157.48,133078
155.53,68337
155.055,31355
155.21,90001
153.87,35511
154.15,22845
154.56,45972
154.95,42485
155.635,32962
155.66,64740
156.15,8848
156.05,15868
155.72,54076
156.2,31547
153.955,26819
153.71,62585
153.04,102193
153.75,43443
153.6,135365
155.875,41483
156.87,17978
157.72,77445
157.05,44025
157.195,50280
157.02,70833
156.31,70785
155.72,97241
155.95,153978
155.73,50615
155.45,36618
155.61,149052
154,69266
154.44,72377
155.1,143111
157.5,131863
158.005,101990
158.84,145071
158.65,128442
158.21,45421
157.14,127795
156.99,21479
157.185,28025
156.22,100786
155.57,46881
154.525,36009
154.9,60450
155.515,56025
155.73,37933
153.87,118130
155.66,45831
155.55,44593
155.77,57686
155.4,41310
155.545,16782
155.06,64719
155.8,29990
155.455,14818
154.65,36639
155.61,23500
157.35,23116
156.735,48636
155.4,29526
155.22,35789
155.535,44873
157.7,59666
157.5,55163
157.955,98392
159.225,64367
158.62,66243
156.92,71241
156.44,39308
155.57,48753
154.5,82005
153.48,55442
154.88,27418
155.41,63960
156.185,34992
155.185,26387
156.18,71817
155.77,45836
156.19,32279
156.23,52901
156.17,35130
156.42,24788
155.97,78549
151.69,84277
149.53,44611
150.275,89424
149.74,65790
151.81,33654
151.89,85939
152.28,31711
149.665,34334
149.58,90940