97.56,14570
98.63,21211
98.74,39651
99.39,15135
99.6,13412
99.78,22656
99.38,10766
99.03,7320
99.06,23507
98.6,14436
99.68,4766
100,16604
99.47,19054
98.97,7080
99.42,32099
100.91,15618
101.77,20520
101.93,29608
101.84,21939
101.82,16776
101.96,25372
102.5,22247
102.35,5321
102.79,19817
101.92,25599
102.27,21169
102.54,51866
102.52,20208
102.55,8887
102.49,25079
101.87,35701
102.07,19032
102.04,41422
102.43,17564
102.56,18610
102.8,56717
102.66,21402
103.22,13800
103.34,51104
104.65,24907
104.87,12468
105.07,47757
105.28,32050
105.53,24956
105.83,55759
105.74,13957
105.71,17837
105.93,36887
106.6,9622
106.66,6513
106.43,13951
107.1,20902
106.92,21756
107.42,44474
107.35,10360
107.64,5492
107.69,18756
107.79,14703
108.42,26999
109.06,45257
108.63,40189
107.79,40959
107.94,42992
108.18,20738
108.91,17432
108.83,29442
108.55,14446
108.51,15239
108.01,52216
107.77,19594
108.14,30789
107.05,79164
106.1,51628
106.96,67961
106.32,76579
107.1,30708
106.31,19286
105.7,60563
104.69,47547
106.54,22961
106.64,40456
106.43,18625
106.38,14611
106.46,29358
106.48,9010
106.04,17877
105.78,32703
106.16,33335
105.12,21085
105.48,31174
105.45,14290
105.93,10204
105.93,37499
106.02,19513
106.01,16281
105.65,27700
106.53,12959
106.57,9730
106.32,30267
105.92,22579
105.08,17249
104.73,53553
104.31,24331
105.43,222835
105.07,52477
105.56,21620
105.1,13191
105.49,34039
105.07,50402
105.49,17282
105.93,100271
107.51,50122
107.44,14093
107.84,48187
107.58,20713
107.84,17682
107.49,26703
107.59,21585
107.28,19419
108.52,68040
110.23,24040
110.81,28803
110.76,42436
110.74,12770
110.55,14264
109.69,23856
109.48,12980
110.39,34633
110.71,38525
110.81,25415
110.51,6671
110.6,37109
111.34,47806
111.63,50910
111.79,50250
110.38,29610
111.72,29920
110.88,59659
111.84,34187
111.3,16042
111.88,31164
111.18,17652
111.03,16820
111.02,28124
110.44,17683
110.55,10379
110.87,28432
110.58,21197
110.77,11930
111.36,30214
110.95,13504
111.6,6617
111.26,17429
111.61,20090
112.12,13134
112.26,30446
112.17,63518
111.55,9362
111.03,47413
111.65,9837
111.23,6845
111.54,19029
112.45,28359
111.6,33416
111.98,35387
112.32,11262
111.99,9964
111.86,26736
112.06,22497
112.77,23072
112.62,32682
113.14,15799
112.41,6556
112.51,26061
113.09,6060
112.52,6435
112.96,26370
113.58,61825
112.88,23726
113.28,29091
113.19,4479
113.15,5856
113.27,8871
113.25,35389
112.72,7661
112.76,37110
113.03,6477
112.99,6587
112.9,369183
112.47,8803
113.16,7355
112.77,14480
114.07,16268
114.28,13764
114.63,30270
116.04,22688
116.32,11084
116.1,25578
116.33,38831
116.39,27536
116.36,30378
116.33,7283
115.32,12137
115.92,15098
116,10105
115.79,4828
115.3,36441
115.89,10363
116.86,9069
116.86,16227
116.89,9237
116.51,2926
116.17,18158
114.43,13650
114.33,4960
114.44,50638
113.4,10647
113.28,16570
114.07,35216
113.82,14679
113.69,14428
114.13,37472
113.97,14683
114.26,7367
114.49,18092
114.9,5729
115.24,19315
115.68,18304
116.1,5377
116.89,10771
117.26,31367
118.53,24216
119.88,12445
119.88,25977
120.18,13707
119.4,19294
119.78,45997
119.75,11890
120.63,13591
120.94,32323
119.3,26244
119.61,14352
120.13,39393
120.45,12022
120.73,10057
120.6,32159
119.54,25399
119.13,17216
118.31,29701
116.74,31690
117.19,22570
117.12,13639
117.01,10295
116.47,8672
116.23,21888
116.09,28610
115.79,15293
115.58,31153
115.54,14999
116.48,13454
116.51,19863
115.96,10194
115.87,9805
115.81,34016
114.43,17343
115.49,10888
115.22,32712
112.78,15968
113.05,13017
113.15,18439
114.32,14439
114.24,14860
113.48,24148
113.33,17105
114.11,12878
113.86,21077
113.49,18640
113.25,17510
113.38,30338
112.68,18762
112.28,24777
111.93,32022
111.96,11845
111.79,7653
111.33,34001
109.45,38311
109.31,21319
109.62,42588
111.43,21497
110.39,6665
110.67,23712
111.69,80484
111.15,32112
111.03,44804
109.35,15180
110.59,8743
110.83,15611
111.09,13881
109.97,15807
110.71,29069
110.59,13420
111.54,4244
111.5,19769
110.07,12106
109.53,13269
110.25,35245
114.08,39236
114.01,15108
114.03,46325
112.74,4025
112.95,6434
112.91,26400
112.32,4863
112.9,7726
112.78,24476
113.72,24610
115.4,29869
116.19,36273
116.36,41276
117.33,40473
117.26,57323
118.75,16848
118.53,12547
118.85,29579
121.44,25959
120.96,29800
119.46,56989
121.7,21178
122.14,28958
122.75,58021
121.9,15804
122.11,15150
122,22438
122.81,20795
123.72,29130
124.74,41980
126.88,54741
126.39,28259
127.1,35572
126.74,38815
126.76,25366
126.54,42519
126.54,0
126.54,0
126.54,0
127.38,12836
127.5,12091
127.98,22011
127.62,26783
126.39,19908
126.12,30546
127.89,16182
126.67,12037
127.04,36469
128.26,19233
127.57,14067
127.67,80162
125.66,32702
125.54,40036
126.2,37017
126.83,14609
127.59,7208
127.96,67768
128.46,12780
128.49,4714
128.71,23428
129.81,19006
130.2,29499
129.89,19373
130.26,43833
128.78,17210
128.48,17261
128.37,9679
128.96,7105
129.65,13370
129.95,3326
129.78,2667
130.19,8412
130.27,10458
131.06,5947
130.82,14347
129.54,3735
129.8,7174
130.27,6452
129.84,8485
130.15,13929
130.64,21946
130.24,4267
130.73,8264
131.25,13383
132.12,5761
130.81,12553
130.66,13166
128.16,24154
129.69,17899
131.2,25518
132.26,16941
132.42,16290
132.02,15014
131.38,6720
131.45,7711
131.98,10079
133.21,14114
133.27,12567
133.42,19913
132.82,5338
132.94,20019
133.89,28228
133.88,12671
135.4,13250
135.11,14073
132.78,44559
132.78,0
132.61,16229
134.55,26522
134.79,43587
133.25,22447
133.8,13744
133.67,30886
136.41,32873
136.32,24866
135.52,28805
134.33,28106
135.81,19899
135.93,21076
133.96,18276
134.73,18641
133.73,28851
136.38,38593
137.08,19256
137.04,45543
139.25,15914
139.08,9140
139.38,30993
140.12,18981
140.26,20913
139.63,25864
138.14,15115
138.85,13197
138.86,17703
139.13,28603
139.59,29040
139.03,52010
140.13,28114
141.53,22618
141.77,49745
138.69,47564
138.65,14119
139.9,32665
141.5,18908
142.47,23941
142.64,28695
143.8,21596
142.78,20372
143,23939
143.91,10160
143.46,11076
143.22,17877
140.99,12635
141.59,9778
141.96,52024
141.48,18236
142.14,14904
141.1,38356
142.31,9491
142.5,8097
142.11,19101
142.43,23507
141.23,15394
142.14,28727
144.05,6814
144.41,5320
144.9,35355
145.36,16497
145.32,5604
145.63,32801
146.31,10185
146.91,5816
147.38,19080
147.28,12158
147.42,6025
148.15,32194
148.68,2816
149.07,6042
149.29,20975
142.78,35671
143.61,18396
144.32,38938
143.51,69403
140.95,24748
141.62,71207
139.93,19796
139.98,36717
139.03,59279
137.77,32317
137.87,44820
137.4,26163
135.31,32642
135.68,28782
135.5,48516
133.91,55602
132.78,61536
134.33,56452
133.46,23787
134.98,33190
134.45,59704
136,24703
135.45,18214
134.65,36884
135.46,20006
135.51,25753
135,25701
133.46,13656
133.05,11921
133.79,28604
133.78,31856
133.57,22564
134.74,36347
137.3,56954
137.25,35200
136.32,37776
137.66,30267
136.86,33553
137.19,47423
138.64,35355
136.91,41489
136.64,63866
136.64,0
136.64,0
136.64,0
134.1,33341
133.15,59342
136.02,34297
136.79,61954
136.79,32399
135.2,61055
134.39,30215
132.05,37190
130.83,44845
131.44,33607
131.45,38109
134.02,54357
137.72,30199
136.88,16560
137.52,44239
135.63,33320
134.76,27146
135.12,42104
137.87,16332
138.52,16697
138.63,34979
138.23,10094
138.19,13121
138.16,17603
134.47,9188
135.84,8514
136.34,17751
134.69,26833
134.71,21905
134.72,41936
133.65,13932
132.87,10394
132.71,22604
134.91,15292
135.45,20797
135.81,21321
133.55,27087
132.09,37691
130.31,38067
130.35,16711
129.13,54608
128.92,48402
127.59,17290
128.29,19273
127.62,21984
128.37,11815
128.02,31179
128.59,26333
126.47,14818
126.71,22691
127.35,18530
126.15,22626
126.23,28092
126.28,43015
126.43,15043
125.11,22630
126.29,30932
126.13,17261
126.11,24443
125.41,29917
125.64,27783
125.23,24062
124.43,25518
122.49,38960
123.31,48240
125.42,36853
128.15,29919
129.67,30866
129.81,41315
128.1,30131
127.44,25515
127.54,41105
129.19,54838
128.24,38936
128.41,47340
130.27,15646
129.7,16130
129.87,37138
129.98,19681
131.08,21706
131.57,36748
130.82,19038
131.67,18455
131.08,42017
132.2,16331
131.2,21072
130.95,42332
130.95,0
130.95,0
130.95,0
131.01,10636
132.64,25853
132.87,22001
130.52,9214
131.21,25063
132.44,41846
131.12,5886
130.49,25661
130.03,52088
130.79,16448
131.76,25236
130.85,41408
132.77,56026
132.09,34127
132.62,49469
135.58,40934
135.36,36399
134.88,109347
136.88,30769
137.74,21353
138.19,62817
139.01,46811
139.75,43303
140.57,138163
140.12,33306
140.3,24664
139.75,32175
141.01,23098
140.45,29092
140.16,91806
139.82,22243
139.34,29168
139.74,38869
138.22,15775
137.91,34154
136.97,50414
136.81,20818
137.48,11137
137.93,37061
139.84,21462
141.69,29437
142.36,50451
141.9,28538
144.26,32991
145.14,55199
144.91,20048
144.02,10908
144.67,36607
146.1,41942
145.09,15270
145.45,68770
143.14,56172
144.15,18441
145.71,48130
145.53,13528
143.91,11027
144.42,33609
146.9,23942
146.96,54612
148.11,77083
147.26,50605
148.43,33787
149.46,86734
148.35,29212
148.91,15608
149.11,47423
148.98,26263
149.13,6836
149.4,21038
147.17,28129
145.75,12291
146.92,56972
146.13,49301
147.43,9526
145.59,45468
145.59,39450
144.99,32250
146.21,64146
145.54,34037
144.8,29574
145.5,36102
144.12,56691
143.94,15233
144.67,45201
147.39,54218
148.4,43596
149.44,106808
151.65,54367
153.22,38109
152.83,68615
153.45,36312
153,21686
152.57,39567
150.08,41233
150.98,20669
150.67,46301
147.15,33375
145.53,18890
145.88,39586
148.39,30626
148.14,20152
147.42,44561
148.59,18026
148.61,64600
150.18,78178
148.91,35955
149.43,23391
151.64,73531
143.93,180943
144.42,142345
143.08,273201
137.7,98228
135.82,96953
133.35,163655
135.11,58184
135.69,41332
134.45,127005
132.73,85496
130.13,86537
132.17,124353
133.03,135658
129.77,65874
128.16,91280
124.59,222755
125.63,105162
124.98,173059
121.46,114943
119.87,121686
119.31,163513
114.96,218253
111.34,121425
112.71,280836
113.99,231016
112.4,141207
110.45,322391
107.48,189121
106.81,105062
108.77,191057
111.6,126026
112.36,74589
111.54,141325
111.86,57661
111.12,53716
111.01,99365
110.05,63082
110.69,61467
110.76,102116
109.6,45681
108.5,47965
106.56,135404
105.15,77059
106.6,77160
106.39,103926
106.47,70599
105.12,40824
104.88,64260
105.27,126393
106.41,55280
106.46,201331
105.09,110506
103.97,101761
103.53,91858
106.92,52446
106.35,34039
105.56,178744
106.75,113278
107.94,89749
108.44,102071
110.43,84317
112.96,45172
112.39,83242
111.7,58390
111.86,44968
113.07,185084
111.99,90802
109.61,55491
111.21,78968
111.38,69593
112.69,30879
113.15,84401
113.42,49275
113.49,37507
112.96,117417
113.16,36764
113.88,46452
113.2,72169
111.74,66153
112.14,52992
112.96,79936
113.6,33369
112.91,37136
110.68,100717
111.35,34965
109.88,24761
110.13,93810
105.76,63561
105.49,64776
104.4,71400
95.83,332301
94.91,192984
96.68,284148
96.01,96344
97.28,58584
97.11,141041
99.58,141102
100.55,142068
102.15,210274
100.85,52634
100.81,37559
100.52,95552
100.94,86761
99.37,23271
98.93,92441
99.92,42050
99.67,27597
100.16,75029
100.55,39043
102.15,32297
103.21,122303
103.66,60914
104.56,41001
104.21,68844
105.9,64684
107.89,45620
108.84,99697
107.93,57586
108.6,50469
107.5,108092
109.18,67940
107.13,27081
107.17,53077
104.88,31816
105.56,22678
105.08,50082
102.91,54619
104.4,37276
105.93,93332
105.98,37667
104.96,22188
106.13,96077
106.35,72306
105.85,18100
105.36,192001
109.58,48638
108.18,23382
108.27,79446
109.3,62106
110.13,51868
109.78,83498
108.25,22728
108.77,15168
108.22,27015
107.56,28832
107.85,27210
108.66,65103
108.87,23576
108.14,14235
108.58,39619
106.36,32217
107.47,28774
107.78,96497
105.13,25544
105.63,12451
105.09,52031
107.04,28367
108.19,26472
107.2,55127
109.75,52093
107.76,36004
106.72,79907
108.16,88819
109.07,45430
110.36,95904
111.53,51691
112.27,44237
110.57,78818
110.91,52467
110.94,33984
110.24,71546
112.83,47143
113.13,65292
112.64,67951
113.51,24455
114.07,10913
112.77,40296
114.22,43982
113.63,35185
113.67,72149
112.98,32386
111.95,25736
112.01,63639
115.65,75344
116.83,39431
117.32,64359
117.98,46585
117.83,33170
118.03,61359
117.03,17022
117.57,12105
116.63,26302
116.32,20369
116.87,17731
116.1,42999
117.4,11573
117.73,12879
118.01,61322
115.45,29168
116.18,9810
115.97,25253
115.59,24252
115.04,11160
115.86,18958
117.57,32348
116.87,2173
116.88,25461
116.94,12910
117.82,7020
117.85,36567
119.97,16318
118.95,5934
119.37,50797
120.55,23693
119.94,18825
120.16,29968
120.41,16654
120.89,19656
121.19,31502
122.29,12423
122.35,10780
122.37,23386
122.74,9108
123.1,3324
123.1,26405
121.23,11342
121.11,6614
122.12,19249
122.54,5742
122.37,5731
121.6,23188
119.62,25680
119.64,12925
119.24,23211
117.68,22424
117.49,13868
116.73,35042
115.96,18419
114.58,13118
114.04,45269
115.78,24443
116.87,19397
116.97,56071
117.79,13478
117.59,3854
117.65,29832
117.27,12807
115.48,7711
115.18,40028
112.94,24128
113.64,10181
113.92,31548
113.42,14598
112.98,15886
112.17,32970
113.35,28565
112.27,11651
111.4,56841
109.84,33147
108.67,22130
109.1,50410
110.87,27456
111.41,25334
109.05,65057
109.37,44956
110.37,16184
109.57,30738
110.43,20878
111.57,11672
112.35,23571
112.7,13964
113.39,14751
113.69,102035
114.85,16906
114.65,15274
115.28,59735
115.9,32773
115.51,11208
116.03,43639
112.75,32376
112.92,18157
112.83,42430
109.84,22031
108.6,21591
108.79,54206
107.46,34978
105.79,23782
105.53,70595
101.82,54065
100.54,21122
101.49,99338
98.92,42033
99.21,40875
100.15,60934
99.08,43072
100.06,46730
98.74,53029
99.71,25624
99.75,25894
99.08,134924
97.31,42852
96.83,37144
96.85,94786
96.83,46518
96.8,52311
97.31,71283
93.73,91553
93.24,36282
92.22,93200
94.11,45108
93.05,61499
91.6,89888
91.99,72681
92.61,36863
93.14,62168
91.67,176121
91.98,48380
91.06,104476
92.41,89208
91.96,65144
91.32,228789
93.14,55933
93.58,22818
93.63,47723
95.06,51235
94.36,22561
94.4,98740
94.05,139924
92.8,42237
93.54,118289
93.78,66397
92.48,50819
92,118673
90.33,61612
90.32,36677
90.07,71302
90.16,52699
89.65,19910
89.59,60721
88.1,59723
89.12,69222
89.75,112648
90.2,97144
90.68,41100
90.34,129027
88.15,162278
90.22,75593
91.6,96813
92.78,54124
90.02,56398
90.15,144996
93.31,45704
93.34,49382
94.15,79502
96.19,68935
95.54,24042
95.65,85271
92.97,122555
91.91,106779
91.22,160970
93.67,37387
92.98,23112
92.78,63985
91.84,47657
91.4,36854
91.91,58164
93.12,44621
92.98,20866
92.69,49758
94.63,50051
95.77,44070
96.08,135292
98.36,61858
99.84,43297
99.38,55896
98.25,39103
98.34,29455
99.26,76869
100.17,31577
100.03,36323
101.2,103038
99.96,50552
99.62,17712
99.52,72623
99.56,55762
98.39,68513
97.93,77025
96.23,50892
98.46,49352
98.23,196493
93.76,92473
95.86,41850
96.78,124485
97.12,68257
95.84,25112
95.01,69993
97.09,25348
96.78,22280
97.26,51676
98.78,25642
99.51,31735
98.42,25320
99.1,36002
99.72,65780
97.6,58703
104.63,36188
104.26,35076
104.36,67247
105.69,41564
105.38,41863
104.68,48828
102.74,15845
102.4,15463
101.81,32920
101.12,16595
100.96,39166
101.12,25048
101.34,16900
101.92,30191
102.46,34426
99.58,22532
101.16,27010
100.69,23684
101.89,19382
101.88,15173
102.14,28051
102.03,27037
101.95,27016
102.41,16640
102.84,18164
103.55,21296
103.57,14883
103.59,10834
102.47,25944
103.18,17225
103.59,33739
103.59,0
103.3,28540
101.76,34784
100.8,72306
101.43,31849
101.53,26835
101.67,51846
101.7,20263
101.84,34092
103.96,89523
105.23,15501
104.99,46471
104.85,28846
104.85,46358
104.84,29611
105.17,58935
103.51,23896
102.46,15112
102.27,20589
103.81,35951
102.68,52012
102.49,43264
104.68,19701
104.27,29860
103.65,36429
105.19,49856
105.6,95148
105.68,56417
105.79,20681
105.14,13452
105.37,8674
104.14,21667
104.4,25407
105.55,24579
107.74,38648
106.63,48035
107.48,76618
110.52,39050
110.19,91586
108.98,87398
105.85,61429
106.2,50160
106.96,66043
101.13,40899
101.15,27161
100.99,92216
101.29,47410
101.27,16707
100.56,29931
101.01,18918
101.79,14155
101.35,27346
104.32,10295
103.24,10679
103.41,30107
101.34,25430
100.47,15956
101.08,21904
102.08,14738
102.75,7736
102.58,12598
102.27,10844
101.96,24862
102.04,30706
101.42,32411
100.57,29117
100.36,48371
102.14,27621
102.55,14967
102.42,23754
101.91,13878
101.7,11963
100.48,17774
102,20043
100.56,18898
101.14,22908
104.86,47151
105.86,41645
105.48,45824
101.82,30125
101.88,66216
102.57,43127
103.86,20980
103.83,16532
105.01,64084
106.05,39741
106.1,21438
104.96,27639
103.64,18613
103.75,17496
103.89,34559
107.38,36584
107.74,24009
108.84,58501
109.16,23595
110.33,22259
110.16,42408
109.54,27955
109.74,16714
110.53,26793
110.79,36282
110.17,56449
109.81,38764
111.52,61467
111.07,35360
110.88,66429
111.29,25857
110.74,59658
110.58,80200
109.25,25301
109.42,22525
110.42,53870
112.44,40830
113.7,35344
113.13,30432
114.11,19029
113.72,16131
113.9,27071
112.66,40655
112.38,32118
113.12,21536
113.91,22027
114.78,8209
114.69,16096
116.15,29559
116.91,20145
117.55,45050
116.74,32920
116.23,16030
116.03,28478
116.01,28891
115.92,29723
116.35,37660
116.04,17511
115.7,19059
117.17,38195
122.36,24371
122.28,24520
120.47,44408
119.11,28384
118.24,38756
117.64,63439
118.27,38712
118.65,11520
118.57,29926
116.96,17793
118.44,22027
118.47,50628
118,12231
117.62,27316
117.36,46969
116.68,37452
117.06,21956
116.08,35731
115.12,29757
115.02,16377
115.39,25192
116.79,4867
116.72,5644
116.39,17826
115.88,23740
114.59,25944
115.4,54080
114.49,14222
114.55,9028
114.29,25277
113.35,12873
114.13,8464
114.49,11267
111.73,18214
111.97,16204
113.05,19587
111.57,8725
111.21,9371
110.99,16925
111.42,17061
111.79,16276
110.84,32724
111.19,20455
110.75,13035
111.73,22487
109.7,21333
109.24,29859
109.75,18441
110.83,26521
110.09,15128
110.29,49976
112.59,28339
113.02,24515
112.1,68369
109.97,31190
109.62,53390
109.19,46555
110.31,20337
110.62,13033
111.99,35389
113.25,19356
114.22,16554
114.44,28949
115.07,15515
114.88,12391
114.77,21591
113.25,23763
112.35,10698
111.93,27918
112.88,12386
113.01,17869
112.17,19456
112.52,11905
111.78,17120
110.15,31074
107.74,33452
106.81,13561
106.12,37966
107.25,37175
107.62,40388
107.3,57751
107.67,30320
108.95,43787
107.73,70555
106.8,64564
107.17,49323
108.32,110928
108.09,63002
109.19,34405
109.48,33511
107.95,16453
106.67,20247
106.94,58938
105.91,27643
107.3,11769
107.02,57227
109.23,28359
107.71,52729
107.44,58050
105.44,13298
105.83,13359
106.52,62387
106.08,35027
106.3,24999
104.99,52597
103.75,37679
104.21,21061
105.04,47799
106.94,33036
106.88,19020
107.22,11118
106.22,12114
106.42,12174
105.45,28715
108.39,11565
107.97,12313
107.94,42154
110.18,26849
110.59,20403
110.26,31037
112.87,23571
112.27,5929
111.88,45781
114.18,21362
112.95,16615
111.81,23198
112.82,22813
112.3,7096
112.22,27524
112.26,20817
111.86,12678
112.08,42813
110.97,10067
110.71,4472
110.61,22016
110.33,24416
110.43,18841
111.19,35917
111.79,14601
111.71,13572
112.7,34013
112.47,18002
112.8,16084
112.86,36747
110.74,43046
109.79,21611
110.95,61890
111.67,47006
109.11,49450
109.03,57600
109.76,33266
110.46,15658
110.59,40406
112.85,49407
111.57,23717
112.44,58539
112.3,23796
113.35,7467
113.38,43294
112.87,21521
112.39,6558
112.9,24048
112.28,67896
112.7,43590
113.3,54348
111.92,21292
111.22,18523
112.02,34654
111.37,21468
111.27,9901
110.18,79754
109.39,10934
109.45,8956
108.1,25221
109.83,25502
110.25,14637
111.28,28500
113.33,41356
113.64,12323
113.18,45443
112.52,5948
111.65,9021
111.76,23806
112.18,30530
110.5,16464
111.41,41503
111.28,37926
113.27,21743
113.48,71961
111.63,36989
112.31,21907
113.48,35981
114.72,14859
114.78,18423
115.04,29109
115.69,29814
115.87,24293
115.75,41697
114,36889
114.52,28358
114.92,38403
115.37,19292
116.27,26993
116.12,37464
113.6,11422
114.31,12445
113.96,20257
113.99,8924
113.66,9330
113,17558
113.7,16467
113.9,10768
114.04,20072
112.24,20216
111.19,15387
110.55,49080
110.14,39553
110.49,24052
111.58,35247
111.12,15348
111.75,8878
110.81,14595
112.35,17665
111.4,18151
111.77,14829
111.69,23113
113.92,14956
113.76,32749
113.55,30916
112.9,15627
111.85,85574
111.62,27233
110.13,17419
110.13,24590
110.25,33291
110.79,22194
111.8,39302
112.41,19536
112.58,20022
112.91,33801
114.22,66175
113.99,24776
113.13,74145
113.06,36240
113.18,21415
113.23,67657
111.01,25411
112.42,18894
111.66,29709
111.98,13034
113.12,15617
113.4,67892
112.99,17386
113.43,9716
113.69,19704
113.63,10254
114.92,10226
114.7,22677
115.4,20433
115.49,9515
116.41,23287
114.25,23797
114.29,30433
113.69,74093
112.41,34184
110.57,13054
110.38,31462
108.38,48141
108.05,22164
108.31,71599
109.82,37972
109.16,20017
109.88,26159
110.86,15677
111.61,18129
111.21,30117
110.81,15545
111.01,10589
110.99,21534
112.78,73536
112.74,115149
113.14,94925
110,45075
109.81,27704
110.42,23579
110.07,20088
110.67,4984
110.23,18203
108.67,75385
108.64,65786
108.82,34609
109.97,26221
107.97,13146
107.96,42090
107.87,30065
108.09,27656
108.73,78532
109.6,72987
110.75,29748
111.13,27962
110.03,18666
109.9,17881
109.22,30894
110.89,28931
110.94,13097
110.85,30487
111.91,43607
111.05,36042
110.21,62568
112.58,15559
113.77,7466
113.77,25248
115.06,20137
114.66,44842
110.77,26284
111.87,15328
112.5,29112
111.06,21642
111.05,11576
111.75,23481
111.25,23155
111.53,10275
111.9,40945
110.77,46080
111.22,36461
112.11,79600
114.98,46224
115.08,47326
115.97,70749
113.67,28958
114.9,5695
115.23,31297
116.49,16134
116.18,11930
116.38,18326
117.49,13271
117.34,22686
117.63,39177
113.66,43711
112.64,75403
111.73,108530
114.44,44867
113.47,35662
113.06,35237
113.29,51244
113.17,25491
112.75,32407
113.54,43642
116.1,18796
114.85,47959
115.56,15988
115.81,10146
115.8,29226
116.91,23127
117.64,17354
116.7,31214
117.24,32354
117.56,9867
117.81,52924
117.83,30856
116.04,18968
115.54,24846
115.13,30458
113.32,23214
113.4,55283
113.63,19997
113.94,11210
114.23,22384
113.48,12463
113.04,8217
113.43,13548
112.65,8074
112.83,13235
113.28,14945
111.45,17623
110.91,11734
112.75,21757
114.17,10520
113.68,7613
112.84,19004
111.95,9207
113.22,9979
113.72,20800
112.9,7401
112.04,2803
112.13,7311
113.27,18824
112.46,10489
113.38,47099
113.75,38390
112.28,13998
111.4,26632
112.37,6561
112.87,3520
112.87,10715
113.23,15128
113.21,6869
113.26,18498
112.02,12430
112.6,10173
111.74,27927
112.42,3033
112.46,7682
112.08,15146
111.89,6171
111.51,10229
111.36,16158
110.56,24840
110.75,11465
110.79,10677
110.6,14342
109.35,19838
110.06,43057
109.84,6374
110.08,8299
110.51,21109
112.23,11380
112.51,4855
112.75,28825
114.13,14793
112.42,6683
111.96,8141
112.28,7466
112.14,6729
112.2,18328
113.61,6267
113.71,5428
113.41,18080
113.03,15668
113.84,15927
114.36,24952
115.08,9174
114.59,5586
114.45,18915
114.71,8642
114.26,10210
114.19,24532
114.48,10232
114.02,7598
113.78,32568
113.12,43767
112.95,21794
112.08,53870
111.71,17225
110.05,23161
109.94,48770
111.16,15908
112.62,5262
112.75,24036
112.92,7911
112.06,5340
111.71,20784
110.88,11216
111.42,12472
111.54,21968
111.5,39385
112.14,8617
111.72,18684
111.68,12060
111.65,6580
111.17,29011
112.69,12850
112.91,4374
113.52,19600
113.25,6290
113.23,11493
113.3,31586
113.16,14896
113.58,6937
113.69,19080
113.35,14501
112.1,4639
112.54,15741
113.21,4861
113.28,8335
112.96,19979
109.33,38336
107.29,18621
106.69,69479
105.31,16595
106.39,42665
105.94,45673
104.33,17138
104.21,20065
104.03,45738
103.56,9882
102.62,33627
102.52,50536
103.46,19562
102.5,10679
102.53,42363
103.67,16894
103.67,6985
103.21,11496
104.3,7614
103.42,11655
102.81,38554
103.28,22306
101.1,14866
100.55,20416
99.98,9001
99.26,8735
98.9,15013
99.08,13312
99.09,9456
99.25,24338
100.12,27404
99.97,6437
100.44,19003
99.31,14300
100.95,16922
100.68,25729
100.43,8798
101.05,7412
101,16406
101.02,23453
102.39,12716
102.33,24273
103.3,16793
102.81,11722
102.74,23174
102.82,20838
102.52,12087
101.18,25997
100.86,17967
100.41,13383
100.73,52331
101.2,23847
101.91,13911
102.09,28793
102.27,38516
103.82,47959
100.57,60175
98.44,17380
97.64,22210
97.36,68020
95.34,36992
95.22,43326
94.95,98155
96.11,36287
95.78,18176
95.94,37304
93.92,31268
93.86,18569
93.54,54047
93.93,29639
93.45,26114
93.69,36477
91.8,30833
91.14,12188
91.12,38125
91.62,23834
92.02,22875
92.12,25878
91.01,29816
90.85,47730
90.02,81175
90.46,23952
90.26,27963
91.25,35644
91.42,31491
92.46,25471
92.38,45227
93.78,12027
92.95,13773
92.93,26598
95.87,24180
97.07,24732
96.67,38317
99.49,37198
99.52,50960
99.33,36797
96.53,15224
96.08,12097
96.3,16456
95.78,11628
96.04,8701
95.93,26748
96.84,15175
96.73,21786
96.82,15124
96.2,16324
96.6,23762
95.34,19392
95.12,18300
95.63,9562
95.85,7344
94.55,21315
94.82,10133
94.59,18022
100.53,26455
99.74,23635
100.61,57657
102.08,31138
101.9,19174
102.01,78488
101.98,27615
101.88,21252
102.27,44673
101.82,14855
101.61,10578
101.38,27176
101.62,22025
101.7,15263
102.2,13892
101.91,11648
102.04,4917
101.88,21463
102.56,11530
102.38,5942
102.51,13457
102.78,16502
102.78,0
103.27,13613
103.41,13899
103.31,10998
102.39,11617
102.65,13223
102.88,18028
104.74,22068
104.72,18656
104.78,24308
105.18,21137
104.99,16488
105.19,27571
106.98,20193
108.08,7706
108.77,31283
109.54,18098
109.88,13794
110.73,18959
109.29,17166
108.85,9734
109.48,26558
110.17,14448
109.89,8886
110.07,16752
110.15,10349
109.76,12084
109.86,30086
109.46,48029
108.95,48751
110.23,94518
112.14,50690
112.46,57102
112.71,103168
112.83,37213
112.6,19427
113.24,28258
114.12,54428
114.48,45976
118.17,83932
123.61,61783
125.18,60888
126.07,82932
125.88,34948
124.95,34963
124.32,52897
124.13,23589
123.69,21785
122.92,33833
124.78,18288
124.38,10666
124.01,13196
124.2,11488
124.07,13082
122.21,47354
121,17376
120.27,17129
120.43,28098
122.9,5962
123.39,22098
123.45,25319
123.47,3859
123.44,5151
123.88,9071
123.86,10023
123.81,7565
123.77,11531
124.02,11695
124.32,11430
124.54,15140
124.59,7152
124.69,9205
124.75,18375
123.37,7889
124.14,8531
123.99,7137
122.05,9363
122.73,11420
121.6,19769
121.04,15701
119.72,23096
120.66,29148
122.37,8494
120.54,8834
120.85,8315
123.18,17290
123.45,18717
123.64,37847
123.08,14942
124.48,29133
123.96,14395
124.17,16546
124.22,3706
124.59,14949
122.35,8715
122.28,14448
122.17,19302
121.29,11331
121.55,21422
121.73,7356
121.56,15980
120.93,31378
120.19,33276
118.22,29359
117.49,25918
116.89,32707
116.17,28309
116.07,22685
116.58,30473
117.87,28960
118.41,17483
119.17,25094
120.06,12443
119.78,15122
119.63,19437
119.89,14343
118.96,8244
119.38,33424
117.6,17290
117.79,18951
116.76,30007
116.76,9940
117.05,14241
116.9,16992
118,13730
117.77,8018
117.83,11239
117.84,10964
117.86,24974
117.66,15655
116.93,12297
117.45,15905
117.96,20482
119.18,27562
119.04,17540
118.34,28744
117.82,19594
120.61,15616
120.31,24361
118.39,39993
119.12,26637
120.6,21883
117.96,31273
117.74,14883
118.39,16336
119.8,45410
120.53,27420
120.69,27186
121.29,63626
121.38,15338
121.2,27950
121.31,12627
122.14,18806
122.49,26618
121.67,16144
121.55,25046
122.24,18522
122.72,23012
122.83,13725
122.8,20872
119.5,15255
119.65,20154
118.57,39337
120.24,16756
120.7,14458
121.58,41333
122.66,14394
122.77,12818
123.38,22400
123.74,19710
124.03,15915
123.66,19524
123.69,10347
123.31,21115
123.72,24978
123.74,10644
123.92,9663
123.72,9086
123.98,14039
123.94,32100
123.57,21007
124.27,6356
124,3836
124.02,8471
122.45,6214
122.77,3912
123.18,7488
123.89,10618
123.4,21536
122.37,30314
124.06,11911
124.73,10954
124.77,19099
124.8,10586
124.15,29305
123.73,41869
122.84,16569
123.42,8496
124.1,12339
122.29,15368
122.97,5013
123.69,12390
123.41,6833
123.64,2187
122.48,11068
123.66,7283
124.04,6606
123.65,16394
123.96,5722
123.17,10573
122.73,18932
124.9,12019
125.38,7002
125.29,10242
125.08,20516
124.03,11545
123.98,21205
124.23,11839
124.81,6546
124.61,14240
124.97,17536
124.78,9241
124.58,16633
121.93,24413
121.29,12654
120.4,26472
119.32,23442
120.18,12154
119.91,33534
120.51,20844
121.02,8389
120.62,27260
119.69,8446
118.99,5444
119.19,14495
119.3,13573
119.58,13284
119.84,18201
121.6,20513
120.8,18169
120.7,51387
121.35,10121
120.22,11959
119.76,22422
119.94,14603
119.38,10461
119.59,33379
117.54,34457
117.44,16861
117.88,29626
119.7,15655
119.59,7427
119.51,23880
121.04,29803
120.78,10301
121.14,43066
120.53,16885
119.61,6298
119.73,15331
118.42,17395
116.77,11200
116.94,38847
117.52,35734
117.82,6864
118.1,37998
119.59,12384
119.64,14069
117.71,26575
115.6,27246
116.45,18568
116.07,42735
117.21,12381
117.52,6828
117.79,22686
117.83,16865
117.86,14760
117.75,20702
112.44,46474
111.58,37168
112.44,45275
112.4,41501
112.4,33509
113.25,45194
112.12,14925
111.83,9643
111.43,38171
111.51,44582
110.13,20328
108.87,60459
106.83,32294
107.75,25024
107.42,49399
99.82,136168
101.31,59643
100.18,88472
99.19,76297
97.84,52906
97.44,65296
97.26,48868
96.49,30470
96.59,47985
96.65,49922
96.56,42931
97.42,63991
97.6,21991
97.87,50722
98.65,47906
97.31,35075
95.94,19384
96.6,159340
95.44,27035
96.64,20875
97.17,31244
96.81,28933
97.45,16020
97.72,53931
98.31,18006
97.88,8800
97.76,29772
96.95,30471
96.34,23823
96.46,37588
95.17,38039
95.42,25870
95.45,106558
95.08,59224
96.52,42628
96.32,67679
99.99,24346
99.3,12424
98.94,49103
98.46,30676
97.45,30700
97.47,34645
98.95,26996
100.02,27856
100.27,45237
99,18931
100.09,12669
99.53,16607
99.67,38430
100.01,45648
100.37,47247
100.62,12445
100.32,11360
100.1,9649
101.44,10407
100.23,22503
100.42,31873
101.98,37443
101.82,18267
101.35,23341
103.68,29564
103.07,19829
103.14,29659
103.31,22516
104.31,20425
104.27,32786
103.63,18742
103.62,20835
103.55,22685
104.73,18638
105.59,16161
104.88,33135
103.76,22467
103.2,7479
102.96,24155
103.8,25711
103.47,40968
103.43,26645
100.6,18323
100.26,11128
98.88,61716
98.56,13949
98.21,24950
98.11,40968
98.88,46882
98.75,55198
98.35,71937
96.98,14651
97.57,15299
97.71,47223
99.56,25035
99.5,24489
100.02,57236
101.27,71521
101.21,32888
101.21,79717
102.56,10759
101.26,7877
101.1,25963
100.88,19744
101.88,26858
102.51,44815
100.78,23660
101.13,16990
101.35,23835
101.46,12003
101.14,17192
101.92,20681
101.68,29496
102.58,24873
102.47,69786
102.88,17988
103.35,16092
103.61,77140
103.74,27631
104.42,29119
104.4,56319
107.85,33834
107.34,31207
106.85,68485
104.9,11464
104.23,19961
105.12,26833
103.9,12942
104.16,9292
103.96,28775
104.31,7440
104.86,4241
105.25,12454
104.24,12196
104.68,15820
104.21,27088
103.41,16545
102.9,13062
103.43,26315
102.38,18452
103.05,19277
103.16,33116
104.63,19844
105.32,28297
105.57,16470
103.76,14950
103.45,11577
103.84,116554
104.05,37349
104.5,15186
104.09,31026
104.95,19298
104.43,6661
103.95,31894
104.16,20832
104.79,10804
105.01,36411
106.91,12813
105.36,6510
105.39,11265
106.71,8035
106.72,12859
105.74,23367
107.35,9181
106.62,3887
107.2,29841
107.82,10765
108.06,13322
108.46,19420
107.42,12636
108.22,14430
107.66,20246
107.21,3521
107.6,18176
108.36,15822
108.59,12296
109.07,29026
112.58,22272
113.44,42838
113.59,38917
114.58,47272
113.68,14592
114.39,50089
113.57,13029
114.05,22130
114.02,42422
114.79,71783
114.45,55964
114.28,66402
120.4,94760
119.7,131866
115.78,69558
119.59,41955
117.12,23362
116.38,59180
115.87,12424
115.78,17856
115.97,43237
116.76,37124
118.37,21427
118.39,47055
118.16,26502
118.49,19390
118.8,24658
118.83,37613
118.66,19525
118.5,45094
116.67,25510
115.95,22879
114.3,43281
113.53,33038
115.21,15315
114.99,27809
115.87,19613
115.84,29693
115.91,40238
117.75,19002
117.35,11769
118.36,34815
119.33,23291
120.21,10585
120.11,34962
121.53,60732
120.2,54830
119.61,75906
118.39,51487
116.92,15214
115.54,26457
113.42,207289
114.79,42092
113.36,73406
113.64,66954
114.56,44006
114.39,41556
115.44,32181
116.49,15847
115,37364
113.3,44060
115.19,11025
114.74,28196
114.14,39887
114.12,24855
114.24,6417
112.96,28556
112.97,24104
111.99,28983
114.12,18313
114.61,10402
115.2,25231
115.82,21609
116.19,15246
116.32,31338
116.48,14774
116.95,11193
117.68,32464
117.28,27944
115.41,7627
115.92,27437
116.77,7140
116.97,18408
117.11,26397
115.81,18433
116.72,21146
116.22,30968
116.67,18803
116.46,24358
117.02,42665
117.71,61950
118.08,31054
117.87,27354
119.41,28155
120.98,10594
121.5,24782
121.86,54113
121.5,7633
121.45,31361
121.34,11238
121.68,10071
121.59,35733
121.37,23812
120.19,18944
118.44,33236
118.8,31399
117.97,26059
118.51,30534
118.95,19603
118.47,10412
118.48,39668
119.99,31175
120.46,11255
121.06,33267
122.29,28610
121.33,16700
120.63,22126
121.48,15371
119.68,9255
120.21,20496
120.41,15671
119.43,18034
119,34964
121.37,39758
122.52,15576
122.94,40170
123.84,19203
124.22,39079
124.18,49350
121.96,49172
121.61,20190
123.25,76356
122.02,68644
121.3,26365
122.81,55642
124.31,28060
123.52,28950
123.28,93902
122.96,28068
122.76,18953
123.32,37711
122.08,84649
122.24,36915
122.15,69827
121.86,38581
120.53,17613
120.76,97921
121.39,15256
122.51,23784
122.41,39375
120.92,55102
119.89,39546
119.91,102807
120.15,48930
120.51,22261
120.24,74504
120.24,24276
120.17,32898
120.93,64901
120.15,25209
119.47,10080
118.88,30409
119.38,47012
119.6,31604
119.4,64290
119.7,32605
120.13,16441
119.95,45272
119.15,27636
119.26,13116
119.9,45965
118.41,54508
117.73,25391
117.73,49292
116.54,39836
116.44,24192
117.39,48495
116.21,28133
115.68,33126
115.93,66277
115.11,19486
115.71,13148
116.07,29697
114.96,60348
114.32,43155
113.92,96628
113.03,37873
112.67,17935
112.82,41683
112.97,27426
112.55,34158
112.31,38031
112.65,14305
112.07,13356
111.96,21476
112.95,25439
113.89,13684
113.95,34600
114.15,20236
114.62,6538
114.18,23409
115.18,59299
116.32,60468
116.18,116343
117.56,86994
120.52,59695
120.65,60076
119.21,86095
118.49,53608
118.53,74724
116.13,29115
115.94,40820
115.82,73951
113.47,44308
112.07,19272
112.14,75563
112.3,19166
112.28,22867
112.69,64841
113.13,40665
114.47,36243
114.72,55408
114.58,36755
113.99,30589
114.02,46755
113.12,16368
112.54,17957
112.18,37961
112.13,34716
111.41,29689
111.43,75801
111.25,21146
110.56,16166
110.31,51277
110.98,33158
110.59,27930
110.39,58332
109.64,14950
109.51,35797
109.37,109627
109.21,35409
108.37,22177
108.25,54617
108.09,19228
107.71,28997
107.77,25471
107.78,18160
107.9,29627
108.22,51078
106.57,81838
106.71,52716
107.16,63542
108.68,20309
108.61,17018
108.41,29452
109.39,15619
109.17,13547
109.52,45682
109.96,28532
109.28,23525
108.36,23215
107.73,56705
107.31,42615
107.67,55836
109.72,38581
110.18,46788
110.2,88026
109.64,45259
109.29,25499
109.63,31777
107.27,27643
107.52,29773
107.61,28172
107.82,19133
108.55,20650
108.5,64668
108.75,27879
109.16,30921
109.07,45460
108.41,31784
108.43,96521
108.17,25947
108.83,16374
109.13,27009
108.56,56986
109.48,11069
109.46,23745
109.66,25656
112.53,36300
111.14,34072
111.16,50656
110.17,33359
110.61,25474
110.88,39428
112.29,22052
112.29,25915
112.39,41610
111.5,62608
111.5,0
110.09,13533
109.8,10448
109.34,88144
110.86,20120
111.02,22506
111,48898
108.87,28769
109.78,22070
109.09,28950
107.34,16642
107.86,12941
107.68,23687
106.84,34639
106.36,48855
106.42,58323
109.02,32132
108.78,17466
109.41,26760
107.51,16037
108.1,10423
108.04,24560
106.16,15086
106.74,23635
106.07,21404
107.34,37924
106.46,9892
105.89,16850
105.64,56915
105.94,30318
105.5,27441
106.6,29053
105.45,21282
104.94,42847
104.08,28165
103.86,58880
104.16,42808
103.74,32669
104.31,36065
101.4,64527
98.49,77177
98.31,102791
97.54,83919
99.43,45688
99.88,37187
99.41,52690
99.27,41982
99.27,0
101.77,44774
102.26,22088
102.67,49125
102.14,21508
101.01,22080
101.23,24047
99.88,37597
100.22,34161
100.22,34212
101.71,30250
100.86,26469
100.97,46187
100.93,18722
100.21,35197
99.57,27047
100.49,15681
100.93,13329
101.26,19774
103.75,31729
104.16,29193
103.22,48867
102.76,42290
101.92,24586
102.35,65504
101.45,32005
100.71,35515
101.22,33520
100.16,36334
99.7,25170
99.49,32416
99.3,75790
99.8,50115
100.14,43926
102.8,52594
102.86,51050
103.25,53670
105.24,30047
104.12,17514
103.7,33717
104.55,44526
105.32,27531
105.71,48262
106.62,55349
106.13,39510
105.26,60336
108.96,97126
110.97,59111
112.53,81959
111.34,43297
110.16,38774
110.23,41793
111.87,61656
112.44,27014
112.87,22341
114.3,57510
114.4,63806
114.52,72792
116.26,57450
116.24,45597
116.42,83387
115.53,37628
115.76,25651
115.38,29958
114.91,13327
115.28,21096
114.58,27372
116.6,5604
116.6,18902
116.13,30623
115.1,23104
114.53,26453
114.11,30971
112.79,22853
112.47,21380
112.89,37464
113.01,11109
113.6,26584
113.17,19573
113.15,14211
113.44,18697
113.86,15857
112.05,34152
112.61,19809
113.07,16696
112.24,29569
112.63,31302
112.21,26620
113.5,15507
113.93,38501
114.2,31175
116.77,43701
116.38,42287
116.9,46220
114.62,38599
115.43,58382
115.23,54662
115.41,19356
115.39,13161
115.64,17270
116.37,16568
116.27,17614
115.81,24189
116.68,24047
115.35,14713
115.94,25059
115.64,36407
115.46,60954
115.96,80970
116.01,28863
115.58,18202
116.15,24196
114.75,6837
115.6,9097
115.85,49820
116.38,19686
116.82,19969
116.33,28737
116.86,21908
117.82,13739
117.59,45426
117.66,22050
117.17,30309
117.14,24806
118.37,16495
117.94,20675
117.68,18033
118.29,30246
117.23,13167
117.87,30710
119.45,30439
119.66,25710
118.22,41505
117.58,30023
117.39,29565
117.83,31660
116.74,50951
118.23,34463
118.76,52729
116.31,47282
115.6,58176
115.11,39832
114.91,58573
114.16,26784
115.07,25890
113.09,55733
112.07,50171
111.63,70437
112.54,44629
112.09,31919
111.4,71468
110.03,47750
108.35,43204
107.71,116534
106.76,65996
107.43,45275
107.1,60855
108.51,58758
108.74,34669
109.62,51450
109.44,25764
107.91,30825
108.52,37220
108.86,41410
109.02,28870
108.43,55995
109.41,43317
108.96,44987
108.29,43942
105.53,49045
105.07,31586
105.5,59502
105.15,61828
105.52,38518
106.55,43249
106.07,39217
105.8,20589
105.87,49973
107.04,17100
106.9,24941
106.98,46334
107.84,39526
107.31,27677
107,58625
106.74,50741
107.01,31264
106.8,34590
107.62,26607
107.22,10480
106.69,55010
108.05,46813
108.24,22331
106.48,38590
106.63,26443
106.81,17768
107.48,50715
100.77,105313
100.89,73338
98.97,122401
92.98,182720
95.75,146512
96.28,157974
90.25,209744
90.82,113410
91.96,240087
92.95,96777
91.59,65526
88.69,110542
84.64,164662
85.78,196888
93.31,239822
92.82,182109
90.98,221461
91.51,230276
90.57,57250
90.87,66527
92.2,98129
95.26,81059
94.12,65896
94.98,86204
95.29,69081
95.77,112744
95.41,137981
95.42,72703
96.67,59988
96.69,111420
99.07,72324
99.26,77064
99.79,67522
96.03,35731
94.43,86604
94.16,133639
96.39,57323
97.08,45840
95.8,69782
100.48,55413
98.54,26042
98.58,46207
98.3,52898
99.36,37373
99.83,55449
99.39,22250
99.07,14205
98.81,29652
99.51,27193
99.2,29125
99.16,54535
99.73,19601
99.36,25764
99.91,43274
97.18,110416
97.53,99302
97.77,148135
99.84,29100
99.65,14511
99.7,25357
100.99,11741
101.5,38187
102.18,25626
101.87,21521
102.3,21152
101.93,50357
100.98,24880
101.33,35684
101.25,57093
102.02,22551
101.92,9481
101.34,54869
100.97,40797
102.33,36053
102.27,32235
102.34,49811
102.63,40020
102.92,44279
108.52,97904
107.8,117904
107.25,204452
105.38,48556
106.02,17223
105.58,62727
104.85,88218
103.86,35713
103.96,76816
103.93,40198
104.84,28847
104.99,73161
105.5,24866
105.73,28031
106.36,38887
105.6,19276
106.18,28902
107,49403
106.1,14653
105.87,15430
105.58,43772
103.62,24378
103.47,16198
101.74,43304
101.02,28983
101.06,30172
101.76,37593
100.2,31881
100.08,21489
100.75,31846
101.2,35716
102.09,30677
103.02,121832
103.12,61046
103.5,51471
104.22,127888
107.26,65466
105.64,29595
105.19,55008
104.63,41580
104.27,28489
104.24,83172
102.83,53981
104.2,27583
104.05,46389
104.71,24761
105.5,13528
105.33,32576
105.07,16841
105.27,7287
105.29,39579
104.01,24979
104.82,12422
105.08,27166
105.78,33769
105.08,22443
104.82,43627
105.78,20767
105.51,16135
106.3,25465
105.49,28881
105.61,27618
105.39,48412
106.07,28330
105.7,21583
105.51,42678
105.31,20180
104.76,32964
104.53,41392
103.39,18973
103.64,13852
103.37,51117
104.05,23310
103.7,13979
103.13,31535
102.94,41345
102.91,15726
102.56,51379
102.16,26390
103.58,14158
103.61,40828
103.58,25712
102.71,15884
103.3,43520
103.64,31112
103.09,28432
103.76,31780
103.92,32930
105.03,11842
105.5,50949
104.28,32189
103.63,34578
102.67,103716
101.66,30216
101.79,18052
101.69,32271
104.53,39578
104.24,21895
103.56,40573
102.47,58379
101.24,34794
101.13,172942
102.84,65319
105.24,48642
104.95,101874
104.16,43958
105.29,16749
105.28,32078
105.55,20201
105.64,27885
105,27972
104.03,19692
103.71,53451
103.44,29118
104.96,30401
104.44,29655
103.82,70178
103.41,19098
103.39,78003
105.82,68533
106.67,42190
106.78,49938
104.75,31859
105.39,16991
105.93,39655
106.38,19106
106.12,11599
105.98,41094
107.08,67748
106.15,31153
106.07,95488
109.8,142241
108.79,117353
106.61,157068
106.21,78205
105.2,54066
103.92,70948
103.78,57367
103.58,38073
103.63,63918
104.73,22688
105.12,35882
105.16,44137
106.1,23623
105.82,14629
106.39,40554
106.68,31358
107.17,13233
107.13,57351
106.93,40744
107.33,32722
107.54,55482
105.94,19866
106.77,14705
107.25,15492
106.73,14541
106.28,12306
105.51,48448
104.37,53212
105.77,49661
106.49,56891
106.25,15511
106.38,19666
107.31,68264
105.12,45784
105.01,70931
104.51,84177
103.29,90010
102.82,55508
102.45,199070
102.13,52442
103.05,39516
102.66,98439
103.53,54143
103.96,42261
104.65,68569
103.71,74062
104.38,34864
103.65,50875
103.43,23752
103.59,24034
103.79,32132
104.03,15541
103.6,7822
103.74,14748
102.77,10180
102.52,11427
101.98,39417
101.28,29562
101.86,37307
102.1,33330
102.48,21652
103.18,11466
103.08,42028
102,15795
102.45,8484
103.26,22996
103.98,14860
103.82,12940
104.02,25948
103.81,12114
102.98,9026
103.26,15246
107.21,47138
107.04,25768
107.44,48756
108.53,78960
107.55,12080
107.6,32071
106.84,18089
105.48,11208
105.65,22222
107.32,28940
109.84,21728
109.67,56351
109.19,18712
109.14,24859
108.8,31847
109.5,25815
108.83,21449
108.92,40029
110.74,36920
110.08,27554
109.85,28525
109.59,29223
109.46,20636
109.28,49087
110.53,10625
110.86,13986
110.71,28968
109.56,26025
108.46,36760
109.21,113205
108.5,19036
108.77,22209
108.69,69983
109.05,16907
108.3,19423
108.88,25120
112.04,11107
110.94,10039
110.4,34921
109.34,20027
110.07,16935
109.85,35430
110.27,17247
110.1,57317
110.08,64130
109.13,28097
108.75,11456
108.26,45555
110.11,34370
111.42,31084
111.66,34966
111.59,24828
111.82,23397
112.17,37194
112.08,30599
111.88,17433
111.4,27657
112.44,37992
111.83,16693
111.95,26254
113.43,14616
113.35,10334
113.44,28302
112.77,34082
113.15,14724
113.68,41722
112.91,27370
112.03,11001
111.92,35617
111.41,10502
112.13,14000
112.19,27951
112.84,20042
111.65,26189
111.81,35021
111.09,13654
111.53,4389
111.47,24177
111.05,6384
111.46,5280
111.45,34428
111.82,12417
111.67,13701
112.62,26206
112.57,14494
112.35,11583
112.09,38709
111.98,26068
111.74,14955
111.56,36791
113.37,25452
113.53,42119
113.86,29823
114.44,28570
113.15,20490
113.62,55818
115.58,28684
115.72,18770
115.39,28520
114.79,24236
115.5,23801
115.68,39415
114.77,62278
115,16180
115.11,59072
114.49,21313
114.32,8895
114.2,25391
112.76,19014
113.66,10542
112.78,32507
112.63,45473
110.63,12610
110.37,31802
110.78,15179
110.55,20649
110.42,61080
111.53,18407
112.22,15893
113.4,36420
118.92,71496
117.11,108513
120.8,94107
120.71,141286
120.36,65611
119.42,145729
119.84,84646
121.6,44824
121.18,86621
123.19,32842
123.8,38042
124.18,67116
124.38,37782
125.09,20425
124.16,31775
124.55,25133
123.72,19675
123.49,28020
124.3,29840
123.65,33382
123.98,29388
124.66,16097
124.88,39811
124.53,68690
124.51,23993
125.01,18679
124.56,30825
123.71,20820
123.61,32972
123.96,52479
123.1,19820
122.73,15868
122.8,47759
121.68,13206
122.15,17159
122.31,55652
121.43,30432
122.78,22947
122.21,99467
120.63,25568
121.58,40820
122.05,61160
123.24,54445
122.62,45777
122.69,39985
122.02,27876
122.26,54161
121.98,43257
121.99,31109
121.73,34168
122.71,41233
122.1,18326
122.33,7211
122.94,21407
122.2,15997
122.45,13315
123.12,23808
123.46,17899
124.32,12528
124.06,25821
124.03,12632
123.93,11991
123.48,24878
122.48,22547
122.38,19331
122.27,36599
121.58,49753
121.87,14876
121.56,58132
121.47,19913
122.2,22750
120.94,31060
120.43,57604
121.72,23726
122.06,37930
120.51,27678
120.3,22248
119.84,124573
123.3,31802
121.51,13268
122.07,37846
121.87,30748
123.94,20700
124.14,35402
124.84,24572
124.84,38926
124.57,62840
126.1,21986
126.13,23876
125.79,28883
126.84,12275
126.63,13937
126.93,14161
126.92,19751
126.92,0
126.54,11482
127.35,10820
127.39,14024
126.78,17407
126.61,11882
126.9,15925
126.88,20293
126.45,16797
126.8,48010
127.67,19402
126.32,18724
126.4,30578
126.37,26215
126.44,26270
126.46,29152
125.25,14612
125.37,22230
124.87,30794
124.95,18656
125.61,9672
125.93,21512
126.47,9226
126.6,27622
127.86,28519
129.07,42177
128.91,23911
128.76,67936
128.72,14795
128.55,9238
128.04,21853
127.28,12554
127.72,30338
128.52,40099
127.77,34187
126.79,20673
126.7,49279
126.91,34034
126.87,39261
127.16,70601
128.22,19871
127.42,9118
126.73,42664
126.65,27179
127.2,39614
126.49,87579
127.28,16601
127.04,29768
126.79,47044
126.68,24658
126.59,35672
126.81,36884
127.91,29967
127.91,0
127.28,7208
127.21,9691
127.13,12539
127.66,27902
127.33,20594
127.11,39028
127.41,6074
127.69,2913
127.62,25714
126.86,8370
126.88,7408
126.94,30629
127.19,17885
127.05,30213
128.08,57638
128.74,28546
129.46,27945
129.31,52226
126.54,39917
126.01,43071
126.29,42027
127.25,23010
127.46,22029
127.16,47110
127.56,17656
127.92,16615
127.41,29813
127.93,13578
128.44,12881
128.43,18949
128.11,5656
128.06,3404
128.36,17950
128.03,32373
127.51,20608
128.82,20880
129.43,18756
130.65,14754
130.5,27338
132.59,21088
131.48,16780
131.46,25890
132.49,29676
133.58,47899
132.18,57404
131.01,24297
130.03,31959
129.69,84312
129.79,91742
129.29,41714
129.26,58076
127.44,55859
126.67,55041
126.2,61289
125.42,61078
125.13,34874
126.08,38494
126.51,21266
125.74,16538
126.08,24529
126.34,11565
126.92,21114
127.04,54738
127.47,45775
127.49,51753
126.18,36813
127.9,34307
128.15,45370
128.88,42695
128.62,14919
128.45,10808
129.16,26899
129.47,14390
129.03,18273
129.25,17559
130.31,31925
130.47,49900
130.92,34253
133.37,49676
133.7,22545
133.7,34135
134.78,30569
135.39,16364
135.14,21119
135.26,19412
135.08,22910
135.47,26040
135.57,16002
135.41,16241
135.96,32849
137.4,14600
138.52,28132
139.36,30550
139.47,37714
139.79,25250
139.55,55709
137.51,51960
134.66,59451
136.51,48040
137.42,33552
139.15,19530
137.9,22648
138.81,35648
139.94,26746
140.7,41978
138.35,22890
138.02,21198
138.69,36109
137.51,10629
137.85,6547
137.66,39257
139.3,27076
139.3,14859
140.01,22262
139.82,14323
139.21,20740
139.65,31483
138.79,10127
139.65,10365
139.25,33561
138.96,26043
138.87,16023
139.13,28219
140.82,17516
140.32,17145
141.11,31465
142.4,25500
142.69,25628
141.47,33733
139.49,35060
140.42,18352
141.63,26288
138.53,25498
139.49,20139
140.06,23534
138.24,20015
137.63,29414
138.2,27247
136.03,27582
135.59,37956
135.69,47546
133.22,30912
131.99,30949
133,44479
130.08,88657
130.23,58938
131.73,71065
133.75,35649
136.03,29528
136.55,56490
133.86,24702
132.97,22473
132.91,51678
130,37139
130.18,37631
131.46,75723
132.32,25693
131.78,21726
131.46,57165
133.85,15128
132.81,11090
133.38,30820
133.66,27992
134.175,13833
134.16,44218
131.57,19336
132.13,26236
132.775,34911
131.165,23106
130.23,13485
130.38,58494
130.2,16751
129.025,36305
129.92,62682
131.31,45512
131.93,28219
132.09,52339
129.76,29563
131.08,27364
131.55,43243
129.885,36388
130.89,29491
131.27,50631
130.675,22489
129.54,25527
129.74,51729
129.09,38107
129.87,38925
129.51,50359
130.255,28909
129.845,33827
128.87,44521
130.79,27595
131.45,16185
132.64,45926
133.18,47424
132.835,30322
133.22,41277
132.35,16098
133.7,19625
133.875,56404
133.095,39001
133.07,9472
132.61,45325
131.79,39208
132.075,28590
132.49,40412
137.235,25700
137.69,26021
137.74,33217
138.27,29034
139.375,24737
139.84,73032
138.18,15225
137.45,30405
136.96,108795
136.165,47051
135.26,47527
135.73,61686
137.95,43250
137.845,23613
138.245,95213
137.92,30875
137.99,31705
138.9,95095
143.855,57138
143.96,61324
142.71,78895
144.27,48650
144.83,22755
144.99,57875
143.885,28815
143.79,12325
143.97,39673
144.01,31711
141.93,34345
141.78,98528
141.93,39848
141.82,35707
141.6,59665
142.875,25453
143.78,44069
142.4,88036
142.425,42176
143.63,27122
142.66,30046
141.51,27002
141.36,29833
140.655,75057
139.95,19361
141.9,12162
141.39,58540
139.915,14856
139.43,31900
139.395,79331
140.26,28420
141.485,19980
140.685,85803
141.71,33757
141.5,19414
141.36,59361
139.695,17188
138.86,21551
138.52,51134
139.705,11776
139.64,13263
139.89,45065
142.36,16004
142.78,27445
143.25,49930
143.25,45021
143.38,40454
143.11,96480
143.75,18089
143.425,10303
143.625,126448
144.89,30495
144.75,29650
144.66,62981
143.62,16995
143.26,30012
143.475,54992
143.53,22276
143.24,21459
143.44,92532