75.99,68340
76.61,39818
76.69,71472
77.48,26721
77.23,12973
77.17,38051
77.4,17681
77.13,10476
77.11,34875
76.66,24546
76.91,21545
77.03,54635
76.38,41901
76.02,37188
75.98,66704
76.09,23422
76.57,27613
77.04,30893
76.89,17651
76.57,12684
76.46,40813
76.84,22799
77.09,17880
77.49,35915
76.99,39437
76.5,26510
76.69,41713
76.5,15331
76.79,14741
76.8,36808
76.8,26873
76.57,11628
76.45,34428
76.41,20849
76.27,13449
76.43,36721
76.52,25173
76.89,9999
76.29,42072
76.52,23945
76.46,7848
76.5,37874
76.37,27687
76.53,19525
76.5,64621
77.25,25669
77.17,16740
76.91,48599
77.36,49819
77.23,12705
77.28,43376
77.21,29338
76.52,25814
76.45,49935
76.46,22211
76.6,13760
76.54,30738
76.89,27937
76.85,18427
76.8,61747
77.52,93933
77.33,81929
77.43,45163
78.44,80662
78.48,49721
78.76,95478
79.19,44803
79.18,62608
79.1,73644
79.34,47688
79.25,41471
78.88,210637
78.9,202621
78.82,125910
78.88,176226
78.05,147566
78.12,89839
78.07,158533
78.85,72536
78.69,55455
78.88,78451
79.03,27485
79.21,21904
78.85,29282
78.99,59386
79.22,44982
79.01,50231
78.71,99425
78.78,26300
79.04,62875
78.95,89734
78.82,45736
78.91,136970
79.02,49071
78.84,31556
78.8,34109
78.64,32467
78.47,25200
78.04,41934
78.66,38539
79.04,21747
79.02,64947
79.7,43828
79.99,19990
79.88,53075
79.88,34253
79.75,15297
80.15,32500
79.08,22746
78.55,18028
78.47,55721
78.83,50168
78.94,42288
78.93,52977
78.75,36842
78.89,21866
78.66,58389
79.88,66869
79.53,21520
79.38,28409
79.12,31369
78.56,22034
78.8,44171
78.4,24169
78.4,26084
78.25,39548
78.4,20841
79.24,12543
79.37,23829
79.3,15637
79.27,10222
79.4,22769
79.5,21047
79.2,8406
79.09,31882
77.96,76226
77.27,16944
77.42,39400
76.34,116269
75.29,42902
75.55,68060
76.52,39839
76.59,26376
77.05,50839
76.84,41618
77.34,36683
77.5,44044
78.25,23678
78.47,14045
78.73,24328
78.61,20848
78.74,11837
78.95,33690
79.56,23402
79.93,19094
79.85,32535
79.63,32484
79.51,17915
79.22,87770
79.66,35652
79.79,11329
80.22,56658
80.05,42230
79.63,30529
79.66,49500
80.58,35043
80.24,11721
80.01,31575
79.74,37502
80.38,10264
80.33,66591
79.88,39925
79.35,33582
79.29,77716
79.64,23654
79.36,11561
79.4,22317
79.46,29693
79.25,16119
79.36,69132
79.13,17663
78.96,6883
79.1,23372
79.58,16709
80.19,13588
79.92,44844
80.02,25098
79.99,8760
79.91,34522
79.72,14813
79.46,17828
79.38,38403
80.23,18838
80.66,9313
81.12,28334
81.35,15096
81.48,13450
81.34,38905
81.77,56889
81.84,20089
81.5,44888
81.37,26757
81.14,10685
81.18,42351
80.7,35397
80.77,44764
80.56,34434
81.05,29845
81.27,10253
81.22,36932
81.17,13382
80.99,10162
80.95,34943
79.84,21600
80.23,7636
80.31,24012
80.51,14049
81.02,6146
80.98,19177
80.84,8442
80.9,5886
80.74,34281
81.07,19438
81.3,22823
81.69,44392
81.69,15723
81.97,39231
82.19,19681
82.31,59359
82.45,19239
82.23,52551
82,24608
82.23,20906
82.48,29022
83.54,11576
83.97,7342
84.02,37498
83.95,24832
83.99,35935
84.38,42531
84.36,118642
84.68,57731
84.69,127691
82.77,115202
82.05,39916
82.1,79769
82.63,42682
81.79,21620
82.05,69810
82.78,42680
83.02,29833
83.74,65491
82.76,22772
81.91,28030
81.75,32155
81.65,12669
81.84,13266
81.69,42541
82.05,54915
82.2,37450
82.88,60890
82.25,73441
81.67,74348
82.01,123446
81.65,17203
81.56,13938
81.49,57124
80.12,32638
80.51,24336
80.36,60274
81.38,37859
80.74,31196
80.19,44329
80.76,41725
80.74,29184
80.43,45458
80.73,38835
80.97,16191
81.3,73175
81.28,38485
80.88,19044
81.14,28340
81.43,20542
81.61,28555
82.04,68025
80.59,55536
80.04,34431
79.46,79326
79.81,44614
80.11,37377
80.35,121316
78.64,44472
77.15,33805
76.97,71375
77.21,55138
76.95,27020
77.23,48381
78.08,35233
77.47,23118
77.5,34650
77.65,46892
77.98,21889
78,34892
77.18,21616
77.28,23861
77.37,45029
78.86,39729
78.49,17196
77.9,49710
77.68,32633
77.1,28565
77.25,59222
77.05,36411
76.87,40887
76.65,26973
77.64,24808
77.69,26203
77.43,66445
77.04,46207
78.15,49316
78.71,127935
79.62,58742
79.69,24636
79.54,63684
80.22,54879
79.86,13310
79.58,54935
78.34,31711
78.26,13203
78.76,76092
78.54,48844
78.19,33589
77.62,74251
77.86,42610
78.07,20613
78.26,40739
77.96,12972
77.93,64069
78,109916
77.81,51440
78.15,25654
78.31,64602
78.31,0
78.31,0
78.31,0
77.66,21434
77.52,9327
77.58,38287
77.55,36051
76.78,22321
76.86,37445
76.45,24720
76.88,21305
77.32,233406
77.08,29216
76.26,43033
76.85,64248
76.23,42737
76.1,32426
75.69,98832
75.51,21829
75.65,99841
75.96,45333
75.84,26219
76.08,5459
76.05,34443
76.04,26098
75.69,16795
75.62,61035
76.38,64539
76.28,19511
76.2,25629
75.8,23330
75.65,18784
75.19,41195
75.2,27885
75.77,22083
75.62,31088
76.25,19964
76.03,32739
76.05,39532
76.38,40407
76.76,38625
76.76,40657
77.16,26580
77.1,24196
76.99,48656
76.88,12331
76.92,13726
76.77,32175
76.16,17059
75.54,22373
75.82,53815
75.32,87785
75.58,87379
75.46,69443
75.1,11712
74.41,63555
74.49,167269
73.31,65711
73.01,26463
73.08,29228
73.38,96148
73.36,97819
72.5,100920
72.64,105840
72.3,62786
72.36,70465
73.22,71455
73.21,50542
72.86,83085
71.43,53058
71.43,0
70.48,358300
70.53,83992
70.8,72755
69.35,70171
69.88,29076
69.81,50234
71.21,45374
71.46,38398
71.3,76120
71.33,130829
71.57,98477
71.49,54468
71.09,68240
71.29,71138
71.89,95536
73.74,45184
74,36052
73.83,63060
74.32,34426
73.8,53990
73.31,58752
72.88,26582
72.7,61725
72.93,46352
72.66,50964
72.59,41799
72.48,73271
72.91,52980
72.69,78639
72.78,94831
73.61,39918
74.42,55587
74.28,60815
73.88,71240
74.4,44807
74.66,46552
74.95,28096
74.9,31327
74.59,62196
75.91,26718
76.02,54372
76.12,73357
76.09,40845
75.99,25528
75.73,42075
74.27,24111
74.63,29230
74.7,46423
75.41,30578
75.55,29581
75.33,23537
75.69,56197
75.87,13226
75.84,21360
76.48,24848
76.25,24129
76.16,28256
76.23,12285
76.16,22191
76.42,28045
76.92,15290
76.86,28334
76.74,56716
76.9,26294
76.98,21439
77.39,29281
77.46,22103
77.39,21794
77.36,27504
77.24,8588
77.29,7014
77.53,23380
77.95,26539
77.88,22256
78.19,37618
79.36,23513
78.91,27653
79.19,30599
79.14,103758
79.28,89526
78.89,100071
78.86,40794
79.48,25356
79.72,76380
80.56,56955
81.1,33325
81.66,56526
81.53,54926
81.68,55479
82.05,62239
82.09,47734
81.94,28938
82.04,131109
83.03,41294
82.97,51655
83.45,60574
83.26,51507
83.36,56926
83.35,196294
83.75,52942
84.09,239488
84.54,76989
83.92,38074
83.33,88722
83.64,76891
83.67,54386
83.49,48053
83.67,38109
83.57,89127
83.89,54922
83.92,86688
84.63,52096
84.29,40246
84.33,84941
84.33,0
84.33,0
84.33,0
81.99,91476
82.63,60996
83.98,99981
83.53,99563
83.24,109998
83.08,149265
84.12,107876
83.47,84010
83.45,101609
84.05,41771
83.88,82907
84.18,88819
84.36,70049
84.74,65241
84.35,84643
83.94,48768
84.01,29873
84.4,63315
84.83,76796
85.12,103453
85.12,118835
84.82,54801
84.99,45418
84.8,44359
84.51,35011
85.21,47853
85.17,80701
84.6,26517
84.76,23012
85.14,43091
84.83,75503
85.29,42611
84.82,29788
85.58,40486
85.5,66591
85.17,86524
86.61,61184
85.56,54672
85.5,127290
87.51,126148
88.14,257751
88.35,96463
88.54,120333
89.31,98749
88.94,109587
90.23,62912
89.69,87059
89.57,125980
90.73,84769
90.83,93710
91.54,97760
91.33,126461
91.76,88324
91.64,66677
92.02,89430
91.2,49522
91.69,38538
89.21,46578
89.02,47413
89.03,50521
89.15,64460
88.82,91643
88.65,67002
84.49,94533
83.43,134975
83.62,106764
86.16,121165
86.16,126966
85.89,106463
83.49,73665
82.69,76256
82.5,261299
82.58,56040
82.75,50037
83.27,76432
83.68,67776
84.47,75904
84.5,106575
83.47,79106
83.91,61696
83.88,75553
81.96,49863
81.87,67397
81.5,118782
77.36,245063
76.82,174108
77.47,195939
77.47,0
77.47,0
77.47,0
76.99,42639
77.34,49631
76.92,73432
75.53,65183
75.2,52238
75.46,108406
75.23,104801
74.13,148683
73.35,115905
73.01,91979
74.1,74640
73.11,158084
74.82,92984
75.07,62330
75.57,139419
76.25,104117
76.99,86387
76.87,101477
76.32,39485
76.65,65189
76.6,73113
77.2,51215
76.98,37494
77.13,77663
76.55,38003
77.08,23833
77.02,65583
78.1,55431
76.87,55943
76.97,139160
77.09,58706
76.16,56547
76.01,122779
76.1,40606
76.82,34829
76.48,94945
76.51,32177
76.86,20342
77.08,38361
76.09,41871
75.72,28360
75.79,71023
77.4,46241
77.24,17903
76.67,52544
77.63,26233
77.32,32100
77.51,86540
77.92,35359
78.21,18723
78.19,159692
78.97,53856
78.95,55987
79.73,94761
79.56,32489
79.34,19729
79.43,40793
80.49,26274
80.1,11565
79.84,31490
80.18,34347
80.83,31828
81.48,186227
82.13,48663
82.63,29592
82.71,119402
83.22,52772
83.44,27944
83.49,55382
83.21,18714
83.95,28392
84.18,183806
83.36,85905
83.66,49094
83.32,112389
83.43,143379
83.45,39540
83.51,142208
84.5,24688
84.46,49247
84.61,69149
84.65,298950
84.17,207284
83.96,148213
83.94,17392
84.15,8714
84.44,87806
85.41,59376
85.81,57353
86.09,171402
85.94,68410
87.65,24411
87.05,207992
86.43,68184
85.73,31232
85.87,94506
83.91,39615
84.18,25292
84.62,90028
85.37,80154
85.43,73265
85.51,134159
85.49,35067
85.37,19257
85.61,114519
84.81,78136
85.42,62767
85.16,117418
84.78,16565
84.15,19079
83.79,56402
82.65,124806
81.98,55975
81.15,111274
81.3,43171
82.37,17625
81.97,80316
82.22,21147
82.42,31001
82.1,73314
83.83,30483
82.97,28870
83.02,62240
82.2,31620
81.7,20970
81.9,52635
81.85,80556
83.64,49560
84.31,159124
83.1,99680
81.83,77540
82.3,135101
83.66,59941
85.07,83199
85.3,272045
87.05,90793
85.62,83173
85.28,108899
85.83,19485
86.52,13788
85.91,35602
87.01,21431
88.04,35597
88.32,99706
88.66,58555
88.28,50278
88,69110
87.58,38257
87.99,34507
88.49,151199
85.3,152550
85.49,84838
83.83,146354
84.26,59810
83.13,31615
83.27,100580
85.58,91747
86.46,44748
86.37,112382
86.5,68264
87.07,58180
87.54,149590
88.6,80197
90.53,65266
89.98,105387
90.58,57901
90.72,29294
90.46,109514
89.64,98546
88.75,122017
88.13,270924
87.6,53937
87.83,37767
88.83,81595
87.61,64203
87.21,66596
87.58,136162
86.32,40528
87.14,21284
87.34,61500
87.97,27621
87.87,15443
87.91,51287
88.99,18202
88.34,12506
88.48,41176
87.28,12669
87.5,13223
87.7,28885
86.79,34456
87.25,53920
85.64,111926
86.08,27891
85.85,13893
85.26,72511
83.66,25317
84.69,18764
85.24,84640
83.2,45661
82.08,28599
81.76,124881
82.72,74560
81.53,61199
81.82,109210
83.05,143917
81.93,78908
82.03,118847
80.27,47033
81,34479
81.43,101105
81.89,98141
81.9,39370
81.88,133878
81.22,34117
81.33,54358
81.93,114906
82.02,45282
82.38,23918
82.46,62766
83.9,52104
83.29,31340
83.73,126205
84.51,52684
85.06,23837
85.86,120436
85.53,20685
85.68,16079
85.13,55658
86.1,22266
85.28,20110
84.73,87836
84.7,20789
84.17,13923
83.89,35513
82.66,38765
82.68,15367
82.88,90760
83.11,17308
82.51,17698
83.37,86351
82.89,21787
81.73,26297
81.78,58796
81.61,85847
81.38,76268
80.37,220158
79.57,191862
79.27,90976
79.52,133483
79.47,22525
79.33,37055
79.31,53294
79.04,17379
78.48,10310
78.71,42297
78.62,24719
79.43,26838
79.47,46910
77.7,46566
76.7,73640
77.22,136749
74.93,65912
74.77,37312
74.79,86933
76.04,26729
75.71,9628
75.52,66386
75.67,51244
75.76,21316
75.7,51373
76.08,20218
76.04,22303
76.15,68718
76.76,30340
76.79,75690
75.56,62003
79.39,149208
78.95,43429
78.27,133624
79.91,64961
80.52,49586
80.61,89332
80.39,66612
80.81,38336
80.43,89036
80.31,23235
80.65,47302
80.91,87724
80.77,117641
80.63,61188
80.97,197603
81.23,37729
81.26,23607
81.93,51805
80.88,19337
81.46,39571
81.52,63519
82.37,43328
82.59,13355
82.65,81611
82.79,59621
82.87,72622
82.84,117521
82.9,32814
83.37,9933
83.68,69993
82.3,36643
82.58,19822
82.33,51140
81.74,22269
81.75,13962
82.07,77433
82.52,14242
82.26,16341
82.15,51922
82.14,18203
82.14,14198
81.79,28342
82.08,23711
81.98,17931
82.44,66483
83.19,33702
83.89,69121
84.18,66882
83.42,32841
83.41,15833
83.08,72703
83.81,35977
84.37,35553
84.64,88404
85.35,37198
85.55,23956
85.45,35863
85.55,25263
85.14,11836
85.6,73568
84.98,19933
84.48,13354
84.2,92296
84.32,13212
83.99,9685
84.25,42484
83.42,34836
82.72,38855
82.31,76567
81.31,37121
81.92,24622
82.21,71762
81.73,28818
82.07,10957
82,49355
82.63,18569
82.15,21322
82.25,108482
82.44,16273
82.11,10621
81.93,40420
80.6,23890
81.1,20591
81.13,53052
80.86,15370
80.83,19845
80.54,51325
80.29,27910
80.72,27895
80.77,63633
80.69,34928
81.48,35105
81.11,59316
81.59,40286
81.16,39410
79.45,130348
79.79,34846
79.57,42348
79.3,70714
78.74,28030
79.17,35235
79.47,89399
79.35,30499
79.89,32235
80.55,32000
80.49,33364
81.44,92099
81.94,69136
82.49,28139
82.11,40539
82.34,84747
80.83,14918
80.2,13396
79.92,76010
79.09,12046
78.49,16186
78.53,101882
78.49,33091
78.68,23951
78.81,52416
79.44,17461
79.26,30694
79.65,97355
79.68,19176
79.38,13869
79.84,52931
80.39,49832
81.22,16027
80.31,67023
81.35,27083
81.49,21345
81.56,171316
80.58,25591
80.59,16527
81.28,141252
79.66,42229
77.83,61323
77.2,98797
77.49,58031
76.69,42809
75.94,106882
76.22,128519
74.47,43600
74.48,79728
74.23,36144
74.72,64524
74.5,105537
73.66,45564
73.83,39711
73.08,102580
72.97,59016
72.06,37053
71.4,127297
71.84,42311
72.27,28843
72.42,74479
73.53,86186
73.4,88266
74.16,118003
73.75,67657
74.04,37424
74.17,86066
73.48,30270
72.55,14758
72.5,77591
72.29,32091
72.44,25896
72.3,63814
72.24,38316
72.39,23396
72.07,42147
72.19,48019
73.2,24440
73.74,71993
73.96,41459
73.8,30643
73.2,50305
72.7,33941
73.43,21703
74.01,86425
75.07,45330
73.72,39455
73.15,76047
73.14,62114
72.97,40054
73.02,71750
74.21,22765
73.37,21541
73.66,47781
73.81,32534
73.48,44303
73.42,86870
73.46,99186
73.1,61544
72.58,135034
73.99,57121
73.66,50732
73.86,65967
74.66,41381
74.1,34253
73.69,109441
74.97,43788
74.75,46245
75.2,175894
75.73,76360
76.36,27930
76.65,166276
76.69,65829
76.61,50346
76.64,159721
77.61,47199
78.61,30063
79.01,78998
78.24,38047
78.22,21946
78.2,80293
78.41,24207
77.98,23459
78.28,47150
77.79,26097
77.32,36797
77.8,76101
75.33,36688
75.43,31654
75.64,70806
76.69,38814
76.45,21848
76.05,44083
77.58,33823
77.68,31089
77.8,91466
78.1,15739
78.25,39332
78.23,43294
78.78,10996
78.98,25227
78.03,34846
79.1,103859
78.27,48248
78.98,69943
79.27,38785
79.57,25924
80.47,29650
80.86,85061
80.85,65146
80.84,75879
80.97,40995
80.69,73372
80.88,58511
81.17,22728
80.73,13582
80.89,74058
80.05,34534
80.61,17683
80.79,35525
81.79,26987
81.94,45574
81.98,85081
82.83,23156
82.72,28311
82.95,52178
82.77,12910
82.76,15928
82.77,28019
83.49,24165
83.76,28671
83.39,30266
83.99,29908
83.99,0
83.4,12694
83.2,11691
83.27,18853
83,16367
82.96,14678
83.06,15097
82.61,10126
82.94,17133
84.51,147140
86.21,68597
86.61,53299
87.16,81696
88.31,285509
88.62,377114
88.67,144039
88.54,233963
88.42,108359
88.19,92724
88.01,559032
87.8,72661
86.33,52311
86.48,142895
86.93,180587
86.99,287731
86.62,73002
86.28,32099
86.47,31994
87.37,19480
87.15,48361
87.17,79039
86.87,25027
87.08,28434
87.22,37609
87.73,90193
87.62,50695
87.62,73283
87.46,82711
87.6,41485
87.2,75010
85.88,13450
85.28,20521
86.28,43709
85.66,44533
85.04,22456
85.64,62124
86.07,42983
86.17,63474
85.24,63498
86.18,57113
86.17,38572
86.02,53874
86.51,12786
86.2,22566
86.64,40546
87,27590
86.43,17983
86.4,31659
87.3,32039
87.42,13113
87.66,37549
88.6,46640
88.72,32279
88.73,72193
88.16,13261
87.85,42799
87.51,40097
87.4,45191
87.54,42397
87.37,25946
86.76,9149
86.94,16354
86.91,23482
87.14,15857
86.7,8616
87.08,27322
87.47,23227
87.5,34441
87.03,42881
86.38,30754
86.91,34379
87.07,28546
89.23,41583
89.39,61288
89.85,62289
89.49,68649
89.1,26019
88.64,54340
88.21,21239
88.21,27140
88.08,27863
87.33,22292
87.61,16913
87.88,28511
87.65,82344
87.48,19464
87.61,80712
87.59,20773
87.48,17908
87.56,30650
87.49,12481
87.33,8760
87.33,25315
86.55,35758
85.48,46813
85.66,69533
87.76,46571
87.71,57622
87.64,67179
87.38,33800
87.46,37932
87.73,73671
88,112668
88.07,54087
87.42,108184
87.13,39706
87,47149
87.27,63531
89.04,61221
88.96,59975
89.32,91440
89.35,32794
89.91,34273
89.82,43241
89.53,32827
89.95,21636
89.97,24479
90.22,39574
89.87,56152
89.8,45622
89.26,31726
89.4,17132
89.76,36557
90.31,41166
89.93,34236
90.66,43949
90.4,17589
89.79,20568
89.17,67055
88.15,21248
88.53,23095
88.53,30628
88.23,16111
88.24,18278
88.28,35191
87.25,26382
87.81,41323
88.05,32641
87.63,25185
87.68,15635
87.78,108470
87.93,30189
87.78,39026
88.31,74676
87.48,32745
87.48,27036
88.34,131885
89.38,26549
89.38,32602
89.25,41054
88.64,17714
88.51,15998
88.58,34470
86.73,24911
86.75,13778
86.81,54451
86.33,17422
86.85,23020
87.08,33223
86.83,29942
86.91,105358
87.62,83067
86.53,20935
86.96,41664
86.53,52864
87.09,16410
86.71,24474
85.94,24515
86.05,5954
85.55,15341
85.97,25147
84.77,16994
84.91,14657
85.25,31380
85.14,46343
84.84,51552
84.78,45821
83.64,23753
84.44,34666
84.23,99688
84.33,19598
84.21,11775
84.02,22043
84.72,27760
84.9,12341
84.85,24594
85.12,24751
85.44,21385
85.63,39085
85.89,16050
86.31,13548
86.12,50714
85.5,56512
85.21,17792
85.33,49479
85.7,21208
86.06,32173
86.03,30870
86.09,41756
86.64,53252
86.22,72405
85.48,35988
85.31,36009
85.16,41355
85.67,204661
85.17,169069
84.63,144165
83.97,70269
83.58,35548
83.53,81079
82.62,84277
82.4,59351
82.6,124583
82.16,71618
81.97,41508
82.52,169651
81.9,60253
81.27,51617
81.18,263772
82.72,45050
82.78,41417
82.96,99888
83.41,57156
82.61,28686
82.39,95889
82.51,17684
82.64,87162
81.46,134764
80.2,24348
80.3,30798
80.06,85363
79.23,30540
79.26,22139
79.48,50662
80.49,31864
81.1,17448
81.05,64089
81.8,38364
82.49,26030
82.53,122954
83.15,22498
83.27,16725
82.83,52412
85.76,39125
84.53,34623
84.48,60676
85.06,9042
85.03,12417
84.87,62967
85.66,19949
86.02,14140
85.78,34914
85.36,37278
84.87,13415
85.19,49826
85.66,29390
85.99,64224
86.24,95951
87.02,73510
87.01,50216
86.67,47773
86.01,25941
85.95,8507
86.28,38999
86.92,25888
86.69,12562
86.75,39773
86.63,31676
86.72,29363
87.03,40253
86.61,11839
86.8,12438
86.99,50683
87.27,18450
86.86,8522
86.79,35199
87.17,8416
87.08,8753
87,43647
87.82,23281
87.56,13471
88.11,67585
88.75,41491
89.09,36231
89.08,82925
84.98,223026
84.66,123031
84.55,204952
85.01,53537
84.6,72616
84.79,63437
85.71,26916
86.06,22791
86.23,35047
86.25,18282
86.85,14433
86.49,53754
86.56,20674
86.44,9943
86.02,18900
85.78,34722
85.75,38155
86.18,69871
86.36,14519
86.63,12851
86.99,52465
87.86,10979
87.31,7130
87.1,23665
85.13,21406
84.06,16910
84.25,49532
84.94,17544
84.9,12036
84.61,65047
83.34,48976
82.13,20391
82.35,49240
83.48,6738
83.82,4702
83.35,25320
83.72,8781
83.52,11363
83.61,21435
83.07,20934
83.95,7059
83.9,35618
83.42,18964
82.66,14709
82.56,40692
82.16,29804
82.59,10092
82.76,40089
83.04,23840
83.15,7380
82.65,25488
83.01,8178
82.74,6933
83.05,30842
82.4,38767
82.9,51807
82.69,104320
82.03,15513
81.98,46048
82.17,96238
81.12,43956
80.64,116346
80.69,149557
81.53,24871
81.65,56528
81.62,31933
81.32,9490
81.64,25771
81.43,43365
81.62,33131
81.73,33112
81.95,78193
81.15,7741
81.37,12649
81.26,31241
80.04,32614
79.4,41798
79.76,73298
80.07,21517
79.77,21390
79.69,37844
78.75,65075
78.6,39050
78.46,104122
78.95,95332
78.67,57619
78.83,83453
78.92,26201
79.22,16294
79.11,41923
79.72,69124
80.41,63492
80.3,136287
79.81,25407
79.16,28927
78.97,73466
78.95,40734
79.67,23961
79.7,80873
80,29603
80.1,15216
80.38,58173
80.81,23808
80.59,39430
80.78,20280
80.57,6669
80.76,35256
80.83,82070
81,9642
81.18,5768
80.82,24924
81.29,25655
81.22,19718
81.47,31326
82.18,4347
82.24,9055
81.83,53277
82.52,25204
82.67,17384
82.77,54482
83.63,19380
83.9,16974
83.59,82382
84.14,96811
83.22,63001
83.46,119143
83.36,26626
83.77,34328
83.94,91740
84.4,51681
84.25,38484
85.11,82682
85.4,53730
85.28,42708
85.22,142093
84.83,24026
85.37,27514
85.83,61373
85.39,31086
85.43,23712
85.76,40034
84.62,13384
85.07,8854
85.19,18421
85.57,27562
86.17,24274
86.35,89058
86.27,30151
86.45,27090
86.93,51531
86.56,36031
87.11,20238
86.53,45046
86.25,23347
86.13,52062
86.03,24397
86.42,15737
86.65,27088
86.69,31107
86.96,32362
87.16,81048
87.26,19188
86.7,17785
86.81,62003
87.12,12969
86.97,13047
87.07,33033
87.79,44638
87.79,29895
87.79,94138
88.32,53068
88.04,15558
88.42,87813
89.14,5480
88.6,8515
88.67,33211
87.29,37383
86.87,23701
87.59,44852
87.87,80985
87.95,53581
87.36,134892
88.04,118761
87.57,88254
87.95,239132
88.23,34027
87.86,22444
87.55,131117
86.71,32278
86.64,20817
86.43,43510
86.8,9453
86.56,17276
86.63,24771
85.09,39352
86.03,21301
86,38714
86.04,23346
87.07,20096
87.12,51291
87.33,67654
87.32,40817
87.31,139406
87.61,34398
88.1,44097
88.22,61254
88.48,19680
88.22,30176
88.5,87465
88.33,13388
87.55,13444
87.36,30211
86.32,11158
86.98,6418
86.88,23153
86.35,8931
86.43,13963
86.34,28236
86.32,15370
85.89,12859
85.98,28822
86.01,7479
86.02,20328
86.55,50900
85.8,16169
85.75,12345
86.02,18233
86.23,9814
86.2,7368
86.61,10377
86.77,30076
87.14,20580
86.22,43562
85.36,10378
85.16,16877
85.15,18785
84.97,9020
85.22,6860
85.01,13968
84.07,12849
84.04,11377
83.85,25483
83.82,14584
84.4,6718
83.79,38131
83.27,9932
83.34,8691
82.99,23288
83.48,10212
83.83,9694
83.54,25742
84.43,21643
83.4,10917
83.63,35111
83.26,12649
83.19,5195
83.31,16427
83.39,4756
83.4,3099
83.35,18930
84.41,9093
83.81,6652
83.4,32995
83.74,7043
84.2,15646
84.11,45679
84.89,5994
84.92,4514
84.95,28974
84.92,11264
84.99,10652
85.23,24450
85.64,12960
85.49,8653
85.47,28629
86.34,17072
85.79,12373
85.62,43094
85.46,27898
84.5,12315
84.67,30297
84.41,23621
83.97,10679
83.93,52423
83.06,18494
83,19071
82.93,57662
83.36,11399
83.05,14447
82.79,24740
82.46,34176
82.47,4999
82.77,30678
83.41,13111
84.11,13628
83.8,40084
83.69,9295
83.97,5104
84.11,22487
84.2,29560
84.44,25997
84.63,58830
84.9,11018
84.77,8920
85.01,34183
84.6,16135
85.23,17751
85.14,42253
85.07,12835
85.56,8819
85.74,39648
86.09,15791
85.87,7665
86.31,35970
86.16,17653
86.83,36928
87.12,33079
85.08,12322
85.09,32735
85.47,29399
84.09,46982
84.05,26549
83.97,60533
83.27,42635
83.4,29168
83.22,78979
82.42,64437
82.42,28454
81.99,47822
81.63,36814
81.66,15957
81.27,55220
82.2,26913
83.16,39931
83.57,123876
83.87,51728
83.94,42860
82.96,53599
82.77,36210
82.45,13192
82.22,40669
82.03,27379
81.81,29911
81.35,40521
81.78,18803
81.8,17735
81.66,40073
82.85,22582
82.25,15982
82.47,31167
81.93,45704
82.55,16448
82.56,42420
82.65,5526
82.43,12032
82.82,21859
84.81,39276
85.61,25383
85.53,116646
83.98,27161
83.76,14077
83.4,35967
83.23,23069
82.5,12933
82.43,36860
82.46,13920
82.73,6979
82.88,30612
83.04,18997
83.74,13208
83.72,29582
83,21141
83.76,11199
83.49,22620
83.67,12552
83.74,11816
84.05,50678
83,69777
81.98,84411
81.78,115265
82.7,89431
83.8,58685
83.64,88638
82.68,24240
82.03,32320
81.79,44653
81.61,6645
81.59,24587
81.35,31866
81.88,20795
81.53,21624
81.12,65103
80.75,13025
80.77,22957
80.86,34447
79.99,55235
79.4,58927
78.9,57866
79.48,18673
80.12,19399
80.46,43576
80.23,11875
80.03,28705
79.83,32651
80.03,8740
79.79,15943
80.04,33149
80.72,10599
81.3,15499
81.66,33690
82.54,38613
83.06,32482
82.46,51497
82.2,6347
81.91,3211
81.88,18692
81.98,10919
81.91,13869
82.02,16745
81.63,13244
81.33,11269
81.15,36234
81.04,25615
81.09,29418
80.89,31339
80.04,12870
80.59,22701
80.61,71882
80.74,15968
80.91,30614
81.19,40749
81.87,33246
81.35,34714
81.66,74691
81.58,27062
81.92,18335
82.07,37485
81.91,13504
81.71,16432
81.96,18233
82.5,15823
82.67,11915
82.73,33925
82.81,10252
82.63,35090
82.96,53292
83.27,11968
83.26,15572
83.39,33765
84.01,34435
83.99,38341
84.16,62026
84.74,63597
84.74,0
84.35,11352
84.14,9769
84.34,31807
84.72,8146
84.68,11674
84.86,11413
84.25,8168
84.15,15919
84.59,16370
84.25,10584
83.83,11774
83.72,52144
83.72,18936
84.21,24957
84.55,15222
84.78,31130
83.38,37268
83.59,36073
83.1,6148
83.73,8928
83.55,29820
81.53,44785
81.99,28904
81.81,36617
82.09,20805
81.88,22825
81.92,50756
82.12,26030
81.66,15198
82.03,29876
83.77,16406
83.45,13335
83.39,50516
83.35,14086
83.13,22651
83.36,23787
83.22,18824
82.79,84649
84.07,67754
86.48,49529
86.48,53920
85.45,98298
85.35,26342
85.42,38695
85.37,55271
85.59,22467
85.63,18957
85.65,33010
85.71,16360
85.66,6594
85.41,23710
85.47,17669
85.32,8773
84.7,28780
84.83,19175
84.19,13759
84.32,18717
85.05,8186
85.17,12221
84.81,16661
84.67,6788
85.06,6458
85.21,16310
85.58,11224
85.41,9447
85.27,12539
85.75,18071
85.75,14419
85.87,18697
85.8,9310
85.61,5309
85.69,24998
86.8,19633
87.33,14256
87.07,41215
86.6,23659
87.09,35036
87.04,26198
88.15,33778
87.46,33049
87.56,78291
87.03,12833
86.46,20587
86.54,16218
87.95,16765
87.95,34015
87.81,21694
86.81,23723
86.63,38835
86.78,38331
86.38,21416
85.39,31600
85.88,36323
85.8,39453
86.17,22134
86.35,31490
86.91,8987
86.89,6345
86.87,14942
86.15,12875
86.05,14685
86.11,19086
85.89,29730
85.47,34888
85.45,36353
84.36,15575
84.15,20387
84.7,19777
84.02,22487
84.33,13226
84.66,40426
84.74,12388
84.33,26749
84.48,68231
83.22,14284
83.47,12517
83.59,21139
83.32,32677
83.31,38228
83.34,55760
83.2,17627
83.06,39767
83.11,57138
83.35,19771
83.37,32480
83.31,23299
83,14696
83.39,13052
83.24,57915
82.82,38245
83.2,37130
83.56,43641
83.25,42862
83.32,99027
82.97,148237
83.63,93699
84.59,32182
84.49,44765
84.33,45595
84.37,34322
85.01,31399
83.82,26359
83.92,21986
83.8,45251
83.33,40683
83.54,22517
83.32,31672
83.7,15530
83.46,21689
83.36,18569
82.06,58067
81.33,45688
81.09,68156
81.14,21029
81.17,24525
81.22,26482
81.33,18824
81.96,19362
82.07,34993
80.96,87181
81.06,46973
80.67,56081
81.25,24580
81.23,35543
81.27,51289
81.29,30928
81.28,37504
81.39,50666
81.73,55768
81.87,23010
81.61,26915
81.73,13312
81.75,44431
81.7,30445
82.35,29673
82.17,45949
82.51,23835
82.3,21850
82.32,25654
82.89,94302
83.75,69899
83.76,73310
83.79,58596
82.59,16749
82.32,15983
82.28,43086
82.48,13582
82.34,22870
82.16,73849
82.48,14172
82.08,9200
82.2,51407
82.34,15312
82.16,13280
82.13,64100
81.47,29995
81.46,21961
81.72,63088
81.73,32680
82.62,23460
82.47,46029
82.46,13182
82.46,12395
82.35,28540
82.99,73151
83.32,38211
82.85,37272
83.21,10288
83.32,17607
83.32,33454
84.31,15843
84.36,11422
84.46,12788
85.48,17786
85.49,10764
85.68,49402
86.6,20870
85.89,18044
85.95,62774
87.07,17457
87.25,17425
87.17,46341
85.26,32942
85.46,31902
85.58,89853
85.28,27577
85.38,14813
85.37,210725
85.97,30312
86.57,37647
86.77,67818
87.3,48053
86.81,21897
86.78,44793
86.39,38557
86.26,30469
86.35,56213
87.11,53665
85.79,64911
85.67,100669
85.08,52844
84.53,52026
84.51,115087
84.46,215702
84.14,36995
84.38,83118
84.29,58640
84.21,117006
83.56,83624
84.19,60112
84.31,40638
84.66,149381
85.07,16438
84.86,51546
84.97,31802
84.51,42325
85.05,20173
84.97,34427
85.23,27363
84.78,14048
84.69,27320
84.57,31507
84.42,42634
84.5,119324
84.15,45866
84.13,44780
84.04,89669
82.34,39832
82.95,33000
82.79,41074
83.21,35252
83.22,16313
83.44,37227
83.66,28458
83.74,25006
83.84,55644
82.73,90201
82.09,37283
82.58,134788
82.66,43122
82.41,27214
82.67,127228
82.37,43482
82.21,45279
82.2,60062
82.22,33417
82.12,37661
81.53,51816
82.09,31043
82.54,19415
82.42,123239
83,62753
83.01,128907
83.53,116712
84.18,20425
83.91,14398
84.02,53255
84.96,27130
85.18,33459
85.63,94237
86.24,71330
86.56,23408
86.98,98096
89.06,70260
88.77,43388
89.47,85519
89.06,55633
90.2,27462
90.79,69000
90.47,72593
89.42,15915
89.42,88117
88.55,52297
88.32,30705
88.05,97190
87.98,24046
88.04,21687
88.05,55677
87.46,58597
87.65,95848
88.51,87183
88.41,16442
88.7,34779
89.16,102023
89.02,16860
89.66,45507
90.39,126146
90.17,72531
89.78,65323
90.33,98759
89.87,7358
89.6,10157
89.47,15833
90.55,11800
90.04,9051
90.25,56728
90.07,11487
90.43,6255
90.41,48008
91.08,22303
91.2,28895
91.37,92748
92.17,20674
91.86,15048
91.98,42138
92.45,11674
91.88,11853
91.62,26231
92.05,21197
91.93,7869
92.26,30767
92.47,33131
92.53,22800
92.55,56349
93.38,16895
93.32,9618
93.64,48661
92.92,33492
92.49,28813
92.51,43111
92.57,18604
92.54,26383
92.35,37116
92.65,46397
92.54,37487
92.9,94806
93.02,15563
93.4,16566
93.42,24723
92.62,14506
92.38,12411
91.96,54539
92.81,16387
92.21,13351
92.33,53371
92.5,16536
92.14,19268
92.02,29384
92.36,7238
91.82,6567
91.89,18682
91.74,16225
91.61,13542
91.86,29534
92.57,16169
92.78,10781
92.84,106338
94.4,15724
94.42,29549
94.47,80815
95.61,77851
95.6,20439
96.07,63117
95.29,22785
95.71,21205
95.98,43017
96.44,21010
96.95,29074
96.66,35316
96.07,8048
96.18,4995
96.01,10833
95.58,20596
95.57,14556
95.81,46524
95.05,14868
95.83,10081
95.91,17896
95.32,41760
95.37,26136
94.77,31302
94.28,20601
94.28,18089
94.51,38357
94.17,46734
94.48,13311
94.46,30246
93.82,35369
93.94,18298
94.09,45487
93.43,41118
93.91,13167
93.7,39744
93.46,14002
93.53,16488
93.94,53069
93.8,18549
92.69,14217
93.3,49179
94.13,26800
94.6,13104
94.66,50410
95.3,17357
94.98,21622
95.22,34154
95.49,10170
95.35,4355
95.27,32798
95.41,44448
95.34,21719
95.15,29928
94.76,27259
94.82,12507
94.9,28849
96.24,16847
95.27,11986
95.12,30376
95.19,15674
94.91,3419
94.9,20763
95.17,17484
94.84,12473
94.85,18068
95.26,12132
95.39,23595
96.17,29004
95.61,20111
95.74,42547
95.68,35291
95.79,149560
95.9,57608
95.87,41491
96.2,39816
96.02,35516
97.26,36468
97.67,21659
98.12,71598
99.01,11469
99.54,15650
99.7,27945
99.03,20201
98.82,11841
99.01,49904
98.98,11190
98.57,14032
98.83,23139
100.66,22117
101.06,16580
101.52,42202
101.59,73007
101.66,37762
101.27,17521
101.53,11714
101.03,21572
100.46,59023
100.19,98107
100.34,42475
100.15,74496
102.79,83760
102.98,27700
102.87,45503
102.69,54779
103.17,34804
103.49,65986
105.8,51240
105.88,51585
105.62,89992
105.58,42698
105.89,26675
105.82,44974
105.91,15470
106.84,26590
106.73,34863
107.08,11504
107.34,13755
107.14,115602
107.4,38458
107.92,43255
108.53,48893
107.99,37993
108.88,60582
109.42,139014
111.01,55829
108.36,44046
109.2,85873
109.13,67143
107.46,121542
106.6,110076
107.61,40123
107.7,13799
107.66,53975
108.62,14262
108.68,11484
108.35,60109
109.16,24104
108.77,24754
108.8,43720
108.88,19691
108.64,31269
108.65,43899
108.92,16228
109.19,13733
108.87,44843
108.8,34762
109.84,25791
110.18,38593
110.3,20067
110.03,21229
110.3,48162
109.41,35966
109.68,33683
109.97,90851
110.37,25149
110.32,27192
110.37,53019
111.04,29451
111.06,62054
110.88,51788
110.87,45389
111.41,14306
111.24,40413
111.99,16020
111.8,12540
112.21,48083
112.37,99799
111.91,45830
111.58,124089
112.29,16705
112.05,15342
112.32,43394
113.34,19782
113.43,17482
113.47,39907
113.7,51099
114.01,13789
114,40008
114.45,66429
114.67,49558
114.72,65769
114.18,41459
114.4,16455
114.71,39931
115.21,15314
114.57,10268
115.02,75469
116.45,35397
117.03,60293
117.84,92363
119.1,55692
119.12,42842
117.76,109591
118.45,87410
117.77,32360
117.95,92263
118.27,86853
117.84,46170
117.95,102852
118.67,49737
119.58,24824
119.47,104080
118.83,60286
118.07,53766
118.51,83797
116.83,27584
116.78,29345
117.1,58051
116.42,53103
115.87,99609
116.01,127095
117.36,41225
117.69,32330
117.24,90772
118.25,71463
117.82,40071
117.8,87515
116.65,65643
115.15,57540
114.99,83754
114.82,152367
114.23,75224
114.23,193137
112.5,86408
112.31,67253
112.24,129550
111.88,49500
112.3,52943
112.68,134148
112.79,46842
113.12,16827
113.26,38360
113.28,39074
113.38,24049
113.4,66515
113.62,72282
113.73,46022
113.86,104699
113.89,62878
114.32,54041
114.48,70309
114.66,26719
114.57,25982
114.53,75334
114.57,24649
114.35,24135
114.56,88802
114.92,55162
114.73,45264
114.36,62216
113.49,29197
113.26,16559
113.28,42026
112.25,66097
111.65,33506
111.72,64669
111.77,27663
111.61,35965
111.84,53699
112.2,109036
112.26,18751
112.21,109861
112.64,26694
112.14,11339
112.3,37288
113.21,36732
113.7,15642
113.35,47937
114.41,33740
113.87,14515
113.67,50075
112.87,18915
113.03,11169
113.21,28601
113.54,21860
113.74,11371
113.39,70325
113.82,40056
114.2,14889
114.19,51689
114.41,21564
114.02,24509
114.18,27923
114.21,26824
114.18,13887
113.73,30771
113.71,16669
114.02,19872
113.93,47462
113.66,27144
112.88,31677
113,132279
120.66,164288
121.75,59320
122.79,185124
123.22,67693
124.17,38703
123.94,90732
125.19,48353
124.88,51753
125.46,101437
124.94,46541
124.15,36875
123.72,84505
121.98,61147
122.91,28308
123.11,92062
123.89,93627
124.6,72350
124.69,103382
124.61,29359
125.01,20132
124.95,66186
126.84,38874
125.81,17145
126.07,70794
125.17,63264
124.53,48083
124.13,106529
123.13,44099
123.32,30097
123.25,53315
124.8,12246
124.79,19343
124.79,37071
119.86,232470
119,153544
119.52,83284
118.58,91059
118.41,129331
117.49,117251
118.42,33794
119.16,50945
119.45,38490
118.68,47275
119.01,33242
118.7,53327
118.17,20010
117.41,48217
118.07,60138
118.26,30781
117.9,38435
118.02,57548
119,47445
121.08,61266
121.26,52512
122.82,64048
122.23,54887
122.25,85596
122.51,26815
123.56,82826
124.47,79801
122.75,118156
123.4,80315
123.37,51895
122.51,25537
124.11,18200
123.63,38640
124.74,13972
124.84,13620
124.76,32954
123.92,33837
123.9,29839
123.33,48848
122.76,24811
122.96,21181
123.09,28078
124.6,36813
124.84,57241
125.33,59440
125.94,12555
125.94,14339
125.08,43629
125.47,43552
125.47,0
124.28,27974
123.84,20857
124.12,29772
123.33,37149
123.36,40019
123.24,50783
122.55,17154
123.18,42664
123.14,31936
125.12,23048
125.57,27702
125.76,75974
124.79,22501
124.28,46418
123.79,49652
121.69,39733
122.05,39116
121.49,45164
121.86,22359
121.87,30859
122.34,144162
122.01,64548
120.99,31245
120.58,58292
120.38,13572
120.45,21225
119.74,24062
120.78,28167
119.9,19011
119.84,17503
120.04,7947
119.98,11866
119.63,33105
119.09,82871
119.45,106222
119.05,61648
118.82,10732
118.83,23188
118.47,58523
117.39,42347
116.73,23583
116.54,93211
117.05,25745
117.64,21286
117.44,52390
116.25,43324
116.25,0
116.62,33707
116.41,24802
116.4,21139
116.14,83652
116.05,50879
116.23,41810
114.37,33032
114.34,19525
114.57,61887
115.12,49717
115.26,34977
115.3,64316
116.38,29493
115.63,23453
115.29,27335
116.58,23047
116.66,15997
116.79,40382
116.62,157768
116.25,68569
116.14,63007
116.3,33243
116.16,40225
115.88,85612
115.39,25043
115.84,27042
115.97,42219
113.94,80946
113.06,53987
112.64,80601
111.59,67588
112.42,41749
112.47,48825
112.73,27135
112.73,20335
113.28,23765
112.58,36747
112.8,19243
113.25,35763
113.92,167861
114.15,158921
114.25,129431
115.56,60565
116.05,62106
116.75,43176
118.01,49881
117.96,18285
118.01,66357
117.71,35718
117.26,33494
117.59,45260
118.82,40116
119.29,50465
119.6,89688
121.49,44955
121.54,48763
121.77,84369
124.35,50703
124.77,45096
125.44,90401
124.79,123819
123.78,109035
123.24,111212
124.49,11943
124.71,37407
124.37,104760
124.18,25186
124.62,25219
124.77,42313
125.24,23776
125.2,39615
124.86,78057
124.36,80908
124.64,69949
125.28,100324
125.12,47630
125.15,49375
125.19,89965
125.46,88446
125.51,150441
125.17,205767
136.67,126182
138.14,87589
138.36,136496
138.82,69618
138.52,55158
138.17,87735
138.31,44281
139.09,34961
139.46,61223
140.68,23500
141.45,56291
141.9,53630
142.69,37513
143.61,38021
143.38,35786
143.55,42106
142.15,59669
142.73,67250
144.37,42256
144.6,30317
144.52,71176
142.74,51972
142.89,180666
142.79,90371
142.7,164332
141.34,194664
142.65,80670
144.82,45953
145.41,55139
145.07,91415
147,53870
147.2,73386
147.29,83814
148.83,66121
149.63,49014
149.32,94479
150.67,104685
150.36,276592
150.43,202584
150.29,67815
148.8,48529
148.52,69228
148.12,55085
148.04,55187
147.52,92428
147.1,64891
147.18,85013
147.06,186417
150.86,43543
151.6,45019
151.27,60072
149.79,52946
148.71,61067
148.44,57719
146.72,27172
147.22,62421
147.33,94585
146.69,43420
146.39,51899
146.92,134703
145.22,54361
144.47,34599
144.74,82306
145.24,42838
145,53030
145.04,75370
145.39,44570
144.93,57203
144.92,129719
146.01,26532
144.59,25054
144.73,58064
144.43,38610
144.25,32638
145.09,47721
146.87,58711
147.48,70082
148.53,74953
148.18,51890
148.53,74935
148.3,86841
147.16,37503
147.02,20982
146.88,65915
147.09,66684
146.92,46065
146.85,64845
146.82,45866
146.34,28611
146.49,97120
146.28,30239
146.24,39980
146.27,86100
146.2,48720
146.24,39627
146.43,71752
147.96,39534
148.51,19536
149,48866
149.53,32304
149.24,23421
148.87,63051
150.24,60001
150.18,46802
149.38,112886
152.42,91908
152.43,39936
152.42,66437
151.8,75614
152.4,39419
151.82,85451
151.05,36185
149.69,41754
149.75,63166
155.3,130606
155.96,125938
156.34,222587
152.75,170424
148.87,142361
146.97,284039
143.9,156409
144.89,76110
146.34,112379
146.79,85657
145.81,57836
144.63,145439
143.97,61297
142.29,104304
147.47,227699
147.77,69118
145.02,163126
146.25,283255
147.94,96358
149.4,33909
149.49,84421
151.12,67205
151.54,33194
152.54,80322
153.17,46247
153.82,76294
154.76,108166
155.94,83387
155.48,47863
153.98,124185
157.5,57216
157.56,34180
158.24,116864
157.83,34192
155.92,31333
153.86,106528
157.45,160095
158.85,112222
157.38,143772
162.45,88275
163.15,44118
163.07,100970
161.78,42452
162.7,58822
163.36,157977
163.7,90438
164.83,73141
163.74,70046
163.7,59509
162.88,36295
163.06,61090
163.96,90814
164.04,27769
164.88,87076
164.16,31942
164.48,21574
165.12,89897
164.2,65036
164.66,31843
164.97,81955
164.52,56076
164.68,38133
164.29,43283
164.57,20890
166.12,37504
167.19,66866
166.39,59087
167.72,48109
167.44,89128
168.83,72993
169.95,64483
169.78,88132
167.66,65744
166.39,24547
166.47,82339
165.02,48147
164.79,58680
164.38,89319
159.1,56566
159.65,44026
159.44,181924
158.18,89636
158.39,56078
158.99,209714
159.72,96525
158.22,59893
158.36,51947
161.69,47570
162.46,42344
162.56,118705
163.55,20979
163.34,28680
164.01,48154
165.9,73906
166.57,10833
166.9,30361
168.44,27461
167.24,31846
167.7,46615
168.18,49627
168.58,39845
168.46,66714
167.78,37382
168.77,23108
169.33,80908
170.19,37106
171.48,30804
172.2,74672
172.39,48776
171.77,29165
172.71,89585
172.23,22712
172.58,8381
173.06,41298
170.07,59981
169.75,48815
171.48,52843
173.18,42563
173.58,50955
173.96,91384
174.33,73052
176.03,46248
175.5,80148
175.28,42913
174.07,27488
175.93,69146
173.5,48484
174.26,73762
174.78,84610
175.38,55349
175.47,21356
175.22,39645
175.62,38594
175.29,10813
176.14,49911
173.69,20141
174.45,11311
174.52,28570
174.12,22460
173.37,19890
173.8,44190
174.23,36967
175.57,13311
176.18,54690
177.07,85444
176.34,79375
176.51,150437
178.31,23778
177.4,26288
177.68,85844
180.11,62928
177.24,48177
175.7,57040
176.7,39025
177.55,56021
177.52,112830
177.75,42159
177.27,28378
177.49,65661
175.83,19252
176.1,7911
176.44,53589
178.57,22722
177.95,15542
178.24,41261
178.06,10475
177.85,14098
178.15,21192
176.56,30818
174.81,33719
174.06,82094
174.46,66133
173.46,28000
174.02,67353
174.3,39783
175.14,31009
176.31,40836
176.42,31242
176.67,23245
176.23,43839
177.31,61539
173.46,41263
174.04,74284
173.23,75706
170.97,60853
172.16,59656
172.59,33771
173.43,21523
173.88,31183
174.73,28564
176.46,92515
175.13,34176
173.72,37740
173.73,74650
172.23,77503
172.35,24950
171.91,45091
173.6,41736
173.41,30500
174.79,65667
174.61,26206
173.69,30344
174.09,48325
176.4,29662
176.12,23340
175.49,39157
176.24,46132
175.27,20090
175.37,56741
176.13,44998
177.48,30004
178.1,49785
176.5,69070
174.45,80084
173.63,95196
173.64,37831
174.04,16923
174.56,61251
174.27,27901
175.42,44511
175.94,89173
164.22,317031
162.32,145737
162.88,115739
159.54,112137
159.67,62400
160.57,118902
158.51,72448
158.04,107577
157.06,142728
157.85,19866
156.63,37496
156.99,66937
154.43,76884
153.08,75583
152.61,189131
154.71,82955
156.63,83007
157.55,291122
159.1,80004
158.36,75155
159.37,113115
157.63,75770
159.27,50299
159.81,132562
161.9,92270
162.7,60622
159.71,67861
159.86,44173
158.41,38358
158.53,104357
158.46,49113
159.96,29921
159.81,81361
161.85,69090
163.14,31864
162.5,82037
162.53,26926
162.13,23382
163.54,50506
164.31,56853
165.58,29726
165.35,68471
163.49,72990
163.7,39639
165.77,66038
165.31,84476
163.86,48734
163.64,64510
162.58,86607
160.45,38707
160.98,41815
162.15,31934
160.78,20387
160.4,31889
160.91,19664
161.59,20039
162.08,149589
162.22,20394
161.4,12186
161.57,48845
163.45,32988
163.73,40168
164.28,59099
167.04,73375
168.24,39771
167.74,54261
169.09,41823
169.79,32965
169.95,61227
168.05,63898
166.8,43044
167.45,57653
165.68,53224
163.92,24895
163.65,63741
161.58,49673
161.71,26710
162.15,86538
161.03,51401
160.27,20021
160.09,63997
158.71,63765
159.76,43745
160.94,129115
161.18,60721
161.27,43854
161.68,69381
160.68,61890
162.49,39321
163.22,70884
160.01,43830
160.04,73675
157.91,125400
159.85,94427
156.52,49145
155.62,108789
156.28,56999
156.96,21498
156.88,48022
157.17,67317
155.73,49472
156.69,79776
158.12,17736
158.54,16465
159.5,62771
160.67,27379
160.04,17747
160.79,46665
163.24,40962
164.9,26814
164.49,50902
163.45,65563
160.94,21429
161.47,41075
158.9,35080
159.91,53040
158.67,81084
158.2,55539
158.19,70567
159.63,109082
159.41,21238
160.85,37268
160.93,58185
159.12,51494
158.15,50405
157.75,112190
157.64,56519
158.34,42092
159.06,81731
157.8,64017
155.73,46301
158.63,70387
158.08,66427
157.35,30447
159.09,49022
159.67,41059
159.41,30706
159.56,58389
159.75,42160
159.49,19756
159.4,51096
160.17,33901
158.77,25223
159.43,55571
159.43,54451
159.6,27838
159.04,87080
157.95,49962
158.19,31125
158.54,87803
158.67,65919
158.45,171053
155.79,140770
156.55,64705
155.02,58608
154.8,158548
151.96,189213
151.01,51035
150.08,111682
149.59,85581
148.58,78826
150,157046
150.56,83705
152.13,57908
152.1,78736
149.53,66695
151.66,36398
152.5,91963
151.98,45781
152.41,31261
152.55,91962
155.1,79566
157.17,61633
158.25,119015
154.61,77563
155.03,31274
155.27,86433
157.69,131595
156.39,66241
155.83,93805
156.71,78396
155.2,25222
155.05,67229
155.01,46767
154.92,49753
153.91,75037
154.47,79588
155.48,55036
155.24,113088
156.26,88447
154.83,83023
154.71,163246
145.36,409610
143.55,427501
146.72,481570
150.42,210024
152.05,133500
152.93,170792
154.07,174358
154.23,127734
155.7,122407
155.08,79776
154.78,41055
155.03,75633
152.22,117886
152.14,57801
152.38,135105
148.27,110469
146.91,89563
145.58,148776
145.7,59307
145.38,68174
144.83,110631
142.69,72184
144.1,54079
144.52,73420
141.8,43497
141.67,52145
141.77,76325
142.3,56763
140.73,34680
141.77,45379
143.36,44965
143.51,60676
144.7,68365
145.13,42767
145.34,47755
145.73,71647
147.24,103304
146.63,87131
147.07,112755
148.33,108735
149.94,87955
150.12,71790
150.6,42341
151.1,69109
151.39,73169
153.08,10603
154.14,45180
153.83,53271
153.84,60038
153.94,29286
153.72,57967
151.92,53639
152.36,40879
152.64,63215
150.73,49622
151.25,22794
152.43,45189
150.96,38243
150.11,44186
149.77,40857
153.85,43681
152.84,37070
153.3,59968
152.33,52690
152.15,51995
152.41,74785
152.73,55049
152.26,52059
152.72,118444
153.94,34304
152.77,32837
152.99,40418
149.83,34913
149.22,27658
148.7,61831
152.93,63393
153.9,52954
154.72,97024
153.86,39004
154.1,32873
153.95,48971
154.26,59855
154.26,0
153.1,22987
153.33,14704
153.48,20008
151.77,37304
152.38,25162
151.86,41744
150.28,20289
150.22,15677
149.57,44324
146.23,142259
144.19,49797
144.95,73577
145.79,46571
145.46,55999
145.39,70493
145.12,41096
147.11,24985
146.6,50285
146.58,35301
147.83,43520
147.34,58734
147.06,91698
147.43,109627
146.67,218736
149.1,27737
149.31,27384
147.91,58516
147.15,28663
149.45,14353
150.35,53631
155.97,68689
155.94,58321
156.29,70611
155.01,53036
155.42,37690
155.52,89360
156.33,74596
154.37,58779
155.42,80942
155.21,72648
154.58,76209
154.21,66964
156.5,72426
156.22,68881
156.51,148303
157.19,57568
157.26,30506
156.82,44147
158.09,50046
158.72,34729
159.32,27910
159.71,50955
159.71,0
160.03,11081
159.56,15802
159.54,21310
160.02,23223
160.26,31802
160.54,34752
159.99,43838
160.61,31324
160.66,49236
159.28,7222
159.6,10326
159.83,22861
160.44,33206
159.28,10936
159.36,41360
155.26,64654
157.86,64574
158.71,78545
156.21,34057
155.52,51846
154.32,95700
154.22,44767
154.12,29890
154.75,60929
157.47,39961
156.54,27092
157.18,43524
158.68,41805
160.03,36126
160.45,56102
161.2,63885
161.84,54780
163.43,94924
164.28,31971
164.62,14897
164.56,36828
167.52,94014
169.16,83170
169.2,111693
171.18,79949
171.37,83912
172.15,41503
171.14,21435
171.69,21760
172.15,56817
166.45,67385
166.81,32895
165.93,54321
162.54,57595
165.27,66799
166.5,83378
167.22,44423
167.53,36871
168.17,96141
168.6,30409
170.65,38148
171.29,60903
173.83,65234
173.94,69305
174.03,78792
174.56,27203
175.49,36691
176.13,75474
177.84,50448
177.25,71601
176.65,144475
177.49,40627
176.43,128830
176.42,107823
175.89,163378
176.31,60258
177.66,125414
176.28,33353
176.71,33196
178.4,74840
179.5,106276
179.98,91167
176.7,196882
176.28,115805
177.17,104265
176.55,95549
180.96,38332
181,45992
180.38,86939
184.73,66784
180.87,59372
181.16,43951
178.42,50441
178.55,40600
178.92,65910
179.36,17205
179.7,24501
181.23,23313
185.04,26687
186.51,49802
184.83,63336
188.13,24359
187.63,45576
187.96,94134
186.84,32378
187.84,19294
186.01,32611
182.92,22156
182.37,35253
182.18,60036
181.3,41327
181.62,25179
181.01,40202
181.2,38252
180.49,30696
181.33,33900
180.56,28718
182.02,29423
181.79,35165
183.32,17424
184.83,33319
185.39,36159
184.45,27607
184.57,8931
184.72,31921
187.03,42717
188.27,35701
188.62,66606
188.36,43351
187.73,41308
186.59,54771
186.83,29071
186.47,42313
184.46,25942
183.25,21526
183.51,26754
183.19,34749
177.05,78647
175.01,72163
176.21,83497
175.7,34048
177.45,22758
177.37,37390
172.1,56720
171.44,80673
166.91,113917
165.72,46772
167.73,19754
167.27,55943
169.21,45951
169.97,31073
170.12,117483
171.08,48567
172,11336
172.37,56557
166.63,36553
165.48,43871
166.07,148924
165.48,101032
166.75,48202
167.76,136167
172.33,58031
173.17,41452
174.12,80753
174.96,37864
173.64,23415
173.91,61882
173,10711
174.42,18561
172.94,57123
165.92,39293
166.08,72411
164.91,62781
163.445,32018
163.19,76462
163.51,143315
163.935,17017
162.885,19718
163.56,116450
164.5,23361
164.11,22904
163.795,63452
163.54,46305
166.59,55065
165.505,42883
163.51,17494
165.14,10900
165.785,33994
165.63,19397
164.565,19918
163.865,69683
164.59,38628
163.98,18456
164.6,45807
164.4,21894
164.235,23745
165.03,44185
165.44,40514
164.28,14593
164.715,53471
152.97,191925
156.39,66598
156.675,127656
156.85,39628
158.99,27236
158.35,47380
158.61,24488
159.1,20629
158.76,50598
160.44,25789
158.68,15277
159.33,48981
157.56,92404
159.25,46859
160.29,82131
160.83,22488
161.345,32554
162.005,57841
159.085,74563
158.56,45276
158.55,68310
163.01,64275
160.25,55064
160.635,109616
158.715,29595
158.32,9610
158.37,62126
157.325,40324
157.64,10039
158.48,47351
157.71,18730
156.105,39405
156.06,50680
156.61,32074
156.705,54562
157.285,116378
158.545,83129
158,33680
157.49,96752
156.51,40616
156.34,45594
155.57,124391
162.66,111042
163.84,54963
163.87,101901
166.41,89739
168.33,76128
170.37,164484
167.76,74093
164.875,33585
163.28,78168
164.375,72155
162.52,44777
161.99,106607
163.97,42853
165.32,20393
166.05,75617
163.675,17608
163.25,38275
164.61,73857
165.36,66712
164.87,81500
164.98,143734
166.71,63384
166.71,54298
166.745,164663
170.215,42067
170.83,32716
169.02,64783
167.58,26708
166.865,49693
168.165,92044
170.155,50945
170.52,28806
170.5,107189
169.44,56359
170.85,36911
171.06,125968
171.63,30294
171.63,31262
171.21,102069
176.98,77956
180.15,50167
180.54,166295
182.685,90377
188.51,65821
190.455,168067
188.625,96881
188.72,55812
188.18,96510