7.774,19119
7.822,18998
7.735,31893
7.972,3232
7.981,2373
7.957,5720
8.179,5055
8.314,2806
8.488,10383
8.29,8194
8.285,2431
8.295,7367
8.218,5160
8.17,2300
8.189,12387
8.078,4745
8.121,9998
8.025,1800
8.025,2500
7.957,1045
8.001,12666
8.121,6494
8.116,6072
8.121,4542
8.179,3800
8.208,3558
8.242,8007
8.194,5099
8.189,10431
8.136,9453
8.102,1600
8.17,4000
8.218,7534
8.295,13820
8.334,13500
8.411,15975
8.421,4000
8.295,2515
8.353,10232
8.343,2741
8.401,2263
8.401,3805
8.242,7211
8.174,11103
8.174,21304
8.256,3214
8.252,4207
8.266,5964
8.314,8092
8.372,2900
8.406,4230
8.363,7865
8.421,2786
8.45,16500
8.556,10149
8.406,17424
8.498,32558
8.532,4073
8.686,2300
8.763,12243
8.725,3000
8.691,3000
8.652,8793
8.792,13552
8.865,13338
8.821,19899
8.826,15561
8.831,11073
8.841,13320
8.981,3860
8.957,4275
8.817,21673
8.435,54361
8.377,16208
8.329,39251
8.218,9828
8.17,9606
8.073,23372
7.947,12994
8.044,8345
8.116,21443
7.996,7547
8.059,9446
8.107,15240
8.31,6216
8.228,713
8.141,5968
8.049,3078
7.967,3133
7.976,7575
7.928,5008
7.841,5421
7.812,8864
7.358,11781
7.218,14857
7.165,30497
7.059,22167
7.185,6084
7.083,4863
7.368,16213
7.581,4228
7.561,15670
7.609,7444
7.527,4439
7.605,9558
7.667,14714
7.619,4497
7.648,15501
7.735,9610
7.59,3537
7.561,7577
7.518,2761
7.537,2672
7.566,3488
7.547,3335
7.397,3663
7.378,8922
7.494,8431
7.537,6075
7.518,19454
7.508,9630
7.634,7089
7.581,20720
7.552,2400
7.687,3393
7.624,8124
7.629,1101
7.585,5267
7.696,3664
7.648,5025
7.735,1207
7.653,7160
7.624,7463
7.383,12387
7.402,16955
7.3,8147
7.194,2606
7.117,4676
7.291,3068
7.175,8665
7.107,8134
7.175,2164
7.271,1730
7.325,2610
7.185,9554
7.262,8199
7.243,16518
7.218,4700
7.238,6544
7.199,8557
7.305,12583
7.344,6623
7.344,10994
7.281,7982
7.271,15221
7.281,19193
7.329,4000
7.387,535
7.291,9959
7.547,4636
7.648,4323
7.624,2741
7.532,1400
7.566,580
7.561,4700
7.59,2246
7.518,747
7.552,4504
7.523,1000
7.585,1400
7.6,5627
7.605,2900
7.45,500
7.465,2772
7.412,1800
7.397,5245
7.378,5421
7.001,8808
7.049,4308
7.117,10544
6.924,4533
6.769,3918
6.866,9517
6.76,3444
6.789,2069
6.818,7312
6.789,8206
6.837,2498
6.837,7502
6.653,4513
6.629,2702
6.567,17286
6.629,7755
6.779,2700
6.731,3019
6.644,1000
6.615,400
6.615,4815
6.48,1470
6.518,1347
6.46,7840
6.296,22976
6.267,3499
6.296,12313
6.19,3624
6.137,1309
6.035,10109
6.016,3181
6.113,8938
6.026,3135
6.122,18823
6.258,10488
6.233,64411
6.204,7090
6.161,6344
6.166,6507
6.055,1435
6.035,1712
6.011,15072
6.05,6211
6.011,700
5.929,3935
5.977,21081
6.089,12583
6.118,27594
6.118,2812
5.992,4495
5.992,9644
6.103,800
6.161,200
6.118,3864
6.069,2347
6.098,3568
6.074,3557
6.093,3074
6.089,2204
6.113,6616
6.277,15823
6.301,10934
6.335,15662
6.219,11135
6.204,4666
6.229,9581
6.093,2645
6.156,2880
6.185,11953
6.151,2942
6.151,3151
6.108,4839
6.2,4083
6.151,5750
6.108,13512
6.132,3974
6.238,2920
6.229,13042
6.287,3079
6.393,7027
6.407,9680
6.393,2261
6.335,2240
6.354,9385
6.045,5763
6.035,7273
6.074,10032
6.006,9073
5.982,10203
6.006,26440
5.9,5570
5.891,3712
5.915,10035
5.881,7135
6.026,2209
5.977,8254
5.997,8806
5.982,7694
5.871,29004
5.765,5372
5.828,1000
5.813,4920
5.809,1000
5.847,1417
5.746,6581
5.891,4882
5.799,8606
5.736,16905
5.649,5596
5.688,1800
5.688,17063
5.591,12689
5.417,5372
5.403,19029
5.504,2900
5.577,4863
5.553,16587
5.504,3400
5.485,768
5.524,7192
5.572,10788
5.557,4165
5.471,12032
5.282,7931
5.379,1810
5.451,3796
5.495,5613
5.582,8215
5.659,14620
5.837,2830
5.852,8343
5.809,15959
5.823,700
5.881,12867
5.915,11785
5.837,16597
5.755,4150
5.746,15242
5.9,2772
5.876,1115
5.881,26029
6.175,8444
6.291,5027
6.238,9277
6.335,13704
6.383,6640
6.402,19113
6.402,5680
6.393,1186
6.359,8813
6.344,1047
6.335,4225
6.335,10927
6.335,4635
6.262,3254
6.238,10290
6.315,7458
6.412,5441
6.364,9723
6.315,2537
6.306,7136
6.248,3887
6.538,10057
6.267,7579
6.315,9491
6.344,2600
6.344,4368
6.383,8133
6.287,1920
6.291,1858
6.306,4995
6.335,2616
6.306,3207
6.306,12792
6.364,1680
6.277,3400
6.258,5885
6.171,1124
6.171,1816
6.151,12909
6.18,2368
6.161,4046
6.161,14549
6.122,3688
6.045,1076
6.006,5981
5.929,7336
5.963,4773
5.977,10408
6.427,11005
6.315,5948
6.287,7713
6.301,3263
6.422,11529
6.47,18382
6.393,8297
6.499,1226
6.48,3743
6.499,2002
6.538,2091
6.567,6519
6.653,10443
6.634,5497
6.591,4500
6.692,1751
6.721,1651
6.75,10524
6.827,4684
6.798,5002
6.803,12337
6.673,5668
6.755,4727
6.774,6421
6.653,2649
6.624,1800
6.634,1958
6.663,1641
6.649,6686
6.658,6094
6.668,8036
6.644,4669
6.624,2232
6.547,2450
6.484,2525
6.48,3655
6.402,9446
6.344,6983
6.33,7054
6.113,2937
6.118,5608
6.146,4400
6.084,7697
6.137,4500
6.064,13822
6.113,8853
6.113,0
5.992,6391
6.031,8074
6.021,11808
6.016,10123
5.958,2053
5.997,8120
6.021,9214
5.891,7270
5.775,10629
5.611,5437
5.64,4699
5.635,6753
5.504,4539
5.562,4113
5.572,19390
5.62,6757
5.64,7941
5.659,14482
5.726,7576
5.736,3479
5.722,4554
5.717,8736
5.726,10791
5.775,3964
5.582,9712
5.533,6300
5.471,7013
5.485,4352
5.456,7958
5.466,5565
5.456,6181
5.403,7985
5.422,7306
5.408,3495
5.331,7986
5.374,13440
5.157,5925
5.176,15396
5.21,21356
5.601,12080
5.586,8006
5.591,8802
5.731,8003
5.722,16236
5.707,9249
5.611,2211
5.678,4592
5.712,3602
5.64,4731
5.664,8472
5.707,5234
5.717,1848
5.717,2480
5.751,5549
5.852,4957
5.871,3877
5.862,8086
5.987,4747
5.92,1478
5.949,3162
5.997,3891
5.92,7914
5.91,5118
5.929,1742
5.91,2726
5.881,3200
5.997,5244
5.987,3019
6.006,9528
6.006,4000
5.997,2421
6.002,4381
5.9,6893
5.847,4407
5.866,12670
5.915,5230
5.862,8982
5.847,9251
5.871,2844
5.871,3511
5.736,6541
5.519,2871
5.533,8985
5.485,4750
5.413,5234
5.475,3089
5.471,3959
5.475,8423
5.562,5300
5.649,2203
5.717,2347
5.823,5706
5.881,7701
5.997,5264
5.977,18327
6.006,15542
5.968,2915
6.026,4701
5.992,2784
5.93,4942
5.896,5215
5.939,9052
5.944,3358
5.838,1755
5.847,3000
6.08,6188
6.264,5592
6.302,8783
6.351,3516
6.341,1720
6.254,3438
6.022,4484
5.993,3893
5.944,4740
5.944,0
5.944,0
5.944,0
5.867,1200
5.896,4918
6.06,6216
6.012,1500
6.041,6232
6.041,0
5.702,7027
5.625,3438
5.634,3834
5.557,7116
5.576,4201
5.605,6481
5.741,2339
5.794,3827
5.818,7506
5.915,2093
5.886,300
5.891,6137
5.872,2957
5.935,6858
5.876,6969
5.731,1915
5.712,5900
5.731,5758
5.731,2359
5.683,3937
5.673,2714
5.872,4469
5.93,10621
6.012,8399
6.022,5800
6.022,2000
5.993,4981
6.031,2966
6.08,7778
5.993,8628
6.012,5650
5.997,4069
5.872,16057
5.993,3032
6.099,16915
6.254,13172
6.409,4901
6.254,3700
6.322,7126
6.177,7770
6.244,5465
6.254,11625
6.351,5353
6.399,5245
6.433,6620
6.622,11032
6.699,17348
6.738,4788
6.482,7159
6.612,10329
6.656,8507
6.612,4086
6.651,4146
6.632,4724
6.757,74709
6.787,87428
6.748,48522
6.845,5546
6.816,5409
6.574,8141
6.743,6345
6.743,4710
6.816,14717
6.757,3300
6.767,11280
6.874,14181
7.087,1620
7.106,5475
7.174,8244
7.154,100
7.13,4137
7.212,7248
7.261,12004
7.319,5370
7.363,10498
7.464,7194
7.576,5488
7.648,7254
7.803,7518
7.668,14429
7.789,34371
7.789,0
7.789,0
7.789,0
7.716,7199
7.726,9086
7.793,10820
7.977,9418
8.035,7085
8.142,7061
7.861,2230
7.958,9372
7.968,12395
7.648,7070
7.58,7929
7.445,9935
7.455,6754
7.658,7885
7.653,12576
7.648,16737
7.619,23188
7.629,75614
7.808,17219
7.953,3668
7.827,11552
7.818,8920
7.755,5483
7.784,23652
7.89,5144
7.9,3410
7.847,5842
7.716,6574
7.755,2945
7.813,8164
7.793,6888
7.784,3734
7.861,2692
8.064,11697
8.031,16996
7.929,14830
7.924,1800
7.905,1151
7.914,23759
7.774,9385
7.779,3571
7.735,25089
7.484,8917
7.576,19834
7.643,14182
7.88,5561
7.842,2014
7.774,9607
7.798,1200
7.837,2000
7.929,21419
7.91,2700
7.943,13567
8.05,46619
8.181,13855
8.219,15910
8.137,25932
8.602,48301
8.316,19268
8.244,20192
8.161,4047
8.219,2129
8.113,11105
8.214,10298
8.282,1645
8.331,6447
8.442,6460
8.461,4819
8.519,4828
8.578,9160
8.515,12876
8.587,22256
8.679,83059
8.766,50839
8.795,72726
8.728,34416
8.713,16196
8.703,10105
8.602,3475
8.607,8295
8.689,21774
8.753,5289
8.573,5861
8.486,9865
8.321,1779
8.282,5783
8.292,9675
8.156,23100
8.166,63298
8.37,45123
8.239,6699
7.948,2200
7.89,9430
8.016,11930
7.749,4270
7.773,14153
7.516,24166
7.371,22319
7.482,35429
7.526,24953
7.599,15721
7.506,34404
7.531,7298
7.395,8339
7.434,14201
7.322,1578
7.245,3296
7.366,5824
7.4,300
7.283,120
7.283,2926
6.561,20738
6.454,18303
6.614,27210
6.808,16025
6.997,7975
6.992,13568
6.798,5376
6.828,3145
6.866,23182
6.886,3162
6.624,4445
6.624,3375
6.556,3131
6.556,1650
6.498,13112
6.265,2019
6.246,6756
6.158,33780
6.246,2669
6.032,2471
6.047,12717
6.207,2050
6.12,4756
6.076,16789
5.819,3271
5.804,6342
5.732,11537
5.833,3058
6.057,2388
5.964,9398
6.071,1800
6.042,2350
6.003,3360
6.11,4652
6.149,7929
6.173,15421
5.994,5682
6.057,1500
5.979,5775
6.255,5439
6.323,4058
6.381,6346
6.212,461
6.265,1410
6.183,3800
6.386,700
6.314,500
6.314,18008
6.425,3396
6.464,4572
6.459,3765
6.381,5096
6.367,2163
6.444,8213
6.44,2641
6.372,2434
6.338,5056
6.386,2601
6.401,2136
6.435,5011
6.459,4964
6.42,3640
6.401,18133
6.415,4395
6.406,2147
6.425,6375
6.663,4205
6.789,4036
6.803,5721
6.847,4912
6.735,4366
6.735,10399
6.624,2249
6.556,2975
6.571,8783
6.619,6049
6.556,3535
6.609,9026
6.6,14874
6.745,15100
6.643,10090
6.469,2412
6.396,1200
6.415,7947
6.289,12093
6.566,2503
6.624,14542
6.26,16174
6.149,8171
6.217,12555
6.023,3461
5.955,1227
5.93,5708
6.013,2000
5.994,3561
5.994,10635
5.984,27752
6.226,7076
6.154,5593
6.071,5974
6.168,3846
6.158,9112
6.275,4588
6.323,1135
6.284,3421
6.183,1100
6.124,4733
6.197,7651
6.11,1934
5.926,6590
5.804,4265
5.887,10636
6.052,2100
6.032,8841
6.173,14033
6.173,6928
6.217,12867
6.071,1088
6.071,2039
6.018,8827
6.071,10486
5.989,5083
6.023,6936
5.887,4767
5.858,4519
5.8,2918
5.683,2638
5.94,1729
6.018,3490
5.761,7179
5.693,3300
5.693,5366
5.707,8195
5.465,2447
5.509,12589
5.761,5719
5.596,2488
5.644,8668
5.513,4107
5.606,12000
5.673,7365
5.61,2161
5.562,2600
5.547,2932
5.402,6233
5.504,6090
5.436,8167
5.421,4575
5.606,4388
5.615,3499
5.193,3943
5.334,1952
5.358,3268
5.266,3346
5.315,415
5.252,1487
5.461,2331
5.481,2600
5.451,5770
5.466,3604
5.544,1700
5.456,2941
5.412,9900
5.422,8328
5.354,21111
5.34,1300
5.417,1200
5.364,2528
5.617,17549
5.442,1202
5.354,5497
5.237,13982
5.218,8632
5.247,26048
5.393,800
5.388,813
5.359,5092
5.315,1754
5.408,1339
5.427,6615
5.719,3637
5.714,5893
5.709,4170
5.656,2035
5.802,847
5.826,4372
5.738,1674
5.719,4800
5.733,9433
5.845,7713
5.787,3544
5.724,6005
5.549,3442
5.466,100
5.471,3008
5.714,9538
5.719,200
5.816,6310
5.592,5045
5.568,1900
5.612,3235
5.85,1322
5.909,6580
5.874,3236
5.767,100
5.816,2209
5.816,4131
5.84,8166
5.938,6409
5.899,8929
6.006,9527
5.938,8388
5.947,9413
6.2,4792
6.254,803
6.137,5627
5.947,6435
5.977,1453
5.913,11316
5.884,5455
5.981,3873
6.025,8215
5.86,10861
5.763,5194
5.729,8243
5.821,5029
5.748,8140
5.782,4941
5.67,4811
5.699,8382
5.69,28695
5.607,2990
5.695,4374
5.719,11037
5.977,9224
5.943,3762
5.894,9105
5.938,9100
6.001,4369
5.972,6996
6.035,5330
6.064,8709
6.059,12115
5.913,3346
5.772,2083
5.767,11519
5.84,5381
5.753,3951
5.782,5432
5.656,4026
5.573,5339
5.568,9762
5.5,7435
5.583,5581
5.558,19671
5.398,21875
5.315,21223
5.237,38976
5.369,14523
5.495,7314
5.5,11770
5.549,19722
5.617,10948
5.519,18379
5.549,19354
5.758,12462
5.845,19070
5.709,2360
5.772,2454
5.792,4824
5.855,2600
5.904,1702
5.909,4259
6.366,130148
6.434,64627
6.283,97878
6.191,67978
6.317,30369
6.336,82099
6.405,41461
6.482,19123
6.414,38317
6.263,39472
6.035,32688
6.035,36066
5.962,32892
5.928,28115
5.913,76861
5.904,22510
6.113,9271
6.074,6765
5.981,4177
5.943,5145
5.981,8406
5.996,4255
5.947,1440
5.923,17347
5.967,9152
5.947,3669
5.928,5925
5.626,7312
5.481,6414
5.461,14486
5.398,8277
5.286,16037
5.135,17043
5.34,11322
5.403,38755
5.437,13366
4.95,71882
4.955,73082
4.916,96114
4.844,50362
4.848,29239
4.863,62964
4.941,128850
5.023,52743
5.028,62378
5.106,50026
5.145,53297
5.164,105964
5.276,24632
5.354,8647
5.267,20257
4.999,17274
4.98,11989
5.023,27117
5.028,16607
4.975,9083
5.028,9169
4.882,12224
4.946,7600
4.907,17407
4.775,4812
4.795,2200
4.756,5193
4.625,5467
4.814,3500
4.756,15738
4.771,13978
4.644,8178
4.707,17050
4.493,9354
4.678,5105
4.693,5863
4.552,7882
4.469,3346
4.493,15716
4.678,18479
4.678,10276
4.605,23559
4.659,24672
4.605,10505
4.674,17613
4.532,4810
4.566,3575
4.561,11176
4.63,19138
4.742,12026
4.63,15985
4.717,15940
4.752,12903
4.825,32498
4.722,4265
4.771,2700
4.757,3931
4.878,700
4.869,4827
4.903,4300
4.947,8399
5.035,5608
5.025,8779
4.961,5553
4.947,1401
4.971,6309
4.8,1100
4.771,5221
4.8,6543
4.849,4364
4.844,1162
4.825,9072
4.937,1300
4.922,1591
4.913,3372
4.864,1600
4.796,4049
4.869,9681
4.561,5193
4.537,3482
4.552,6229
4.747,17759
4.8,10205
4.844,19565
4.932,6260
4.898,5767
4.942,6147
5.2,6516
5.186,16100
5.166,12366
5.127,9760
5.118,15683
5.005,25167
5.166,7343
5.161,12208
5.142,10126
5.098,5420
5.152,2250
5.191,5538
5.161,10492
5.118,8035
5.161,9756
5.118,2306
5.088,1950
5.118,2311
5.103,1900
5.093,878
5.074,1275
4.888,3855
4.922,6321
4.918,2950
4.966,3782
4.922,4911
4.942,2786
4.839,21520
4.864,6371
4.864,10619
5.176,18629
5.161,17837
5.118,12006
5.161,19232
5.191,15681
5.239,33775
5.171,32825
5.171,0
4.991,10531
4.922,9444
4.878,22041
4.913,5219
4.893,6108
4.942,11580
4.942,1973
4.947,3860
5.088,9642
5.303,14398
5.293,7271
5.288,6085
5.215,5150
5.298,5558
5.327,6925
5.249,6896
5.171,7817
5.113,10947
5.103,1923
5.083,1795
5.083,3626
5.161,5165
5.176,6911
5.21,6704
5.147,7215
5.181,6930
5.181,10301
5.161,1800
5.21,6430
5.157,18308
4.996,3142
5.005,4303
5.044,5946
5.2,24405
5.161,3783
5.132,8738
5.093,2817
5.083,6530
5.083,9035
4.918,11765
4.908,4037
4.927,7895
4.913,2569
4.927,6940
4.966,22261
4.908,2808
4.908,15178
4.854,11640
5.171,3005
5.103,6600
5.137,3127
5.181,3496
5.2,2887
5.181,4279
5.093,1822
5.03,5159
5.093,6108
5.157,1860
5.157,3393
5.181,15214
5.435,2601
5.405,3504
5.435,4490
5.186,7827
5.161,3039
5.118,5297
5.132,9566
5.137,5793
5.132,2284
5.083,1850
5.108,1918
5.122,2450
5.259,2980
5.283,2758
5.288,3870
5.474,2822
5.435,3507
5.474,10505
5.425,3144
5.464,1600
5.552,7451
5.63,1210
5.659,1892
5.64,8711
5.683,1524
5.625,8553
5.625,13177
5.527,13805
5.591,4700
5.586,3307
5.552,1618
5.581,3791
5.561,11634
5.615,4086
5.669,6275
5.63,8960
5.664,5886
5.752,12452
5.713,4962
5.615,2872
5.615,2641
5.566,4318
5.625,4642
5.507,4659
5.478,10034
5.62,6416
5.674,10081
5.762,7477
5.791,3951
5.835,5096
5.943,7187
5.869,1100
5.86,2496
5.83,3354
5.889,1700
5.86,4048
5.943,2763
6.011,5976
6.036,4368
6.06,6742
5.908,2501
5.869,3102
5.889,4489
5.718,3509
5.791,4166
5.772,15281
5.713,2100
5.674,6828
5.644,4487
5.679,1190
5.654,1100
5.649,4208
5.615,5131
5.576,3497
5.723,4515
5.595,4793
5.532,4665
5.517,10670
5.37,15681
5.322,2906
5.307,4664
5.302,2913
5.273,9620
5.248,19348
5.341,3181
5.4,6427
5.302,2896
5.287,7578
5.302,3594
5.292,4010
5.209,6695
5.165,3104
5.131,10824
5.141,4294
5.126,11276
5.165,2500
5.224,9349
5.185,10272
5.175,12464
5.136,2583
5.145,4385
5.185,14428
5.018,3232
5.028,4628
5.028,9633
4.989,28600
5.082,14664
5.111,21415
5.018,3146
5.018,1400
5.038,6246
5.062,973
4.999,3309
4.964,6848
4.774,3431
4.774,7294
4.705,6062
4.7,6559
4.666,4527
4.715,10890
4.642,5586
4.666,5866
4.691,8768
4.739,12700
4.735,7319
4.788,7084
4.754,5235
4.818,10242
4.837,4613
4.906,12290
4.901,24667
4.911,9313
5.023,8325
5.067,4571
5.077,16382
5.194,7744
5.175,4643
5.16,9472
5.116,7199
5.092,6128
5.033,11057
4.774,10110
4.774,8926
4.739,14894
4.744,10441
4.715,6447
4.705,7874
4.754,7206
4.705,19201
4.666,4078
4.779,26322
4.676,26040
4.607,33824
4.818,38777
4.886,13458
4.96,25469
4.94,16802
4.999,25898
5.033,45913
5.082,34290
5.057,28740
5.126,25350
5.145,28806
5.116,8095
5.16,34531
5.4,13572
5.458,12224
5.566,42567
5.615,11640
5.703,3599
5.723,26024
5.532,10329
5.478,19244
5.449,20245
5.458,5445
5.439,1767
5.449,14721
5.591,13881
5.649,6032
5.595,20832
5.4,12916
5.468,12314
5.439,31761
5.439,12235
5.488,3068
5.468,10446
5.507,5504
5.551,1900
5.639,10841
5.674,2092
5.62,4310
5.62,25999
5.605,16003
5.649,1600
5.693,4652
5.742,4345
5.679,3689
5.61,19110
5.713,5131
5.894,2122
5.806,8680
5.884,5791
5.957,4012
5.982,9606
5.938,4333
5.928,3053
5.894,10129
5.997,12183
6.085,13191
6.085,12641
5.938,21634
5.933,8257
5.899,33983
6.094,18095
6.07,8175
6.065,22177
5.997,8977
5.957,4829
6.006,22814
6.153,7939
6.099,2429
6.143,14171
6.036,9990
5.84,4005
5.908,9771
5.808,10082
5.754,2817
5.744,5016
5.798,25747
5.774,26142
5.754,22619
5.676,42337
5.695,6352
5.744,6686
5.705,8105
5.739,1508
5.739,2527
5.548,5486
5.558,1725
5.607,5739
5.607,7381
5.749,5829
5.774,9235
5.622,1011
5.671,3745
5.705,12213
5.617,13622
5.656,5400
5.676,20542
5.651,2954
5.656,3554
5.695,6541
5.636,1998
5.656,1648
5.636,9296
5.734,28627
5.695,7516
5.705,16301
5.656,2403
5.872,2128
5.833,15100
5.916,5600
5.95,2831
5.921,9915
5.97,16475
6.014,6706
5.98,13236
5.769,6450
5.96,2089
6.009,13467
6.102,14442
6.024,6488
6.014,15823
5.955,20628
5.828,42921
5.891,24260
5.852,16485
5.769,9145
5.808,23690
5.666,5353
5.602,4985
5.607,36122
5.661,10374
5.592,6767
5.612,18574
5.7,4217
5.636,2412
5.661,13083
5.509,6062
5.323,7080
5.342,10807
5.225,3318
5.205,2252
5.23,22439
5.137,5786
5.063,6720
5.088,3205
5.127,9263
5.166,6176
5.176,21963
5.19,6083
5.215,3068
5.21,12360
5.181,10919
5.137,2788
5.156,26389
5.068,3358
5.024,4258
5.029,11425
4.95,4001
4.931,34980
4.945,21178
5.039,12873
5.034,2004
5.019,12587
4.989,8393
4.999,4196
4.989,22562
5.068,13211
5.23,30032
5.244,20312
5.274,10242
5.401,7569
5.352,33751
5.323,34025
5.328,20951
5.259,12866
5.333,7304
5.333,11058
5.333,15167
5.284,7198
5.284,5131
5.274,9811
5.362,16885
5.264,30210
5.244,23818
5.244,21811
5.284,7607
5.235,24283
5.176,15428
5.127,10650
5.122,24342
4.455,258511
4.789,150842
4.818,207579
5.181,54623
5.215,45648
5.244,68528
5.249,25247
5.293,14214
5.264,31997
5.092,45694
5.063,13378
5.063,29061
5.156,44845
5.132,39655
5.166,43650
4.989,7551
4.975,1831
4.989,12876
4.872,5513
4.882,4141
4.887,25021
4.828,3449
4.813,3980
4.842,9517
4.965,6602
4.862,3739
4.887,17123
4.896,4011
4.945,2742
4.975,10111
4.916,5795
4.887,6618
4.877,8194
4.842,4773
4.803,2323
4.793,7240
4.808,4576
4.852,4734
4.862,7695
4.901,3111
4.97,5030
4.994,5913
5.097,14231
5.146,4989
5.068,14633
4.95,11477
4.985,20877
4.872,3157
4.867,6268
4.852,6618
5.014,31250
5.078,3619
5.083,12083
5.068,4817
5.078,9257
5.161,12611
5.19,3996
5.146,3593
5.137,4430
5.357,10992
5.411,6601
5.44,19357
5.485,17438
5.431,8617
5.47,18161
5.529,8629
5.485,5059
5.489,10335
5.473,2671
5.428,2527
5.424,4804
5.512,1880
5.507,7026
5.463,8025
5.532,7059
5.497,5069
5.497,5164
5.473,3524
5.379,3041
5.394,4481
5.315,2953
5.365,1099
5.365,3609
5.365,3106
5.355,2576
5.379,7844
5.384,7296
5.399,3689
5.438,6060
5.453,1900
5.394,3355
5.404,6683
5.227,8246
5.193,4617
5.168,9856
5.212,7519
5.212,12847
5.237,6580
5.394,6295
5.443,2840
5.448,17231
5.394,10920
5.355,12767
5.33,17160
5.276,10503
5.178,5321
5.183,12968
5.134,10344
5.089,5096
5.158,5633
5.256,3718
5.252,8985
5.296,17043
5.202,4207
5.286,2318
5.281,12390
5.188,4559
5.178,3251
5.188,6129
5.217,4943
5.207,2723
5.207,9331
5.247,7854
5.281,3686
5.193,7567
5.227,3967
5.286,1398
5.247,3537
5.198,5300
5.232,4867
5.247,10355
5.148,3469
5.094,3387
5.075,6237
5.03,2636
5.03,998
5.035,5798
5.021,5927
4.991,2726
4.972,9722
4.981,3195
4.972,2424
4.981,5390
5.021,3230
5.021,4863
5.055,5686
5.05,2700
5.055,4417
5.05,12034
5.266,4517
5.286,3784
5.276,8603
5.217,9137
5.276,7309
5.237,3025
5.217,7642
5.148,2303
5.148,7217
5.247,4476
5.335,2195
5.296,8108
5.335,8220
5.414,5648
5.384,8949
5.453,5746
5.414,5875
5.394,9817
5.36,15559
5.261,4935
5.286,53044
5.409,6926
5.365,4591
5.35,13251
5.188,8959
5.129,5098
5.104,6883
5.158,6686
5.129,4106
5.158,9249
5.08,4885
5.085,2622
5.085,9872
5.139,8399
5.07,2275
5.065,8791
5.114,21813
5.094,3953
5.089,12293
5.06,8897
5.094,5929
5.065,14759
5.085,10541
5.085,9823
5.08,12636
5.089,19645
5.109,11426
5.119,16392
5.188,17509
5.168,8900
5.124,13569
5.094,1475
5.109,10342
5.089,8809
5.04,4909
4.991,8888
5.001,19497
5.03,4592
5.05,4454
5.06,7577
4.883,4648
4.863,1945
4.898,10225
4.962,7213
4.927,3713
4.883,12541
4.805,8872
4.795,5126
4.775,14130
4.726,5012
4.647,2798
4.633,8427
4.593,5938
4.539,7317
4.534,8149
4.608,8894
4.608,7808
4.618,12626
4.657,5936
4.574,4548
4.5,30392
4.49,3855
4.461,2877
4.431,17334
4.362,3198
4.48,2661
4.475,5545
4.372,5936
4.372,6986
4.323,10231
4.313,4863
4.299,9275
4.313,20519
4.323,8698
4.397,8013
4.441,10907
4.461,10333
4.47,17249
4.466,13879
4.544,6897
4.569,11380
4.559,15198
4.652,3137
4.583,3731
4.579,5381
4.544,9486
4.5,2300
4.47,8116
4.657,9031
4.692,5214
4.696,5838
4.728,5951
4.748,2256
4.763,9352
4.807,10519
4.817,3459
4.782,7087
4.925,7515
4.797,2766
4.822,15073
4.763,5997
4.782,5757
4.817,13831
4.886,9191
4.846,6795
4.773,14252
4.679,2889
4.743,4078
4.738,3685
4.669,2887
4.679,2808
4.649,12094
4.689,6054
4.62,5400
4.59,5401
4.482,6833
4.472,2424
4.502,15405
4.536,5074
4.492,7301
4.546,41960
4.625,3819
4.551,2020
4.546,10870
4.516,3801
4.492,2373
4.433,12461
4.497,2500
4.433,2170
4.462,10646
4.477,2830
4.472,2800
4.497,6199
4.728,20404
4.777,13698
4.817,16722
4.792,7598
4.787,4531
4.758,16988
4.541,8930
4.516,35499
4.635,17021
4.561,3982
4.541,6753
4.452,12765
4.64,3974
4.571,5699
4.551,6528
4.472,3755
4.477,1720
4.452,3504
4.472,7321
4.457,24558
4.433,15515
4.546,3966
4.58,4241
4.61,9451
4.556,9362
4.482,8865
4.507,6474
4.669,5630
4.6,5377
4.62,6115
4.551,206
4.59,3983
4.556,11075
4.531,3104
4.536,4698
4.551,16106
4.738,26802
4.723,21418
4.64,11862
4.644,7032
4.635,1700
4.654,19164
4.723,13803
4.723,0
4.748,4883
4.773,8880
4.817,2608
4.861,19756
4.945,16348
4.94,8678
4.915,3672
4.896,4361
4.886,5364
4.856,4512
4.846,3084
4.871,14632
4.901,17931
4.955,36033
4.94,9262
4.866,11517
4.891,8750
4.91,13926
4.777,32306
4.851,15092
4.851,7034
4.881,2184
4.861,3493
4.866,14728
4.812,16572
4.812,5841
4.812,6450
4.758,3114
4.679,5582
4.728,17766
4.64,4582
4.659,8409
4.674,14445
4.512,21112
4.428,13614
4.438,12566
4.452,3001
4.423,25052
4.63,10538
4.955,10454
4.896,7043
4.832,20370
4.861,5876
4.827,5775
4.807,26049
4.792,6448
4.837,6519
4.827,6758
4.989,3398
4.979,7900
4.96,6692
4.979,9046
5.004,7747
4.925,9965
4.989,2135
4.97,17559
4.979,9005
5.083,3900
5.103,3375
5.068,8839
5.034,500
5.063,7028
5.073,6882
5.132,5675
5.157,1118
5.117,2128
5.098,1706
5.053,4826
5.004,12884
4.935,4777
4.95,3901
4.979,11948
4.91,2647
4.915,3087
4.876,2806
4.718,5247
4.728,2971
4.728,5194
4.797,1412
4.758,3001
4.768,13493
4.827,4800
4.768,7959
4.773,6128
4.768,3651
4.773,1144
4.768,2426
4.768,2750
4.782,3695
4.792,11253
4.748,1834
4.777,4852
4.777,11502
4.674,5204
4.689,2087
4.709,3952
4.918,13445
4.909,9010
4.874,8740
4.785,8424
4.711,6525
4.736,6606
4.632,14504
4.652,5862
4.662,32161
4.652,15240
4.672,8607
4.642,5964
4.612,5030
4.632,7021
4.691,10765
4.701,3004
4.686,6163
4.701,8109
4.716,8049
4.681,13530
4.78,32688
4.642,6025
4.662,4467
4.632,4752
4.647,3954
4.637,6571
4.652,4414
4.642,5398
4.602,9283
4.622,4001
4.583,9808
4.627,5866
4.632,7821
4.602,4782
4.597,4462
4.588,5906
4.627,20233
4.573,17181
4.573,10636
4.543,10569
4.597,6536
4.588,9137
4.494,14833
4.474,9427
4.504,15156
4.356,11479
4.36,19951
4.356,6765
4.405,5892
4.43,6385
4.425,6676
4.405,5291
4.415,6374
4.43,1701
4.365,2171
4.351,7747
4.346,7858
4.316,4413
4.331,6528
4.356,5175
4.425,1991
4.425,7367
4.425,9958
4.148,52697
3.936,25048
3.936,38761
3.975,7828
3.96,4699
3.926,7805
4.02,9828
4.039,11091
4.03,15188
4.148,24583
4.114,31173
4.059,29331
4.059,19899
4.094,9252
4.099,21303
4.074,18817
4.109,7762
4.138,19552
4.118,9058
4.128,11994
4.059,13666
4.084,11553
4.118,3281
4.123,5882
4.069,6301
4.02,7864
4.03,8135
4.044,3238
4.064,3993
4.039,4821
4,3469
3.96,2074
3.96,11466
4.074,35080
4.099,25879
4.074,60230
4.326,33023
4.385,8927
4.415,15767
4.543,10591
4.489,8314
4.514,14354
4.553,16614
4.523,8424
4.449,11996
4.583,13900
4.573,7587
4.523,8418
4.583,6342
4.602,8056
4.607,22452
4.583,4291
4.597,2441
4.612,9720
4.632,17685
4.731,10119
4.721,26355
4.672,8730
4.677,10646
4.667,40291
4.8,15428
4.81,11521
4.849,14424
4.79,14358
4.756,33257
4.815,47975
4.909,18805
4.889,19266
4.933,18391
4.958,11951
4.938,7634
4.909,22224
4.889,11600
4.864,16264
4.81,56318
4.751,25505
4.746,26222
4.765,52464
5.101,11231
4.948,17800
4.973,29829
4.963,3166
4.904,1767
4.889,21082
5.027,1635
4.943,5398
4.909,23248
4.997,5643
4.953,2045
4.958,10153
5.007,3363
5.017,2200
5.057,14763
5.131,8210
5.156,4232
5.21,16017
5.205,52496
5.18,45194
5.18,64777
5.249,49578
5.254,24270
5.23,69854
5.333,26904
5.378,2806
5.442,31691
5.481,38985
5.402,93499
5.368,64744
5.284,28460
5.422,10940
5.412,18268
5.279,37249
5.314,13281
5.333,29310
5.501,8657
5.427,2450
5.462,23431
5.472,83649
5.407,106866
5.447,61568
5.422,12723
5.397,44743
5.378,58377
5.551,20482
5.437,13964
5.328,19872
5.316,9843
5.247,9972
5.217,23580
5.167,47973
5.177,16851
5.177,66838
5.286,10258
5.296,6856
5.356,15115
5.361,5640
5.37,4138
5.351,35364
5.405,6941
5.474,5095
5.455,7913
5.331,23170
5.281,20167
5.217,10235
5.296,2634
5.291,1429
5.306,12984
5.316,11143
5.321,2599
5.331,3006
5.306,7248
5.385,4050
5.445,5965
5.499,14737
5.549,3087
5.563,12904
5.563,2743
5.603,2556
5.563,5417
5.504,16810
5.514,14459
5.504,10620
5.514,10645
5.494,5468
5.524,22891
5.524,16640
5.514,8390
5.529,63611
5.494,36359
5.43,8637
5.425,28129
5.529,11533
5.588,11726
5.603,11953
5.573,8463
5.598,8782
5.549,16224
5.578,7100
5.618,8010
5.529,15431
5.633,3906
5.613,3767
5.633,17247
5.677,1730
5.623,900
5.613,6903
5.613,7979
5.588,2845
5.554,5590
5.593,5195
5.509,2960
5.509,4176
5.514,5942
5.613,4143
5.662,5522
5.608,3950
5.648,2347
5.623,12230
5.791,6413
5.781,3769
5.821,15773
5.87,1979
5.91,3180
5.945,14575
5.915,76399
5.93,15494
5.955,16299
5.93,4633
5.89,8385
5.86,22920
5.752,17914
5.737,1510
5.672,4230
5.771,2884
5.737,801
5.732,7975
5.801,3773
5.841,2008
5.796,7284
5.727,6875
5.702,4215
5.653,11191
5.692,700
5.687,1564
5.682,12219
5.702,8215
5.603,8146
5.677,26599
5.593,11406
5.598,3674
5.628,11551
5.405,4731
5.415,4971
5.37,9090
5.405,6542
5.494,3744
5.509,9467
5.514,3430
5.653,2412
5.618,19546
5.43,15535
5.361,10192
5.296,65212
5.286,3854
5.326,2169
5.326,5644
5.291,7539
5.266,4442
5.286,17952
5.346,6448
5.351,6903
5.346,40645
5.341,33079
5.252,13697
5.262,34085
5.271,18199
5.341,12747
5.375,45467
5.291,22616
5.331,8169
5.38,8726
5.395,11474
5.4,5883
5.405,11876
5.445,10400
5.38,8680
5.42,14136
5.341,52186
5.351,14559
5.336,40477
5.395,7014
5.356,2714
5.375,6773
5.356,4977
5.361,4237
5.361,8101
5.346,5812
5.321,7876
5.321,11189
5.365,2606
5.361,2390
5.336,29696
5.385,7414
5.341,2390
5.321,32447
5.43,2611
5.356,2627
5.365,7623
5.445,2530
5.365,1873
5.365,7252
5.583,6398
5.618,8351
5.583,9069
5.618,4878
5.603,12695
5.524,15088
5.464,3145
5.504,8692
5.578,4054
5.554,1989
5.519,16683
5.603,8421
5.623,4934
5.608,7092
5.643,7257
5.677,8466
5.712,10648
5.667,2618
5.662,3378
5.692,17117
5.682,2879
5.702,1705
5.682,7513
5.724,6548
5.774,4913
5.794,31713
5.828,8680
5.764,3470
5.724,9420
5.719,6978
5.69,8895
5.69,65246
5.739,4001
5.794,2837
5.764,58297
5.719,4721
5.714,2492
5.724,9512
5.695,10692
5.704,8559
5.724,5666
5.764,11894
5.764,4743
5.719,17846
5.575,5265
5.59,2358
5.605,7167
5.595,11074
5.58,5847
5.6,10990
5.595,4586
5.541,1544
5.536,4646
5.625,1335
5.575,2055
5.595,6105
5.704,4881
5.714,4504
5.685,20210
5.685,3871
5.571,5583
5.536,14646
5.645,20530
5.427,19682
5.407,14756
5.03,12390
5.099,18556
5.06,37858
5.099,10057
5.109,3826
5.159,32170
5.189,3829
5.149,9702
5.045,14336
5.099,4566
5.109,7762
5.089,20328
5.06,18066
5.079,19160
5.07,17462
5.238,42802
5.238,22681
5.278,24664
5.288,8304
5.278,12010
5.288,11947
5.218,8713
5.233,7771
5.238,36449
5.228,2711
5.308,2821
5.303,4857
5.357,10038
5.362,11283
5.387,47254
5.461,16582
5.486,8659
5.476,11447
5.575,28972
5.556,16374
5.546,19927
5.501,17101
5.536,15431
5.536,17481
5.466,32969
5.466,13752
5.447,38500
5.511,7776
5.486,10347
5.496,48793
5.566,13525
5.595,20555
5.61,60438
5.556,33411
5.575,45394
5.605,46574
5.575,34557
5.526,31349
5.526,67256
5.685,24554
5.67,48222
5.714,53635
5.794,54525
5.823,36272
5.853,190210
5.546,66278
5.58,37982
5.556,70101
5.541,37620
5.571,13192
5.516,34191
5.566,17991
5.506,12628
5.516,26972
5.476,16378
5.377,16565
5.367,25074
5.397,23673
5.456,9980
5.461,23540
5.456,8300
5.496,9046
5.526,33857
5.566,3918
5.566,3248
5.571,20419
5.759,27588
5.893,13818
5.992,62659
6.081,37234
6.121,20954
6.171,69365
6.205,37262
6.176,25405
6.2,40762
6.191,32059
6.116,17236
6.101,36442
6.017,24334
6.002,14304
5.962,163167
5.992,24853
5.948,34996
5.962,45146
6.111,30465
6.235,16695
6.141,63803
6.255,9195
6.21,7275
6.22,41270
6.225,30788
6.245,12731
6.29,27417
6.3,8242
6.28,3642
6.28,61401
6.235,30541
6.27,21928
6.22,43639
6.146,29981
6.042,25362
5.992,35054
5.972,26462
5.903,8780
5.903,34511
6.022,8612
5.992,10795
5.987,27261
6.057,43460
5.982,15841
5.962,25586
5.933,23392
5.893,4600
5.913,22059
5.913,82666
5.898,16350
5.873,39046
5.764,21796
5.764,14817
5.764,49933
5.754,27041
5.719,27821
5.744,30829
5.709,25824
5.695,25081
5.66,75218
5.685,15100
5.665,14299
5.714,31006
5.918,9796
5.888,16205
5.893,22318
5.853,6974
5.823,4997
5.823,26536
5.766,14728
5.766,15318
5.776,30449
5.846,66975
5.806,31670
5.846,34750
5.826,36324
5.87,35772
5.821,36921
5.86,180507
5.945,42726
6.034,109014
6.015,55365
6.074,36221
6.114,142655
6.174,41305
6.303,31715
6.362,79382
6.402,33047
6.333,30211
6.333,59185
6.293,36040
6.203,32404
6.223,96062
6.179,39198
6.124,42256
6.134,35793
6.104,20911
6.119,80074
6.005,70891
6.089,64874
6.059,60476
6.099,93177
5.95,19400
6.005,20026
6.044,36094
5.92,87019
5.93,37098
6.005,49811
6.054,32917
6.124,61083
6.119,25393
6.124,56142
6.154,26775
6.114,32640
6.213,50924
6.273,23419
6.283,39118
6.109,42370
6.164,36178
6.124,41436
6.228,17004
6.208,26798
6.248,39326
5.915,81906
5.756,66050
5.721,83312
5.388,31286
5.398,43563
5.473,62889
5.433,46053
5.383,28369
5.398,67651
5.383,41276
5.358,36791
5.363,42745
5.418,27867
5.468,60555
5.498,86790
5.433,22203
5.353,9319
5.339,9837
5.537,18986
5.478,21258
5.488,19960
5.587,33179
5.617,11888
5.607,50491
5.607,18917
5.617,24574
5.642,46590
5.706,22128
5.736,39126
5.751,32283
5.846,27674
5.786,8385
5.796,39662
5.686,37795
5.766,13436
5.776,44440
5.731,24362
5.751,23433
5.766,29968
5.816,21621
5.831,18352
5.806,36947
5.816,33957
5.816,0
5.677,50116
5.572,27299
5.572,29352
5.731,9362
5.746,8774
5.736,28510
5.766,16353
5.721,33205
5.746,26515
5.711,8769
5.691,13754
5.736,15857
5.577,66819
5.513,27381
5.517,32594
5.786,56067
5.716,40221
5.706,61005
5.682,25385
5.696,33355
5.657,46776
5.766,15392
5.806,28884
5.826,35076
5.746,50140
5.731,32038
5.686,38892
5.542,19564
5.597,41994
5.577,44219
5.513,35461
5.537,23713
5.582,73492
5.577,39522
5.592,19756
5.617,33246
5.557,24792
5.537,32778
5.423,59219
5.348,9788
5.334,27678
5.344,45968
5.448,19455
5.418,23213
5.378,32962
5.403,18903
5.403,0
5.513,12645
5.478,10640
5.438,14385
5.443,24062
5.413,14172
5.458,22377
5.408,25636
5.493,44030
5.547,41142
5.527,35013
5.522,41081
5.567,59998
5.677,56433
5.637,27753
5.637,51718
5.667,13021
5.672,24507
5.667,52363
5.607,11765
5.627,24800
5.602,25081
5.677,47236
5.647,32947
5.607,49453
5.607,34699
5.607,41709
5.617,118805
5.647,41697
5.667,58646
5.632,62190
5.508,27947
5.517,19065
5.527,53092
5.686,83582
5.637,19793
5.627,48095
5.667,14435
5.706,7600
5.701,25779
5.736,40133
5.706,9642
5.686,77998
5.622,28969
5.607,35823
5.627,87034
5.728,16243
5.723,24170
5.708,25066
5.668,19895
5.748,53995
5.693,44661
5.678,41294
5.728,37116
5.718,38587
5.758,74058
5.723,14193
5.708,19609
5.628,31864
5.599,55320
5.638,138897
5.638,90342
5.683,38760
5.708,34081
5.748,45257
5.728,88230
5.743,72732
5.972,69183
5.937,37624
5.937,120690
5.907,22186
5.917,37664
5.818,78003
5.907,37073
5.937,27032
5.977,35128
6.062,94249
6.112,19200
6.107,50211
6.281,74062
6.251,108999
6.181,69392
6.246,20679
6.266,23218
6.266,47080
6.306,30892
6.261,9001
6.256,22232
6.45,19782
6.455,17841
6.46,39743
6.445,16278
6.445,18271
6.445,30132
6.42,41711
6.495,20384
6.525,42007
6.555,19792
6.545,17932
6.62,53268
6.535,32649
6.45,24081
6.395,33562
6.45,35484
6.485,17373
6.44,42144
5.663,180012
5.803,53530
5.917,88351
6.112,409598
6.127,181389
6.216,203620
5.997,71850
6.012,60162
5.987,114186
6.037,22355
6.087,11269
6.107,36560
6.117,34854
6.077,56817
6.161,67711
6.251,84384
6.435,45419
6.43,90504
6.405,59988
6.296,94281
6.251,84234
6.127,35484
6.107,29079
6.092,110335
6.196,24633
6.181,31692
6.117,64535
6.062,50406
6.072,28626
6.151,45845
6.286,24064
6.311,12150
6.306,37641
6.425,25063
6.366,35730
6.326,26025
6.291,20995
6.266,15657
6.316,21787
6.256,36761
6.186,29554
6.132,83236
6.166,23952
6.146,91906
6.256,159384
6.316,33044
6.41,29093
6.336,39769
6.44,29629
6.525,14864
6.515,39747
6.65,53453
6.694,21344
6.764,73637
6.914,41964
6.819,24681
6.744,67123
6.709,40117
6.704,28176
6.694,40077
6.744,30225
6.859,12930
6.829,50887
6.689,27538
6.714,15088
6.724,42826
6.764,34049
6.854,13662
6.814,20590
7.237,71008
7.312,43607
7.387,114891
7.352,60253
7.317,19008
7.317,59439
7.471,38182
7.491,24495
7.511,119431
7.661,110242
7.601,28176
7.571,83236
7.521,37050
7.481,19172
7.506,64215
7.471,43118
7.491,41272
7.412,123482
7.432,86007
7.471,63695
7.466,124370
7.422,117987
7.481,37610
7.501,47257
7.128,54116
7.023,35857
7.073,42735
6.938,45956
6.854,32690
6.968,64744
6.993,35073
7.013,40920
6.953,61322
7.038,69599
6.973,88889
7.242,94897
7.342,57783
7.461,57204
7.606,182685
7.835,56103
7.86,61983
7.865,136904
7.902,107919
7.972,54711
8.067,79508
8.181,85895
8.376,49399
8.401,82008
8.531,58492
8.531,36128
8.416,128273
8.406,120830
8.401,74136
8.506,71601
8.486,139581
8.401,52618
8.351,111929
8.371,47178
8.481,57215
8.351,67047
8.082,70252
8.251,53034
8.286,92916
8.321,33324
8.421,18774
8.491,72192
8.456,18479
8.416,15165
8.431,50552
8.316,58775
8.386,35948
8.451,44816
8.456,18097
8.426,16007
8.421,33958
8.456,85435
8.55,44507
8.59,120487
8.466,47922
8.411,61237
8.356,75206
8.401,36392
8.386,15316
8.351,42704
8.341,37186
8.511,16535
8.526,60257
8.58,50555
8.705,56436
8.775,102824
8.83,38010
8.765,24736
8.685,50015
8.605,46614
8.55,23226
8.491,149624
8.575,48270
8.78,27635
8.825,69098
8.231,53145
8.186,19090
8.136,75466
8.126,24161
8.092,32745
8.027,51802
7.897,74092
7.922,21928
7.942,99573
8.072,41078
8.156,60299
8.107,50246
8.062,12525
8.146,9953
8.161,33077
8.211,12140
8.231,7873
8.231,29881
8.306,42895
8.311,18800
8.361,36075
8.541,26775
8.57,70848
8.65,94375
8.565,42421
8.615,45868
8.57,95515
8.62,21949
8.74,12934
8.745,57461
8.76,9975
8.74,14400
8.735,49263
8.77,41901
8.755,29500
8.825,147276
8.94,87198
8.95,42312
8.95,52148
8.755,9282
8.8,40194
8.775,136986
9.209,38370
9.219,32394
9.219,43485
9.159,61786
9.269,36461
9.289,83305
9.319,153593
9.399,48514
9.359,59999
9.598,52703
9.419,70079
9.478,74692
9.279,55560
9.239,44020
9.224,95749
9.104,58068
9.179,17207
9.149,73361
9.074,111297
8.855,46324
8.88,121633
8.989,18663
8.97,28238
8.97,57012
9.179,20118
9.309,10726
9.239,41165
9.294,30085
9.349,17441
9.289,47245
9.229,30629
9.329,24528
9.284,31398
9.214,43225
9.229,28885
9.214,41166
9.204,34384
9.264,15385
9.229,72760
9.164,45811
9.164,40817
9.119,56267
9.269,16611
9.229,5847
9.224,43570
8.88,81690
9.119,32719
9.149,84125
9.109,57996
9.199,41976
9.169,43654
9.239,15152
9.269,16159
9.249,49549
8.999,40008
9.059,22777
8.98,34165
9.119,21407
9.259,27880
9.289,78660
9.468,22053
9.314,8095
9.349,25539
9.309,26043
9.189,37119
9.329,108641
9.438,90436
9.543,38137
10.1,625329
10.18,791348
10.31,714836
9.977,630102
9.843,267286
9.848,394243
9.728,229045
9.753,96809
9.818,168450
9.728,225645
9.743,127235
9.778,170772
9.768,84033
9.813,455287
9.848,373239
9.997,352382
9.758,321197
9.808,834900
9.66,232300
9.605,183913
9.705,303903
9.605,216481
9.66,125918
9.67,183198
9.46,54888
9.435,85103
9.525,91254
9.54,139509
9.58,293842
9.56,239350
9.775,333769
9.73,178323
9.725,243997
9.66,416522
9.715,172203
9.785,136519
9.67,187426
9.605,305926
9.6,375658
9.6,193906
9.6,92956
9.575,123479
9.535,217661
9.435,84569
9.535,51480
9.326,193184
9.361,188123
9.331,192147
9.306,121091
9.331,81646
9.425,57248
9.39,129871
9.375,57200
9.45,163959
9.455,78861
9.42,73967
9.365,101405
9.46,115586
9.455,75228
9.37,93767
9.63,228609
9.635,106415
9.605,319423
9.81,735780
9.895,351688
9.87,346115
9.86,124967
9.9,250465
9.92,139194
10.09,181059
10.24,62105
10.24,136365
10.43,103960
10.5,31302
10.39,70089
10.46,121415
10.59,83586
10.56,114331
10.56,92669
10.53,48728
10.57,203148
10.68,203794
10.63,104592
10.63,153773
10.62,127157
10.53,110768
10.42,103063
10.44,78370
10.59,44953
10.63,54243
10.59,59964
10.6,62003
10.57,89432
10.57,63975
10.36,35198
10.31,182759
10.45,48932
10.47,24522
10.44,95994
10.58,74509
10.73,39402
10.73,55036
10.79,79753
10.97,28004
10.98,74968
10.96,93021
10.81,40691
10.83,94049
11.02,49039
11.09,69216
11.08,70326
10.91,53377
10.94,44486
10.94,58743
10.93,50616
10.9,102399
10.99,90286
11.01,53685
11.15,47429
11.15,99670
11.26,111137
11.38,165400
11.32,222113
11.42,190585
11.36,153170
11.29,255244
11.18,60980
11.23,44709
11.17,99965
11.42,126266
11.5,62631
11.5,53775
11.52,90135
11.53,50921
11.53,44603
11.64,94917
11.51,86364
11.45,115168
11.6,79702
11.56,69478
11.61,116121
11.56,100923
11.67,60488
11.68,157523
11.78,47921
11.71,49017
11.75,66220
11.93,63198
12.09,32787
12.12,210525
12.09,99205
11.88,63276
11.94,89088
11.89,32368
11.84,31983
11.88,106855
11.56,31462
11.59,39763
11.64,65665
11.91,119392
11.83,74482
11.85,218935
11.87,68243
11.76,49642
11.84,129760
12.01,38293
11.99,14590
12,57760
12.01,82656
11.86,21128
11.81,15803
11.87,53026
11.94,29992
11.95,78316
12.21,117062
12.21,66237
12.225,48770
12.425,55905
12.375,70670
12.3,101451
12.485,79814
12.45,53582
12.42,112718
12.6,56659
12.49,80505
12.345,71974
12.36,74971
12.11,49325
12.35,120518
12.405,47811
12.49,89817
12.48,117214
12.755,52262
12.805,33352
12.77,40034
12.605,94384
12.39,34475
12.29,47048
12.495,39230
12.735,18014
12.7,53534
12.495,42895
12.235,25694
11.975,47112
12.025,112461
12.08,46688
12.03,97833
12.36,56073
12.44,58055
12.47,52038
12.69,68541
12.605,131318
12.53,262453
12.625,151788
12.6,171145
12.515,248862
12.77,43956
12.995,31279
12.93,73238
12.34,161307
12.11,111485
12.145,316549
12.145,0
12.145,0
12.145,0
12.145,0
12.145,0
12.145,0
12.145,0
12.145,0
12.145,0
12.145,0
12.145,0
12.145,0
12.145,0
12.145,0
12.145,0
12.145,0
12.145,0
12.145,0
12.145,0
12.145,0
12.145,0
12.145,0
12.145,0
12.145,0
12.145,0
12.145,0
12.145,0
12.145,0
12.145,0
12.145,0
12.145,0
12.145,0
12.145,0
12.145,0
12.145,0
12.145,0
12.145,0
12.145,0
12.145,0
12.145,0
12.145,0
12.145,0
12.145,0
12.145,0
12.145,0
12.145,0
12.145,0
12.145,0
12.145,0
12.145,0
12.145,0
12.145,0
12.145,0
12.145,0
12.145,0
12.145,0
12.145,0
12.145,0
12.145,0
12.145,0
12.145,0
12.145,0
12.145,0
12.145,0
12.145,0
12.145,0
12.145,0
12.145,0
12.145,0
12.145,0
12.145,0
12.145,0
12.145,0
12.145,0
12.145,0
12.145,0
12.145,0
12.145,0
12.145,0
12.145,0
12.145,0
12.145,0
12.145,0
12.145,0
12.145,0
12.145,0
12.145,0
12.145,0
12.145,0
12.145,0
12.145,0
12.145,0
12.145,0
12.145,0
12.145,0
12.145,0
12.145,0
12.145,0
12.145,0
12.145,0
12.145,0
12.145,0
12.145,0
12.145,0
12.145,0
12.145,0
12.145,0
12.145,0
12.145,0
12.145,0
12.145,0
12.145,0
12.145,0
12.145,0
12.145,0
12.145,0
12.145,0
12.145,0
12.145,0
12.145,0
12.145,0
12.145,0
12.145,0
12.145,0
12.145,0
12.145,0
12.145,0
12.145,0
12.145,0
12.145,0
12.145,0
12.145,0
12.145,0
12.145,0
12.145,0
12.145,0
12.145,0
12.145,0
12.145,0
12.145,0
12.145,0
12.145,0
12.145,0
12.145,0
12.145,0
12.145,0
12.145,0
12.145,0
12.145,0
12.145,0
12.145,0
12.145,0
12.145,0
12.145,0
12.145,0
12.145,0
12.145,0
12.145,0
12.145,0
12.145,0
12.145,0
12.145,0
12.145,0
12.145,0
12.145,0
12.145,0
12.145,0
12.145,0
12.145,0
12.145,0
12.145,0
12.145,0
12.145,0
12.145,0
12.145,0
12.145,0
12.145,0
12.145,0
12.145,0
12.145,0
12.145,0
12.145,0
12.145,0
12.145,0
12.145,0
12.145,0
12.145,0
12.145,0
12.145,0
12.145,0
12.145,0
12.145,0
12.145,0
12.145,0
12.145,0
12.145,0
12.145,0
12.145,0
12.145,0
12.145,0
12.145,0
12.145,0
12.145,0
12.145,0
12.145,0
12.145,0
12.145,0
12.145,0
12.145,0
12.145,0
12.145,0
12.145,0
12.145,0
12.145,0
12.145,0
12.145,0
12.145,0
12.145,0
12.145,0
12.145,0
12.145,0
12.145,0
12.145,0
12.145,0
12.145,0
12.145,0
12.145,0
12.145,0
12.145,0
12.145,0
12.145,0
12.145,0
12.145,0
12.145,0
12.145,0
12.145,0
12.145,0
12.145,0
12.145,0
12.145,0
12.145,0
12.145,0
12.145,0
12.145,0
12.145,0
12.145,0
12.145,0
12.145,0
12.145,0
12.145,0
12.145,0
12.145,0
12.145,0
12.145,0
12.145,0
12.145,0
12.145,0
12.145,0
12.145,0
12.145,0
12.145,0
12.145,0
12.145,0
12.145,0
12.145,0
12.145,0
12.145,0
12.145,0
12.145,0
12.145,0
12.145,0
12.145,0
12.145,0
12.145,0
12.145,0
12.145,0
12.145,0
12.145,0
12.145,0
12.145,0
12.145,0
12.145,0
12.145,0
12.145,0
12.145,0
12.145,0
12.145,0
12.145,0
12.145,0
12.145,0
12.145,0
12.145,0
12.145,0
12.145,0
12.145,0
12.145,0
12.145,0
12.145,0
12.145,0
12.145,0
12.145,0
12.145,0
12.145,0
12.145,0
12.145,0
12.145,0
12.145,0
12.145,0
12.145,0
12.145,0
12.145,0
12.145,0
12.145,0
12.145,0
12.145,0
12.145,0
12.145,0
12.145,0
12.145,0
12.145,0
12.145,0
12.145,0
12.145,0
12.145,0
12.145,0
12.145,0
12.145,0
12.145,0
12.145,0
12.145,0
12.145,0
12.145,0
12.145,0
12.145,0
12.145,0
12.145,0
12.145,0
12.145,0
12.145,0
12.145,0
12.145,0
12.145,0
12.145,0
12.145,0
12.145,0
12.145,0
12.145,0
12.145,0
12.145,0
12.145,0
12.145,0
12.145,0
12.145,0
12.145,0
12.145,0
12.145,0
12.145,0
12.145,0
12.145,0
12.145,0
12.145,0
12.145,0
12.145,0
12.145,0
12.145,0
12.145,0
12.145,0
12.145,0
12.145,0
12.145,0
12.145,0
12.145,0
12.145,0
12.145,0
12.145,0
12.145,0
12.145,0
12.145,0
12.145,0
12.145,0
12.145,0
12.145,0
12.145,0
12.145,0
12.145,0
12.145,0
12.145,0
12.145,0
12.145,0
12.145,0
12.145,0
12.145,0
12.145,0
12.145,0
12.145,0
12.145,0
12.145,0
12.145,0
12.145,0
12.145,0
12.145,0
12.145,0
12.145,0
12.145,0
12.145,0
12.145,0
12.145,0
12.145,0
12.145,0
12.145,0
12.145,0
12.145,0
12.145,0
12.145,0
12.145,0
12.145,0
12.145,0
12.145,0
12.145,0
12.145,0
12.145,0
12.145,0
12.145,0
12.145,0