182.705,31671
182.68,20393
182.695,7345
182.51,6824
182.43,10604
182.575,63921
184.8,9104
185.18,17832
184.11,23831
184.33,8276
183.92,6110
183.71,45345
184.38,15099
183.49,7154
183.225,14915
182.965,15073
182.78,5877
183.145,24028
182.94,18704
182.47,11787
182.675,12326
182.9,14444
182.59,9742
182.845,34273
184.42,13354
185.19,6273
184.55,5402
184.71,7223
184.715,9490
184.1,24633
185.26,11529
184.56,7128
183.865,6396
184.45,4878
184.72,9408
184.97,36080
185.66,10389
185.875,10280
185.56,4981
185.54,4639
185.84,5496
185.54,27023
186.495,24374
186.395,28267
187.14,33120
187.4,10189
186.88,12191
186.93,28251
188.485,17265
188.94,14915
187.92,8875
188.53,13530
188.435,9757
187.84,27295
188.89,22478
189.25,15754
189.175,14782
189.67,4737
189.15,8456
189.3,24770
188.96,20642
189.14,21139
188.08,26671
187.08,18261
187.93,7155
187.705,25280
189.375,26906
189.535,13958
188.75,16769
188.5,16279
188.03,18528
188.575,43964
186.975,16838
187,12334
186.85,10709
187.22,10097
187.65,12305
187.96,35236
188.88,13608
189.16,5165
189.66,8778
189.47,15954
189.81,9074
190.04,26641
190.845,28953
191.1,22204
191.32,8836
191,7653
191.32,6522
191.03,26351
189.235,15416
189.32,24405
189.72,18269
189.065,19331
188.51,21413
187.925,48677
188.49,14391
189.785,18224
189.975,12259
189.27,14784
189.875,18155
190.355,30673
190.72,13762
191.3,12227
191.8,13478
191.79,10713
191.73,12180
191.98,45183
192.85,22332
193.38,13112
193.76,19953
193.43,11717
193.115,9397
193.17,56324
194.55,18913
195.3,13888
195.26,9850
194.97,6947
194.8,26403
195.82,48884
198.42,24108
198.61,23157
198.79,9275
198.495,13126
198.49,14547
198.59,44907
198.78,9372
198.375,11586
197.83,9142
197.76,4744
197.88,6418
197.545,23691
195.5,7927
195.68,5259
195.57,12829
195.005,6376
194.77,6648
194.69,32013
195.28,16454
196.02,6061
195.78,5249
196.17,12934
196.41,5491
196.365,55799
197.16,9069
196.7,19275
197.44,7369
197.61,6562
197.53,6672
197.89,44341
198.98,9140
199.58,13519
199.65,7951
199.92,4048
200.11,8643
200.38,24229
199.71,13456
199.48,5161
199.09,8750
199.07,7342
198.865,11081
198.97,37280
198.84,16951
198.995,9300
198.9,6550
198.82,10796
198.54,6388
198.66,25999
199.29,30573
198.635,18187
198.47,15351
198.99,11044
198.9,11697
198.655,36727
199.09,36406
199.055,17412
199.12,20911
198.995,14975
198.58,44141
196.61,54922
195.625,15055
196.47,7950
197.645,9737
197.86,7532
197.3,10142
197.38,41078
198.185,26938
198.56,20655
198.24,15314
198.54,8959
198.45,7234
198.33,28848
196.825,29060
195.37,11714
196.44,22644
196.48,9298
196.18,6620
196.305,33418
195.335,21485
196.13,13956
194.8,5675
195.01,9495
195.175,20756
194.335,31686
194.96,40047
193.92,25539
194.8,15665
194.51,15718
195.58,23610
196.37,56201
186.47,79630
184.14,48999
185.225,72911
184.305,62234
184.05,37485
184.1,108939
186.72,54980
184.5,23237
184.16,25885
184.03,18680
183.145,34711
183.025,81533
180.89,91213
180.075,39577
180.2,33358
180.4,44701
180.47,35458
181.57,95058
181.25,42711
180.475,29449
179.79,34365
179.76,41100
180.79,41807
180.6,56903
181.715,28393
183.24,13388
182.615,7429
181.59,15670
181.01,17192
181.23,27840
182.06,38395
182.685,68461
183.35,48651
184.2,23135
184.57,26713
185.04,100848
187.14,28982
187.16,14869
187.34,14221
188.37,20744
189.48,20036
189.46,73041
191.315,21721
191.615,24439
191.55,15562
191.67,13217
191.87,21084
191.7,42831
191.63,13707
191.75,25259
191.29,9758
191.62,12680
192.475,9100
192.3,34275
192.295,38317
192.945,12048
192.915,11879
193.25,11728
193.26,13562
192.89,43662
194.33,13588
193.55,7088
193.36,3707
194.03,4248
194.09,6967
194.33,24401
193.46,12698
194.08,6886
193.6,5869
193.51,6843
193.68,7196
193,25092
194.04,47253
194.675,24326
193.44,10318
192.55,8988
193.02,15449
192.295,20966
191.59,24400
192.185,13776
192.27,9031
192.11,7192
192.105,26960
194.39,47600
191.73,25978
190.75,16697
189.99,24019
190.485,25195
191.01,10105
191.6,34434
190.89,24129
189.885,16707
190.4,15312
190.3,9631
190.63,9810
190.355,36406
191.08,16671
190.59,13690
190.005,9039
190.48,6020
191.09,13464
191.25,24179
192.275,11868
192.77,12162
192.24,11434
192.345,5473
192.31,5740
191.74,14792
192.355,40725
192.79,17702
192.84,58123
193.635,16591
194.125,25065
194.83,31291
196.575,9743
196.72,26119
196.855,11712
196.48,23633
196.44,16522
196.84,52376
198.84,30693
198.99,16488
198.81,18621
198.745,14026
199,9805
198.93,20978
199.63,16942
198.34,5295
199.04,8398
198.93,4580
198.76,5242
198.985,19574
199.02,24261
199.72,33181
200.445,13668
200.24,9852
200.15,21119
200.83,37685
201.45,20411
201.07,13248
200.56,9707
200.73,7516
200.14,12817
200.33,38804
202.34,18748
203.47,15463
204.15,19320
203.945,18612
202.6,23106
203.035,22790
203.655,15385
203.945,14512
204.5,8968
204.57,7565
204.44,8399
204.605,26573
203.385,20640
203.97,56432
201.715,40104
200.33,25359
198.67,34952
196.37,52342
198.92,43551
198.48,26490
197.88,25767
197.93,12145
198.21,12506
198.71,32294
199.625,20891
199.835,19207
199.1,7881
199.41,12133
199.435,12258
198.415,35443
197.51,17345
197.51,9138
198.19,4761
197.63,4840
196.63,8383
196.78,16276
198.85,10120
199.45,5333
199.425,5205
199.7,4309
200.19,6003
200.11,15746
198.985,25863
199.4,10175
199.95,7177
199.99,18253
199.42,6579
199.35,25843
198.28,20105
198.23,17096
197.39,5584
197.9,5863
198.32,3947
198.42,19594
199.16,15216
199.21,18822
198.91,9963
199.19,10489
199.765,15655
199.6,39924
199.58,62718
199.37,9410
199.69,7607
199.54,18532
200.48,38954
201.35,42211
201.26,8097
201.145,6530
200.225,3581
199.69,3993
200.23,7907
201.11,12084
201.79,10878
199.52,18574
198.7,9348
198.94,3243
199.15,11016
198.725,21501
198.345,23375
198.49,15379
197.67,7331
197.365,5274
197.61,12544
197.705,35780
197.665,16855
197.125,18970
196.56,43505
195.625,16157
196.6,16342
197.13,29428
198.985,10654
200.08,4871
200.23,2558
200.47,1675
200.26,4762
200.65,15139
200.465,27291
199.085,19932
199.44,5864
199.29,2914
199.75,3455
199.695,22585
194.715,24923
195.18,9637
194.97,5196
194.53,10509
194.405,9145
194.53,40001
193.52,46112
193.15,14973
192.35,8202
192.87,21135
192.56,12190
192.15,49494
192.34,80340
192.34,46780
192.62,35034
192.735,48160
193.5,30128
194.33,57620
192.17,14434
193.66,12398
193.88,10126
194.36,4893
192.93,4002
193.39,23316
193.58,22252
194.45,9725
194.305,4815
195.08,6267
194.76,11140
195.14,37736
197.555,25974
196.49,10489
196.7,7624
196.18,16827
196.42,9208
196.61,36412
197.09,15941
196.49,8972
196.85,29770
197.8,14859
198.46,8164
198.82,17943
195.24,34397
194.815,22042
194.56,27322
195.81,11068
196.34,15369
196.22,60223
198.39,46752
198.74,15405
198.3,15101
198.53,14064
198.38,9750
198.37,42697
199.66,27490
199.63,11213
198.255,10123
198.605,12346
198.55,13300
198.45,20407
196.35,18537
196.94,9825
196.75,5148
197.015,4183
196.845,8995
197.53,21896
198.75,23062
198.94,10218
199.57,4512
199.08,3867
198.9,9466
198.71,20158
200.16,56392
201.765,47815
201.4,16686
201.48,13166
201.61,7888
201.85,40978
206.41,22648
204.49,13138
205.84,7504
205.95,24927
206.575,19077
206.28,44214
206.57,36988
205.96,21915
206.21,8656
206.845,15015
207.32,13958
207.635,58890
208.6,38211
208.38,20527
207.99,36530
207.99,0
206.25,23135
205.72,24718
205.075,23275
204.68,27496
205.33,14490
205.245,45689
205.82,43380
205.72,33139
205.17,20372
204.87,16280
204.57,27344
204.58,64845
205.97,28805
206.345,22876
208.385,37026
209.16,21879
208.73,21086
208.03,47203
206.275,18018
207.05,17759
207.41,10358
207.455,8727
207.34,19065
207.37,32157
205.755,42323
207.59,49148
207.04,34244
206.91,20619
207.85,27889
207.77,58802
202.705,57594
205.11,17693
206.73,14314
206.2,22466
205.565,30313
204.805,85953
206.99,37681
209.56,19378
210.44,20455
210.325,10548
210.09,12223
210.15,30650
209.71,36456
211.61,21134
211.635,31626
212.615,15304
212.305,17055
212.61,44805
214.025,43707
215.38,40713
217.01,20737
217.095,38483
216.74,18687
216.24,29811
215.12,142575
213.25,83199
211.9,32687
211.09,15291
209.9,24161
210.19,78865
212.035,18196
211.145,26367
210.64,19155
210.225,17750
210.175,22918
210.175,44769
210.84,19872
210.98,12523
210.49,7856
211,11625
210.45,20240
210.1,22248
210.4,17326
210.48,12719
211.08,3349
210.82,1994
210.68,3497
210.63,7216
210.18,28428
210.37,14858
210.79,13472
210.725,7928
210.03,10926
209.41,28763
209.38,18330
208.59,16507
208.715,8860
209.54,5578
209.33,10163
208.495,34980
211.03,21020
212.95,16884
212.81,19319
212.63,17126
212.27,9702
212.4,17707
211.275,6609
211.325,13931
211.375,8654
210.995,7488
211.15,2734
211.27,22279
215.2,27330
215.285,9173
214.865,8027
213.24,5100
213.68,2404
213.57,23305
215.78,19508
216.1,6035
214.985,2602
214.6,1976
214.06,4491
214.9,20275
210.825,27224
208.93,32217
208.375,25041
207.915,13221
207.72,18428
206.82,49375
202.3,43083
198.99,52902
198.705,29677
199.31,32751
197.58,55056
197.645,114890
192.955,52759
193.95,45974
195.235,57844
195.06,25549
195.44,26846
194.89,63502
196.765,51465
199.64,40650
199.89,16622
200.34,28364
201.55,18056
201.83,53622
205.63,39079
203.84,20369
201.995,18995
202.11,17644
201.8,16139
201.16,53932
203.95,28234
203.365,20073
203.38,9341
203.41,10149
203.9,14126
204.59,52980
204.575,7875
206.285,10602
205.235,7239
205.69,5507
205.69,4391
206.045,21436
204.17,23213
206.84,22465
206.65,11830
205.79,39926
205.705,17486
206.09,50653
206.36,22470
206.29,13467
206.4,14379
206.74,7770
207.34,5176
207.65,31657
208.4,14167
208.61,13266
209.15,12020
209.4,12263
209.76,14215
210.675,35375
212.345,22946
212.1,10861
211.56,8645
211.91,7244
211.51,10251
211.37,26731
213.63,22938
213.215,11439
213.58,7031
213.795,9331
213.77,9137
213.75,55670
214.37,14501
215.325,8450
215.1,11127
215.3,9546
215.12,8445
215.05,33590
214.82,25232
215.65,10055
215.265,6036
214.75,12710
213.79,15133
214.505,18134
214.04,19783
213.28,9679
213.34,6119
213.92,4694
214.03,14000
214.09,26602
215.44,21502
215.675,9407
215.91,27329
215.33,12939
215.415,22831
216.17,36243
217.53,23653
218.37,41739
217.59,21348
217.695,9795
217.2,11813
217.67,31345
218.525,47879
218.77,20288
218.62,7680
219.05,11828
218.63,8659
218.8,38373
219.55,9902
219.99,16264
219.98,9138
219.79,6691
219.97,8488
220.115,27885
221.53,38159
222,13803
221.21,11156
220.27,8895
219.68,16563
220.4,16732
220.13,15897
220.79,21372
222.04,13394
222.175,10234
222.64,14665
221.89,32010
222.79,8100
223.45,10177
222.675,5904
223.135,21203
222.85,35328
223.17,32376
223.15,33323
221.73,18876
222.92,13741
222.19,17989
221.51,18281
220.28,78479
221.08,33159
221.74,18665
220.09,16949
219.44,14931
218.38,26897
217.26,42010
219.695,36039
217.905,34009
216.67,22525
217.04,14296
218.2,8967
218.28,41462
218.045,21417
215.25,25271
213.355,26270
212.83,12582
213.245,25096
212.63,73354
216.03,35522
215.085,23358
216.39,16643
217.81,7525
217.6,8249
217.37,40330
216.15,422245
203.5,103350
201.245,164896
201.88,91936
204.055,59827
205.65,110096
203.26,62841
203.77,43030
204.22,28255
205.4,44882
205.56,31533
206.6,60785
205.81,39195
206.03,16879
206.76,13866
206.72,17312
206.76,45884
206.42,103061
207.135,34114
205.69,24179
205.265,65026
203.26,31980
204.345,25661
204.225,44908
206.78,25559
206.48,25580
206.83,19478
207.43,34463
207.25,35862
207.9,81969
207.99,35768
208.415,25444
209.01,39287
208.41,27670
208.595,24379
208.24,50543
207.5,35689
207.725,21021
208.29,10897
208.57,10345
209.745,45531
207.55,39437
209.585,49426
210.175,41333
209.715,27618
210.04,29761
211.02,39904
210.805,69252
210.27,35935
210.82,73154
210.12,21600
210.8,25672
210.86,26550
209.94,95044
210.92,25461
211.12,20129
210.685,25708
210.85,20024
211.215,13126
210.7,52043
211.83,42732
212.2,41634
211.42,19254
210.8,16611
211.07,8892
211.27,51780
210.585,25691
209.96,25482
209.25,15134
209.46,15172
209.91,15807
210.035,28872
209.835,27731
210.96,19018
210.035,15813
210.17,14549
210.27,10445
210.375,46367
209.625,14329
211.36,14359
211.295,9864
211.12,5476
210.77,8847
210.925,20230
207.4,29727
209.53,30464
209.49,18914
209.27,23285
209.07,25542
209.11,69894
207.295,22761
207.955,16915
208.205,13871
207.6,10356
208.37,8471
208.23,45751
208.15,15809
207.245,19844
207.545,8677
206.89,6060
207.64,3591
207.59,14553
205.3,20620
205.51,43656
205.445,29842
204.65,17168
204.73,9660
204.83,41387
208.425,64725
207.72,42167
208.875,21259
209.695,20964
209.805,14982
210.585,63563
212.575,20414
211.29,17841
211.04,13211
210.975,8488
210.67,14291
209.98,35822
209.5,44671
210.1,24290
210.85,12548
211.035,21595
210.77,24783
211.28,29328
211.73,23637
212.45,21070
213.77,11659
213.6,11254
213.54,13940
213.36,49604
213.75,24384
212.77,29299
212.35,18681
212.28,19760
212.285,22827
211.81,63758
223.35,75554
222.1,33518
223.545,30828
223.36,24104
223.93,23809
223.35,100783
220.48,81216
219.64,31358
221.04,28112
221.16,11956
220.72,11792
221.25,50847
222.72,45414
223.995,62278
224.28,26307
224.5,33346
222.92,17145
223.59,43064
223.06,27927
222.06,28452
222.705,14520
222.59,4154
222.87,11229
223.16,38455
225.04,62150
225.395,37288
225.4,28695
225.13,30337
224.745,12720
224.675,56467
224.19,17542
224.95,17508
225.57,11199
225.06,8411
225.455,12442
225.87,42914
224.505,28677
224.28,32133
223.53,12202
223.885,10310
223.7,7804
223.305,28957
222.7,36095
223.56,111119
224.42,32625
224.515,26884
224.16,28042
223.765,76141
224.28,31459
223.78,10546
223.92,4952
224.115,13255
223.09,31782
224.23,33849
223.255,38585
223.52,24307
222.28,20833
222.955,29883
223.46,13869
223.61,40398
224.57,19106
223.61,34909
222.425,18162
222.32,29605
221.71,20511
222.265,49929
224.1,23879
224.21,35409
224.185,11694
224.2,11270
224.41,23364
224.8,38224
224.6,39082
223.54,28323
224.045,14467
223.9,21279
223.535,15719
223.57,52923
224.79,51489
225.47,50067
225.51,25251
225.17,16801
225.08,9584
224.715,51799
224.87,38214
222.62,29656
222.77,13882
223.285,10183
222.77,14661
223.04,43744
224.07,53457
225.365,28337
224.89,24259
224.435,34203
224.58,10336
224.73,72095
221.08,27785
221.11,33405
219.88,43268
221.08,23239
220.93,23240
220.45,99667
221.02,32434
220.925,21847
220.72,22792
221.71,36590
220.525,29905
220.435,79786
240.62,179965
244.295,106006
243.81,52357
244.98,54525
245.665,42464
245.17,216140
239.505,93507
238.07,73829
237.16,41601
237.28,45715
237.7,51692
236.99,92797
237.82,37556
238.58,27951
236.905,20942
237.58,17337
238.61,25823
238.345,58361
241.25,51624
241.08,33449
241.29,41890
240.58,31269
239.65,24983
239.94,49595
240.33,49508
239.96,61672
239.6,30549
238.9,49800
240.2,34372
239.94,70957
241.93,75525
242.875,53579
243.445,32700
242.47,21542
242.07,24904
241.47,94158
242.98,43468
243.57,41170
242.475,41736
241.745,19632
241.75,31328
242.92,65228
244.275,74994
245.23,56547
244.845,46108
245.59,31738
244.71,24538
245.4,62280
244.955,43376
244.06,37539
245.49,21777
245.49,23779
244.685,19654
245.02,74906
243.29,51001
243.93,31156
244.55,12822
244.9,21183
244.125,16611
243.3,51015
240.77,37090
240.37,35312
240.225,15777
239.73,22996
239.29,14946
240.14,63339
243.01,40310
243.945,41170
243.815,22069
244.36,32866
244.645,29223
245.2,79848
247.22,34079
248.22,16122
248.185,13496
248.305,17578
248.355,17898
249.035,63972
250.435,42289
249.625,41926
249.85,36878
250.07,18334
250.55,18594
249.83,61285
249.44,57953
249.05,43459
249.56,17822
249.56,13782
249.43,20547
250.22,52754
250.62,21521
250.41,19654
249.76,12347
249.795,14922
249.255,15140
249,35773
249.545,36118
251.08,36848
251.195,72033
251.195,0
247.41,98176
245.53,27365
245.77,14312
246.73,18984
246.81,25228
247.27,45760
247.91,36235
246.09,17366
245.66,20464
245.97,11072
245.57,29248
245.69,61501
244.44,39520
243.39,19768
242.48,6872
242.84,7864
242.94,15074
243.95,39656
246.945,42464
246.18,21472
246.36,10677
246.2,7908
246.14,15056
246.28,41952
245.73,12046
246.16,9631
246.07,10442
246.735,8020
246.62,15992
246.385,39898
246.99,28597
244.98,27907
246.52,6607
245.45,12081
245.21,14057
245.03,49345
244.29,46639
242.65,30079
242.95,72606
244.175,24961
243.22,26047
243.905,76329
243.25,56186
243.34,31144
243.67,12749
243.64,16532
243.39,23299
243.755,26126
243.05,38063
242.36,17120
241.89,18290
241.675,9103
241.41,17544
241.565,41602
240.185,43945
239.6,28816
239.67,23618
240.02,12247
239.825,18626
239.635,54036
239.62,70397
238.645,25791
239.22,9329
239.425,12728
239.805,21971
239.77,57237
237.95,24123
237.51,32135
238.1,27595
237.51,11362
237.27,16270
237.17,51415
238.53,33862
237.89,30662
237.49,19429
237.76,36367
237.145,58841
233.97,135203
236.155,40373
234.26,30513
234.02,21626
233.48,12515
234.65,19993
232.95,63352
234.58,42318
236.53,40596
238.27,23107
238.825,22401
237.795,30028
238.295,72102
235.91,14708
239.79,26255
241.67,22684
241.09,29800
241.09,0
241.77,14451
241.56,13623
242.53,9575
242.465,8395
242.42,8274
242.41,29688
243.14,15231
241.555,9307
240.345,12493
240.48,7124
240.97,9656
241.81,36091
238.225,19951
238.98,12611
239.915,10668
240.11,9306
240.64,13626
240.46,32472
241.16,8881
240.02,11841
239.42,10809
239.97,13266
239.82,11726
239.78,58066
242.84,39957
241.795,8812
242.06,15433
240.37,19549
239.94,22119
240.42,49837
241.395,37806
241.73,38443
241.565,17461
241.69,17775
241.465,30106
241.47,55276
243.63,83312
242.17,84886
244.58,34587
243.21,30284
242.1,36883
241.19,69255
241.9,66720
244.23,58689
244.55,56016
244.64,33314
244.445,26351
243.95,41570
240.96,36733
242.13,30383
242.745,19177
242.3,26992
242.49,21444
242.71,68690
241.03,64644
239.75,30534
239.28,16261
240.33,18052
241.29,31006
240.125,67202
244.08,66181
242.84,37293
241.8,16245
242.175,22215
242.875,27448
243.17,42422
244.975,70964
245.22,62956
243.45,34638
244.81,37278
245.995,59631
245.59,111703
250.11,67489
250.79,49849
252.29,42022
251.75,29961
252.39,47158
252.6,85962
255.7,81351
253.44,75479
253.46,36150
252.85,48200
252.66,42137
252.87,89393
254.155,71153
252.645,32548
254.15,36787
256.41,43189
257.01,65062
259.39,117642
261.65,40510
260.955,23858
261.55,30607
261.8,44260
263.35,51441
262.83,50095
261.26,29528
261.99,28423
261.3,27992
262.11,24881
262.785,22734
263.05,50699
266.305,67657
265.02,28339
264.48,32820
265.51,18689
264.885,20999
265.25,72054
266.03,60604
264.61,50459
264.855,24526
264.98,37442
264.79,31845
263.89,82779
264.635,76786
263.97,77133
263.86,23816
263.655,36105
264.44,22014
264.37,65718
265.81,26612
266.18,35832
265.21,20161
265.81,19833
265.98,25061
266.39,56837
270.01,47465
269.26,25227
268.685,16507
267.29,24550
266.34,23739
266.99,43107
267.52,29009
267.395,22602
268.85,36282
268.65,28227
269.5,34991
268.77,56988
269.2,17376
269.29,44077
269.41,28872
268.71,20400
268.12,33535
268.14,62985
264.235,63159
266.7,36712
266.32,29499
266.39,29244
267.04,29135
268.03,58476
267.12,16200
267.89,26519
267.94,25122
267.23,31627
267.36,24264
267.79,35572
269.49,34997
269.61,23721
269.38,16257
269.035,27927
269.245,18000
269.46,43230
272.44,36024
273.88,20513
274.26,15818
273.82,21000
273.535,24486
273.82,82314
278.125,34340
275.38,23574
276.325,12061
276.73,13776
276.5,18778
276.19,31438
272.94,56535
271.67,45630
270.715,24727
271.28,18516
271.65,19608
271.56,56362
270.16,33563
271.68,29810
271.77,27743
273.08,49135
274.4,56363
275.78,85839
275.79,30045
275.69,45337
275.21,15517
275.875,15375
276.17,15413
275.99,38723
274.95,30238
274.43,16196
274.555,23396
274.14,16967
274.98,22377
275.805,36157
278.97,32913
277.38,20939
277.61,14411
277.745,19212
278.11,16225
277.82,44979
276.185,32735
278.69,17627
278.35,10135
279.08,12945
279.43,18914
279.305,37994
278.28,30792
278.39,33599
280.05,22924
279.52,24719
279.735,20647
280,60458
275.855,126124
270,132776
268.13,70302
267.58,56828
267.025,50350
267.645,76511
267.58,39014
268.15,55092
268.78,29038
266.47,49421
264.85,59623
263.47,82941
261.065,39372
260.61,31467
260.91,47088
261.835,70079
262.46,48605
261.88,73546
257.42,73850
257.09,57890
255.145,23664
257.05,25565
258.33,50911
258.575,60821
259.925,44316
260.22,31327
259.46,13415
259.46,16892
258.44,11730
258.19,33796
260.82,52895
261.335,45125
261.5,29363
262.325,18899
261.65,36321
259.4,81899
261.51,29241
261.59,21640
260.9,26284
258.53,14370
259.59,20576
261.12,50889
263.88,29628
265.33,26370
263.79,15227
263.4,38506
262.035,22364
260.9,68224
250.46,86186
246.9,51442
248.705,43442
250.725,48582
252.19,48675
252.85,83101
248.87,50314
250.17,48775
250.39,23079
250.96,25267
251.19,30730
251.99,39518
245.725,45042
248.075,36495
245.78,25769
245.59,26603
245.89,26048
244.76,70051
242.2,49401
242.08,57288
240.04,30934
241.09,50127
243.47,58303
241.955,196330
231.57,84160
227.71,90616
228.92,60752
227.94,60305
227.43,86579
229.76,96807
230.66,87490
228.88,58147
230.1,49850
230.48,39906
230.21,66371
230.04,116434
225.27,76087
227.8,48280
225.615,71394
225.115,45922
224.68,90258
225.88,127151
229.75,58632
231.07,66663
232.395,41482
232.81,38786
231.87,32498
232.49,83303
232.58,36682
232.3,30387
232.9,23145
233.45,20514
234.62,22776
235.27,54639
234.43,31412
234.375,31312
233.88,22797
234.24,16990
234.12,17258
234.38,48873
237.125,37643
237.45,38356
238.44,26849
238.13,18606
238.68,53748
241.31,99413
239.89,40424
240.5,47760
240.3,43789
239.88,22877
239.365,22784
239.3,41856
237.97,51330
239.73,19936
239.03,17916
241.13,37569
242.03,43560
241.595,52329
246.785,60340
246.63,35018
247.05,15436
246.26,10899
246.64,21584
247.53,48068
248.15,51787
249.14,50165
249.53,34559
250.015,15921
249.88,19301
249.825,70893
253.53,79841
254.32,83708
252.085,35121
251.53,36566
250.84,34546
250.03,61502
249.455,82430
250.08,15050
248.63,21071
248.24,28448
248.41,10383
248.575,41094
245.86,55583
243.445,40885
243.65,22010
241.94,32703
241.8,20959
242.08,81275
239.745,64393
241.27,40561
242.41,24912
242.74,19759
242.485,41020
243.865,54315
243.31,40625
244.58,36257
244.89,26617
244.06,20476
242.88,28163
242.67,50606
245.525,44835
245.765,29441
245.49,17912
246.56,24828
245.455,13785
244.79,63573
231.42,121625
227.5,89036
231.405,43777
231.495,29093
231.57,45214
230.09,107020
215.05,133377
211.15,166356
210.075,137240
212.02,102763
214.5,160855
210.99,174644
208.995,209525
214.65,77608
211.665,50960
210.46,69779
216.75,77629
214.02,108216
227.07,62537
223.89,42248
223.64,49889
220.835,34876
220.79,41920
218.49,121298
217.58,115346
211.11,67157
213.33,32527
215.44,138520
232.15,170652
231.92,155089
228.42,91697
227.15,84747
224.36,98092
224.185,70377
226.82,78633
226.5,192543
233,119244
232.02,75561
233.8,68885
234.31,65261
237.73,90055
236.5,186219
236.35,116743
235.105,86754
234.32,37096
234.63,29917
236.55,27433
236.92,80309
237.76,46367
236.66,28613
236.18,11899
235.24,16764
234.49,15578
233.88,70234
230.505,40636
231.655,35518
231.745,16250
230.98,45208
228.87,37614
229.31,75501
231.365,45417
231.95,32541
233.3,32704
233.535,21197
233.7,33993
233.195,83858
229.93,28097
228.265,16620
227.62,20539
228.35,38241
226.82,80330
227.44,64792
232.48,22570
233.83,28080
235.485,14700
234.95,18618
233.2,24138
235.74,49897
245.8,82219
244.93,56433
243.175,39535
242.18,23642
242.4,14536
240.945,63322
240.74,16256
241.81,25432
242.89,23257
244.065,19634
244.4,23850
244.78,48376
244.7,32989
243.33,20223
242.53,14860
243,18722
242.145,32727
243.03,41963
244.295,20316
242.98,14287
241.635,16443
241.26,9819
241.78,16758
242.07,36891
243.31,41525
244.43,23304
243.96,14500
243.61,22906
244.81,18483
244.34,46565
238.625,60673
241.85,27430
242.17,8872
242.19,9516
242.34,22535
241.46,79063
243.78,21714
245.555,43971
246.96,16640
246.96,12501
247.29,15374
247.94,49170
250.27,27037
252.415,17938
252.88,30003
253.07,13664
252.86,13639
252.74,31855
252.69,21840
253.87,20640
254.44,18449
254.52,14049
254.565,16257
254.03,25441
250.595,27494
252.38,24820
250.69,12851
250.51,11905
249.975,24506
250.62,53826
250.295,27071
251.13,32172
252.085,34449
252.43,19563
251.61,19198
250.92,69400
253.24,30734
252.32,32559
255.07,8864
255.52,9324
254.9,16288
254.94,57043
255.385,18218
253.58,21424
253.54,10938
252.51,28819
253.3,8929
253.38,16649
260.88,67557
260.51,28136
259.17,27069
260.09,35556
259.595,29635
260.24,84925
261.37,37521
262.515,19464
263.3,39974
262.27,26376
262.4,14856
263.26,31529
263.86,33399
264.89,26868
265.28,33745
264.88,24445
265.425,21611
265.79,64314
266.675,78749
265.31,41930
266.09,42221
266.3,20498
267.35,60395
268.12,125864
266.15,52119
266.87,24868
266.905,19926
267.28,15917
267.86,22877
267.39,80310
268,52078
266.52,144222
265.4,23846
266.33,35995
264.895,26159
265.25,38372
265.83,19003
266.11,13925
266.46,24637
266.01,18009
265.775,21427
265.34,49865
265.405,20309
264.34,25847
263.5,22243
263.64,34008
261.83,38592
261.27,51772
260.45,24359
260.25,25124
261.255,13966
260.94,30883
261.7,29868
261.94,56138
259.19,17177
258.83,31576
259.56,23744
260.18,16188
261.38,32636
261.21,53644
263.03,38866
263.78,28585
263.84,26834
263.91,19747
264.65,20241
264.765,46071
265.16,23354
263.7,20444
263.73,8222
264.06,8638
264.48,12274
264.08,39476
263.815,30297
262.83,14524
263.07,23199
263.555,24937
263.66,14328
264.04,27677
263.12,25413
264.02,21093
264.1,28431
263.465,11998
264.08,16368
264.96,109082
262.69,43214
263.74,32038
264.16,19488
263.825,14645
264.095,23637
264.81,49961
263.25,21827
265,21517
265.555,11750
266.1,15749
265.715,6175
266.05,32471
265.39,15616
265.28,13674
265,10982
265.02,9102
265.03,6144
264.57,35152
260.62,41902
262.45,28589
263.185,16251
262.68,17176
263.095,20696
262.61,66247
265.645,31998
266.13,27912
265.77,11607
265.565,12862
265.71,20346
266.28,51789
265.03,19948
265.62,25608
265.91,44859
266.59,44696
267.63,24856
267.21,31752
267.18,7855
266.43,11299
267.49,12070
268.28,10317
268,20761
268.75,25505
268.83,24155
268.57,14767
268.12,4900
268.46,11045
268.905,14228
268.34,24485
267.07,18834
267.885,14229
266.935,11170
267.31,9023
267.86,8603
267.99,19298
263.885,31179
265.12,11631
266.68,7356
266.72,9715
266.11,13301
264.91,32347
269.81,46927
271.24,22211
271.42,19769
271.14,8879
270.66,7006
270.75,36555
270.43,25034
270.35,6571
269.59,10494
269.94,23115
268.74,6815
269,26539
274.035,45896
276.065,26748
275.77,15659
274.55,12861
275.1,14761
273.86,41163
276.31,21743
274.975,9357
275.48,21311
275.92,14086
274.17,22042
274.11,59762
276.69,25916
274.72,17746
274.14,23955
273.545,18462
276.27,16339
277.07,56929
280.32,24768
281.62,67401
281.34,27022
281.81,33129
281.875,19297
281.5,68779
281.49,26183
282.34,52328
282.475,16771
282.945,20863
283.3,29608
283.395,39577
287.735,18169
288.745,19670
288.55,7215
288.94,19540
289.14,12504
289,43900
287.73,47413
287.325,22577
286.88,18757
287.315,24836
286.565,21511
285.715,84880
290.97,41379
290.85,17856
291.995,15884
291.515,15342
289.86,29657
290.41,89133
290.5,76791
288.43,45169
287.775,13831
288.75,17009
290.01,20555
289.865,65234
290.28,28994
292.04,12765
292.61,9167
291.98,7305
291.32,9624
291.36,30047
293.97,31845
295.62,23867
295.58,28956
295.58,0
294.745,19837
293.685,29185
292.45,25812
290.73,25968
291.485,21292
291.19,34158
287.055,89681
282.225,70715
281.86,63362
281.86,48763
282.55,28079
282.68,74135
283.495,65510
284.02,23328
283.97,23353
282.815,18010
283.555,15070
282.945,44552
285.03,56398
286.83,31078
286.82,20984
287.37,13235
287.16,20227
287.69,36873
284.75,34117
286.37,18306
285.72,12796
286.61,14578
287.005,18268
286.905,28689
286.73,33815
287.36,26894
287.92,34759
288.405,31144
288.605,38507
288.43,72118
287.25,60904
286.16,27589
287.54,38012
286.205,17320
286.225,23249
286.05,73213
286.615,26419
285.465,41890
285.57,15167
286.255,12881
285.33,35197
285.28,61169
288.655,32174
287.48,36498
287.395,20079
287.14,21144
287.89,60899
289.82,65951
290.395,29843
290.075,24418
291.81,12847
291.72,7939
291.52,12540
291.55,64902
292.37,24451
292.905,36417
293.775,14585
293.25,12242
292.53,11116
291.64,41330
289.65,8104
292.08,9479
292.875,8991
292.82,6401
292.5,7591
292.07,36081
293.715,15871
293.02,16883
294.65,12404
295.35,6664
295.855,13472
296.16,32731
297.89,13544
298.96,8305
299.44,12547
298.59,7251
298.85,15653
298.155,33505
297.09,30953
298.025,13831
297.31,4747
297.51,18079
297.96,16237
297.99,41484
298.52,15769
298.34,20199
298.01,14041
297.79,32680
297.415,34070
297.47,55314
300.34,23587
298.29,6841
297.935,8064
298.39,6971
297.6,7942
296.94,29344
298.74,36945
299.26,19947
299.2,10081
299.7,15502
299.72,48057
298.09,55441
298.245,42828
297.595,30129
297.06,15826
297.06,14484
296.22,21040
297.65,44452
285.74,49862
288.72,60769
290.93,28284
290.08,18675
289.52,25777
289.25,81928
292.76,22954
293.04,8046
292.55,9221
293.26,8667
292.96,10542
293.38,34600
292.3,44622
288.76,21075
289.15,6928
289.72,8285
290.56,14339
291.31,35198
292.495,23182
292.11,27085
291.8,18686
290.9,18117
290.8,11801
291.2,35162
292.34,30282
288.95,15852
289.18,16016
287.92,14699
288.25,15921
287.86,91895
289.9,23468
289.16,21827
289.18,14790
288.88,76198
289.38,10556
288.49,31732
290.2,8044
289.86,5862
290.41,8493
289.45,4437
289.88,10989
289.43,36812
290.785,43744
293.295,50862
292.83,19427
292.905,23865
293.9,14322
293.22,36801
293.11,61267
292.59,45876
291.47,45554
288.275,55853
288.105,27214
289.31,76216
291.255,11859
292.41,7558
292.93,14405
291.64,16902
292.54,7362
292.96,26247
292.21,26876
291.34,13056
291.08,8591
290.23,13147
290.79,16446
291.125,46458
289.02,12588
290.585,18677
290.865,8401
291.695,9228
291.05,9817
291.33,20578
291.415,18046
291.91,12661
290.78,10999
290.32,11832
289.55,17254
290.035,48842
288.9,35816
290.03,30488
290.89,9558
291.31,14267
292.67,16718
291.92,33662
291.23,17364
292.71,13464
291.43,9162
291.75,6101
291.835,11591
291.9,58190
293.165,38342
294.565,13615
296.365,10141
296.7,17262
296.33,18072
295.78,44218
297.07,44025
295.865,31866
294.75,10760
295.38,11153
295.01,14267
295.5,49716
294.29,19539
294.15,14951
296.105,6737
296.38,8843
296.545,14822
297.28,37555
298.22,20210
299.215,23927
299.71,14916
298.88,9317
299.52,8733
300.4,43168
299.74,14898
299.87,11530
300.77,5465
300.335,4001
300.49,17565
300.9,39653
301.18,16236
300.62,14714
302,14464
302.325,9433
302.085,7444
301.765,44574
298.55,21765
297.265,28231
297.55,18084
298.1,15959
298.69,12593
298.21,36638
299.02,22360
299.51,7470
298.275,12329
297.09,8303
296.75,8918
297.58,35700
300.34,23807
302.545,15590
302.87,26843
302.795,14815
303.915,25218
303.59,46868
300.51,37318
295.1,19325
296.02,7265
296.59,13164
294.87,16848
295.65,66546
292.66,29518
294.005,27865
292.63,16916
292.68,15096
291.6,17066
293.46,43478
295.59,54530
296.9,26266
296.9,16661
297.6,21126
297.71,33605
297.96,59924
299.04,24922
299.34,13137
300.27,7427
300.9,4943
300.625,8054
300.65,36873
304.14,27087
305.22,20105
303.72,30197
304.02,7904
305.26,7960
304.6,38111
305.795,13261
304.86,9998
305.54,7276
306.52,13210
306.88,10565
307.15,28327
308.055,13668
309.08,7421
308.05,16046
308.31,20797
308.76,12175
309.15,52110
307.6,22234
308.08,17612
308.19,9352
309.335,19436
309.91,21350
309.93,48167
311.69,15960
312.045,21578
312.31,22524
310.57,20230
311.4,37694
310.9,51585
311.835,32266
310.95,36949
310.085,26844
311.91,24258
311.76,43233
311.965,59439
309.91,29319
311.59,27690
312.35,22060
313.835,15342
314.1,26642
314.77,59372
312.49,29723
312.73,18107
313.12,10002
313.42,13558
312.65,18254
312.23,50856
315.935,26528
315.73,13441
313.56,10611
312.85,25183
311.18,11947
311.65,36687
315.72,18709
316.27,19804
313.11,16542
312.87,23592
312.38,19944
313.07,82115
313.54,14817
314.58,18911
314.12,8676
313.87,3855
312.24,5995
313.315,33175
316.145,19251
314.05,9729
315.565,6946
317.33,13196
317.33,17551
317.49,77057
315.155,13907
314.55,11672
314.73,8916
314.63,5761
314.65,10154
315.27,23342
315.715,44213
311.09,36049
312.87,21407
313.46,23268
313.055,21403
314.3,53032
310.425,23737
312.44,18957
311.91,11977
310.96,6348
311.16,10045
311.86,31448
308.535,19353
308.08,14943
307.21,21658
306.79,17916
307.19,22028
307.19,47515
310.845,26718
310.465,18332
309.84,22263
311.15,14484
310.11,14985
310.41,41374
308.12,37141
309.89,19049
309,15601
308.535,23516
308.755,6683
308.35,29664
308.575,41742
307.3,30073
305.665,26273
306.7,12802
307.17,8046
307.5,36181
304.18,22530
307.21,11494
307.74,5275
307.49,8257
305.97,8144
305.37,35762
304.29,15480
304,10668
305.065,11381
304.61,12072
304.91,5910
305.53,29196
308.705,21118
306.35,50341
303.53,18480
303.41,17716
303.91,19639
302.94,60395
308.75,49298
307.45,36204
307.2,34632
307.6,36901
308.09,31568
307.85,113615
294.38,107095
302.64,53684
303,41959
303.85,44672
305.51,34056
303.94,117809
310.07,35116
310.45,28084
308.97,10680
307.845,17414
309.12,41343
307.8,83949
303.93,40702
307.12,52019
306.325,36070
303.69,40083
302.61,45125
299.815,116240
297.19,90111
295.82,34507
296.32,32833
296.07,32748
297.19,35568
297.67,64505
298.67,33852
300.935,23159
301.27,13175
302.22,15418
302.61,12180
302.79,63908
303.47,40506
301.95,16640
300.63,34494
299.37,30314
298.95,32556
298.52,106891
296.39,42902
294.23,28871
293.195,40514
293.06,28372
291.52,30354
292.27,101310
295.78,21919
294.89,12419
294.39,10008
295.33,14431
294.81,16200
294.71,33283
299.33,25126
299.91,20968
302.215,17715
301.97,11894
301.63,20490
301.89,72738
301.98,21383
302.68,15630
302.93,18356
303.47,9752
303.22,13096
303.33,30749
307.28,32492
306.07,24428
304.3,26176
304.265,10741
305.3,13595
305.365,54843
305.475,19939
306.385,21682
307.4,14357
306.44,10518
306.02,57273
305.67,70205
309.48,28124
312.35,31169
310.59,19368
311.06,12708
312.12,12960
310.6,41645
310.9,28576
312.02,22914
309.31,13011
309.49,5389
310.225,15070
311.58,51103
309.105,43306
308.795,38326
310.62,22888
309.63,12876
310.09,19609
310.17,58726
309.48,56922
310.28,24746
310.585,16219
309.49,15442
308.6,30902
308.86,66977
308.32,38166
309.99,30393
310.99,28513
312.39,23821
311.98,33861
312.03,79456
310.81,31196
311.18,23534
311.5,21426
312.575,23425
313.36,28085
313.87,68438
313.55,31937
311.58,37942
308.93,33049
310.07,30081
311.43,27879
313.735,69905
314.865,14473
315.11,7912
316.01,7268
317.67,11783
317.56,14451
317.49,66746
316.77,13549
316.66,16500
317.38,17693
317.3,8975
316.59,8784
316.585,27594
321.84,31715
321.75,24107
321.07,19316
321.14,14100
320.66,16280
319.53,62526
316.93,39256
314.92,27319
313.12,14110
313.2,19303
311.625,25763
309.96,81685
306.715,41487
306.42,27589
305.66,19020
305.6,25721
304.48,20313
305.41,75067
304.19,24490
304.16,14365
303.48,17718
302.01,13873
300.67,29762
298.03,99210
298.495,39391
298.145,22982
299.565,28425
302.5,21981
300.98,15474
301.18,43369
303.12,28653
302.51,26106
302.595,22179
302.62,23145
302.57,20839
301.96,45597
308.65,24853
308.53,22026
302.76,34882
300.35,33519
300.11,33457
302.57,97007
296.55,43264
295.26,32668
297.61,29967
297.9,20197
298.4,15828
298.39,170192
298.345,25783
299.15,19601
297.93,26213
298.74,33310
299.225,47224
299.3,63119
298.75,39492
299.67,25587
301.08,20022
302.62,13930
303.165,15361
303.43,62855
304.93,30543
306.27,53729
307.09,13537
307.63,23611
307.27,20371
307.5,49645
311.505,22826
313.38,19869
313.08,33246
313.08,0
313.74,41120
311,19015
311.385,26573
310.3,12045
310.515,23287
308.74,68209
308.07,29847
309.9,20878
308.71,21695
307.84,16652
308.275,12699
308.73,38612
307.78,19585
309.58,41674
309.24,28091
311.43,15525
311.23,16209
311.79,49651
315.47,41201
317.175,21469
316.15,27308
316.605,17112
316.98,37782
315.76,53243
317.11,25093
316.15,22289
316.18,17434
316.51,9831
315.81,22220
315.83,43304
316.24,50855
314.69,38777
314.38,35147
314.44,25963
313.84,26785
314.46,71983
316.36,15785
318.21,23022
317.59,104767
306.22,89274
301.635,67726
302.42,104283
302.16,85516
304.975,103533
306.24,61640
305.62,41830
305.95,90343
308.8,144507
310.51,61027
314.245,38590
315.54,39415
315.62,36509
316.86,31972
317.62,83173
318.81,34865
317.74,28798
318.625,23234
318.94,24501
318.01,24396
317.75,62870
320.58,51433
320.61,28787
320.005,20364
320.21,20139
320.17,20487
320.78,67897
318.93,29071
316.905,24602
315,12973
314.8,14271
316.06,12963
316.09,43578
317.7,24158
316.01,14454
316.725,19273
316.29,16093
315.37,14974
316.04,82230
317.02,101251
316.55,23825
315.72,24751
314.11,33874
314.27,13306
313.595,44797
315.84,26044
316.57,22246
316.51,22494
317.87,22674
317.945,12953
317.46,67133
319.92,26238
320.555,13259
321.8,15882
322.435,13941
322.19,10492
322.72,54069
324.77,20080
325.97,25554
325.89,15621
326.66,5446
327.21,10249
326.34,41400
327.15,22125
328.92,10237
329.125,22561
329.125,0
328.61,12465
327.93,9231
327.39,11252
327.185,16026
327.075,9279
327.2,27375
325.73,14395
325.375,11261
324.81,9090
324.29,6470
324.355,9091
324.265,28695
323.595,9424
323.05,10235
323.08,11861
323.27,11769
323.375,7913
323.54,23907
324.07,14595
322.99,11432
323.365,7167
323.1,10993
324.335,9037
323.7,39130
322.72,13948
324.25,17964
322.52,20768
322.61,19557
323.46,20603
325.23,53538
334.605,31553
335.72,40650
335.68,18671
336.615,21249
336.23,14671
335.55,62319
333.2,34822
332.72,24788
333.58,17142
334.43,17732
335.38,20049
335.275,33637
327.57,45254
325.565,27649
327.205,17472
327.39,14954
326.97,12782
327.54,50746
329.495,15195
331.01,11722
330.7,10103
331.11,9690
330.39,14285
329.95,31115
330.45,24503
331.29,23766
331.15,16170
330.255,14396
329.765,13036
330.19,45264
324.97,37458
322.83,27332
322.83,24442
321.93,27548
322.51,34532
323.35,65059
316.715,70496
315.76,51368
314.88,33696
312.205,43703
312.15,40687
311.55,100576
308.645,110588
308.38,64017
306.65,65487
308.88,42379
309.64,39462
308.36,129084
311.16,54868
311.86,35637
310.87,46396
310.645,24324
310.425,21299
310.66,79563
311.645,46359
311.69,63640
314.21,57804
316.095,26294
314.53,28759
314.665,108782
306.865,34626
310.095,25749
308.7,21623
307.63,30614
304.83,88962
302.15,110075
304.62,43762
303.54,28648
301.8,24373
302.625,15564
303.43,37100
303.925,62570
305.545,37487
305.25,29196
306.42,48204
305.89,23222
304.905,25965
303.29,55624
300.085,34282
297.98,29410
296.885,45738
297.765,66980
297.41,29133
297.87,65046
299.94,29417
300.07,46474
299.87,28064
300.14,16452
300.49,27559
300.11,80506
299.89,85519
299.64,47591
299.2,49027
298.985,64147
299.14,74939
299.44,131299
299.72,33740
300.27,34126
301.17,27460
300.19,34570
299.81,37669
300.02,68377
304.065,45214
303.16,22563
304.09,25728
303.91,24592
304.5,26446
306.135,63974
307.04,37380
304.985,29443
303.76,20670
303.22,35168
304.84,39215
305.41,120928
304.755,42082
307.25,30027
307.05,48099
308.87,40609
308.39,32628
307.79,65765
314.63,72706
315.515,56467
313.07,42826
310.115,37870
309.87,36213
311.87,122122
316.04,31298
317.66,30104
318.28,42666
317.32,32436
316.355,39511
317.515,78118
312.64,55991
307.48,39098
309.13,29414
309.73,18489
308.74,30116
308.74,76855
321.44,69928
322.645,29625
322.59,31412
323.245,17928
323.2,32887
324.01,65567
324.74,36335
326.14,31324
323.77,27335
323.21,28945
323.255,30026
322.44,60462
325.02,34064
324.31,38508
322.49,18957
321.11,40827
315.78,45787
316.78,102606
320.545,36397
316.27,21508
314.77,25425
313.07,28191
308.9,26214
311.22,55921
311.55,25991
306.51,67415
301.995,40202
300.54,26566
302.875,24427
303.68,37466
301.46,51791
301.485,39626
303.51,23413
302.955,17544
302.57,16626
302.03,52286
305.8,28190
307.08,30180
307.03,22324
305.525,17771
306.74,24060
307.21,70081
311.29,22812
310.85,12193
310.14,12943
311.35,12453
309.64,15150
309.96,35198
307.395,34937
308.14,19696
307.6,15326
307.1,17980
306.49,22138
306.93,68399
307.64,32674
307.81,15779
308.58,30728
309.24,16682
310.625,15832
310.045,39639