31,378669
31.15,477379
31.37,599380
31.42,592441
31.97,595957
32.12,480156
32.66,653729
31.86,418430
31.34,795098
31.2,576442
31.37,523875
31.67,445158
31.74,428513
31.57,495258
32.27,675666
32.75,719680
32.62,731511
32.45,1013091
33.03,705797
32.4,673760
33.1,487147
33.52,437194
32.09,573835
32.76,527401
32.92,301045
33.05,461147
33.37,480704
33.36,347654
33.79,524171
33.67,668910
33.38,387584
33.47,265421
33.03,371216
33.41,472735
33.34,434096
33.69,644909
35.41,897815
35.22,658705
33.99,691341
34.31,691028
33.63,511575
33.5,318343
33.2,278845
33.2,506243
33.57,328557
33.23,487625
32.81,413090
33.28,339218
34.19,766386
34.11,653192
33.82,658317
34.04,274486
34.97,653558
34.75,288658
34.32,330547
34.59,321430
34.81,853367
35,536064
35.65,612966
35.46,422187
35.4,576366
35.35,339646
35.32,500303
35.74,310690
35.17,339210
35.24,358852
35.5,414811
35.28,650603
35.6,454844
35.67,399391
35.23,116531
35.06,179778
35.78,285886
35.6,292359
34.13,950097
34.39,575577
34.93,378544
34.85,794484
33.99,430542
33.82,373235
34.33,238394
34.45,287147
34.28,311667
34.06,575501
34.8,332468
34.85,369929
35.38,164433
35.24,187912
35.41,125065
35.29,325729
35.75,172914
35.66,215697
36.18,382958
36.39,277089
36.15,282065
36.23,459068
36.16,183557
36.22,410237
35.67,600514
36.38,412330
36.8,478532
36.9,299616
36.98,217264
37.15,301646
37.28,214963
37.53,289969
38.06,361569
37.87,460427
37.01,370497
37.09,373754
37.33,345102
37.01,304529
37.44,354111
37.13,360388
37.54,164566
37.64,253178
37.8,243004
38.03,223418
38.08,242204
37.92,389140
37.05,256408
37.26,342895
37.32,379158
37.25,269092
37.86,302388
37.74,387721
37.86,202035
37.99,280339
38.04,436583
37.84,546167
37.45,413283
37.5,338843
37.67,345266
37.58,425686
37.61,337839
37.82,265307
38.45,256572
38.11,357478
38.37,226501
38.22,267731
38.85,255785
38.73,221878
38.57,216872
38.59,151958
38.58,140143
38.59,224817
38.5,216179
38.52,313379
38.16,480990
37.94,552513
37.67,282875
37.49,298239
37.28,150523
37.33,178043
37.3,518321
36.86,343769
36.65,291004
37.06,322931
36.56,459023
36.53,1114695
36.41,1133818
35.78,674394
34.53,723865
34.57,717035
35.4,302111
35.4,517407
35.61,196525
35.65,574977
36.09,287652
36.05,301868
36.27,202832
36.48,473496
37.01,235221
37.27,375378
37.08,260391
37.11,234178
36.98,392924
36.64,465985
36.83,168488
36.82,184050
37.13,209744
37.11,174421
36.91,168493
36.87,298008
35.7,388344
35.87,411877
35.35,455748
35.65,325922
34.78,331979
34.67,311338
35.54,339996
35.8,381414
36.08,407551
36.35,308308
35.5,336500
35.93,338992
33.93,867211
34.67,579482
35.13,781941
34.56,492062
34.38,535280
33.95,661398
32.92,518779
32.94,1586496
33.91,471100
33.82,571064
34.37,298415
34.57,549958
33.98,414954
33.92,344911
33.9,491960
33.72,466785
34.12,230214
34.11,280244
34.1,251390
33.85,195938
33.96,252544
34.06,331665
34.69,404304
34.78,375378
34.4,650471
34.23,352880
34.47,584941
34.18,592739
34,267439
34.46,192689
34.54,224412
34.43,228149
34.83,222066
34.76,328820
35.94,296453
36.01,420914
36.23,328104
36.53,288738
37.07,228398
37.05,201919
37.65,401918
37.37,331566
37.49,349700
37.71,186514
37.16,438415
37.32,271627
36.69,219955
36.82,231937
36.9,342637
36.61,437885
36.84,431119
36.98,300487
36.16,380544
35.95,325839
35.78,353653
36.04,515189
36.64,235923
36.65,278003
37.06,223433
37.04,320055
37.74,304274
37.82,221159
37.75,149500
37.74,496183
37.95,215916
37.96,210747
37.53,290151
37.41,284219
37.52,574499
37.39,478424
37.16,1491739
36.97,641906
37.12,434039
37.08,377498
36.9,347394
36.85,484809
37.5,442777
37.46,601358
36.81,230071
36.66,298990
37.05,344121
36.81,448654
36.38,339533
36.49,430302
36.72,438269
36.58,314553
36.02,568806
35.83,373334
35.82,588641
36.11,464844
36.19,201395
36.49,445397
36.1,474474
36.25,878319
35.12,430029
34.89,761305
35.07,397371
35.25,404811
36.03,217509
36.13,451126
37.44,432483
37.59,317866
37.87,392414
37.85,304073
38.79,387356
38.99,451143
39.12,560760
38.93,691035
38.77,302180
38.79,309849
38.46,429623
38.31,459598
38.49,234056
38.79,390817
38.95,750658
39.07,594816
40.18,441325
39.96,401252
39.39,331866
39.63,349338
40.19,361838
39.84,765504
40.17,280409
39.91,346116
40.08,197404
39.58,578516
39.37,511671
39.17,485573
38.62,235189
38.67,489691
39.78,442565
40.24,663116
41.22,400924
41.78,512279
41.84,410484
41.45,339886
41.85,321721
41.79,296209
42.04,366304
42.35,299766
42.26,357507
41.97,454858
42.52,198268
42.66,415826
43.36,286022
43.28,327266
42.74,523759
42.59,583779
43.1,181440
42.89,356486
43,179986
43.1,267119
42.7,199846
42.84,193804
43.4,160606
43.24,302159
43.25,198460
43.12,557736
42.44,394463
42.21,343666
42.82,169390
42.15,240029
42.78,285943
42.62,265520
42.05,245813
41.87,408925
42.33,222917
42.39,495184
42.52,184631
42.8,492315
42.43,296460
42.25,717801
42.56,262382
42.48,421612
42.18,281847
42.46,218366
41.88,402840
41.84,630202
41.87,226901
41.79,446763
40.41,715724
41.02,528820
41.61,902907
42.01,551008
42.11,406016
42.57,528937
42.97,334963
42.87,308840
40.46,812282
40.94,406902
40.99,568854
40.4,504576
40.1,664213
40.82,362387
40.35,591801
40.49,477585
40.89,660000
40.27,327550
40.01,691396
40.06,484580
40.18,596413
40.28,287897
40.34,393944
40.19,384067
39.94,806347
39.83,259830
40.3,479829
39.99,403916
39.99,454224
39.64,224420
39.33,421277
40.06,480221
39.86,565525
39.55,442119
39.82,1060525
40.18,747029
40.68,688865
39.66,729377
39.6,632102
38.88,479126
38.69,429412
39.59,745306
40.14,758558
40.04,303781
39.98,470867
40.36,314688
40.14,324290
40.27,369435
40.3,530047
40.61,179626
40.36,247752
40.38,174519
40.39,125445
40.55,109149
40.32,198862
40.18,118826
40.18,247780
41.39,940524
41.81,651201
43.16,833750
43.62,648948
43.47,466240
43.35,842745
43.14,785163
43.36,832314
44.21,488659
44.38,605091
44.47,596235
43.98,484436
44,294141
44.26,295592
44.33,328075
44.13,624661
44.69,406714
44.26,571249
43.19,639905
43.04,886364
42.78,526106
41.65,933201
43.03,795516
42.07,1035944
42.25,557401
42.16,731287
40.89,910021
40.89,882264
39.18,233401
39.86,529389
40.53,785281
41.79,340546
41.55,800514
41.97,486798
41.14,781917
40.24,620437
40.73,543891
41.18,367461
41.77,379879
42.09,497459
42.16,580707
41.83,276041
42.13,505828
42.29,377140
42.31,522740
42.34,672403
43.29,808067
43.86,483583
43.54,368047
44.86,484642
44.52,410692
44.59,343201
44.52,319652
44.98,400671
44.84,457251
44.18,519593
44.06,792877
43.08,477501
43.13,797483
43.08,551326
43.1,824529
43.14,327348
42.95,723530
42.14,752696
42.04,1223770
41.79,320632
41.39,270172
41.37,392093
41.21,455010
41.31,378192
40.96,494148
39.06,664627
38.19,799428
39.85,685872
40.88,622928
39.36,556752
39.61,655375
38.65,607669
38.29,849575
38.9,1642758
39.16,1273851
39.34,389270
38.82,410336
37.48,683045
37.09,941121
35.75,1492172
35.13,761795
36.88,462194
37.71,723644
37.45,325350
36.6,415609
37.26,238880
36.85,459480
38.26,556988
37.36,531082
37.61,309636
37.43,264100
38.79,489341
38.61,775433
38.34,377698
38.95,339752
38.52,383582
38.82,556535
39.07,246859
38.78,390590
40.11,280173
40.13,430111
39.62,552064
39.19,629134
39.1,195051
39.05,228080
40.12,292592
39.67,269832
39.07,193087
39.13,148126
39.64,425905
39.3,317833
39.28,209181
38.9,230003
38.44,340799
37.99,678856
36.96,1140436
36.8,2043543
36.85,922464
36.97,1232484
36.66,347001
36.75,507455
35.94,528423
36.01,627245
35.38,689469
35.65,562674
36.24,446980
36.13,298669
36.34,264074
36.08,300928
36,242947
35.63,686330
34.98,426687
35.25,438699
34.75,656283
34.08,1097765
35.16,494208
35.47,506210
36,290445
35.89,401232
36.49,494233
36.27,616313
36.24,559373
35.72,938359
34.85,313259
34.33,550510
32.64,448893
33.28,330860
33.58,328270
33.25,414569
33.11,186785
33.19,375505
33.04,298134
33.34,355454
33.23,195065
32.79,425117
32.8,295692
32.34,447291
33.38,384194
33.98,426056
34.17,290473
34.14,885539
33.96,318804
33.97,362817
33.73,430881
33.78,840913
32.97,400612
33.08,611471
32.55,609407
32.65,472843
33.24,255237
32.4,392929
31.93,392739
31.35,776042
32.09,490372
31.81,592800
31.33,573917
31.7,574380
32.28,469735
32.47,664750
32.25,349047
31.71,728491
31.23,545969
31.34,455875
30.87,552836
30.29,618117
32.59,726864
32.86,895428
31.84,360565
32.2,545403
32.51,213287
32.3,805061
33.21,493207
33.32,427677
33.25,495066
33.27,635056
33.61,285044
33.97,496430
33.23,323708
33.26,493854
33.09,314643
33.39,250626
33.13,191864
33.09,260840
33.67,321413
33.41,469267
33.11,101292
32.96,253630
32.76,269818
32.57,235501
32.02,285506
31.93,500159
30.45,273646
30.3,377246
29.34,289068
29.48,639148
29.3,551932
28.78,640386
29.04,530049
29.19,688966
28.36,781738
29.08,588746
29.07,479241
29.28,884815
30.08,470320
29.86,770751
29.91,253561
29.96,368530
29.2,471481
28.73,497429
29.5,708504
29.55,921539
29.43,574472
29.3,460866
30.18,310355
29.69,303973
29.31,314323
29.07,372642
28.34,496833
28.56,549007
28.12,344053
28.6,449714
27.96,563554
28.1,494723
28.18,224412
28.11,388733
29.03,344938
29.01,418620
29.19,252260
29.08,311454
28.65,120957
28.78,384498
28.84,266077
29.05,265916
27.98,423632
28.28,519277
27.25,424041
27.35,625001
28.86,603414
29.57,1390709
29.79,357748
29.44,472417
30.23,592207
30.62,1020009
30.48,354715
30.24,329330
30.3,239639
30.44,480496
30.73,276630
30.35,429535
30.93,195899
30.76,444378
30.7,301950
30.25,359697
30.24,146546
30.27,472039
30.31,203669
30.53,342374
30.9,404097
30.72,892980
30.81,222252
30.51,355544
30.59,291963
30.49,633033
30.43,222421
30.64,394278
30.42,356642
30.41,399334
31.18,331457
31.04,231732
30.86,241633
30.74,284678
30.82,296959
30.81,465423
32.04,867598
32.17,677434
32.79,344268
32.85,793416
32.77,95669
33,217252
32.76,181820
33.05,255119
33.3,255589
33.66,278251
33.11,128597
33.14,248670
33.11,232679
32.9,199487
32.38,196428
32.33,283163
31.52,168891
31.63,283569
31.58,174196
31.43,197942
31.39,207949
31.38,154696
32.07,371512
32.16,363405
31.63,174573
31.28,317070
30.77,220908
31.09,390840
30.86,297545
30.92,351834
31.19,189602
30.89,431540
30.24,314052
30.48,253740
31.51,319414
30.89,344261
30.4,354302
30.3,342449
30.67,355390
30.83,365450
31.67,324786
31.82,278221
32.18,230703
32.18,420098
32.43,255989
32.4,273676
31.51,148718
31.63,365396
31.24,230565
31.12,323736
31.56,432804
31.9,569461
31.15,290815
31.18,407651
31.96,207681
31.63,257725
31.69,289675
31.16,206234
31.23,335233
31.37,811356
29.91,337487
29.9,545585
28.99,589695
28.83,797876
28.81,339337
28.26,399141
28.53,456319
27.92,469434
28.5,342180
28.53,310740
28.09,189088
28.03,312359
28.47,243656
28,379108
28.51,189996
28.49,566839
29.75,307956
29.69,474437
28.91,228509
29.16,247989
29.14,323154
29.01,473022
28.43,338927
28.21,412663
28.13,478638
28.24,418855
27.25,611158
27.75,747623
27.73,270734
27.64,539200
28.16,766354
28.99,728385
29.34,551202
29.27,439999
30.52,508595
30.97,948083
31.96,637789
32.02,1483510
31.52,346490
31.08,405512
31.48,487710
31.05,336092
31.44,291572
32.03,459225
32.09,189024
32.15,290767
32.36,249634
32.57,328582
32.89,208267
32.83,238847
33.22,194067
33.07,212613
33.03,365295
33.19,375225
33.2,237531
33.33,404775
33.23,297446
33.25,383573
33.24,400537
33.62,1438355
32.92,242000
33.04,353111
33.9,604302
33.39,411714
34.06,233488
33.81,345841
34.03,289531
34.22,417409
33.64,272651
33.78,285745
34.43,516425
34.8,533431
35.33,506303
35.29,323967
34.83,339443
35.02,318723
34.97,259040
34.79,540439
34.47,227573
34.4,264678
33.69,200498
34.14,370731
34.32,358959
34,474209
34.45,325851
34.35,282778
34.56,208008
34.48,431208
34.51,270264
34.38,275953
34.63,128142
34.24,360622
34.04,559701
34,397225
33.82,437292
33.5,302775
33.57,625789
34.24,807065
33.83,635037
33.52,604278
33.29,564808
32.84,655842
32.16,1365536
30.91,871044
30.1,1124268
30.04,405734
30.22,292619
30.42,510578
29.76,934441
29.85,296137
29.94,305451
29.85,317452
30.11,640865
30.88,776190
30.26,581333
30.3,375525
30.24,985260
29.2,602445
29.22,851368
29.42,516572
29.01,371723
29.56,461932
29.62,779804
29.86,367462
29.89,341014
30.11,372792
30.27,325809
29.91,254992
29.57,445509
29.87,166191
30.01,121762
29.84,169918
30.14,204233
30.15,516356
30.29,919159
30.34,188963
30.57,193106
30.55,170112
30.59,212665
30.84,315056
30.87,364971
31.43,548168
31.77,419392
31.14,380282
31.37,454874
31.32,654502
31.73,504222
31.55,389879
31.54,513269
31.22,342072
31.55,535861
31.61,673780
31.61,413907
32.06,427320
32.16,835028
31.49,926429
32.4,740188
31.67,672457
31.8,1006830
31.61,557237
31.01,618860
30.78,360316
30.71,523047
30.8,376088
30.98,621048
31.32,396373
31.71,435819
31.69,278025
32.01,299945
31.76,369432
32.06,373719
32.26,279886
32.42,297580
32.71,415015
32.98,314986
32.81,238141
32.75,410356
32.4,310068
32.54,410322
32.9,387730
33.02,930179
33,400283
33.45,347225
33.57,496514
33.75,909383
33.49,220794
33.45,564217
33.84,737035
34.18,577900
34,317254
33.89,244897
33.42,253542
33.23,415428
32.51,339811
32.73,437670
32.96,263118
32.93,349295
33.14,315037
33.08,549843
32.71,245668
32.74,371844
32.7,205519
32.89,270209
32.26,269466
32.4,370682
32.11,306978
31.87,372507
31.73,513672
31.88,702082
31.86,386578
31.51,549497
31.41,281055
31.49,269702
31.94,293804
31.76,303893
31.73,279246
31.81,372477
31.73,293320
31.65,362999
30.9,294959
30.85,404489
31.54,349588
31.75,501655
31.87,330803
31.76,371518
31.38,842364
30.87,804468
30.62,377893
30.26,567842
29.73,1201883
28.56,1545690
27.9,2105502
28.44,2810306
27.41,6071235
27.04,3553564
26.87,1300463
26.81,2287869
26.18,1011658
26.22,837906
26.8,940669
27.01,1436305
25.93,1436765
25.95,2205376
26.29,909479
25.86,767677
26.76,744483
26.71,1002545
26.48,708860
26.19,789049
25.92,1092452
25.24,1071148
24.59,1173711
25.26,1372180
26.1,733822
26.29,1331273
26.43,373241
26.07,667459
26.4,944475
26.56,637353
26.63,369972
26.22,332865
26.46,201065
26.4,393097
26.51,218722
26.47,355358
25.96,636560
25.86,351549
25.63,640498
25.73,528626
25.92,222338
25.94,357687
26.1,198972
25.92,385947
26.35,215689
26.57,412993
26.47,357937
26.65,392780
26.57,501879
26.6,741338
27.35,359491
27.41,568554
27.91,478968
28.09,757607
27.91,446536
28.41,659074
27.97,599665
27.92,633858
28.07,225539
27.93,292471
27.65,419243
27.86,591819
27.65,222996
27.71,346555
27.2,361261
26.95,538239
26.67,570769
26.63,374414
26.7,342190
26.97,276526
27.22,345630
27.24,342054
27.32,171823
27.13,224112
25.94,410108
26.14,635704
26.22,280052
26.46,474374
25.13,924287
25.25,935675
25.8,267473
25.78,416093
25.97,303288
25.91,243373
25.65,229523
25.81,275562
25.59,461938
25.28,247735
25.29,152383
25.45,221270
25.27,203633
25.12,406171
25.55,324156
25.76,218537
25.64,193099
25.5,174824
26.1,495809
26.63,495104
26.31,273339
26.1,412130
26.64,289555
26.11,246812
26.11,307941
26.27,226724
26.82,286910
26.82,304539
26.17,356240
26.28,246236
26.18,525980
26.16,256610
26.07,353623
26.37,320427
26.13,251439
26.11,469107
25.61,186175
25.68,308985
26.12,223396
26.08,643078
27.05,309759
27.05,411870
26.71,134309
26.84,161242
27.53,283420
27.33,344269
27.57,313280
27.54,363414
27.31,216497
27.42,296094
27.54,151894
27.41,197548
27.49,153729
27.22,240937
27.78,309833
27.61,219806
27.68,178642
27.62,353650
27.27,113262
27.43,255461
27.53,225710
27.42,403653
26.94,524780
27.08,270552
27.18,356433
26.89,367563
26.52,569151
26.37,641137
26.08,332913
26.06,551599
26.4,459153
26.4,265488
26.59,688530
26.6,681327
26.2,252826
26.3,248532
26.9,334482
26.93,467157
26.92,249764
27.14,617101
27.28,320552
27.3,162190
27.41,164475
26.47,417702
26.46,443907
26.78,214426
26.94,306764
27.02,234140
26.9,332732
27.06,174957
27.16,450473
27.74,178695
27.59,195712
27.85,436883
27.69,569022
27.49,305582
27.38,397728
27.62,272636
27.64,415995
28.7,672621
28.74,568470
29.25,437375
29.69,359451
29.55,328466
29.67,341103
29.73,595926
30.03,585534
30.57,441915
30.7,540013
30.48,492483
30.46,597171
30.28,466059
30.24,678418
30.45,225089
30.19,425878
30.05,215146
29.84,509692
30.09,60163
29.96,277826
29.52,265255
29.56,403079
28.92,208076
29.2,292895
29.31,121144
29.52,178490
29.64,102871
29.53,194765
29.72,123220
29.81,241561
28.82,170535
29.13,177899
29.23,122779
29.07,208451
29.19,126905
28.91,158484
29.34,193481
29.28,175330
28.97,124995
28.95,208857
28.25,190865
28.14,374563
27.68,360676
27.61,419319
27.53,271463
27.44,513523
27.35,124638
27.31,202618
27.28,191561
27.09,154799
26.87,280218
26.76,241605
26.54,213100
26.7,271794
26.85,161748
26.77,218137
26.56,197741
26.71,166268
27.07,85243
27.01,118583
27.18,151143
27.38,198844
27.22,184871
27.26,188053
27.29,212645
27.11,522153
27.4,176396
27.38,215065
27.09,231659
26.99,289817
26.8,230148
26.73,248250
26.73,145546
26.66,224920
26.66,276220
26.72,584407
27.05,107033
26.91,216138
27.06,352079
27.46,252665
27.44,297822
27.32,322750
27.77,164112
27.66,479602
27.35,312688
27.29,268061
27.09,118006
27.14,112324
27.12,102397
27.05,159778
27.32,125653
27.27,207552
26.72,184867
26.67,357753
26.35,255241
26.17,207953
25.91,201673
26.07,215829
25.92,205053
25.61,255453
25.92,280847
25.78,207848
25.95,314484
25.95,283341
26.2,297206
25.81,425620
25.5,410023
25.29,445353
24.77,375568
24.62,699376
24.36,383846
24.25,477708
24.43,183308
24.5,344414
24.21,528217
24.66,320900
24.42,499141
24.85,492286
25.65,378045
25.7,388492
25.72,322888
25.52,225215
25.43,342216
25.3,239242
25.72,369215
25.17,389861
25.62,710261
25.48,545381
25.89,657752
26.05,350531
26,870284
26.09,656700
25.98,619982
25.96,881109
25.06,461891
25.05,592540
24.66,676268
24.51,861217
24.27,777098
24.16,900473
23.96,444723
24.07,262737
24.72,669254
24.73,397883
24.24,630741
23.86,668815
24.06,246851
24.26,397282
24.58,289620
24.71,660287
25.12,358427
24.86,609930
25.71,276521
25.93,872854
26.89,372184
27.06,360682
26.91,568345
26.64,440470
26.67,259765
26.49,560874
26.5,186135
26.29,406069
26.34,377214
26.41,530869
26.12,180603
26.08,400289
26.2,208015
26.29,224273
27.28,671108
27.69,878153
27.99,571854
28.05,688425
27.92,701240
27.8,485498
28.04,677339
28.28,802136
28.3,561079
28.33,378255
28.02,302991
28.13,431466
28.09,294316
28.01,416967
27.97,216208
28.03,261049
27.94,226151
27.78,211676
27.85,306836
28.57,429397
28.88,589772
28.84,262069
28.96,429140
29.11,440548
29.59,422960
29.41,306316
29.39,401465
29.13,268030
29.17,253263
29.81,963253
29.46,332226
29.37,245839
29.32,393861
29.29,222517
29.54,195912
29.41,297336
29.44,406678
29.2,231066
29.35,343121
29.34,224588
29.4,863321
31.78,1061625
32.3,1095700
32.22,427732
31.9,613789
32.02,473763
31.96,392399
31.77,540696
31.93,283817
31.81,317743
32.03,554872
31.69,198820
31.44,211334
32.02,163452
32,219861
31.98,220108
32.21,282321
32.25,127534
32.2,214944
32.34,202841
32.34,168278
32.27,140951
32.06,219990
31.91,344242
32.44,464187
31.82,512553
31.92,440155
32.51,312221
32.36,278611
32.71,409144
32.84,401882
32.22,360679
32.21,294034
32.04,416600
32.09,393374
31.79,410827
31.73,570413
31.56,610289
31.41,588752
31.01,1095987
31.18,598992
30.53,983200
30.61,780741
30.34,580584
30.27,291223
30.09,366536
30.09,270996
30.37,310128
30.54,515059
31.33,407466
31.03,339438
30.96,171456
31.09,413020
31.53,450071
31.66,318208
31.63,271430
31.46,661641
32.02,247965
31.84,269132
31.77,268733
31.71,274356
32.77,927603
33.2,757574
33.23,483329
32.96,571021
32.19,1438212
31.91,393849
31.77,450474
31.9,426954
31.58,555589
31.51,494746
31.56,329699
31.47,276354
31.13,230089
31.59,229963
31.43,264006
31.35,260625
31.54,229276
31.55,199126
31.85,370151
32.17,540370
31.19,425953
31.26,450039
31.55,208118
31.51,208589
32.53,460589
32.24,410611
32.36,263655
32.44,200140
32.43,162867
32.37,282375
31.89,228347
31.95,294791
32.34,408154
32.2,400903
32.35,240930
32.35,286180
32.6,169753
32.18,282559
32.3,421588
32.67,451576
32.94,288208
32.73,364595
33.21,241371
32.93,352833
32.84,257144
32.97,265555
33.4,587165
33.93,469145
34.01,356558
34.14,378696
34.08,327564
34.04,323571
34.33,158447
34.05,293813
34.43,645823
34.14,233696
34.17,127880
34.39,270316
34.66,182669
34.53,153210
34.82,164817
34.73,219210
34.16,315864
34.28,532864
34.47,255900
34.33,406067
34.26,269101
34.5,224554
34.68,164557
34.61,236520
34.71,126375
34.65,352150
35.95,325425
35.89,309748
35.65,327634
35.61,321999
35.56,123891
35.43,294305
35.48,167508
35.65,412582
35.9,365761
35.97,347212
36.15,165446
36.34,236973
36.1,191538
35.98,154020
35.93,233951
35.81,360005
36.06,193197
35.98,241492
36.26,123976
36.02,343416
35.56,112394
35.6,249604
35.94,160501
36.05,160659
35.78,237714
36,204694
35.53,463230
35.26,361982
34.68,439937
35,331212
34.45,459786
34.28,360151
34.72,297488
34.48,438554
33.16,825831
33.17,838275
33.91,857850
34.2,689038
34.44,308658
34.29,334851
35.35,350479
35.53,529435
35.8,270165
36.26,383636
36.77,209250
36.79,218365
36.82,132679
36.88,413097
36.17,207421
36.35,200497
36.46,183686
36.45,223801
36.41,111793
36.18,281656
36.12,108285
35.86,239740
35.58,125628
35.46,348286
35.37,192881
35.39,281681
35.7,182811
35.76,173608
36.05,307245
36.13,482174
36.57,192125
36.38,208809
36.16,300494
36.08,521206
36.48,160917
36.46,338552
37,257779
36.92,406795
36.89,347333
36.86,276606
37.07,444995
37.05,201466
37.44,170120
37.28,234304
37.5,221932
37.55,404677
37.69,448419
37.63,236999
37.83,334998
37.7,311477
37.59,210649
37.73,271582
38.06,346883
38.09,590116
37.85,320579
37.5,458937
37.93,116335
38.04,142782
37.88,150617
37.62,294213
37.1,325914
37.13,293186
37.15,633959
37.03,470274
37.7,384218
38.04,540995
38.11,116303
38.07,148367
37.87,202368
38.05,135001
38.07,237295
38.07,137243
38.09,697934
38.33,471177
38.48,317866
38.11,307073
38.39,265128
37.29,277925
37.44,224025
38.35,340179
38.23,387649
37.75,508962
37.78,329770
37.87,228599
37.7,226485
37.89,191800
37.91,341607
38.43,131690
38.54,206742
38.67,141915
38.73,245937
38.45,202455
38.24,469807
38.83,125560
38.76,253417
38.29,196781
38.15,352859
37.58,428819
37.33,343680
37.53,167618
37.71,249384
38.59,443840
38.33,424547
38.35,187181
38.52,233445
38.82,274884
39.15,320932
39.4,182238
39.09,88910
39.07,187635
39.46,226039
39.14,281209
39.57,337045
40.2,355204
40.01,189713
40.11,199242
40.27,254040
40.4,248956
40.19,279833
40.38,238647
40.49,308964
40.54,407395
42.53,502844
42.74,374253
42.5,515666
42.64,479756
42.48,480281
41.72,414704
41.79,481966
41.75,363297
41.24,239021
40.89,208911
41.08,331747
41.23,793126
41.04,286831
41.06,455802
40.72,508195
40.7,376238
40.44,484056
40.28,386519
39.77,151038
39.7,163509
40.01,210615
39.68,297354
39.73,297021
39.42,571760
38.13,533459
37.85,484617
36.54,531011
36.1,853601
34.91,695869
35.54,627649
35.83,248979
35.9,524410
36.81,322113
36.26,525690
36.73,333581
36.89,563892
37.11,223579
36.78,321568
36.95,345862
36.77,264069
36.92,93971
37.03,226686
37.16,265444
37.46,319639
38.18,294937
37.86,456463
37.87,209755
37.96,343045
38.26,121410
38.27,254346
37.54,330068
37.44,323411
37.15,465762
37.24,464170
37.46,298486
37.63,628144
38.49,637817
38.25,511780
38.41,452681
38.54,649778
38.6,212455
38.41,447710
38.7,403451
38.32,481760
38.52,481129
38.84,661979
39.02,316872
39.16,591113
39.09,411552
39.4,720648
39.46,366301
39,517315
38.98,330294
38.95,521129
38.2,617646
37.81,610933
38.14,385724
38.39,434939
37.68,1013239
38.02,667611
37.12,289053
37.51,449640
37.89,284713
37.98,748201
37.52,445134
37.54,469345
37.9,315308
37.99,314648
38.47,330035
38.46,403502
38.39,515498
38.56,1230347
39.54,451732
39.63,1243280
39.4,365577
39.26,849773
38.85,244493
38.79,359539
38.44,297257
38.38,461249
38.01,449918
38.16,406489
38.2,617052
38.53,654768
38.65,261941
38.46,386446
38.5,627973
38.44,603310
38.21,248502
38.3,387563
38.11,493959
38.08,404409
37.85,258937
38.09,458074
38.63,387242
38.93,503882
39.11,294636
38.87,324993
38.89,458168
39,417838
38.88,459054
39.11,615786
38.76,246630
38.78,664879
40.7,501490
40.86,718381
40.81,441304
40.84,726000
41.31,842477
41.18,1021244
41.54,927438
41.79,685380
41.66,506728
41.65,709011
41.14,465720
41.29,688279
40.98,740607
40.73,652929
40.86,354019
40.98,703415
41.17,226281
40.97,529396
41.1,645560
41.1,663565
41.23,385230
40.72,574398
41.24,303216
41.29,478244
41.38,331326
41.31,516111
41.2,494283
41.23,576294
40.76,456306
40.73,523251
41.08,252216
40.75,452250
40.39,652039
40.25,814358
40.69,565298
40.65,960057
43.3,1910280
44.23,2885154
43.67,692283
43.5,1346695
44.09,740456
43.99,1066291
44.93,659465
45.12,894507
45.07,1008979
44.69,1035251
44.89,825215
44.82,881575
44.73,707590
44.53,983806
44.91,615702
45.08,1202432
45.43,598960
45.61,801675
45.06,464307
45.2,613097
44.87,462068
44.73,686541
45.36,803017
45.6,959948
45.44,692201
45.63,793139
46.12,750311
46.17,1520624
46.22,354434
46.25,708830
46.53,444316
46.48,348217
46.39,1117520
46.03,424495
45.88,781232
45.81,544568
45.67,913377
45.24,441868
45.01,552631
45.69,514136
45.79,598147
45.67,414476
45.53,508403
45.6,464077
45.15,658005
45.08,534045
44.88,548939
44.65,359216
44.64,916527
45.16,476774
45.35,655830
44.63,393203
44.54,596692
44.45,422069
44.38,645757
44.14,665183
43.86,792727
44.27,481761
44.16,1677467
43.45,667852
42.49,728691
42.62,765317
43.31,960885
42.83,12574
43.09,317919
43.22,205682
43.38,203441
43.7,255186
43.2,295912
42.71,123822
43.01,252948
43.18,181164
42.93,279618
43.55,482445
43.15,602917
43.23,389060
43.38,521885
44.44,675586
44.77,771419
44.98,857068
45.12,1229693
44.78,840636
44.96,795360
44.22,770521
44.1,712606
44,427300
43.89,997042
44.25,708122
44.64,846326
46.16,979136
46,1112761
46.04,886261
45.02,927097
45.67,843034
45.35,1009254
45.96,693682
45.68,848379
45.12,488830
44.85,742104
45.59,685826
45.72,540658
45.43,316886
45.65,385732
45.68,522915
45.44,1149264
46,430692
45.78,530553
46.12,312388
45.85,571774
45.73,361641
45.65,768664
45.62,290502
45.5,727531
44.3,558513
45.03,716126
45.66,624263
45.76,555693
45.73,470074
45.73,582553
46.31,1140702
46.73,752128
46.76,533067
46.62,485502
46.06,474623
45.63,396836
45.55,322206
45.75,420189
45.37,532835
45.18,749801
45.24,480064
44.96,623468
45.84,200461
45.73,539211
45.36,781536
45.24,447984
44.66,533604
44.74,626176
44.92,470743
44.32,464696
44.36,484556
44.01,821927
43.87,432657
43.89,896164
43.2,910880
42.84,829712
43.42,237640
43.21,534399
43.14,390367
43.4,633711
43.96,1068463
44.13,1225413
45.42,755240
45.37,986785
42.15,1947493
41.87,1155342
41.16,994406
41.17,1257067
40.43,1803826
40.2,964978
40.65,1090630
40.28,803819
38.65,629277
38.8,796963
38.86,602803
39.21,486533
39.16,604764
38.86,676154
40.05,402796
40.14,487844
40.35,563809
40.8,725281
40.84,691045
40.85,565795
40.95,414393
41.17,860160
41.92,558007
41.76,1362737
41.54,404579
41.88,536800
42.2,593245
42.09,643394
42.5,420086
42.47,385375
42.77,587974
42.16,481212
42.34,438150
41.87,336921
40.64,652202
40.42,597969
40.49,361182
40.6,594849
40.75,457310
40.66,469878
41.02,336048
41.01,534421
36.78,1712243
37.33,1725579
33.58,1996170
34.02,1475519
34.75,1912324
35.21,1601826
35.65,1247447
35.19,1304458
32.54,2828770
36.1,3129634
34.98,1198538
35.18,1173422
34.58,827788
35.41,883734
36.22,697735
36.25,550433
37.51,807545
37.63,1152775
36.89,874736
36.64,987347
36.78,934756
37.08,852214
36.12,460487
35.95,533734
37.25,709173
37.22,881181
38.94,917220
38.49,867182
38.56,445475
38.94,535128
38.91,414684
38.86,388080
39.17,397073
38.99,516938
39.12,553311
39.39,526112
38.6,447292
38.9,664500
39.52,386464
39.57,645502
40.26,361743
40.32,632382
40.66,379864
40.73,552599
40.44,489144
40.17,491251
40.45,373622
40.49,692597
40.8,494516
41.22,631726
41.12,459192
41.21,394701
42.61,616229
42.67,831451
43.28,918582
43.55,576564
43.78,716795
44.02,783988
43.39,655673
43.57,760064
43.41,566857
43.89,638480
44.1,324814
43.96,381600
44.02,442049
43.97,492973
43.29,836624
42.67,1065976
42.52,580324
42.74,541930
42.3,833479
42.62,909516
42.98,478821
43.45,492713
43.32,634590
43.43,677565
43.45,429739
43.37,515270
43.34,665974
43.25,863135
43.05,492655
43.29,791276
43.7,390018
43.89,498339
43.9,366289
43.78,441675
43.69,659557
43.76,1053701
44.42,694514
44.39,855423
44.71,365747
44.69,318403
44.53,325094
44.62,437908
44.46,1208373
44.34,981255
44.03,273400
44.06,352297
43.6,421107
43.86,695661
44.39,311619
44.05,413453
44,402132
43.73,458137
44.35,378158
44.51,722620
44.93,457894
44.97,910908
45.03,634265
45.39,754135
46.51,809898
46.24,845522
46.16,340852
46.41,390591
46.93,479715
47.02,579805
46.94,461172
46.64,651789
47.01,749164
46.57,768426
47,912656
47.74,1047574
48,845424
47.97,1234935
48.53,553048
48.51,560854
48.08,568665
46.51,1269055
46.78,1200793
46.28,972936
46.51,750497
46.66,721001
46.47,745526
45.97,470226
46.14,655578
46.2,406905
46.43,631764
46.02,852788
45.71,1535385
44.89,970169
45.18,695626
45.64,831340
46.37,1207763
46.51,484037
46.82,663926
47.29,402857
47.24,507556
47.44,387627
47.47,580550
47.51,338432
47.68,527213
48.38,688812
48.34,594456
47.72,417697
47.92,663582
47.87,329665
47.65,335888
47.63,631003
47.5,485246
47.89,367775
47.86,766249
47.15,569680
47.02,648161
45.14,1153939
45.14,1327368
45.35,699668
45.24,678049
44.53,911289
45.11,869985
45.31,376307
45.06,513554
44.58,445985
44.68,624882
45.33,739586
45.67,529144
45.65,535262
45.77,683685
46.88,475790
46.96,460572
47.01,737612
46.56,513550
46.91,260286
46.99,464664
46.61,541145
46.57,644116
46.87,624296
47.28,594721
47.28,753188
47.43,1261073
47.51,734832
47.89,570802
47.84,516479
47.83,484462
48.79,698345
48.91,1076029
48.84,708781
48.89,552376
48.99,562179
49.48,849753
49.73,1673160
49.78,1054458
49.85,315694
49.89,511733
50.14,447195
50.31,557252
49.77,645473
49.61,669621
49.8,644236
49.22,664356
49.8,664357
50.24,847946
49.15,936258
49.28,655839
49.42,787740
49.32,1417219
49.98,747503
50,658724
49.8,696870
49.93,760113
50.58,653710
50.48,728901
50.4,220163
50.39,305995
50.72,407672
50.42,486695
50.06,978229
50.52,1010899
51.17,544755
51.02,1039198
51.46,667735
51.57,598506
51.93,1194313
52.3,1210320
52.01,440072
51.62,509596
52.32,392021
51.3,435286
51.85,441551
51.24,488856
51.96,286280
51.47,261844
51.77,219161
52.08,299568
51.93,261168
51.93,266095
51.07,491268
50.89,460823
50.73,585792
50.42,574933
50,367871
50.18,497828
50.62,686097
50.49,615007
50.23,471589
50.09,481708
50.29,520677
50.03,402733
50.1,397612
49.89,407711
49.57,581205
49.56,566543
49.38,835370
48.83,678142
48.8,891313
48.75,852408
49.66,828389
50.14,1033559
52.46,1031412
51.88,882434
51.88,982940
50.77,1406289
50.78,2117049
51.01,958493
51.9,482870
51.89,592861
51.88,454543
51.5,794542
50.62,804902
50.22,675783
51.25,581009
51.47,684507
52.25,682122
52.22,1114508
52.53,655090
52.66,527455
52.54,626096
52.44,500407
52.47,454846
52.51,1019140
53.07,916441
52.97,1033496
52.78,1016998
52.78,1237543
52.95,881602
52.85,1057869
53.16,1183157
53.16,1799144
51.71,1677136
52.65,1650521
52.7,1255052
53,1658083
52.99,1397412
52.84,1269859
53.29,714086
53.5,799605
53.45,638234
53.61,580852
54.36,830263
54.03,1091624
53.42,823079
53.12,1154453
52.28,1030331
52.46,1137145
51.95,828722
51.93,1757343
51.18,1099446
51.8,1393435
51.94,1077304
51.89,708586
52.41,1264204
51.18,1417725
50.85,1109017
51.23,1148181
51.53,702142
51.77,1032921
52.03,686756
52.41,887419
52.51,704130
52.82,795141
53.19,1112921
53.6,790809
53.27,1081653
52.96,995604
52.8,1155365
53.27,797695
53.73,1157000
54.29,1679232
54.22,2266397
54.55,793547
54.25,826716
54.165,799390
53.86,943724
54.085,984390
53.72,978728
53.575,812390
53.81,2570813
53.87,1025348
54.19,1268888
54.495,989836
55.205,875358
55.64,794108
55.265,963791
55.245,809935
54.78,1114480
55.435,1030981
54.81,1082234
55.085,1039032
54.15,1500340
54.765,704911
54.95,1612298
55.735,633367
56.095,830764
56.115,671074
55.98,717814
56.04,742198
56.245,327126
56.135,422532
55.81,744553
55.445,696933
55.305,617908
55.22,686012
55.195,373169
54.97,454472
55.25,765550
55.5,701565
57.17,997734
57.205,987432
56.88,881573
57.1,872378
56.215,1221636
56.07,986564
55.985,746994
56.505,995220
56.235,887607
56.085,1210246
55.305,1275082
54.835,881632
54.865,1085460
54.645,1147160
52.21,2261921
51.855,2113871
52.61,931344
52.75,1032757
52.28,961635
53.255,1383736
52.85,799891
52.51,1238199
52.585,966666
52.54,1163330
52.815,753621
53.03,593337
51.77,963698
51.46,896495
52.03,888590
52.055,772486
51.975,735982
51.93,909112
51.96,795585
51.52,1092220
52.335,1112835
52.58,1059230
53.2,1296739
52.885,1295665
53.485,909117
54.05,924826
55,1364108
53.84,1310427
55.465,1609107
55.705,1491889
55.18,1449388
54.93,853464
56.145,882585
56.765,1308398
56.5,1058494
56.515,819433
56.565,1338322
55.43,1995138
55.35,1207289
54.205,2059198
53.38,2075310
52.16,1680458
52.065,803382
52.495,903719
53.205,904580
52.78,958481
53.29,1253612
53.37,772858
52.4,1068418
52.42,864193
52.235,622730
52.705,733864