321.12,91999
330.43,173567
332.72,120471
337.36,153225
345.48,225321
352.36,275776
349.84,136258
346.29,85764
342.37,76909
343.58,57817
351.26,105787
354.48,102327
352.95,82240
352.53,103828
351.87,118498
349.42,85690
345.03,90894
341.34,158839
344.67,93975
343.41,69819
353.81,274256
362.83,537431
364.5,157744
369.61,129430
364.4,151827
369.54,157478
375.5,100810
377.17,100417
371.67,55093
371.27,42011
371.33,39528
369.24,38683
374.12,57092
369.04,80691
370.75,52468
366.44,58706
359.12,499147
359.64,77983
345.74,288631
348.09,231405
351.1,94119
347.54,117306
346.18,82260
345.65,68352
353.74,107488
352.22,74209
345.51,50953
347.03,60868
350.97,48066
351.44,100120
349.93,69326
352.6,77656
351.37,48612
350.11,63738
347.78,268673
348,108920
352.42,81965
351.87,50033
356.63,40195
359.16,42876
355.69,48512
358.77,54147
361.63,110437
360.68,44457
366.77,78215
368.69,63619
367.32,32775
367.88,13457
367.68,39422
368.91,40239
367.02,16543
367.71,42700
367.79,47526
369.14,41851
375.42,60830
375.28,62078
374.37,51349
374.32,37847
366.74,84906
365.31,94389
372.03,65717
372.1,57939
377.76,77050
372.34,70501
377.68,35137
378.52,51678
379.63,24587
377.65,38739
378.81,60156
377.66,53604
384.77,117677
383.21,138284
375.79,78466
376.79,104834
369.18,56040
371.88,68576
372.06,83581
367.54,82237
365.75,96343
363.89,48771
364.3,60312
364.71,81041
356.93,104667
363.21,60293
366.63,54417
364.85,57731
363.58,67668
359.11,81895
352.38,92808
357.48,40945
348.99,67633
349.3,68484
352.37,31197
349.09,56890
354.23,81972
353.31,69293
351.33,30631
350.26,45076
357.46,56968
358.24,43427
348.61,53747
348.62,38106
357.92,186300
357.86,79089
361.42,89604
358.57,95769
362.83,30464
362.87,30922
360.05,33722
359.48,72553
357.88,42152
353.76,133392
355.21,63180
353.11,96917
351.74,87517
353.07,44256
352.88,50114
351.69,62211
359.85,52472
357.33,42793
355.82,28027
354.08,32067
354.57,17661
355.48,30736
355.89,15640
354.61,24364
356.46,34986
356.43,55806
356.32,61438
354.98,51099
353.28,118612
354.61,42940
355.17,71946
354.7,60471
353.56,99142
353.84,73111
355.19,80472
357.48,39956
354.92,33489
355.07,78732
352.97,62618
358.24,48831
355.68,50118
359.41,38884
365.91,31483
362.67,23424
364.96,45205
367.64,35211
365.76,28689
364.46,41916
366.16,36870
363.45,80288
364.41,26736
365.24,52576
359.65,92732
356.36,152103
360.13,63837
359.55,47419
360.09,34052
356.41,24887
357.9,79785
359.95,44887
363.26,20129
364.38,16811
365.1,33197
363.43,26450
364.38,152677
363.01,91892
357.6,58896
360.14,31430
362.77,20749
362.94,23156
364.92,31065
365.38,32850
372.86,80459
372.86,66263
377.03,60325
380.44,69707
381.08,59570
379.07,55279
376.52,26625
377.6,49525
360.59,168551
355.08,157224
360.94,55969
364.78,66958
368.18,24704
368.74,28771
369.59,189734
371.46,269586
379.95,77172
383.11,28122
379.48,24920
381.86,25538
381.66,48007
376.35,82235
378.95,68471
374.1,80687
384.35,56518
380.91,54472
374.04,22632
375.49,35173
374.2,46029
367.46,135776
353.81,104473
356.92,83927
354.59,42807
358.45,90804
361.9,54037
361.17,40783
363.41,28971
365.21,22365
360.5,48637
360.48,42089
356.04,64675
357.55,91605
355.47,48782
355.2,164206
351.5,63217
352.25,105465
352.67,38152
353.31,54236
348.93,45980
352.48,46405
352.67,94502
351.28,63786
355.23,64719
355.17,23633
348.33,24123
348.15,58956
346.17,73720
345.97,114922
349.69,53834
352.38,74736
355.26,43817
354.75,47199
350.9,29495
351.14,65297
343.52,50345
344.35,58448
345.3,41632
345.87,32513
344.81,28290
344.91,39943
343.92,153682
340.16,147164
340.75,84277
342.84,46925
332.47,156299
331.91,101925
332.63,61594
333.76,158125
338.83,126585
336.62,52639
338.55,98605
342.6,123431
343.23,77826
342.88,37461
340.11,32160
340.11,50024
339.46,34150
337.84,45716
339,46383
339.99,72282
337.38,46470
335.97,52581
336.21,36200
337.22,79698
332.79,29606
333.58,30916
329.91,43338
329.43,34436
329.69,68892
329.75,39906
333.56,32160
333.19,63012
342.26,59515
345.23,58194
346.69,92051
350.34,49498
349.4,45324
349.45,48330
343.89,41983
341.05,34467
345.5,38991
345.79,47927
343.79,72962
341.07,70727
340.5,60812
347.38,81797
334.62,161966
332.23,146747
338.64,45142
334.77,72974
336.05,63927
336.65,39845
347.59,39953
347.98,38745
349.15,34525
346.22,51749
343.24,32815
339.11,38414
338.84,25857
337.47,37386
333.57,90630
332.32,51265
334.13,56125
335.47,33317
346.45,47645
345.79,59073
342.77,58734
350.31,48385
351.79,37342
352.38,33117
348.06,25271
349.22,22694
345.32,58808
346.29,43335
349.33,17164
348.85,31746
353.67,83011
349.82,66703
328.75,185580
329.22,168455
326.71,237360
322.18,336936
325.95,76173
327.29,133332
330.95,143891
327.52,156752
322.13,116613
320.14,86893
318.76,50212
317.91,66946
324.02,126563
325.69,142833
336.37,309497
338.99,330781
341.44,173636
340.66,98618
332.98,92335
334.57,72352
349.84,140047
349.5,134772
346.48,201025
348.24,364766
349.46,170565
352.42,208780
361.05,102792
353.69,96705
356.19,69523
357.53,128172
347.86,286618
344,487684
345.2,283500
339.84,206593
337.54,152771
335.33,174985
324.82,606583
315.21,322152
317.24,213143
318.59,220152
322.77,303518
326.36,448366
314.61,436798
314.66,318601
314.97,167699
309.13,451324
305.65,210887
310.37,241806
303.75,238542
305.68,217728
311.44,285520
308.63,144106
311.56,153003
320.77,205682
327.42,143162
333.61,97079
332.94,76718
331.5,73357
334.48,77173
334.41,53392
335.6,138357
337.54,60683
341.14,48503
338.33,114059
335.48,187292
338.74,149526
330.25,116783
328.52,157773
330.03,129291
338.36,127410
341.85,176631
336.15,66207
340.14,84099
332.59,114508
329.52,125067
335.48,63248
341.09,51155
344.36,82314
349.34,58256
350.14,64310
352.64,81085
348.82,49782
350.87,81745
353.91,18283
352.64,22769
353.41,13917
353.48,26384
354.15,19210
353.79,22462
352.93,27801
352.64,36628
353.48,126381
358.89,143058
371.7,137442
365.26,115294
368.81,106335
369.89,312070
358.57,424799
360.7,130647
359.05,227564
362.06,265470
343.9,170555
352.29,107371
350.03,161168
357.29,103866
362.78,145559
362.43,160600
367.33,83419
363.93,113469
365.78,81565
360.43,123631
359.42,79859
358.71,79467
360.4,96403
357.28,198006
361.28,61844
360.7,155501
355.48,124045
352.3,133278
333.21,95609
327.7,229679
333.23,336704
342.67,139267
346.15,343073
335.46,215951
346.26,315551
352.86,348810
361.53,262616
371.73,151710
373.76,221151
384.7,144037
382.4,135960
385.24,103497
388.68,205495
379.39,102011
381.46,82188
371.18,153073
373.08,188246
370.38,126468
365.28,182397
366.61,181317
365.32,238289
376.85,93122
373.26,127078
368.07,83806
367.46,98466
368.42,93884
367.31,161015
364.7,65260
367.72,67220
367.39,193792
372.37,243347
368.37,97005
372.92,92230
365.19,80820
367.24,112902
364.86,56846
361.12,84292
364.18,115944
359.21,113076
358.5,142797
358.22,90178
343.03,217923
349.8,394427
354.65,70617
362.26,93499
354.35,111618
352.44,144466
351.17,160993
341.99,219408
333.85,113537
336.08,149514
340.05,83269
340.14,128402
326.05,138466
324.22,112517
313.52,167438
311.4,173875
315.74,63697
320.37,103837
316.96,61087
314.08,105826
318.98,60136
319.53,91414
328.15,95850
320.86,88291
328.12,97887
325.07,86604
342.32,100969
334.45,102912
333.58,35880
336.73,65191
339.82,54505
344.04,112779
339.84,82790
337.72,90736
343.87,40769
344.13,85846
337.26,35313
336.44,60871
335.54,28166
337.54,45671
340.15,31014
339.6,36444
338.14,21564
339.15,27100
353.5,195886
358.62,242038
355.35,35433
352.57,51770
352.72,49402
354.03,105799
356.41,59105
355.62,67603
358.57,30213
358.48,42355
356.21,20255
355.09,49246
345.61,64406
344.34,58680
342.13,62138
342.14,49214
346.24,38459
346.98,42205
339.96,26412
343.22,46204
343.44,37395
339.18,79260
345.19,56081
348.1,64475
350.66,109243
353,65223
351,27336
348.73,36991
352.49,22585
354.09,36661
362.86,58184
359.87,34599
363.93,124238
358.56,88731
347.05,35105
347.19,57096
342.38,97854
342.5,94173
341.78,50358
337.7,38167
358.85,101916
358.39,109990
363.99,182038
371.12,169764
359.99,66481
358.43,99624
349.29,71519
345.6,114746
347.79,36582
348.54,51203
347.38,95126
349.46,110047
353.21,53468
345.76,76119
341.6,47159
338.62,53930
318,284300
322.79,100236
318.02,178862
324.24,176489
320.68,53540
318.17,64106
316.96,92314
307.75,107715
326.23,69945
322.81,54881
318.93,41537
324.35,49830
326.41,52288
330.25,129247
333.54,216402
328.41,118396
321.13,115576
326.68,143608
327.08,59636
321.98,95459
341.17,76399
339.07,66722
330.47,60437
331.65,65650
335.39,49402
335.22,93355
339.35,63428
343.37,52105
344.83,65944
346.09,67722
350.95,39721
352.17,56731
350.86,37681
348.68,39452
351.9,45037
353.04,73004
351.36,32719
350.62,36533
359.86,13960
354.76,28326
353.23,32440
353.4,40431
355.82,51067
355.29,46818
348.37,53205
348.38,93224
330.13,72401
329.74,71462
316.38,133018
318.85,166981
314.59,44997
314.65,50544
317.56,29705
315.71,56607
301.51,84491
300.33,107946
300.68,70917
306.26,139216
312.25,60115
310.73,55222
309.77,39823
310.99,46699
311.48,50140
308.91,83067
320.53,70329
320.51,117334
321.42,41310
322.08,54743
321.35,91969
314.34,107251
317.14,54530
315.95,71640
306.98,55428
310.17,82758
305.41,52032
309.17,64580
307.76,43687
310.71,34630
312.53,32216
311.3,27891
316.28,24762
316.11,31827
316.66,20569
315.97,23146
316.27,30113
319.08,33247
317.86,20725
317.64,33435
314.63,25576
316.32,46476
313.56,39191
318.31,69119
328.37,36676
325.77,42172
326.2,42013
326.2,39629
330.9,24001
334.49,53337
335.93,53146
332.86,45837
337.1,27814
337.48,64540
338.97,40544
334.1,66998
336.73,58533
335.59,86900
333.89,31510
333.47,64219
341.06,119603
333.18,94551
339.51,79515
343.99,81568
345.3,48315
344.66,59194
346.72,41169
344.07,56496
340.1,40550
340.5,59609
346.43,113882
348.52,112730
349.32,35242
347.76,30126
346.6,27997
348.13,50933
345.89,61592
345.27,29151
341.5,36148
339.2,36349
345.66,30316
345.74,44472
345.82,29566
345.49,49200
344.27,41218
347.1,74897
349.17,30196
354.08,33098
347.95,36299
350.86,51516
346.28,28658
347.83,38456
348.82,46624
350.18,34566
347.24,29169
347.92,21126
340.75,21248
339.1,74125
334.74,32345
334.53,34217
333.31,33877
332.61,35667
334.04,38206
335.69,31713
331.05,17112
328.65,36462
323.29,30123
324.85,49316
320.82,36579
320.89,48315
321.24,24713
319.7,55302
313.12,39820
314.31,38052
320.63,32079
315.88,27885
318.94,48416
317.98,27262
315.75,22356
319.73,39200
322.53,22685
320.56,31868
328.6,50002
329.24,51879
331.2,39839
331.28,40600
322.75,23897
324.04,48944
319.71,31432
317.59,47146
313.74,41886
311.56,66593
306.9,30728
305.77,36242
307.4,32948
304.78,36649
305.89,72257
305.33,73538
305.3,32201
305.85,71752
294,68064
292,111247
286.42,38070
286.87,46922
286.72,43767
283.35,87933
286.41,50286
280.13,40447
280.42,100023
283.23,170948
281.86,46274
279.75,51001
283.98,35402
280.53,56495
284.45,38042
284.4,67179
297.08,46005
295.55,51011
293.14,26158
297.42,62132
297.51,44850
295.21,65786
290.97,19284
289.39,48789
287.38,23185
286.45,32755
280.75,39611
283.77,69723
279.24,16930
280.9,60421
276.52,84775
287.32,89705
285.78,44104
285.55,45251
291.14,57841
290.85,44666
294.16,28515
295.03,41685
292.98,14980
290.11,32675
296.7,26929
291.59,26281
289.61,47865
295.76,74526
297.94,67062
299.86,64292
303.48,31851
303.4,70724
317.08,71002
314.28,157388
312.84,108973
312,91314
323.96,69239
324.14,91319
319.6,31850
321.85,51455
322.71,26974
323.71,147152
322.2,59756
322.28,92546
308.15,29423
303.95,69504
315.22,48446
309.01,56405
312.95,51572
314.71,93342
320.52,45606
322.68,34431
312.11,34567
311.14,61369
326.27,80454
326.95,75195
333.79,78569
332,120260
334.48,51103
336.38,43722
343.33,49337
337.83,54656
336.22,37766
336.8,68616
331.44,52088
334.51,72468
336.63,42368
337.25,81045
336.3,59602
331.36,50573
332.06,34901
336.23,29833
340.8,59096
341.31,50199
343.22,23410
341.81,38967
338.87,57875
337.39,32090
336.23,52149
336.55,38817
339.12,93808
352.68,62292
351.06,105948
350.36,47996
351.67,67810
348.74,42772
349.16,90188
342.3,38992
339.46,69811
335.6,66561
338.86,62447
344.59,47069
343.85,59372
342.71,44910
345.39,45172
347.77,53242
349.62,111640
358.75,84770
349.84,81512
354.87,37831
354.52,64567
338.62,58669
337.42,152158
339.78,169717
338.02,114342
338.11,24135
335.72,57246
336.53,31347
336.37,46168
336.13,28655
339.12,48448
337.4,25019
331.39,81460
332.56,45380
337.3,26086
336.63,39241
339.68,30930
341.91,35463
337.96,44126
341.01,18810
342.31,31122
338.79,16895
339.51,36915
343.51,32584
338.44,32356
347.37,94362
348.72,73804
349.23,48426
345.66,101239
352.58,59916
356.27,183829
364.93,80236
367.39,98283
363.41,68184
362.89,146014
365.01,50181
368.26,103974
371.96,79651
373.85,108106
368.97,103177
368.63,188241
369.55,53245
368.57,100732
368.64,87972
365.38,102387
359.1,89305
361.17,79861
363.93,62480
367.43,118062
372.4,102997
372.91,94266
370.74,84859
373.1,83806
370.45,134279
372.65,169699
370.57,89710
368.65,111498
371.68,76762
368.93,86500
366.26,29976
365.17,54187
364.63,43727
363.62,131968
361.4,65765
361.89,112364
371.22,76096
368.97,87140
364.55,80974
369.12,95811
364.54,67396
365.51,90872
365.27,69128
366.73,56568
367.68,57716
365.67,43005
367.62,53053
365.09,79386
360.05,93319
358.17,66784
363.04,45012
363.08,69939
365.06,44233
364.37,47264
361.24,62313
361.08,53047
360.68,59903
366.34,85750
357.07,55998
353.87,115981
354.62,84012
351.27,131903
348.93,47654
350.31,61681
349.76,39582
347.87,51926
344.34,51414
345.57,75182
350.51,53322
350.76,65363
348.8,50363
351.27,77617
347.62,37691
347.79,43183
346.58,51304
348.27,46811
352.09,24039
354.09,60489
357.99,71561
361.23,80012
362.19,39221
355.68,54302
353.4,45631
352.73,36162
357.09,49736
354.2,75056
343.29,73663
342.59,130733
339.36,85073
342.43,87929
348.38,48805
344.92,45283
340.07,40665
340.07,87875
340.47,71329
340.48,76757
341.44,34494
344.66,86688
346.75,64161
343.36,52623
345.16,77807
346.17,150849
348.59,84297
349.9,119431
352.29,39943
349.61,72262
342.55,54308
345.08,58906
349.41,59314
348.95,44476
347.77,39836
348.15,52943
349.89,43908
351.85,39847
354.11,34683
352.9,49083
356.51,32746
355.58,70486
356.57,60813
358.33,90306
360.36,49481
358.71,37929
356.39,48802
358.94,103568
351.89,38614
354.9,59720
353.63,48371
354.46,69179
355.86,30705
357.77,86299
358.91,37189
359,60119
362.09,52551
362.34,47776
365.42,33041
364.59,59708
365.3,31679
363.29,50350
364.66,35833
366.69,35487
366.55,16043
367.84,44241
368.08,21445
368.92,33825
369.43,53013
368.65,66522
368.7,20910
368.84,38445
366.77,23773
364.47,87198
363.16,57360
362.61,50753
362.36,53480
366.41,80268
372.25,28716
375.36,42023
375.53,29828
375.39,43939
366.04,46721
369.25,53611
372.27,46837
370.38,51750
367.34,44225
369.3,56287
376.54,30848
376.38,54707
380.81,34850
379.94,12847
379.04,18994
377.84,35775
374.52,26940
373.4,26220
376.28,14134
378.53,23592
375.23,20919
373.87,32921
376.38,30901
376.01,40701
372.8,43893
373.59,68490
375.34,39652
380.46,61074
382.78,48086
380.45,65877
382.49,38235
380.13,61350
380.22,25259
379.59,54832
371.32,74302
366.14,80875
361.04,73460
362.91,78492
361.42,48466
364.23,52017
369.64,24811
368.11,31058
366.24,58906
362.27,60619
354.44,59965
356.18,89653
361.37,39840
362.64,46717
367.64,40066
368.54,43172
364.79,36761
366.24,48663
369.84,36865
372.35,32114
363.53,64583
366.15,72064
363.57,29435
362.51,57373
364.23,18194
363.22,41227
366.1,33667
368.33,33048
367.4,57258
365.04,32500
370.21,16675
369.75,27806
367.26,28386
371.66,62170
376.39,69442
374.62,97279
368.98,28934
370.86,37313
369.95,14481
371.65,18028
370.51,18354
369.92,20603
370.39,28122
373.29,30677
371.08,40774
371.07,48575
375.51,20772
376.31,41650
373.56,20271
373.85,24937
378.51,38629
380.58,60426
384.92,22824
386.43,35640
386.08,22884
387.48,31138
387.99,37967
385.6,25433
387.43,36039
384.18,28871
385.48,48187
386.69,19139
386,86486
389.03,24683
391.22,40090
397.15,38148
394.68,40402
396.4,17968
395.81,20318
396.42,17338
397.05,25562
397,9705
396.04,18178
390.48,28061
393.44,30239
392.53,29992
391.67,46479
392.58,14858
392.89,30340
393.62,22145
394.87,25612
396.5,25755
396.36,65964
395.83,22206
397.04,46326
393.75,22310
395.19,38961
393.62,60292
391.77,99878
387.83,86228
384.16,63568
389.15,50308
389.24,80568
388.77,22020
388.53,17632
385.43,32206
385.42,40220
382.86,23707
385.57,38688
387.76,16098
389.74,18278
390.23,15288
391.53,21702
385.14,10829
385.39,19129
388.61,11825
389.68,33927
394.49,30731
390.26,32830
390.02,53332
390.27,58698
393.12,7890
392.6,8450
388.17,12618
390.16,15762
391.63,18540
390.33,18295
387.65,6484
388.75,21077
385.43,12953
385.83,13485
387.55,11141
387.22,17974
390.31,16999
391.82,23704
394.13,12242
395.43,13617
395.72,20305
393.87,47247
393.58,17580
396.77,24261
400.61,18884
400.3,22889
401.92,20973
404.1,23657
410.57,27366
408.81,15221
409.16,19476
407.79,19322
408.75,20622
408.87,23680
407.02,12343
406.27,17479
403.7,17977
405.05,24029
408.51,9193
409.07,25205
410.04,17848
408.8,35344
409.09,9888
410.31,13938
410.5,5122
410.76,33963
411.78,9896
411.03,13163
407.06,40758
406.95,35869
409.63,19222
409.52,36364
409.84,11275
411.23,26390
407.09,10937
406.71,20962
409.22,10087
407.85,28239
398.21,37687
399.3,41728
400.01,17824
397.52,20352
395.11,20860
396.32,30103
391.27,46874
390.4,60706
388.33,17710
386.58,30262
394.53,22768
392.97,25774
393.97,28129
389.2,47807
389.38,24813
388.82,27017
387.76,13270
385.33,38040
384.92,14135
385.97,18032
385.31,21550
388.37,19417
389.5,18922
395.29,34292
385.58,19690
390.48,24897
394.71,26709
395.6,38160
395.64,8781
393.37,10236
396.63,10313
393.3,14823
392.82,19418
391.76,38580
399.17,14847
396.57,27561
396.1,19662
395.79,52034
392.14,16685
391.55,50566
385.48,54578
382.95,44013
380.68,15682
382.15,13510
379.81,12073
380.78,20136
382.17,13582
380.01,29280
381.37,63283
379.87,71974
364.35,112183
361.2,99574
360.74,33656
359.28,84804
364.34,128897
366.39,55075
370.74,56631
372.52,68118
373.37,23763
372.39,32499
377.79,31901
376.96,56230
381.1,26068
382.2,32602
382.25,20346
380.12,34682
382.17,32168
384.07,51062
385.35,26814
385.05,39744
384.77,15949
384.25,44747
383.38,26181
385.95,31894
390.46,38064
389.32,36137
394.02,40370
393.74,38197
392.56,29838
393.02,54323
394.16,85890
391.91,120496
393.64,23799
394.75,35073
397.04,47823
396.77,57062
402.24,37243
404.69,49193
405.46,29961
405.7,44928
406.5,45448
406.53,18831
404.25,38914
402.98,10212
404.1,34848
405.14,21257
406.28,22619
406.19,22492
405.74,27643
409.8,29533
410.4,84698
407.72,226855
403.71,89484
401.3,158923
400.86,37890
405.69,33848
404.63,23306
406.27,15436
407.82,39590
407.34,24647
405.19,12754
409.41,42091
410.05,42097
410,22961
412.86,45225
416.03,41826
414.47,72716
416.73,146105
412.86,118652
411.5,25832
412.43,62306
418.15,68302
417.93,61396
418.93,32937
419.24,68647
421.06,35438
420.71,47256
416.71,50817
415.63,46082
420.21,16102
419.81,25167
419.87,5816
417.87,21747
418.95,11891
418.25,22259
419.65,10361
421.32,23954
421.99,31141
420.04,24595
416.84,28964
414.49,90541
413.44,17428
414.03,18764
415.44,16174
416.39,27686
415.74,32762
412.42,41980
414.07,17294
413.2,25407
416.26,14972
417,40852
420.89,26022
421.92,49325
424.83,26865
421.98,30587
424.42,25737
424.21,24526
423.48,39602
422.83,34348
423.13,36121
423.77,41031
425.02,24869
423.63,56115
429.2,22441
429.3,37513
433.92,37326
434.7,34905
434.48,32179
434.42,29359
431.9,61181
435.26,53677
432.42,27147
430.98,38389
429.86,31274
432.99,39990
433.66,20136
432.34,42684
436.05,34121
439.73,63919
450.63,45755
446.24,69623
451.79,53786
454.6,42753
454.09,34516
457.42,24895
454.37,18275
451.46,23763
450.69,20554
452.71,17320
455.49,27270
456.11,28099
454.42,25716
453.62,41518
453.05,76314
452.13,47900
451.04,51963
453.78,21392
453.07,22677
455.38,29222
456.89,29210
456.3,25256
462.8,45900
464.17,45391
465.01,23049
466.01,35865
449.16,51672
447.61,69202
450.43,21392
451.15,45229
461.75,33485
464.73,31992
468.67,18598
468.57,25066
469.01,32316
469,28845
466.88,23472
465.7,41071
469.13,38188
471.61,28014
468.56,25121
470.08,42627
470.79,17493
470.51,18331
469.43,50363
463,66834
463.51,32348
461.83,38108
463.77,29162
466.47,31794
463.98,32463
461.15,34806
465.59,26517
464.2,21602
462.11,18620
462.78,24940
467.61,16110
467.28,23477
469.69,9437
470.05,17118
475.51,29891
474.38,42241
472.41,22777
470.03,17484
475.07,26651
474.74,9316
476.38,15427
476.19,23789
479.32,15647
480.78,54971
483.38,18966
484.37,24694
476.9,55899
478.12,30679
472.14,37879
471.37,34136
471.47,19724
471.79,22954
472.01,11680
469.85,23269
475.09,14837
474.51,22677
473.89,27641
472.93,37970
471.84,11927
473.58,28158
476.68,10920
474.55,15204
475.55,10576
473.07,38685
471.78,35339
470.91,27492
472.69,16398
473.65,34590
464.23,20002
465.22,29258
468.21,18780
466.81,27329
460.35,30774
464.19,22012
461.28,15000
459.16,36016
461.45,20321
455.43,29184
456.44,17802
456.06,16822
457.12,28690
456.47,20399
455.02,15141
450.52,31517
450.52,31077
450.34,53694
451.64,37324
455.19,26458
457.34,20310
458.11,22518
456.96,28614
459.29,36552
452.98,27285
459.25,27869
459.17,30451
458.21,33512
452.96,22245
452.64,16617
451.3,41140
448.99,36265
442.44,44921
441.02,97913
435.95,55418
437.91,86870
435.3,53966
440.25,45968
443.09,34896
442.47,25170
445.84,24008
447.51,51796
447.49,58901
448.45,35799
450.91,35147
450.47,40778
452.79,22333
451.1,25861
453.13,54853
453,36521
447.87,46837
445.46,72607
451.15,22104
452.15,34174
458.23,46256
455.8,69154
456.29,22507
455.54,30266
456.23,12028
455.68,14433
451.43,34941
452.75,49915
455.31,22571
453.27,27616
449.07,31384
446.71,67115
447.18,28847
446.41,29307
441.14,31001
439.06,54913
439.62,35024
439.32,28904
437.81,20480
438.37,22745
435.73,10953
437.06,29630
436.83,26137
436.85,30066
438.65,147544
438.54,34606
439.96,11153
440.72,20432
444.78,18683
444.53,20499
446.61,21612
446.38,23887
440.87,24614
444.43,24062
443.12,20515
442.59,13839
443.11,35429
437.74,76043
435.82,28097
438.16,30178
438.83,21763
439.17,46880
439.98,24035
442.42,31840
445.26,20670
444.33,18561
444.4,33432
448.7,41330
447.08,21072
447.89,27999
457.28,25264
454.67,20774
452.61,20947
449.84,19108
448.28,31620
448.85,36816
442.21,31433
441.02,68160
442.62,29228
440,70621
432.02,37454
433.1,34988
435.04,12273
436.82,24968
442.96,38128
442.85,15365
444.8,18968
442.6,24271
441.57,26142
439.62,9105
442.16,10642
428.39,43425
426.58,59444
428.73,28719
432.93,52901
436.1,14414
438.04,19388
438.29,14087
439.11,38273
440.69,25521
437.33,46122
443.88,32365
445.01,31784
448.95,12578
447.93,29720
444.96,10970
442.24,14811
443.22,20686
442.96,41532
440.11,21531
439.95,28443
427.36,26792
427.3,40126
428.93,14270
430.37,24601
433.86,21281
435.67,27228
435.41,19082
438.63,24291
442.32,28199
441.68,38734
454.14,56702
457.17,48510
458.96,35462
457.33,29464
460.53,63467
455.06,47521
444.32,63911
441.19,102382
448.22,29890
450.51,57694
452.43,18899
448.24,36877
449.7,19409
451.4,18102
452.77,9718
453.34,28687
453.45,28430
452.17,19229
452.76,24865
453.38,27771
453.6,15842
454.69,20004
462.01,19209
462.61,29538
463.24,14648
465.2,16844
464.44,13580
462.66,41940
464.29,28022
462.59,46417
461.41,24979
464.78,26150
465.38,36489
462.97,31405
461.37,24293
459.88,21849
465.03,18130
464.61,24105
466.36,26675
468.93,16950
470.88,15705
465.56,28251
474.7,30198
476.14,49106
478.37,17165
477.05,35632
480.23,16836
480.48,26903
480.33,19866
477.53,33802
471.72,21421
471.7,37925
471.41,34758
472.52,29919
480.42,21577
483.81,26431
480.99,37211
481.63,34995
474.69,20421
480.44,50874
480.61,25555
485.6,55650
488.63,59404
491.56,47647
490.83,32226
494,26505
496.55,25756
496.5,27642
493.01,31577
493.06,58176
486.7,79708
488.87,54438
485.56,25198
488.08,39436
490.7,20691
492.68,34460
486.14,61621
480.87,85354
481.75,55113
483.15,103373
488.65,51331
486.89,95358
489.92,35942
489.29,65051
489.17,18931
488.5,41890
489.45,24575
492.17,30237
490.78,22279
490.53,25116
489.91,10737
490.42,29253
491.08,36774
489.58,24468
491.79,14579
487.88,30603
490.26,18137
491.85,34537
493.68,25660
496.56,29761
494.62,14619
493.92,28715
495.23,47589
497.83,56139
502.86,20690
504.23,37939
503.49,55335
504.43,58026
506.18,70539
508.74,57444
508.78,17055
510.28,37537
511.75,42248
512.88,37177
511.68,34565
512.76,53184
507.96,19762
510.61,33876
509.86,19902
509.69,66639
508.43,24851
506.97,26393
506.96,26473
503.06,27189
505.38,15101
505.94,41375
507.17,23057
506.02,33769
509.92,65498
511.39,45837
499.78,49059
496.1,65300
504.06,46965
505.33,86284
502.11,40995
502.37,61503
502.35,24834
502,52212
513.99,70511
516.74,60191
516.22,33924
515.11,39262
518.41,31287
524.06,47194
529.91,49881
525.62,67890
525.21,47531
524.37,61199
519.17,49208
519.65,46182
517.45,34432
516.02,36808
518.53,38369
519.15,35957
516.58,42599
518.11,41134
514.42,36379
516.2,35023
513.75,22420
508.6,37171
509.95,63800
514.71,54222
515.22,35849
514.87,25760
522.11,33800
519.76,52482
523.29,23889
523.91,63645
526.21,21110
528.73,29349
526.86,35691
527.35,46423
524.5,42306
525.97,57002
524.17,70790
517.64,25001
516.01,42408
522.34,33733
521.77,46800
522.57,30079
525.81,24944
526.37,14388
521,44028
520.27,26454
524.21,21707
524.39,36603
532.04,28980
531.2,16603
530.19,21153
527.44,18340
526.66,29376
527,47100
526.02,84141
523.67,102105
524.89,143227
529.63,43303
531.66,81326
522.23,34262
521.78,54484
517.25,57743
527.2,68176
519.4,3412
528.06,66424
531.1,39480
532.65,32398
533.54,44993
528.21,42952
519.56,49487
523.71,39820
525.01,19418
523.75,28609
526.58,40032
516.99,43472
514.66,23974
517.23,25757
514.5,56112
511.07,50619
509.99,29831
510.67,27804
509.81,25451
511.72,29040
506.25,36085
502.44,43216
501.72,39125
502.12,43827
502.93,36429
502.89,64567
515.34,48897
515.97,62315
520.2,32853
521.54,44541
521.33,13906
522.74,40610
526.12,31933
524.83,47922
526.7,13329
525.36,41215
530.23,38580
530.49,20645
532.27,22226
530.95,40081
531.07,38702
539.85,29702
541.15,43692
547.59,37195
545.05,38080
545.78,82900
569.02,108164
568.63,150714
556.31,113393
559.74,89242
550.58,70162
559.56,90614
556.04,62151
556.74,63228
558.47,44707
558.49,81096
564.75,23334
563.42,46358
565.51,36871
562.71,48567
560.01,42425
562.29,34833
556.87,30189
560.41,39081
557.76,31171
560.51,36886
562.8,26480
561.12,53553
562.09,14038
563.8,49037
560.38,32802
563.05,45064
564.99,38540
565.22,44938
563.73,21739
556.32,38914
557.73,24965
556.46,44887
556.04,39362
556.09,40198
552.32,53059
555.94,106510
560.26,31312
559.14,35502
565.07,48090
566.33,64645
565.33,26805
562.66,51365
574.3,60652
575.05,83192
559.29,61672
553.25,53886
549.57,45824
553.65,54611
548.34,59769
546.57,78198
543.85,81068
537.47,96358
521.35,109909
521.77,118005
517.72,77140
519.97,88574
525,38375
515.27,35497
523.32,48858
523.13,33312
524.11,28936
527.22,43284
524.06,41390
525.91,31968
531.79,21434
528.73,37555
536.74,32540
533.03,35876
532.9,30472
532.38,43071
539.21,15091
538.17,28342
541.99,6881
539.62,22533
547.63,14373
544.59,33406
555.89,42756
554.84,46350
543.71,44928
541.54,46250
534.91,31804
541.53,56439
545.39,26464
542.59,33859
542.1,34024
542.37,40256
528,33536
532.31,33941
508.92,105408
501.76,116385
480.88,72070
486.67,44093
494.68,44987
484.12,54213
470.64,63331
507.46,75544
500.58,48214
497.65,66327
500.53,43939
512.12,49306
513.3,64428
510.83,43204
518.09,11751
516.35,19759
518.17,25041
511.58,28834
511.49,30247
519.06,95469
507.92,29721
502.49,47817
520.17,19534
520.18,34765
537.65,46558
530.46,50618
529.68,23623
530.77,35169
529.88,28250
529.14,29874
534.59,20909
530.77,31951
536.08,18858
537.27,35937
536.41,15216
540.49,27158
540.82,27461
545.46,47496
555.22,43999
557.96,46261
561.31,11392
561.3,21006
562.21,37927
558.77,40254
558.84,22487
561.95,22704
566.74,23972
568.75,41403
563.95,13409
565.47,19989
572.8,41072
571.16,50849
576.34,37279
576.54,26863
572.3,24697
570.97,38848
576.32,28771
577.99,39927
579.04,23089
579.75,23575
581.71,18143
583.77,21499
578.35,16366
576.61,35231
573.68,22481
567.61,26123
566.21,20861
569.56,18796
561.88,15133
564.92,18515
568.29,22195
571.42,26993
571.28,11348
574.91,19796
573.07,10821
574.88,12334
577.26,20022
577.28,56505
575.82,27202
575.72,27694
575.52,22165
577.01,23084
583.29,10458
582.68,12511
583.7,10154
581.85,9962
586.39,7359
585.49,10622
580.63,24035
584.35,23986
584.5,14704
585.33,13499
590.69,10616
589.66,25552
586.37,12123
584.84,23862
555.3,86249
560.13,128769
572.4,16225
566.75,30575
564.14,24806
565.86,19264
565.42,110597
547.49,106818
534.25,47085
530.71,105216
532.38,40128
535.1,47510
552.83,54924
554.59,37364
552.35,47873
547.97,26695
542.82,49725
542.92,56499
550.78,28082
550.65,22376
551.39,50440
556.12,39319
560.9,28188
563.45,22142
557.97,27394
556.67,13964
565.44,17186
562.91,8514
559.96,25682
561.47,30776
559.21,27018
560.34,17734
560.6,10174
562.01,22632
562.44,32707
552.89,55701
548.49,33908
553.03,10141
552.85,6790
548.62,25122
551.7,32765
551.79,30829
551.23,25770
551.02,17135
552.61,21011
550.99,16104
550.41,31625
554.59,24827
556.31,16852
556.5,19180
556.34,11757
555.55,25334
559.71,17517
564.18,7009
564.61,21671
566.64,7034
568.09,12247
566.6,13800
564.81,28652
565.49,15784
563.75,27484
560.27,41338
560.47,38836
572.75,20459
572.92,81697
557.93,15358
556.3,50268
564.52,28126
566.68,50817
563.89,16651
565.68,45172
567.32,10573
567.49,30452
566.39,52572
555.53,66153
567,28949
573.3,41273
569.72,14694
571.37,16555
574.73,20475
570.38,19398
576.58,15886
574.78,32433
577.33,26467
578.33,39016
581.91,8232
581.16,32126
580.32,5215
580.18,13221
586.49,19210
585.68,44603
588.98,33428
587.83,42369
587.65,15525
588.32,26103
598.2,22275
596.36,31802
592.77,23429
593,38058
587.92,15532
586.72,29313
590.72,16743
588.43,27345
588.82,8569
590.35,25367
593.88,23026
594.31,17128
588.9,10345
589.54,28718
591.14,28482
589.53,21991
590.96,8286
593.06,15205
583.43,14468
578.19,32339
584.26,12498
586.71,23619
585.44,44065
583.22,47157
572.39,19263
577.38,28583
582.35,22881
587.01,34377
581.2,12346
580.46,20472
583.79,12382
581.45,19691
581.3,13648
583.98,28220
591.83,21574
594.39,55150
596.78,24236
589.35,42467
581.11,9050
580.31,28111
585.08,43532
582.8,32928
576.65,17643
572.78,50694
565.39,32197
564.63,42008
567.64,40368
564.14,49149
563.83,4752
565.39,23739
565.67,12140
566.56,23187
564.71,21665
565.57,32911
570.01,40118
572.43,53427
572.22,31376
576,64068
577.83,50327
577.14,55378
575.39,34109
577.2,33952
582.56,13280
580.45,38685
580.32,22365
578.48,60327
573.14,27138
565.32,62194
564.09,57199
558.69,66366
557.09,32366
560.01,56630
563.43,37549
568.74,42865
566.04,16077
564.38,25324
557.27,38297
548.41,66965
557.35,17826
560.26,20568
561.16,23424
563.8,29025
573.23,32848
570.73,30867
572.78,18430
572.68,17686
573.08,19783
574.99,25438
575.71,25882
575.38,23356
571.27,34351
570.91,29227
567.61,49923
567.76,74420
556,34910
553.61,55998
559.98,46452
553.27,72122
546.73,38412
550.04,54978
543.18,49682
544.96,100896
547.83,48640
551.89,40748
552.95,33016
551.19,71283
548.25,40574
549.89,40678
554.82,61226
552.91,37971
552.47,21685
550.62,45919
550.52,22306
555.54,31485
562.04,23878
563.31,26899
562.39,33156
558.88,31876
548.03,28309
549.81,64339
543.43,34067
541.57,53838
530.19,62131
526.2,56998
527.9,45177
525.09,63254
533.61,24052
533.41,89714
534.18,60057
542.09,33711
540.03,45667
539.08,73055
541.43,42305
545.49,65002
546.96,19360
547.06,25262
547.61,43128
548.21,35288
548.05,60388
543.54,59407
551.53,42120
549.77,35018
551.99,50047
548.22,24468
543.53,41043
547.23,26448
547.24,32980
543.18,33393
538.26,54753
538.87,24992
537.23,39044
542.27,29899
541.2,70941
552.94,53856
558.58,59608
568.17,40000
571.98,63672
569.62,36010
568.1,61272
566.33,40106
564.91,68014
567.8,29569
569.29,50336
566.38,39078
564.58,57439
565.88,48855
568.57,65463
575.32,33464
577.93,73705
578.32,24827
577.22,32167
577.5,22161
578.78,9048
578.47,9349
579.8,7038
576.59,23405
575.23,17894
575.64,20868
575.17,12543
572.65,18882
562.44,42362
561.8,48845
569.58,40711
573.7,43586
572.34,74647
579.02,84940
579.73,38556
582.7,113882
585.34,42937
583.38,37764
577.72,32178
579.9,38458
560.1,76982
565.33,51444
544.86,228171
540.465,190991
540.87,117486
540.71,72889
544.92,84246
540.26,83591
543.1,51511
541.96,76698
532.81,57512
531.245,64874
534.085,52337
526.56,214202
527.24,117071
525.155,113473
526.66,95907
522.41,100437
524.635,57052
523.58,137636
525.39,88231
523.585,87078
522.35,95955
520.71,182625
523.525,82485
535.84,108818
540.42,69028
538.92,89922
550.26,66280
549.025,101256
556.175,159297
556.45,194087
543.94,74136
551.46,126263
554.09,79597
551,66201
549.36,78877
540.91,72891
537.73,74347
535.56,93629
545.01,40384
543.04,42921
534.185,97231
538.52,77133
538.79,84183
531.95,79290
523.8,92040
521.91,74473
521.75,60493
521.18,100521
526.675,74190
528.68,106998
524.5,55466
516.865,58821
521.3,42279
523.7,51020