258.51,425659
258.79,332210
257,425362
259.68,207048
258.63,311182
262.27,213977
264.23,166385
254.65,281795
256.32,302034
261.9,371423
257.96,320397
259.95,299078
262.46,167053
263.09,285239
255.48,296327
254.74,217546
256.47,533916
255.85,732041
257.71,430909
259.45,471102
259.33,279690
257.95,578099
261.32,252830
264.13,313402
264.68,266064
263.66,226862
271.32,277349
274.3,266698
265.77,321394
264.43,229020
270.68,159431
270.64,173690
280.07,213485
278.87,194252
277.7,299892
278.04,336519
279.89,309575
283.01,236612
288.4,441902
287.99,328074
292.43,329038
296.44,207752
295.34,259723
291.9,369227
288.32,214378
283.92,136213
280.1,237140
277.6,220807
278.38,150873
280.28,200553
286.16,250715
291.04,265626
288.22,220399
287.53,299847
292.56,122534
293.96,210885
297.03,164629
295.31,101100
305.1,424127
305.81,182512
304.75,166419
305.15,98271
309.33,164760
310.73,126566
310.22,182774
310.53,128788
309.6,113544
309.7,176713
308.16,91292
308.48,116592
309.43,61144
310.1,145508
302.5,148371
301.63,144733
305.8,190603
306.65,148110
303.68,127270
302.77,106625
302.06,196082
300.09,185214
297.58,160499
300.09,255036
295.75,138766
298.12,159661
299.64,113589
295.75,165674
296.94,599863
298.94,638835
301.49,487663
300.14,99667
300.6,241904
302.07,178241
304.79,188368
305.15,273906
321.25,459162
325.53,411675
323.45,277421
323.28,336026
323,177644
320.5,162085
313.25,265425
311.98,235214
316.34,128745
314.39,141877
313.55,350265
315.44,265053
318.92,243791
317.44,133811
304.27,231984
304.55,191450
300.41,207927
303.69,216020
297.34,268427
299.11,411191
306.23,232618
301.97,158961
310.93,158227
312.6,225570
312.49,137574
310.16,141092
313.61,134109
311.39,158604
305.83,188366
309.95,152618
313.83,113756
315.9,77385
315.88,106781
316.4,118549
322.49,108105
322.54,162593
326.48,171354
325.62,139791
324.74,127919
325.56,106637
328.75,175225
328.76,157455
327.4,123140
328.8,140639
325.9,211986
327.54,111568
328.38,133916
326.07,111090
324.02,123891
324.88,98692
326.26,93054
328.37,118326
330.23,258066
333.54,190770
332.41,177938
330.88,154178
330.73,136985
330.54,153430
327.03,141048
331.09,121947
327.47,111233
327.85,85939
332.6,130516
333.86,117881
333.86,178279
333.53,137967
333.26,195697
329.48,274870
332.09,250646
334.41,166620
330.63,190439
329.9,194926
329.84,175898
328.87,98364
330.56,143090
334.15,170913
338.58,185312
339.03,120311
341.56,133839
340.8,162158
338.06,104365
338.98,128479
340.1,95295
341.66,731610
348.23,189601
349.91,142041
345.69,159946
346.26,163221
348.02,287525
349.45,140705
351.35,88781
351.67,51266
349.96,197559
349.9,96104
350.81,87980
348.54,89223
341.14,169316
345.46,128453
346.7,167259
347.51,88299
350.42,111913
350.38,108942
350.6,91736
349.94,75993
346.71,176148
345.42,132289
338.41,141473
339.06,149358
339.22,137272
340.49,123741
334.89,180424
334.1,175295
337.27,161687
338.93,150297
341.33,60996
342.45,109067
346.18,165004
346.55,245300
365.25,526797
370.29,217011
368.5,356747
368.72,146881
364.54,143065
362.48,134695
369.93,286655
369.1,437137
358.37,348763
355.54,270748
355.56,121052
353.9,161958
351.51,400723
349.98,416648
346.12,107814
348.23,74784
351.95,172549
357.05,98096
358.32,64969
358.86,91662
359.57,87442
360.71,66004
360.43,53601
359.6,90826
357.98,58478
358.67,46744
356.41,73113
357.65,85507
357.82,41999
359.32,78981
361.05,48373
360.18,55810
355.73,87898
361.89,105536
360.17,106930
354.6,97984
355.47,118855
356.37,93179
354.9,156082
352.65,88574
355.73,69223
355.41,84783
361.7,76334
362.89,118872
364.11,75304
364.08,57813
365.39,78860
366.21,99789
363.64,65648
364.14,98814
368.08,74978
370.04,99803
373.32,98352
377.63,112316
377.59,75160
377.71,168142
379.32,98222
380.71,86734
374.51,113304
372.31,130363
373.27,48870
374.01,63555
375.91,106569
378.68,124798
374.43,538691
373.41,148116
376.56,127649
375.72,64401
378.47,88053
379.41,88697
374.6,137489
373.44,173013
373.14,121413
375.31,106353
366.55,347658
370.01,153436
368.56,147449
368.68,253892
365.32,284150
361.19,343163
352.44,273516
350.3,265372
353.52,85899
355.03,160060
341.94,568711
340,718840
345.95,331743
344.46,257146
344.69,250815
349.13,177661
348.64,164615
351.88,171237
339.11,298793
338.44,289164
340.29,144143
337.79,139580
338.64,174188
338.18,132648
339.35,145875
341.41,184701
325.84,622306
321.1,495815
330.21,221621
330.63,191506
329.37,255206
330.35,151495
331.75,810809
332.34,371720
329.79,169093
328.83,153442
327.08,237838
325.25,171594
316,335934
319.28,374883
322.22,116461
322.84,128683
326.69,100207
326.24,100296
322.37,299115
321.84,196638
329,274353
332.46,113219
337.83,162787
338.76,110500
338.38,176015
338.23,144971
339.31,128778
338.07,132449
322.67,362908
319.64,505546
322.4,246287
322.89,431308
319.84,1285012
309.93,457160
312.07,322670
313.91,324151
311.17,370986
315.02,947016
320.61,190747
322.36,284006
328.09,361145
326.91,292752
330.36,379972
322.37,259457
325.81,182411
327.26,243682
334.48,221663
332.71,312693
339.65,346900
340.57,160540
339.65,315236
339.05,218591
335.31,217225
333.8,306796
329.06,557793
328.36,277330
328.31,171865
327.95,157681
331.69,364484
336.37,215576
350.63,309344
347.07,181271
342.33,196457
341.32,181532
339.63,201621
339.92,204296
334.67,189430
336.95,206140
343.29,385669
346.75,213813
348.2,333946
341.46,232639
338.26,216655
334.16,168780
332.93,146012
337.4,130180
334.19,251698
336.45,174724
336.17,191425
332.62,216276
324.27,229338
323.86,566361
314.99,620901
311.06,469995
307.01,364292
305.7,510825
301.51,378931
309.93,292413
314.87,357094
321.06,332746
321.42,186803
324.42,294595
328.91,159504
331.66,225383
330.81,274007
329.95,132669
326.74,155293
336.29,370940
331.36,262052
328.29,182859
330.09,247071
325.58,242069
326.99,396834
337.73,290321
333.69,380949
330.71,308616
332.56,363828
323.03,230589
320.99,286641
322.02,170736
330.9,188913
331.46,439117
328.66,268381
330.28,136055
333.63,118397
340.25,228299
344.86,159972
349.07,187851
345.12,172427
342.94,115749
339.54,124137
342.94,107225
343.07,112868
339.24,95049
338.46,165489
335.37,181886
337.48,202750
339.94,246133
332.32,190434
332.43,257460
326.66,401282
325.87,497301
333.71,320436
333.17,287405
330.97,194585
318.93,462864
319.14,251509
325.93,300137
329.47,237997
331.9,157222
331.86,154533
332.37,194960
325.75,205998
327.93,212094
326.85,204464
318.15,283191
317.31,300101
319.64,258216
323.3,182939
324.24,162511
321.49,206373
309.8,459762
306.71,459266
294.22,617986
292.4,867073
297.26,379798
298.98,423039
301.26,539595
301.97,1009976
297.45,334734
295.95,407396
292.82,321687
296.09,356345
301.51,299990
307.66,363816
312.53,280141
315.05,241995
319.49,762713
321.98,501199
239.53,2967926
237.95,2057337
233.02,1181095
233.3,1271473
231.77,1283487
222.85,1053714
223.81,1332938
218.78,1295999
223.41,997255
227.25,799536
232.2,552495
229.44,511143
225.27,536899
221.49,702139
218,755678
216.74,678923
217.19,717916
215.46,846474
213.52,863723
213.18,484771
215.52,371152
212.6,586587
207.85,463733
205.34,491045
203.88,425280
200.59,535357
203,352719
200.18,478735
194.29,784038
198.07,795344
204.83,416179
206.37,449220
206.47,348439
207.27,393168
208.57,298702
205.81,356416
202.17,480952
204.74,487129
206.94,381347
204.09,393575
200.65,239082
199.45,435147
193.25,1072990
188.86,531094
186.84,537203
195.01,381135
194.75,519118
194.79,455285
193.71,299341
191.08,441402
186.03,491656
188.36,360627
189.48,307135
185.48,367396
187.42,290925
186.12,295769
199.49,380177
197.84,420984
201.83,416885
204.62,218660
211.21,335637
212.76,405545
209.07,256143
209.06,198849
216.29,388120
215.32,261157
214.23,188732
213.09,316936
215.06,366075
216.82,309479
221.15,228896
220.21,261861
221.17,231875
220.12,339577
225.94,644741
227.92,495360
227.12,448621
226.88,567401
224.19,339655
222.95,316142
225.22,265623
222.38,148906
231.55,252206
231.95,312510
231.61,391352
232.48,282805
222.35,222830
222.08,307567
221.04,184158
220.26,132310
222.81,101241
222.1,146976
214.36,136330
217.54,252849
217.34,285591
213.35,260152
212.76,182144
212.47,137999
211.25,146047
211.15,196629
209.77,98066
209.63,130029
214.05,136137
216.23,202559
203.52,669918
200.47,446702
193.67,1165448
188.26,914638
184.97,354235
183.19,403799
182.5,294920
182.37,242911
179.45,254428
180.18,320523
175.98,1225656
171.35,1156042
194.02,876549
205.37,706242
206.15,275392
204.36,425956
206.13,960168
202.52,585279
207.79,300446
212.18,263427
206.48,374352
213.66,857372
208.28,437383
207.14,431409
206.64,530790
203.6,420638
195.48,603358
197.14,527093
194.69,275294
200.62,272697
194.09,366288
187.26,364668
194.79,398889
186.06,378339
195.34,202426
195.91,244255
197.59,378237
201.64,281231
199.78,133340
200.11,318627
198.13,269141
192.45,289508
191.05,237461
191.9,235643
193.13,253192
189.79,236092
192.74,310802
193.26,227957
175.67,284965
178.79,300255
181.64,194003
181.07,286539
186.99,175773
190.87,210216
190.59,134409
192.35,172232
193.65,155180
195.74,216790
193.63,147624
190.83,665361
191.37,385039
197.94,304283
190.35,123495
189.84,155154
191.88,399142
194.91,281170
194.59,109131
192.69,126273
198.1,143735
196.62,209394
193.45,160089
189.1,226731
176.04,366165
175.63,380196
166.37,323669
167.2,421888
161.91,388433
162.66,372391
163.52,262800
167.66,468159
159.01,238094
158.83,326983
160.38,288284
163.54,337720
163.75,1027641
157.11,890766
158.48,615174
158.31,473601
156.88,376590
156.02,371249
165.64,269711
166.31,369593
169.83,166280
167.92,199998
167.64,239360
161.83,291999
162.66,195964
161.66,230400
161.77,288103
163.62,295991
154.21,233562
157.69,241159
160.58,213802
164.04,275769
166.34,132803
167.78,279633
169.27,124440
171.34,321583
170.22,163005
169.08,89711
162.07,137014
163.92,220949
162.39,151106
164.04,177990
162.66,104004
163.11,118800
157.56,214455
156.91,413481
160.71,187364
163.48,250394
166.84,217769
167.41,167332
171.45,287381
174.56,438639
179.79,307072
179.5,286667
179.83,315709
180.42,313526
171.53,307837
168.41,283954
165.92,198325
164.39,340677
161.7,271669
159.21,498635
165.29,311755
166.71,549795
157.32,551555
158.09,487416
155.1,501894
157.55,335490
161.28,362932
159.74,305200
159.56,101240
158.54,98918
166.25,227643
166.36,195878
167.49,140267
168.19,285123
168.51,165856
165.32,106485
171.75,152327
170.85,98775
166.19,163283
166.63,121504
177.44,246557
177.12,189758
179.33,178664
177.06,157205
178.84,110709
178.32,242763
178.06,92669
179.73,129462
176.54,166562
179.28,125653
173.8,157236
174.41,274921
173.4,74104
174.06,163178
167.49,200993
166.96,148527
161.98,173385
161.54,166107
161.26,103896
160.55,176343
162.08,262078
162.32,135937
166.42,84632
166.44,127716
163.44,147551
161.81,246635
158.75,147393
159.45,172963
156.63,166940
155.52,135330
164.25,301327
161.72,320365
161.33,262367
160.64,214963
164.94,186014
158.86,195359
158.94,127333
157.09,174623
156.68,109294
158.27,212432
160.62,452713
160.04,131578
166.6,191822
167.66,235931
166.98,168693
167.37,146166
154.98,336454
155.26,410561
149.35,283994
149.19,271054
148.73,352845
149.78,298846
145.2,430273
143.51,391513
146.11,275212
145.43,176749
146.58,158331
144.6,144978
143.37,225771
145.34,403474
141.01,670325
143.21,329540
139.31,386323
139.05,314876
139.24,235884
136.39,285519
137.64,188478
133.78,319951
137.45,237854
139.73,240242
136.33,725160
135.32,616140
139.35,177127
136.28,322630
136.56,219006
137.09,182284
140.9,279136
139.59,199314
134.08,206921
136.95,228770
138.7,270395
140.26,205226
135.02,309600
131.65,308031
132.76,206890
133.34,149527
127.88,222199
129.49,239199
126.2,304982
125.95,223377
123.91,309223
129.34,162315
127.75,146374
127.63,200645
130.02,244233
133.68,218497
132.65,203669
132.88,255120
134.01,218431
132.2,202700
135.3,256721
131.19,311360
126.38,406582
128,359813
130.55,622149
128.27,303999
132.79,354321
134.73,471941
133.06,434883
129.21,731620
99.48,1800019
98.85,2355080
98.49,738954
98.45,493640
93.87,1826865
92.36,1372582
93.9,1223400
96.35,507027
92.32,452265
92.71,1060344
89.36,515546
88.91,414413
88.87,471941
88.64,391106
94.55,517712
94.03,489189
94.9,407312
96.76,391884
101.92,1218947
102.25,983048
106.42,738374
108.19,1106124
110.49,646750
112.98,509578
111.68,460445
114.19,472896
116.86,369147
116.7,458201
113.36,185533
113.23,234394
109.55,253187
111.11,321140
112.5,170099
111.12,288105
110.42,173454
108.57,254901
107.78,483242
109.68,155781
111.07,178145
110.1,212374
110.72,120704
109.8,259138
108.49,317281
108.85,241255
108.8,245544
109.46,232472
110.17,580809
119.17,383335
119.14,328108
119.17,385860
121.71,422723
122.91,415973
121.36,466099
115.67,731160
113.69,344462
112.57,214517
113.31,240964
115.63,253198
114.35,195448
114.34,185982
116.23,192534
114.1,271101
113.01,290025
121.46,448958
118.28,275627
119.71,321112
121.89,542987
116.44,216411
114.5,540565
121.94,534381
118.72,385996
115.5,253253
115.58,435766
112.96,250928
116.03,289463
117.08,301103
119.08,354277
116.35,268430
114.04,234254
114.84,121732
116.85,127128
115.67,121518
116.64,206567
116.68,160576
116.1,239788
117.92,221694
118.91,321907
117.56,144978
118.45,173577
121.96,334583
123.25,439085
125.68,438896
127.01,342560
124.4,238197
125.34,362104
126.32,198063
127.82,285609
130.85,337997
130.49,231276
128.94,182764
131.1,310735
131.86,128000
132.74,261916
131.47,281220
135.66,270892
134.71,143229
135.74,172872
134.82,161528
134.25,244924
135.55,156487
132.62,282756
132.59,252632
134.52,225531
136.31,175348
137.2,244708
139.83,377576
141.76,316329
143.49,283894
142.45,275629
140.81,205664
140.53,290516
142.95,290266
145.57,390562
148.72,479106
151.29,376045
149.51,246173
147,304256
147.42,175488
147.09,269264
146.5,261037
147.86,595954
181.91,1529553
191.02,1157187
192.73,800677
190.33,595659
187.8,370546
186.3,536179
184.87,312456
191.64,355887
185.97,327674
184.57,279745
183.04,285253
179.19,485986
174.77,441060
174.69,342158
176.84,238630
178.01,308922
178.64,195973
177.99,202363
175.39,203842
174.69,268551
172.53,201200
173.19,236183
170.16,198202
169.04,268099
173.62,158683
172.1,166006
170,171104
170.86,146517
171.35,138217
169.58,193344
167.83,113015
167.73,144860
170.37,114475
169.1,126394
174.98,235802
174.53,342849
175.4,356482
175.24,190410
171.77,132323
171.96,224035
178.81,348737
183.31,364203
185.75,218907
185.47,202114
186.15,356356
184.43,371153
181.05,261753
182.69,195914
186.5,151737
182.76,393915
179.88,184653
180.12,195302
179.38,104228
180.98,132356
188.2,386818
191.25,297431
191.38,417290
192.82,362343
197.96,307803
197.88,487882
197.9,286394
196.88,331001
196,137419
195.69,138911
198.16,211351
198.74,224947
201.29,118636
203.45,249358
205.22,196454
204.41,158037
204.78,136995
203.83,97999
202.09,92333
200.85,112423
197.65,163150
197.22,95458
201.48,129085
203.8,129133
205.23,108007
205,89580
208.44,154114
208.36,195964
207.72,75823
209.26,160627
213.13,101812
212.17,129699
209.62,149898
209.74,139847
208.9,175714
214.68,295179
210.7,145768
213.04,109608
212.85,74890
213.37,135310
212.22,89489
214.65,124429
216.8,108787
218.29,149905
218.57,70597
217.93,81359
217.25,111008
217.1,55249
215.89,75471
216.67,82249
213.56,111859
215.16,86931
213.32,90688
214.37,135062
210.38,92371
211.29,106700
210.04,50259
211.3,85846
207.91,89192
207.14,162424
209.65,189005
209.46,314264
237.61,375446
239.18,411813
234.59,232013
237.86,275572
236.58,236616
241.18,244554
238.27,165553
239.1,139395
238.76,338771
237.63,243730
234.6,137828
236.13,163653
229.5,91612
232.78,126728
230.06,64237
232.92,64604
231.07,148446
233.9,134915
230.22,98003
230.85,93259
234.92,140505
235.55,108483
232.57,86683
230.51,75585
235.51,232074
237.73,93022
236.5,65355
237.07,61793
238.97,200383
241.63,193430
240.69,111635
242.3,88027
242.64,121394
244.07,66735
249.68,133600
248.17,118870
247.69,148348
246.7,110929
244.06,74114
246.24,103425
251.08,168332
252.81,166776
255.31,131412
257.47,184163
263.62,129885
260.05,115525
261.54,85998
261.46,133656
268.79,266706
271.59,152784
272.65,145548
272.22,175591
272.39,91143
271.4,133995
273.68,132308
271.83,150037
268.39,166871
264.64,150608
263.97,100199
263.74,109817
263.82,67826
264.05,67475
266.38,117320
268.05,129870
271.62,152561
268.93,51362
271.17,63409
268.96,113848
274.04,265113
278.91,262994
280.27,233401
283.93,174839
276.23,306652
280.21,247360
277.32,158618
278.55,169018
277.79,168903
278.09,166268
280.31,172865
286.02,170116
283.2,321286
277.85,129010
282.04,259456
286,155331
286.34,171816
283.24,151016
281.21,106184
279.68,95279
285.58,88422
286.17,122150
283.55,68611
293.67,155110
294.19,126034
293.89,147459
292.14,197275
289.59,235966
292.92,136349
291.61,153232
288.74,177920
293.56,225600
295.4,116386
305.07,243206
304.55,226439
310.06,209763
312.69,177480
309.56,383665
309.62,209320
303.66,391806
307.65,242357
308.37,288102
310.19,157652
312.71,168857
311.77,94605
304.6,197533
304.07,304460
296.33,359362
294.61,251595
290.49,252260
291.04,142577
290.71,98896
292.86,128650
290.9,186903
295.77,455725
315.58,397465
312.36,295712
320.86,243109
321.35,172772
321.33,170611
317.64,100335
319,108231
319.71,105879
311.9,95206
312.28,104440
311.89,99244
311.55,136050
311.37,55495
311.01,94422
309.61,73870
313.09,69175
309.83,117306
310.47,120936
303.72,152567
306.13,93063
307.42,73074
302.26,71446
300.66,89596
299.19,81553
301.08,59750
302.03,66711
300.97,63321
300.64,59946
297.75,113723
295.11,74707
290.73,83774
289.15,379176
277.28,247002
278.03,212386
283.74,139324
287.48,143339
289.37,87057
286.87,56676
292.96,85946
294.25,75044
291.09,159035
288.99,137131
276.26,163237
278.31,132262
286.72,74924
286.02,103689
290.83,197734
294.73,179871
293.83,206281
294.41,137366
297.98,49610
295.82,73068
294.01,52192
294.02,54535
297.37,55255
298.57,60467
295.52,84816
294.84,90072
303.97,524727
298.58,80129
297.77,76366
298.04,133023
301.73,116307
305.89,157037
300.95,74998
299.47,118604
303.01,84429
303.77,70333
307.08,160241
308.24,110482
301.29,134206
298.81,174038
299.89,42172
300.05,57186
298.04,82489
302.89,78367
302.89,89533
300.99,131080
293.71,76394
297.86,100649
302.82,133784
297.95,96577
294.91,108905
296.39,94917
297.8,119436
295.96,167963
297.66,370614
290.04,340754
301.74,111722
300.69,195818
304.97,137202
297.98,134766
302.85,119007
301.95,119380
298.9,106380
298.69,98055
300.17,80432
302.2,94175
298.03,118249
301.57,74316
305.28,93020
310.76,140940
313.53,66688
317.56,122331
319.79,123380
320.25,107614
324.59,143071
323.62,79953
325.7,109097
323.53,153914
317.95,142865
311.73,130150
317.2,55924
318.68,53097
320.04,170886
319.84,48744
316.89,44953
318.38,68634
316.28,152278
311.98,98898
304.48,117274
310.62,66048
309.89,131148
313.67,60765
315.22,101427
310.23,89611
305.18,149291
300.04,289011
287.65,505966
285.44,366178
293.91,186526
292.07,146944
300.74,178049
302.58,160736
297.96,80580
298.27,75312
305.71,113772
303.66,180917
308.02,113886
307.33,76902
310.52,55331
312.07,58951
314.63,63963
313.99,68956
316.26,108082
317.29,94510
314.62,61766
315.24,78225
319.93,104368
321.04,126714
321.41,138220
325.15,71792
326.18,157084
328.41,64494
334.38,91600
333.35,135970
331.84,101976
329.96,101460
328.67,186387
329.22,89290
330.82,41347
331.74,97961
338.22,119332
335.19,78950
336.06,119378
337.22,127398
337.84,61627
339.21,41671
337.43,51467
335.77,152127
337.17,147867
332.62,96649
333.26,69885
334.5,139891
331.71,62272
327.58,199690
322.09,176239
320.7,103458
321.32,141156
313.76,167021
317.34,97597
317.54,131403
314.17,103425
317.68,67019
316.84,61032
319.51,116596
324.71,109431
325.1,84972
327.91,89265
322.76,216169
320.84,134747
326.61,75212
327.72,107476
334,92603
331.34,225161
329.86,218451
328.68,114693
334.08,110197
332.23,202231
339.33,168131
343.25,104747
350.31,156183
347.57,127512
349.22,83851
350.42,227426
349.89,61785
347.93,152230
353.27,82581
350.91,78600
353.45,41043
351.89,36936
355.26,56703
355.07,50236
356.65,82035
358.28,113267
354.18,110778
350.96,89100
342.02,222883
341.2,137551
343.27,102980
342.67,108346
342.73,59948
345.2,152043
347.33,68512
349.42,165522
351.77,58368
353.92,186630
353.96,121179
356.63,74143
364.42,125139
369.21,141051
368.46,132085
363.75,103996
371.51,119786
371.85,61190
369.39,128277
366.59,122336
358.19,91875
363.91,94208
370.45,94265
371.2,104814
378.24,137336
379.75,150862
385.11,100892
380.4,113955
383.8,85817
384.28,142232
388.88,192756
392.47,106798
389.65,133031
389.61,111637
390.72,110240
392.29,144002
395.78,137523
397.71,73656
403.21,265211
397.51,150959
391.67,217261
391.84,193687
395.54,165137
393.02,221826
471.14,523970
477.54,485594
460.17,327228
459.2,315952
454.88,156752
454.64,250525
465.98,112432
464.64,118105
464.24,163334
464.34,178226
466.26,116761
465.67,119128
473.17,153723
473.29,189361
459.24,159543
461.27,208952
466.04,99438
466.7,109977
471.62,305336
483.04,178824
470.95,198408
468.81,256581
468.88,137560
465.07,107861
462.12,80857
465.28,109541
480.09,154417
485.57,120650
489.2,124494
485.36,160625
478.83,65519
481.15,71413
480.98,65668
478.51,100735
485.42,187123
484.37,221946
486.84,72515
484.67,105838
497.18,102449
498.02,200959
497.27,93847
499.76,103212
491.15,331348
490.11,130475
495.36,82570
494.86,142913
503.69,170882
511.51,131620
516.45,174543
500.76,158086
484.27,128099
483.22,96680
494.67,105972
491.78,138836
491.52,62866
493.89,58729
493.32,61468
492.98,126764
484.81,168486
481.15,193074
490.5,124998
490.28,116957
484.76,76548
491.8,102483
494.97,65408
495.33,131445
505.4,64527
505.49,48839
502.89,59842
505.88,74185
503.13,40274
502.43,61106
506.93,79783
501.56,211220
487.53,74567
489.18,61989
487,100862
485.14,94644
488.51,34329
488.45,59557
484.85,59351
491.26,85890
502.94,66431
502.63,119364
518.04,236405
522.77,240173
524.99,99036
520.03,109491
522.39,89596
518.66,65159
507.7,48522
509.04,41022
516.7,66876
517.51,67789
516.58,106280
517.18,61517
510.23,73233
509.16,93269
504.66,74585
497.47,78512
498.01,51739
498,57928
494.3,138005
493.41,121810
506.91,187212
502.09,112345
486.72,200903
483.08,207743
472.36,161111
482.4,138005
491.94,154253
492.96,123326
494.39,316110
489.91,266135
427.13,492726
437.73,266538
437.63,203357
439.16,155273
433.7,173313
430.86,147289
434.34,92786
430.02,118972
433.53,270444
437.22,205968
434.59,76485
439.69,81232
449.01,101100
446.63,124192
455.14,63964
457.02,175973
463.28,142608
464.25,106609
471.6,36483
469.66,72722
471.81,70922
472.23,68506
468.99,109324
472.23,58042
463.95,92904
463.75,68620
466.44,54484
466.16,69659
471.11,82373
476.35,121094
473.88,100414
472.44,62650
467.79,34105
468.33,45745
468.08,65775
466.68,73073
465.24,109078
461.28,45275
468.14,47612
467.15,58084
463.85,63558
461.03,66928
474.86,55070
473.77,56371
474.22,112715
474.57,177017
476.67,72276
473.29,60076
463.94,67788
466.11,95481
454.11,84195
456.3,97767
471.15,49386
472.97,52061
471.56,55159
472.6,52477
485.59,63250
484.99,199250
493.98,56005
494.11,69164
492.68,25313
494.29,53269
494.44,62712
496.93,99798
500.17,31710
500.77,43668
503.23,44824
505.49,78792
500.98,77997
500.83,55748
501.04,29209
500.5,40387
497.06,46643
506.79,66424
498.53,77938
495.33,50264
499.71,56278
497.02,116825
495.44,99172
491.37,104246
497.73,56036
493.66,53697
506.42,42754
505.05,86229
510.9,46563
510.41,62022
516.26,37554
515.45,30878
513.7,48671
511.15,158859
494.87,56604
500.64,66289
501.53,50593
507.48,41284
505.44,101313
524.76,188077
529.96,215041
527.47,57819
527.37,51548
529.87,51946
529.12,46838
527.06,59297
535.6,52036
518.4,123548
507.93,182913
501.67,85266
502.23,100236
501.27,56016
495.1,52457
488.98,74414
485.43,53969
467.55,273483
460.26,254018
465.74,194783
471.29,135847
482.49,142862
476.88,101611
482.97,121928
485.79,97114
486.76,123458
490.59,70919
468.97,122654
463.84,225830
455.84,128609
457.42,90737
461.77,116275
464.87,119984
466.73,80063
466.57,158908
465.49,59212
461.18,71787
470.24,121607
470.89,307280
504.19,299347
495.11,166466
481.46,191360
485.11,194816
467.69,193652
474.64,156272
495.07,104595
497.95,129047
498.15,149700
488.55,94171
501.09,107039
502.44,163316
510.39,80139
512.65,68281
513.13,66911
511.48,70249
521.06,141525
524.29,124692
526.88,49744
523.67,64399
535.81,157519
534.43,151353
523.98,53281
526.32,67334
524.89,56256
524.43,54761
526.04,37919
524.97,41651
530.18,49814
533.35,85899
537.64,101349
527.35,59673
528.39,137542
524.85,80136
517.51,49738
516.48,51848
521.18,38410
518.06,44113
513.53,44377
510.98,66373
521.22,60078
518.92,197061
514.52,36775
514.53,65390
508.63,49937
511.52,89261
510.23,69466
512.27,92406
513.65,42159
514.61,55747
506.32,159928
497.73,136730
500.91,46118
503.75,75082
500.31,67143
502.94,49309
494.63,107044
504.98,135986
516.33,68790
523.03,95125
522.3,71773
524.03,84484
517.11,53424
527.64,81069
532.79,90794
531.16,76178
536.19,27555
533.09,147135
554.3,78109
557.09,114093
556.15,104275
560.79,114073
565.99,46980
562.87,58154
558.87,54912
560.04,58409
567,106297
572.45,107375
561.86,131223
562.77,150001
564.59,100418
567.22,55934
567.27,96671
568,90564
573.38,105653
576.13,95430
570.23,81222
572.07,54485
572.73,157706
578.15,143237
581.63,68322
587.94,103041
593.49,56471
588.52,108098
587.54,44789
585.65,45738
585.5,89096
586.72,69325
582.57,71274
581.87,74456
581.99,66945
584.97,97006
592.82,34636
591.19,64719
580.07,103318
583.78,73793
574.28,78626
572.84,67811
574.3,52711
576.65,70744
577.06,42848
576.83,56478
569.33,46432
571.14,44688
576.98,67089
579.76,72011
577.04,113785
562.94,144314
562.23,51776
563.96,55154
577.02,89022
572.98,74248
573.17,86099
577.02,87981
584.1,75282
587.1,117330
595.39,244459
591.86,308938
571.24,217919
562.92,208433
567.93,111005
569.7,121149
561.08,153051
561.08,124574
567.6,126827
569.56,127072
560.05,192747
559.08,141838
582.2,187802
589.51,177946
586.33,74858
583.97,63161
574.86,100338
580.1,98900
592.87,198437
580.55,169343
574.57,88445
581.53,101432
575.43,108996
573.47,136112
565.41,186319
553.44,265205
550.21,217381
552.31,136228
550.76,58260
552.75,60748
555.52,107421
559.26,124582
554.76,160018
558.78,57066
558.16,61016
557.27,71839
564.81,75766
557.9,82867
566.8,143851
571.45,108965
566.45,73516
564.57,62537
570.66,100815
584.09,113700
589.27,156292
591.61,127920
602.93,159962
611.21,171514
608.05,141079
610.09,101340
607.69,78141
616.4,164888
622.81,117682
620.33,143785
607.86,104331
619.88,94160
617.73,73956
630.64,85669
632.85,70347
630.9,78754
630.88,89388
627.29,82903
615.39,57410
620.84,136939
621.77,108522
622.76,99520
621.66,98468
622.09,131416
620.58,216266
601.26,185689
600.64,179706
587.22,140313
597.62,223581
591.17,15840
601.88,99458
600.9,70413
599.37,67438
593.34,58080
590.71,67775
584.89,65130
594.36,80394
591.06,33588
586.87,82058
596.93,158958
589.39,111037
600.98,81825
602.06,63441
606.66,198742
618.18,205884
619.43,109411
619.77,123552
611.5,139870
607.53,117797
603.8,331818
620.76,241048
602.53,117297
604.74,99076
596.4,214526
590.18,131001
610.47,153974
614.6,132283
608.92,101499
612.14,104562
612.67,116191
612.07,102052
612.58,115391
615.5,116984
622.29,134559
628.66,140562
624.52,74525
628.01,87428
640.21,145035
647.65,160903
635.71,327306
646.46,196007
667.53,231458
675.67,161377
667.17,152426
670.99,243769
703.79,429004
686.24,166971
700.79,157188
695.74,199946
690.5,208546
696.91,165900
693.88,132558
701.17,145674
712.16,184274
701.61,163458
711.97,213550
710.59,166506
717.46,213760
717.77,145105
712.54,141512
712.87,105756
711.79,116567
715.19,121662
717.06,100560
722.52,139767
719.73,128466
716.4,139672
728.07,144366
734.09,138655
721.35,200363
714.47,249995
699.6,161687
700.52,103793
696.25,147335
694.08,187437
697.25,173537
685.41,265974
670.36,201126
670.66,212802
657.68,518601
655.99,354911
670.04,220162
672.65,178882
661,99963
668.32,175583
652.89,266093
652.78,220103
661.77,100755
664.87,118795
632,411162
627.97,344602
644.62,152218
649.48,175485
641.15,162400
632.18,250382
625.07,493352
606.2,266565
598.79,192016
599.83,153650
612.31,171451
612.76,100389
600.37,158606
586.31,143200
602.92,159543
603.2,121982
599.5,243071
601.06,190166
576.68,274003
579.21,107911
578.77,212424
576.96,228222
606.56,166755
594.76,184679
591.72,81464
593.01,125890
615.67,114807
613.82,101168
629.12,99652
624.1,72994
616.1,114495
610.55,80667
612.35,72119
604.43,68586
583.98,178426
579.55,288513
561.41,124834
569.23,118582
581.07,130728
582.39,111273
584.9,171720
584.76,92329
535.41,303902
542.35,291525
504.44,396618
513.87,353913
515.68,370440
522.92,367782
531.3,250374
520.48,221332
501.78,343531
563.56,501817
553.06,334270
547.57,245837
535.73,156569
541.37,145260
540.92,148345
532.66,130423
528.34,128168
519.67,117530
508.19,147223
497.82,193399
499.97,140419
501.64,139984
484.92,178789
482.31,163134
490.78,199035
492.9,115604
527.4,161042
521.53,102357
529.21,70751
528.88,106448
541.07,146469
542.78,120556
548.55,87711
546.05,90598
550.44,85840
554.28,90458
534.54,172467
538.63,167513
582.05,126874
572.5,168688
595.42,204839
600.53,134596
598.67,136105
600.27,166972
590.53,76444
586.08,63720
589.55,98235
594.88,111410
597.35,118927
606.57,236389
595.67,109385
593.37,132770
629.61,131371
636.4,215535
653.97,253469
653.44,231317
656.83,59930
658.37,87567
647.7,102931
652.57,204774
629.93,113213
632.16,84787
637.4,76139
638.68,59802
635.15,57131
635.11,73126
643.4,98553
635.5,96402
637.5,50427
637.89,60946
625.28,41717
629.67,59104
634.8,127047
640.09,56487
642.29,55736
644.54,63744
645.47,59522
642.65,68058
642.6,168276
637.61,181472
657.11,182248
663.38,170487
665.68,130447
667.9,124385
681.09,112339
683.19,115215
689.93,89365
686.06,94105
694.62,41857
695.51,84937
699.55,55196
698.39,70598
696.29,77068
695.43,120520
701.53,111911
697,129108
690.84,47303
690.26,49773
688.68,73352
689.29,150187
702.9,117633
701.74,65160
700.11,66922
696.55,71580
699.61,49759
698.76,96733
684.98,115515
682.6,133375
687.74,88266
694.23,68805
703.43,62373
709.42,122878
712.25,92952
704.74,87307
717.86,122420
725.23,122283
727.71,68177
729.07,115012
739.78,87985
738.2,93024
722.62,214807
720.51,147891
718.27,93954
715.55,125923
715.7,60625
724.39,45210
720.37,100646
715.01,66805
719.49,41073
730.51,95371
732.12,68519
724.29,68084
723.21,52318
714.3,80890
717.08,41320
721.97,73365
721.4,57100
713.95,51779
717.27,72766
706.33,151771
703.23,76736
699.98,143707
700.71,112958
696.36,59241
697.57,57205
711.13,99087
713.28,55705
703.46,103444
702.68,85949
707.76,87959
712.23,69926
719.59,88508
714.18,65669
715.63,40318
716.73,71561
717.32,76315
712.28,83459
712.91,197261
708.03,284263
700.44,176399
699.39,442832
772.85,220094
775.8,217718
751.67,115807
747.03,106354
764.95,120234
771.99,112137
767.98,108380
767.89,74253
766.68,83611
769.77,41859
769.87,54150
763.57,88136
763.4,47548
766.08,45098
766.68,38246
768.92,47258
784.63,85544
789.27,64011
784.01,28529
783.44,77044
784.51,52160
783.04,43119
790.37,38166
787.19,59287
765.38,49162
764.5,81675
750.5,82662
752.2,61777
732.37,96788
742.88,61354
739.9,40716
735.93,36734
752.19,85410
753.05,47615
753.04,25960
754.75,32815
751.82,18817
749.02,42186
747.65,55110
745.19,43817
749.12,39919
750.08,52581
737.7,41772
736.48,42369
732.54,65304
732.04,65416
735.2,74702
734.67,41563
753.24,88928
747.22,60273
748.8,69156
748.25,45576
758.78,49079
757.26,77913
760.81,67715
762.11,92609
755.8,45549
754.55,76101
751.65,43765
752.68,43078
749.39,46646
753.62,46914
758.86,120466
765.1,54143
767.67,46718
770.51,117261
770.26,68277
771.56,84136
784.7,85505
780.62,75271
778.38,217219
770.63,150054
779.13,110312
771.51,104120
768.28,75624
760.81,105227
754.84,51303
753.81,53601
748.39,54483
746.55,53775
740.76,111823
743.06,136972
747.28,60203
743.02,128313
734.14,132420
729.38,149492
716.01,198220
717.43,111491
719.49,93857
725.55,102109
718.7,145317
714.39,110093
704.63,277329
711.99,284965
712.88,70791
706.57,91042
716.08,77224
717.8,84833
719.81,212575
728.33,150610
724.95,209442
711.36,126634
708.22,49007
713.87,54977
709.5,63301
711.98,73007
722.93,74592
715.57,72714
720.82,122661
708.37,96926
708.34,38094
713.92,80360
730.48,70586
732.52,78325
731.03,85957
732.63,29752
735.7,84229
725.78,64381
738.01,94985
736.52,91535
732.91,41794
736.38,58049
751.88,128039
750.47,93397
750.1,114582
754.47,116226
746.18,159410
747.56,186866
653.76,806927
673.76,623345
659.06,536366
652.48,585900
655.62,329387
647.99,477081
637.88,206987
629.35,300984
632.54,200483
638.89,132321
626.23,255394
623.85,170057
607.51,249172
607.78,249669
630.26,110268
633.58,177311
625.35,166586
623.59,267708
618,288828
614.57,283769
613.54,201717
606.2,214542
603.77,192235
609.66,152140
609.34,128449
603.25,145829
586.38,249370
597.4,254531
591.77,253703
583.15,235349
602.04,258607
585.49,211171
588.66,212582
592.12,245023
608.81,260754
614.93,360472
627.95,450511
629.59,419979
632.75,135704
635.38,148625
641.7,160229
647.44,314
644.33,150530
643.14,152687
641.64,123218
642.96,104577
646.87,97343
644.93,131391
664.1,274723
664.34,205477
664.24,194604
673.17,193206
667.25,134922
668.43,103070
656.68,108999
655.17,110013
650.2,146431
648.46,374550
648.24,137042
648.26,135470
649.67,216136
645.39,203082
643.15,210080
650.5,219095
653.76,116285
649.6,277160
657.9,147625
658.62,168970
662.825,122265
666.245,134668
663.425,157464
668.15,253506
671.1,208238
660.27,140168
663.305,55128
663.8,53324
666.54,63702
667.3,43801
662.26,66955
658.395,75196
656.175,129701
671.945,57952
666.255,95986
661.95,47282
662.705,72452
661.55,144057
650.95,91201
658.98,150688
661.62,102174
656.435,131793
657.25,112700
651.76,170172
653.37,215955
636.61,79292
642.43,81121
647.495,189501
652.23,181409
648.02,116409
648.33,212737
629.53,164192
627.68,167021
620.995,264774
615.845,246406
617.37,99093
622.59,109992
626.53,77090
624.56,99692
607,153764
606.44,163009
605.245,137571
610.08,138455
630.265,321730
645.79,425454
656.14,304738
662.255,249548
667.18,152208
673.61,146648
671.43,190825
667.465,205694
675.01,146455
669.79,225423
724.44,609712
731.68,530129
722.275,222876
717.47,229822
705.76,145584
707.29,150638
704.18,125295
693.885,141795
672.38,246137
669.79,190261
668.4,263170
678.505,170960
655.22,223627
663.11,194298
660.09,144450
679.97,135942
675.08,113816
675.3,111923
668.65,211952
660.31,169574
663.31,228618
653.99,193423
643.36,120413
649.04,123596
630.78,127515
635.455,136563
635.88,204189
641.55,241548
641.52,105808
643.66,124908
649.485,260476
658.31,111600