9.43,4878
9.365,12680
9.65,8438
9.655,9325
9.73,23373
9.87,1395
9.68,901
9.65,2884
9.33,2101
9.445,3110
9.53,9356
9.66,6729
9.8,1199
9.81,3507
9.69,1300
9.73,3100
9.9,9457
9.85,2968
9.575,300
9.69,2334
9.48,1279
9.38,2976
9.42,4537
9.41,1082
9.38,3470
9.34,7022
9.08,6208
9.25,3216
9.31,2226
9.285,6756
9.14,2839
9.08,2973
9.18,1854
9.03,3496
9,7968
9.13,8791
9.38,3408
9.405,6818
9.4,8298
9.4,3344
9.21,8400
9.1,1405
9.21,3132
9.3,3867
9.56,4737
9.58,5776
9.64,4330
9.53,7621
9.56,6267
9.76,2595
9.64,2395
9.48,6141
9.19,1286
9.54,3112
9.7,7972
9.64,3873
9.55,3362
9.44,6062
9.32,1000
9.37,509
9.36,1996
9.58,1915
9.66,1896
9.76,6271
10.06,2800
10.27,6067
10.155,10486
10.3,22000
9.98,3434
10.08,8565
10.09,2809
10.03,5264
10.16,4182
10.11,2518
10.21,6211
10.26,1200
10.26,4562
10.21,4356
10.17,6514
10.21,9915
10.255,2424
10.185,5247
10.2,1299
10.25,2831
10.19,1100
10.24,5987
10.29,3349
10.4,4380
10.39,2319
10.38,6289
10.06,4725
10.18,19532
10.23,1413
10.24,3916
10.075,7973
10,2527
9.855,2537
9.87,5269
9.8,2800
9.68,4506
9.615,9230
9.53,3101
9.64,2645
9.66,3014
9.8,3783
9.765,1720
9.75,2721
9.57,7759
9.535,8543
9.3,6706
9.24,6932
9.19,6334
9.185,10272
9.21,7581
9.19,4575
9.19,11832
8.74,12957
8.605,51722
8.56,27977
8.47,12716
8.39,15443
8.22,36276
8.23,3046
8.225,7366
8.31,12280
8.32,6241
8.33,20007
8.275,27641
8.41,6892
8.44,4145
8.32,9942
8.36,6026
8.28,4210
8.27,5419
8.3,4231
8.15,1630
8.12,11923
8.005,4560
8.06,10508
8.02,9540
7.93,7662
7.94,9389
8,5636
7.97,1571
7.91,5313
8.08,14746
8.14,14403
8.2,5794
8.055,3199
8.16,9053
8.21,9940
8.56,13516
8.74,6071
8.42,1629
8.37,5097
8.47,1818
8.4,3717
8.43,4951
8.39,2200
8.19,1937
8.17,4672
8.24,750
8.345,2336
8.405,2718
8.26,1945
8.37,1776
8.34,6138
8.215,5993
8.31,13764
8.3,12656
8.48,4563
8.23,8172
8.28,3821
8.2,2213
8.135,2302
8.14,9663
8.21,4923
8.085,9105
8,7157
7.77,5226
7.67,7039
7.55,6822
7.66,3074
7.67,2685
7.63,4893
7.64,864
7.7,3325
7.8,3729
7.75,1501
7.65,3186
7.785,5511
7.66,1034
7.635,2409
7.68,4219
7.68,1560
7.76,1653
7.745,8655
7.77,598
7.725,6017
7.73,4769
7.77,2741
7.795,2413
7.71,8629
8.03,6449
8.075,2559
8.135,8300
8,1309
7.87,2927
7.82,7237
7.83,2636
7.7,2121
7.75,5203
7.67,1831
7.7,7453
7.755,10999
7.86,2600
7.79,706
7.685,2500
7.61,2192
7.66,540
7.615,2018
7.375,1897
7.4,1000
7.49,7820
7.35,1622
7.35,1249
7.36,2167
7.295,9788
7.29,2087
7.37,6349
7.41,1269
7.48,711
7.47,4785
7.32,2222
7.245,1810
7.24,4144
7.36,2105
7.435,1929
7.42,5107
7.38,900
7.35,511
7.34,3158
7.29,3631
7.31,1310
7.235,3771
7.19,3107
6.96,400
7.03,3560
6.92,1817
6.86,440
6.775,1486
6.92,1435
6.895,2455
7.02,2730
7.04,6267
7.1,7147
7.25,500
7.19,959
7.13,4761
6.98,600
6.92,733
6.985,2312
6.905,3707
7,2651
6.88,3836
6.97,2450
7.155,3254
7.22,2368
7.215,587
7.09,1998
7.02,4172
7.11,3414
7.15,2000
7.18,2289
7.24,3795
6.98,3502
7.025,3580
7.13,2445
7.08,1150
7.11,3491
7.16,2326
7.33,1186
7.27,4640
7.14,1324
7.08,1000
7.15,4452
7.09,4041
7.21,6129
7.22,7853
7.12,8636
7.16,5372
7.135,41172
7.06,415
7.02,2642
6.93,4699
7.15,3952
7.18,7295
7.11,2046
7.18,9041
7.21,7814
7.095,3277
7.09,12281
7.15,7865
6.88,14109
6.96,7242
6.945,16736
6.9,7617
6.87,15145
6.81,40480
6.775,5538
6.7,4019
6.7,8716
6.79,1355
6.79,2913
6.79,12300
6.765,2960
6.865,1756
6.82,6457
6.76,3126
6.71,3830
6.75,13206
6.55,6204
6.76,7904
6.705,10199
6.58,6108
6.78,3100
6.69,13431
6.52,6510
6.66,9096
6.675,10676
6.7,6883
6.64,5177
6.58,16146
6.635,6210
6.88,6250
6.95,4064
6.93,2405
6.91,10038
6.86,7440
6.84,6410
7.05,13480
7.065,13359
6.99,11276
7.07,5414
7.215,11733
7.28,2277
7.29,3065
7.46,6620
7.46,3823
7.54,5885
7.47,9359
7.6,1717
7.31,1472
7.36,7538
7.36,602
7.45,2500
7.285,4768
7.21,7242
7.26,11381
7.32,9090
7.475,4053
7.65,11497
7.7,16309
7.82,4083
7.74,4697
7.7,6627
7.74,5449
7.805,3522
7.725,19136
7.62,1471
7.61,12590
7.485,11742
7.57,5572
7.505,10312
7.4,14744
7.47,4031
7.71,4528
7.7,6663
7.55,8061
7.765,9119
7.665,10488
7.92,8019
7.86,5674
7.64,11476
7.72,7048
7.78,6367
7.725,21120
7.63,6951
7.79,8993
7.815,8689
7.86,3839
7.75,3990
7.67,2980
7.47,3458
7.48,4181
7.37,6604
7.31,2002
7.44,2200
7.335,7425
7.17,3530
7.3,678
7.24,5491
7.15,3524
7.255,3174
7.425,16541
7.63,6574
7.48,18150
7.38,16292
7.49,5729
7.63,9410
7.66,5641
7.83,1800
7.8,5569
7.69,4486
7.8,2204
7.715,5427
7.88,18998
8.01,7684
8.055,8840
7.94,10838
8.07,835
8.15,4507
8.155,10008
8.17,1090
8.295,5211
8.21,10223
8.22,1139
8.05,11975
8.14,463367
8.08,4749
8.035,65594
7.89,14417
7.94,2728
8.02,6201
7.92,10540
7.86,719
7.81,4904
7.75,17318
7.75,1187
7.82,3697
7.645,10451
7.39,2095
7.54,12252
7.62,9139
7.47,1200
7.41,7405
7.28,30592
7.245,740
7.33,4306
7.35,5762
7.425,3615
7.16,20285
6.94,3109
6.98,4007
7.03,14220
6.98,7440
7.09,15520
6.775,13556
6.88,2235
6.98,5327
6.87,14300
6.59,2301
6.58,13314
6.61,17889
6.685,537
6.565,9443
6.62,29192
6.59,1655
6.75,36231
6.82,19265
6.99,2807
6.91,10545
6.91,14912
6.96,2091
7.06,6306
6.99,3870
6.92,4350
6.89,12779
6.87,12852
6.9,2950
6.875,7823
6.94,9450
6.91,6094
7.07,30170
7.09,16304
7.03,2606
7.15,13115
6.93,15795
6.82,3015
6.61,16578
6.49,55165
6.82,4759
6.87,18579
6.84,18553
6.96,3347
6.99,13147
6.945,10340
6.83,3562
6.65,9012
6.67,11135
6.79,1547
6.77,4321
6.85,4535
6.81,342
6.75,3661
6.825,8728
6.88,700
6.91,2836
7,8426
6.85,1467
6.86,3230
6.86,6814
6.92,2504
6.93,6668
6.885,13484
6.85,1800
6.7,3707
6.8,6699
6.82,2544
6.8,12563
6.675,11504
6.85,4318
6.8,5619
6.71,1844
6.66,6300
6.67,7956
6.71,1524
6.74,4012
6.8,8835
6.82,3234
6.98,8053
6.89,15087
6.59,1400
6.48,10353
6.415,12586
6.39,1907
6.36,5011
6.41,7075
6.3,1112
6.22,4838
6.32,7465
6.39,1807
6.36,5664
6.42,12103
6.57,704
6.54,7036
6.58,13175
6.64,1138
6.65,6191
6.67,11108
6.605,1849
6.64,11856
6.5,10475
6.5,3624
6.62,17962
6.67,13875
6.7,2188
6.85,17214
7.21,17838
7.255,5242
7.21,15554
7.25,31993
6.94,7653
6.98,34583
6.9,26092
6.73,5804
6.55,21323
6.645,5302
6.63,17503
6.67,12094
6.715,6685
6.84,10101
6.79,25734
6.47,4652
6.33,33759
6.11,59474
6.095,8951
6.08,55234
6.04,17479
6.15,25967
6.3,115013
6.52,135821
6.73,2999
6.59,15948
6.63,10781
6.66,5800
6.5,13402
6.56,19189
6.38,2425
6.23,20391
6.28,13217
6.27,2587
6.26,6015
6.25,9696
6.32,3466
6.31,3881
6.43,11113
6.51,1779
6.455,6090
6.51,17675
6.61,3041
6.62,16219
6.66,12135
6.5,9260
6.59,8731
6.58,15047
6.45,6456
6.39,46862
6.59,26951
6.865,2667
6.71,6364
6.735,14734
6.62,2138
6.61,7587
6.8,9730
6.82,1347
6.86,6724
6.86,8864
7.1,3185
7.15,7823
7.19,12018
7.2,4874
7.13,2704
7.09,17023
7.1,2539
7,7403
7.03,17111
7,3824
7.08,6467
7.14,13708
7.4,4314
7.04,9137
6.965,19800
6.85,1150
6.86,2861
6.93,10312
7.09,2345
6.96,11197
6.96,41875
7.08,1319
7.295,12110
7.205,37281
7.2,4129
7.21,15305
7.16,19876
7.29,1157
7.17,10214
7.015,19570
7.17,1495
7.2,14946
7.39,16825
7.52,5306
7.56,44817
7.47,46716
7.39,4712
7.44,7298
7.52,14665
7.73,6976
7.71,3942
7.74,5938
7.65,2748
7.67,5625
7.66,13550
7.54,13961
7.48,6208
7.57,20951
7.36,8269
7.895,30039
8,37958
7.87,18448
7.71,33206
7.62,38886
7.8,14538
7.995,25090
7.94,11089
7.83,6521
7.89,8988
7.85,8974
7.87,8861
7.98,12795
7.86,22521
7.82,7589
7.7,12360
7.76,15084
7.8,4068
7.685,1776
7.67,11360
7.77,7115
7.91,9813
7.76,10672
7.64,1267
7.69,3483
7.68,9653
7.61,11578
7.53,7627
7.555,14634
7.485,3123
7.61,2138
7.62,17084
7.66,1302
7.815,1896
7.65,8822
7.69,5066
7.88,5161
7.85,15950
7.7,2375
7.7,2932
7.84,4080
8.04,4254
8.015,6774
7.83,7550
8.05,3271
7.97,4060
7.79,13749
7.77,5300
7.725,5081
7.72,18794
7.745,4167
7.83,6008
7.85,24108
7.83,600
7.92,4001
7.92,7053
7.98,3821
7.77,6735
7.73,8430
7.96,13242
7.99,3859
7.98,7518
7.99,6100
8.045,15712
8.1,14129
8.16,5342
8.1,9816
8.22,17546
8.21,4712
8.035,5854
7.92,10184
7.73,4915
7.66,5353
7.67,12046
7.68,4021
7.67,2904
7.745,6296
7.67,13673
7.52,27487
7.565,19024
7.395,10027
7.46,13458
7.41,14427
7.39,5628
7.105,3832
7.04,10350
7.12,22115
6.9,20849
6.79,25544
6.72,5615
6.46,5601
6.51,13339
6.37,3138
6.285,5318
6.41,15464
6.65,3241
6.43,9551
6.33,26002
6.02,10520
5.98,9665
6.07,16017
6.1,3899
6.215,3537
6.23,18338
6.26,9390
6.26,9367
6.23,14928
6.4,4090
6.06,13558
5.88,7794
5.89,5013
5.94,4184
5.78,14442
5.63,5243
5.51,17326
5.545,29981
5.53,8500
5.52,25559
5.43,22650
5.54,31199
5.73,39560
5.53,16105
5.41,15117
5.49,20636
5.3,48760
5.38,7815
5.65,13524
5.49,28459
5.495,4359
5.505,15185
5.505,15785
5.57,2626
5.515,4120
5.54,13676
5.49,2347
5.4,24701
5.44,74405
5.61,9542
5.735,5796
5.76,9470
5.77,3909
5.6,7498
5.63,13269
5.81,4766
5.76,8083
5.68,10497
5.66,7430
5.78,11480
5.775,27262
5.725,2699
5.64,10598
5.7,19400
5.72,6012
5.77,6102
5.685,16978
5.795,4946
5.7,6746
5.755,18364
5.83,6017
5.72,4876
5.6,11456
5.625,3456
5.62,17308
5.66,14995
5.755,5648
6.035,13731
6.115,34427
6.025,4764
6.04,5811
5.97,9413
5.99,5641
5.8,4328
5.845,9358
5.79,2512
5.81,3101
5.81,9235
5.79,1615
5.88,2989
5.82,18446
5.74,3936
5.66,4612
5.63,10797
5.48,2740
5.8,2965
5.905,4773
5.68,10111
5.41,19254
5.485,35486
5.4,19732
5.335,19009
5.275,18646
5.42,8411
5.315,6861
5.325,33081
5.33,9983
5.285,17680
5.435,35864
5.46,10440
5.315,11442
5.4,34814
5.44,4660
5.575,6146
5.59,9151
5.525,6397
5.58,5580
5.58,15626
5.46,13954
5.515,54510
5.455,28831
5.425,14183
5.64,11958
5.735,34077
5.765,2406
5.59,6167
5.64,11877
5.67,2828
5.55,7883
5.515,17655
5.455,3248
5.33,4896
5.35,6609
5.32,13036
5.065,12918
4.885,17830
4.79,2142
4.94,4184
4.9,8163
4.755,17356
4.435,23699
4.505,30380
4.49,4884
4.3,8912
4.39,18897
4.545,3540
4.505,7317
4.51,11682
4.495,2696
4.51,3171
4.53,10416
4.46,3058
4.54,5162
4.42,11780
4.42,5231
4.51,3124
4.49,11862
4.47,2717
4.63,6516
4.65,6357
4.46,4971
4.47,3640
4.47,7613
4.54,5214
4.4,3591
4.48,11630
4.61,1297
4.585,2902
4.57,11746
4.54,2627
4.54,2834
4.52,8442
4.59,4330
4.53,8229
4.455,14430
4.43,12171
4.555,6543
4.465,12350
4.6,5125
4.595,11361
4.485,10725
4.47,11218
4.51,2551
4.51,12887
4.565,2961
4.535,5361
4.55,4824
4.57,853
4.51,2396
4.58,14896
4.79,10980
4.765,8042
4.785,12607
4.8,2629
4.87,3817
4.88,8962
4.75,2823
4.76,6706
4.76,18185
4.82,7196
4.8,4448
4.79,7345
4.69,8545
4.58,19080
4.56,19026
4.71,3914
4.75,9377
4.81,30872
4.65,7805
4.64,5609
4.67,4071
4.86,3026
4.85,8675
4.875,12742
4.91,6772
4.78,5923
4.83,7037
4.89,2806
5.02,3086
4.96,6968
5.01,3147
4.95,4705
4.89,10000
4.95,892
4.94,6658
4.93,10840
4.865,1200
4.88,4717
4.885,7703
4.89,4395
4.895,1776
4.955,16307
4.895,11906
4.875,32942
4.915,68749
4.92,13160
4.89,21599
4.905,15880
4.9,16682
4.885,28870
4.885,164554
4.79,10465
4.82,16510
4.82,14861
4.94,2641
5.055,4605
5,8094
5.02,2141
5.17,1663
5.125,8364
5.22,2318
5.14,3046
5.19,6680
5.16,3619
5.025,3932
4.81,12759
4.74,1985
4.67,2992
4.71,8068
4.59,2677
4.495,4637
4.49,9855
4.445,1300
4.495,11723
4.48,10230
4.285,30349
4.215,9942
4.12,23105
4.22,3790
4.38,3895
4.34,15085
4.38,3616
4.32,4162
4.29,15357
4.24,12568
4.405,7679
4.48,16921
4.4,2149
4.51,2534
4.49,7598
4.57,2067
4.56,3362
4.58,5587
4.67,3470
4.7,3102
4.68,6521
4.58,1451
4.545,1542
4.54,9401
4.51,495
4.565,3101
4.485,7481
4.4,18922
4.455,57570
4.445,51075
4.3,5267
4.5,21197
4.395,19827
4.49,4701
4.585,4714
4.505,3435
4.49,3328
4.475,23077
4.425,9070
4.425,3832
4.405,1491
4.355,10855
4.505,3331
4.425,1890
4.415,7705
4.41,28385
4.275,26711
4.29,16900
4.29,22777
4.46,27406
4.24,42030
4.35,15298
4.305,33446
4.275,29253
4.395,34650
4.44,18049
4.51,30713
4.57,6587
4.59,5652
4.565,7486
4.615,4942
4.81,4280
4.81,11461
4.82,12087
4.915,5473
4.86,14679
5.12,1345
5.075,2751
5.035,12391
4.9,13330
4.755,3652
4.69,5040
4.73,2503
4.73,2058
4.77,8815
4.705,7316
4.56,11304
4.56,26459
4.485,8647
4.505,7618
4.565,11111
4.495,7500
4.495,5252
4.555,18952
4.55,27189
4.545,5172
4.575,3615
4.49,26103
4.435,10466
4.63,19790
4.52,6287
4.49,4595
4.45,14454
4.6,8810
4.61,2216
4.595,8004
4.7,20600
4.675,20160
4.675,11011
4.585,13686
4.53,17365
4.505,12604
4.515,18261
4.635,22310
4.515,15635
4.65,6383
4.66,5540
4.83,13230
4.785,4902
4.775,4030
4.765,54409
4.765,24316
4.67,26813
4.715,13599
4.83,37621
4.825,16708
4.875,36061
4.85,23275
4.805,34764
4.705,11533
4.59,12259
4.525,5563
4.53,16437
4.57,500
4.655,918
4.625,3732
4.75,6637
4.735,4334
4.83,6075
4.85,920
4.7,1866
4.67,16911
4.3,8995
4.46,7710
4.36,3220
4.57,11971
4.76,4818
4.77,12108
4.935,5743
4.9,9591
4.97,8586
4.95,3586
4.945,13880
5.235,12111
5.24,6374
5.2,3630
5.16,9074
5.48,6218
5.465,23741
5.545,13689
5.63,3944
5.67,5219
5.59,12430
5.6,3601
5.57,57715
5.61,2950
5.555,6934
5.475,25471
5.42,531
5.36,4150
5.37,2490
5.23,960
5.29,2392
5.3,3898
5.37,1920
5.325,1300
5.345,3593
5.37,1510
5.36,18584
5.595,5589
5.605,7690
5.6,41145
5.62,24833
5.645,25912
5.685,8747
5.82,300
5.825,5483
5.67,2902
5.675,14054
5.525,15009
5.475,805
5.63,3196
5.56,3537
5.69,700
5.63,17669
5.665,21235
5.95,2189
6.065,49232
6.015,14525
5.935,617
5.945,8100
6.095,15015
6,100
5.93,1248
5.95,8434
6,720
5.925,5224
5.855,6001
6.01,100
5.985,550
5.97,10790
5.96,100
5.98,4660
5.985,5118
5.995,200
6.005,11486
6.095,27335
5.9,1471
5.85,5376
6.07,1847
6.115,3543
6.04,11104
5.995,200
5.955,2403
5.955,10825
5.76,405
5.73,1294
5.66,8544
5.59,803
5.71,5626
5.755,11285
5.71,1493
5.705,2021
5.705,4575
5.87,2681
6.03,12287
6.09,12861
6.16,657
6.14,3316
6.13,9111
6.07,1465
6.08,5038
5.995,13764
6.09,1007
6.015,12018
6.16,27736
6.185,3201
6.315,3870
6.285,17013
6.245,1964
6.165,10240
6.115,8844
6.14,100
6.115,1201
6.085,2603
6.025,807
5.97,2053
5.97,6367
6.04,2586
6.1,4560
6.06,13831
6.27,1902
6.25,6536
6.39,12194
6.43,700
6.46,8427
6.615,6945
6.83,100
6.77,33177
6.695,12729
6.92,372
6.79,2778
6.7,8012
6.685,100
6.665,2170
6.765,13513
6.77,900
6.74,7081
6.725,15678
6.88,300
6.815,3597
6.885,33020
6.78,667
6.86,11136
6.925,22745
6.72,1100
6.645,6735
6.575,14197
6.59,17974
6.685,25543
6.585,33501
6.54,8590
6.525,40070
6.57,39254
6.585,1836
6.54,4026
6.68,9922
6.675,300
6.665,10836
6.73,25537
6.75,200
6.7,4894
6.87,9542
6.88,763
6.89,10987
6.93,7205
6.91,1200
6.75,5813
6.565,8992
6.395,2384
6.405,4827
6.34,2905
6.295,1310
6.345,5680
6.28,10932
6.22,411
6.26,5929
6.26,29720
6.29,2007
6.32,17745
6.31,16849
6.49,20396
6.355,8393
6.335,9474
6.2,1800
6.26,6009
6.21,24453
6.14,1017
6.17,6323
6.1,10454
6.23,1058
6.105,2901
6.23,10658
6.21,300
6.155,1539
6.14,9248
6.195,1271
6.155,5033
6.1,22083
6.095,485
6.04,4775
6.05,8070
6.01,555
6.065,1113
6.01,9195
6.085,13791
6.02,9336
5.85,13335
5.78,2223
5.83,6816
5.79,1199
5.74,20946
5.83,12370
5.91,3057
5.775,4332
5.815,4633
5.815,760
5.735,11881
5.695,18046
5.69,663
5.575,600
5.64,3997
5.63,204
5.62,1556
5.54,8991
5.45,8338
5.445,8575
5.46,6189
5.55,823
5.61,2195
5.56,4517
5.535,208
5.59,1881
5.56,12537
5.64,300
5.61,3941
5.74,11480
5.675,426
5.715,856
5.705,2662
5.75,359
5.735,4518
5.795,5325
5.67,539
5.65,8365
5.56,537
5.525,2506
5.48,5678
5.45,701
5.42,3843
5.36,7002
5.465,1109
5.485,3489
5.375,10630
5.535,300
5.56,7496
5.4,20248
5.48,2693
5.7,4520
5.68,5362
5.68,9270
5.63,14925
5.64,34536
5.69,4206
5.52,6280
5.575,7691
5.55,1136
5.55,4163
5.6,5827
5.65,42280
5.77,43439
5.87,30530
5.79,5482
5.83,1552
5.915,8358
5.79,758
5.67,1086
5.595,3602
5.65,2544
5.74,2510
5.73,6558
5.78,1304
5.845,4826
5.89,5050
5.9,6048
5.92,1824
5.93,4608
5.87,5391
5.87,3832
5.885,5694
5.95,700
6.005,1300
6.08,5109
6.07,823
6.14,1190
6.06,7087
6.175,1854
6.225,3108
6.17,6486
6.28,464
6.205,954
6.12,20154
6.21,903
6.285,3030
6.3,7241
6.3,2932
6.46,8175
6.585,21520
6.565,6906
5.885,6625
5.97,8247
5.975,1552
5.855,2501
5.965,9253
6.02,3867
5.885,5379
5.89,9948
5.97,5126
6.135,7793
6.13,11554
6.195,4031
6.21,4493
6.225,7008
6.37,4645
6.435,3142
6.44,11117
6.31,2948
6.175,1407
6.21,4974
6.12,4286
6.01,9136
5.885,9847
5.77,1810
5.89,1001
5.83,2785
5.73,365
5.79,6016
5.665,6939
5.68,300
5.7,327
5.665,3767
5.55,805
5.54,2606
5.56,3503
5.525,742
5.54,300
5.545,7909
5.49,300
5.435,1818
5.505,4033
5.555,2412
5.46,3167
5.41,10070
5.39,666
5.41,301
5.44,1195
5.465,1720
5.485,1826
5.445,16786
5.53,1168
5.45,824
5.45,5449
5.41,300
5.45,853
5.55,4198
5.525,4862
5.56,9765
5.57,11908
5.67,19223
5.705,6986
5.665,11427
5.6,4051
5.545,5512
5.655,14922
5.585,742
5.585,1403
5.485,5369
5.5,1096
5.56,300
5.56,3881
5.53,302
5.45,1045
5.48,1825
5.43,500
5.335,2066
5.325,5558
5.26,700
5.32,1571
5.35,3095
5.43,2421
5.445,3144
5.465,6209
5.47,10370
5.355,15256
5.405,10165
5.35,17397
5.345,18929
5.38,30166
5.35,5043
5.28,3325
5.29,7775
5.41,2306
5.315,3239
5.365,11448
5.35,2335
5.4,2584
5.44,11179
5.33,5116
5.39,10582
5.47,21808
5.45,3685
5.43,5301
5.4,10227
5.31,8656
5.295,7661
5.23,14188
5.3,7890
5.23,4596
5.23,14443
5.17,7664
5.005,5994
5,14326
5.07,2477
5.105,4023
5.14,12092
5.19,2300
5.27,2217
5.28,6625
5.28,2713
5.27,8785
5.15,20262
5.18,995
5.24,3005
5.305,6449
5.23,1802
5.28,8560
5.33,15980
5.38,4873
5.41,9159
5.35,23764
5.42,1653
5.37,3428
5.32,6926
5.25,912
5.205,3198
5.22,9968
5.055,2864
5.05,8908
5.065,15307
5.15,2734
5.225,3473
5.135,6875
5.1,1816
5.16,2924
5.13,12552
5.09,748
5.015,4028
4.995,8270
5.07,2426
5.13,7221
5.095,23137
4.99,2533
4.91,2863
4.865,8953
4.795,6013
4.795,2736
4.79,6883
4.72,1035
4.66,6198
4.7,14002
4.65,3240
4.635,3063
4.6,24797
4.59,4782
4.655,4661
4.645,6088
4.63,1140
4.54,3099
4.545,9618
4.43,10968
3.87,21672
3.885,25111
3.895,8945
3.88,9426
3.875,12212
3.86,4955
3.88,11902
3.96,30128
4.01,1786
4.07,5451
4.03,23871
3.935,20422
3.98,10277
3.97,7562
4.02,8399
3.935,10321
3.95,6828
3.965,8301
3.945,4895
3.945,7727
3.995,1421
4.125,20569
4.16,8171
4.175,1450
4.215,8355
4.3,2939
4.39,4141
4.37,18638
4.4,2929
4.34,5113
4.38,26460
4.43,9279
4.43,5078
4.365,7583
4.255,1873
4.38,2511
4.405,6168
4.5,6443
4.655,2701
4.6,6135
4.56,3435
4.585,5538
4.605,4962
4.57,1045
4.5,1584
4.47,8630
4.46,1834
4.41,6241
4.38,1983
4.42,1087
4.41,1561
4.42,5292
4.45,2162
4.49,1019
4.5,4110
4.49,2028
4.445,1789
4.47,3959
4.34,4059
4.35,1845
4.3,5995
4.295,2692
4.34,5556
4.365,2727
4.47,1411
4.48,1291
4.535,9594
4.39,1723
4.38,4076
4.38,10403
4.315,1112
4.245,5833
4.32,4131
4.28,2319
4.32,4711
4.35,8091
4.4,300
4.36,1766
4.38,3451
4.31,6221
4.31,3500
4.36,8008
4.19,10162
4.155,20873
4.23,19887
4.22,1065
4.22,3709
4.24,4022
4.27,523
4.3,2384
4.28,8227
4.275,2187
4.325,1676
4.345,4846
4.27,4030
4.21,3878
4.235,6637
4.2,540
4.22,5370
4.15,6780
4.06,4824
4.08,3604
4.1,10280
4.09,5121
4.15,8831
4.11,6188
4.09,3893
4.06,1831
4.085,8436
4.095,14660
3.93,17831
4.04,13494
4.02,2620
3.99,6057
3.99,9072
4.12,2563
4.17,4584
4.205,9823
4.08,3173
4.16,5742
4.1,5512
4.115,2806
3.955,3161
3.95,6465
4.02,4613
4.145,7954
4.215,10647
4.19,3823
4.32,1555
4.32,7622
4.39,770
4.27,3449
4.25,2456
4.24,1357
4.2,3118
4.185,10648
4.205,3370
4.27,3788
4.18,8067
4.14,2886
3.99,2719
4.04,15996
3.985,8236
3.935,9727
3.92,14194
3.93,15100
3.89,3803
3.87,18303
3.9,1978
3.97,3432
3.95,13849
4.085,15836
3.99,3825
3.935,13861
3.945,7784
3.95,8905
3.985,35672
3.96,9719
3.94,9362
3.92,11551
4.01,6999
4.015,10807
4,33617
4.055,16036
4.105,6344
4.075,19618
4.095,3081
4.1,7438
4.125,10910
4.09,5751
4.12,10905
4.135,23788
4.18,4914
4.405,6225
4.46,8787
4.245,11245
4.3,11936
4.415,11668
4.39,4225
4.445,11090
4.385,13542
4.26,3850
4.155,7641
4.215,22944
4.23,602
4.265,3037
4.2,5925
4.09,4377
4.13,6656
4.03,11039
3.99,10366
3.925,4881
3.93,13745
4.01,3593
3.88,7485
3.81,25088
3.79,4735
3.595,21002
3.495,22574
3.58,7134
3.515,6052
3.465,22740
3.5,5862
3.475,7643
3.45,16769
3.39,3012
3.355,5574
3.35,19307
3.45,2497
3.39,6508
3.55,7054
3.63,1198
3.69,4028
3.67,9548
3.645,1413
3.69,8336
3.65,22330
3.76,3372
3.73,2050
3.75,17364
3.795,15279
3.675,10255
3.57,18003
3.67,4053
3.835,9653
3.8,8078
3.87,4083
3.78,9154
3.76,7517
3.83,878
3.805,2040
3.81,8984
3.915,2929
3.84,2265
3.84,27674
3.795,2158
3.7,5578
3.735,20409
3.84,2610
4,7517
3.885,14869
3.665,1341
3.77,5416
3.72,9719
3.695,4604
3.72,2301
3.725,12387
3.66,3823
3.705,4298
3.66,22665
3.575,6289
3.61,4977
3.63,11871
3.655,1347
3.595,2032
3.58,14316
3.72,4587
3.63,4122
3.65,8432
3.56,7213
3.57,16324
3.5,14581
3.51,502
3.465,2497
3.465,7474
3.52,1682
3.55,3680
3.55,4593
3.63,4145
3.74,2759
3.84,13208
3.795,2732
3.805,6950
3.78,13436
3.585,920
3.6,5931
3.57,105
3.59,5650
3.575,7181
3.65,1300
3.58,704
3.525,120
3.52,5398
3.54,6312
3.59,2025
3.62,4353
3.71,8556
3.83,1081
3.86,5261
3.9,23171
3.92,592
3.93,938
3.925,6755
3.875,3815
3.95,4501
3.94,5789
4.02,300
3.945,829
3.94,9554
3.9,605
3.95,4079
3.82,10921
3.96,1797
3.96,4831
3.96,9836
3.87,3743
3.855,5154
3.87,1800
3.895,10609
3.92,2518
3.96,5301
3.95,22912
4.055,400
4.14,3461
4.16,7912
4.245,205
4.285,809
4.21,6534
4.18,698
4.175,5199
4.175,12164
4.16,1400
4.23,9668
4.255,19181
4.24,200
4.25,2600
4.185,19269
4.125,100
4.145,6488
4.1,16707
4.08,2779
4.075,4926
4.05,17648
4.105,4786
4.065,11755
4.07,8950
4,700
4.04,6211
3.96,13551
3.84,1403
3.83,8427
3.67,13449
3.42,8572
3.275,10397
3.28,1303
3.305,5534
3.37,20342
3.725,1600
3.77,11029
3.68,21750
3.645,2317
3.53,10262
3.5,27735
3.49,1493
3.49,3989
3.475,21758
3.49,10785
3.6,57621
3.545,78009
3.61,2251
3.57,13253
3.65,14465
3.605,800
3.585,1368
3.6,9860
3.73,1403
3.81,3869
3.75,5679
3.755,800
3.675,7027
3.7,14948
3.785,1400
3.73,5311
3.81,15092
3.83,1500
3.85,2720
3.84,14063
3.73,594
3.72,1502
3.725,19538
3.76,500
3.815,10600
3.83,25111
3.68,1115
3.665,46297
3.72,21496
3.62,400
3.67,25914
3.7,47367
3.67,200
3.7,31108
3.65,56982
3.6,1724
3.645,6829
3.685,10837
3.61,615
3.595,6010
3.585,28918
3.59,1434
3.5,5099
3.55,13431
3.575,300
3.53,14083
3.54,13890
3.615,6863
3.6,8151
3.54,14987
3.54,13089
3.57,158825
3.52,141662
3.52,3044
3.48,11715
3.525,53306
3.505,2664
3.515,12579
3.51,28552
3.54,1247
3.545,10668
3.565,61037
3.5,18929
3.47,27180
3.465,47534
3.515,6132
3.47,21369
3.425,103312
3.49,36377
3.38,40098
3.12,54667
3.245,4683
3.07,3876
3.01,21584
2.96,3148
2.83,5794
2.91,10868
2.83,2467
2.805,6605
2.77,64581
2.745,700
2.68,40405
2.635,62599
2.645,1588
2.655,35934
2.66,39936
2.58,1052
2.595,18699
2.57,21460
2.47,1485
2.44,9056
2.475,58568
2.395,73045
2.345,41516
2.35,41929
2.38,200
2.36,1550
2.395,14029
2.35,600
2.3,7986
2.26,28358
2.245,221
2.265,17538
2.355,33870
2.43,14254
2.46,27287
2.49,476
2.55,8317
2.55,78826
2.415,2628
2.405,13151
2.36,43167
2.375,3799
2.325,37094
2.415,38091
2.525,12293
2.51,51129
2.51,78769
2.47,2727
2.45,9196
2.43,121321
2.38,2450
2.39,7523
2.305,63079
2.37,2441
2.425,7017
2.41,44925
2.33,4418
2.36,25804
2.4,46837
2.365,4717
2.325,23468
2.4,26364
2.35,100
2.33,7121
2.35,61356
2.425,900
2.38,15741
2.395,48807
2.385,20532
2.37,35198
2.445,300
2.47,5053
2.445,27300
2.47,751
2.435,47081
2.525,80814
2.51,4467
2.49,12348
2.49,49647
2.53,4228
2.525,29298
2.545,84337
2.52,12936
2.53,58130
2.48,600
2.57,16092
2.67,45622
2.65,3048
2.61,6290
2.59,24243
2.59,28705
2.62,14593
2.635,23184
2.53,7284
2.53,12149
2.47,26031
2.525,10879
2.55,30835
2.55,80437
2.575,21291
2.56,12065
2.58,23605
2.65,4151
2.7,12100
2.77,20026
2.79,4140
2.69,6469
2.66,11946
2.57,4574
2.65,7629
2.64,8934
2.615,4135
2.645,5495
2.67,24692
2.82,2175
2.715,5501
2.76,37915
2.72,1200
2.725,3908
2.685,11870
2.715,5060
2.65,22365
2.62,30709
2.75,4832
2.73,6499
2.7,11997
2.74,5476
2.73,5976
2.74,21201
2.82,3451
2.905,8194
2.945,31091
3.11,5778
3.07,10972
3.115,16302
3.19,22780
3.175,11707
3.17,26041
3.23,9568
3.28,8753
3.25,25651
3.11,40767
3.005,18857
3.015,50031
3.08,3259
3.16,7666
3.17,13927
3.34,10827
3.195,11944
3.21,17339
3.22,5790
3.18,10751
3.21,21216
3.15,12400
3.23,19473
3.175,27493
3.18,5451
3.15,7174
3.2,11634
3.29,13002
3.31,10694
3.17,31984
3.16,4310
3.135,8666
3.15,6653
3.105,6992
3.1,5365
3.15,26649
3.145,5646
3.105,6576
3.13,15244
3.12,3025
3.12,8870
3.08,14440
3.09,1931
3.055,31241
3.04,28270
3.005,4352
2.885,7740
2.835,12639
2.87,6889
2.945,23404
2.97,32167
2.93,7959
2.9,15839
2.875,12440
2.85,2157
2.815,3562
2.9,9074
2.91,500
2.87,2388
2.92,13289
3.01,3585
2.98,10371
3.04,18625
2.97,2601
2.98,1652
2.97,13118
2.94,3911
3.04,4749
3.04,14534
3.02,500
3.04,1301
3.005,4368
3.045,1361
3,3330
3.02,13314
3.05,753
3.05,3888
3.05,6516
3.035,5663
3.02,9015
2.99,22983
3.01,1500
3.04,2521
3.01,5925
3.055,3115
3.03,5699
2.985,9241
2.925,8663
2.92,6881
2.88,31295
2.845,1645
2.855,2610
2.855,8007
2.98,3867
2.935,6498
3.055,10867
3.08,3601
3.105,6226
3.17,9459
3.125,1200
3.17,5347
3.285,9259
3.46,1845
3.47,5489
3.46,15015
3.48,838
3.54,1912
3.525,14319
3.5,7866
3.58,1698
3.53,8992
3.53,8338
3.6,4597
3.59,16610
3.565,4623
3.52,10713
3.52,17097
3.59,1300
3.6,1356
3.55,7444
3.705,3067
3.76,3825
3.765,11298
3.755,2144
3.72,11479
3.775,17903
3.775,6099
3.9,15093
4.085,11610
4.145,27308
4.145,4101
3.96,18373
3.95,4279
3.945,3845
3.89,4615
3.805,6125
3.795,13136
3.855,9393
3.885,13794
3.91,6250
3.885,1543
3.97,1776
4.025,7947
3.88,2985
3.785,12408
3.69,9790
3.7,4412
3.675,3527
3.68,8222
3.62,2497
3.58,6055
3.575,9152
3.72,6488
3.645,6230
3.595,7545
3.56,5374
3.5,9203
3.46,18034
3.475,5010
3.505,2878
3.49,6364
3.45,14129
3.235,7298
3.215,23575
3.14,3675
3.21,3323
3.19,20136
3.22,6447
3.245,6690
3.31,17360
3.315,17140
3.35,10112
3.375,49396
3.465,25925
3.615,9447
3.47,20221
3.46,3461
3.49,3054
3.525,17181
3.5,2053
3.47,6768
3.46,19511
3.44,5337
3.685,3392
3.585,5121
3.64,2250
3.55,7427
3.545,24759
3.54,9111
3.45,20826
3.47,20164
3.425,1250
3.41,5435
3.315,15900
3.405,3366
3.435,12276
3.545,994
3.58,1283
3.56,3046
3.575,2975
3.735,7273
3.675,5194
3.77,2751
3.785,2357
3.715,13637
3.76,10743
3.65,4903
3.645,13640
3.795,5177
3.885,7533
3.99,17837
3.925,3173
4.015,7152
4.07,22434
4.05,6358
4.185,5426
4.19,12545
4.315,2301
4.395,16977
4.42,9956
4.55,3088
4.495,6716
4.515,12635
4.485,4093
4.44,12347
4.39,16690
4.17,7749
4.325,11244
4.34,29337
4.37,14356
4.365,4995
4.45,18634
4.445,1904
4.44,2425
4.48,9934
4.605,8498
4.85,15886
4.725,14295
4.425,8435
4.46,6695
4.505,31623
4.6,5836
4.665,8231
4.74,30952
4.715,11285
4.67,8939
4.71,17286
4.74,9570
4.67,12005
4.735,19326
4.755,8626
4.775,6081
4.75,34561
4.79,9105
4.695,14379
4.675,25835
4.76,28928
4.55,23339
4.535,22370
4.15,12773
4.285,13977
4.23,21445
4.18,5951
4.36,9794
4.41,31236
4.535,6095
4.46,13121
4.175,13352
4.155,1371
4.165,2706
4.21,13932
4.195,829
4.14,3669
4.13,8297
4.205,4038
4.26,1817
4.4,19896
4.455,2291
4.505,4686
4.49,8334
4.37,1360
4.365,3092
4.35,11013
4.445,2915
4.485,4817
4.475,21664
4.59,2696
4.485,1555
4.505,17147
4.625,3308
4.645,5397
4.69,10413
4.75,4844
4.62,7130
4.61,13015
4.62,5059
4.51,10697
4.6,20448
4.51,8602
4.45,8807
4.35,52968
4.37,5916
4.44,9659
4.43,17763
4.52,3835
4.41,9814
4.43,16910
4.29,4460
4.275,10579
4.27,15418
4.19,3115
4.215,2034
4.13,15744
4.22,43998
4.245,6523
4.27,20653
4.265,500
4.255,3895
4.26,17505
4.21,6590
4,4891
3.97,13169
3.955,985
4.025,5015
3.94,20124
3.97,7545
3.93,8488
3.91,19360
3.79,4475
3.695,16172
3.7,29647
3.76,1384
3.745,4197
3.705,22828
3.73,800
3.685,4313
3.705,38864
3.875,274
3.88,2865
3.97,16949
4.13,2783
4.23,6393
4.42,32400
4.5,3992
4.465,10618
4.455,38488
4.51,9427
4.36,4284
4.37,19343
4.23,6093
4.35,9749
4.3,11707
4.25,620
4.205,600
4.28,14325
4.31,2638
4.21,1207
4.24,19982
4.28,3011
4.35,3951
4.27,30507
4.31,2022
4.285,3626
4.235,15845
4.225,5453
4.25,11637
4.39,18223
4.36,1616
4.38,2150
4.37,15874
4.41,8757
4.395,14304
4.38,35349
4.36,5012
4.275,8073
4.2,13458
4.16,3369
4.125,2154
4.065,15852
4.165,3257
4.135,13470
4.15,10954
4.09,3227
4.15,11347
4.135,40847
4.02,2526
3.725,5276
3.71,11331
3.625,4998
3.585,5177
3.44,12956
3.47,3538
3.345,7878
3.34,20584
3.31,1385
3.315,6150
3.355,16209
3.325,3102
3.33,2257
3.39,7917
3.43,6007
3.42,6136
3.47,22678
3.515,5596
3.54,1200
3.51,8602
3.535,1876
3.5,1902
3.47,12227
3.52,2014
3.535,4409
3.56,21349
3.66,3338
3.61,7566
3.63,21941
3.58,4254
3.645,4109
3.615,10356
3.645,3636
3.76,4567
3.815,10896
3.85,2915
3.74,8401
3.85,28054
3.92,4498
3.87,10625
3.89,14433
3.82,12441
3.74,11408
3.785,30592
3.71,4715
3.65,6345
3.65,18472
3.68,2703
3.695,2784
3.62,14471
3.63,1442
3.62,6462
3.635,15004
3.69,11652
3.715,11901
3.725,14617
3.66,2168
3.67,4803
3.72,14557
3.615,10583
3.465,16690
3.495,35080
3.5,6788
3.48,8988
3.45,34399
3.49,101
3.47,3737
3.47,24240
3.585,2243
3.47,10250
3.5,34635
3.35,14136
3.4,48478
3.4,95276
3.425,6094
3.395,18996
3.41,48183
3.41,2000
3.335,14658
3.41,18151
3.305,4992
3.305,24468
3.3,42415
3.365,1656
3.395,16678
3.25,53498
3.35,3242
3.325,22502
3.325,38369
3.31,3307
3.43,38958
3.515,73181
3.56,1803
3.44,19672
3.32,78063
3.52,6635
3.54,4897
3.485,30745
3.545,236
3.47,5409
3.515,26776
3.62,338
3.61,8847
3.6,24887
3.64,900
3.57,12082
3.56,49181
3.625,4099
3.635,29220
3.51,1211
3.54,7470
3.555,16394
3.51,2011
3.575,7431
3.545,27553
3.66,5582
3.63,32577
3.65,900
3.7,21129
3.64,200
3.565,2256
3.55,16322
3.64,2270
3.63,16963
3.76,61177
3.765,899
3.71,6255
3.64,24906
3.625,1000
3.585,3198
3.51,13556
3.505,950
3.49,3290
3.395,27078
3.525,1687
3.63,7960
3.53,28589
3.5,2080
3.49,3083
3.54,33125
3.555,810
3.65,16653
3.81,33774
3.73,1731
3.66,8417
3.62,35310
3.52,723
3.46,8371
3.425,19709
3.405,1493
3.41,9840
3.435,44032
3.39,4633
3.45,14581
3.42,29478
3.355,2114
3.365,5546
3.355,91820
3.33,5106
3.295,12145
3.305,21116
3.305,2241
3.37,20844
3.36,39506
3.32,1450
3.29,686
3.28,19194
3.28,2471
3.305,2423
3.33,10985
3.28,16430
3.29,22184
3.26,4325
3.25,13058
3.28,27358
3.27,1221
3.31,23176
3.31,16829
3.34,1149
3.415,4093
3.435,26206
3.405,712
3.405,3308
3.405,23888
3.42,565
3.35,7430
3.37,27684
3.4,1581
3.4,24023
3.38,26143
3.355,1320
3.335,9941
3.35,29788
3.41,2295
3.36,18007
3.48,50452
3.365,2012
3.345,15125
3.28,29940
3.24,4294
3.245,16326
3.26,30585
3.375,300
3.3,16608
3.31,26452
3.34,7126
3.3,66460
3.29,52061
3.28,2497
3.3,8154
3.28,24553
3.31,3144
3.27,15864
3.29,24996
3.295,400
3.275,22950
3.28,59230
3.21,4018
3.21,26042
3.3,122770
3.19,7252
3.04,27155
2.9,60954
2.94,1467
2.96,9113
2.92,25731
3.04,1058
3.02,2604
3.03,14773
3.095,200
3.12,4532
3.06,5766
3.16,1881
3.18,9999
3.14,26166
3.13,1440
3.14,13160
3.18,34139
3.09,2267
3.22,8379
3.2,18070
3.185,429
3.18,4893
3.22,21655
3.275,3605
3.285,60926
3.295,45769
3.175,2062
3.21,67841
3.24,162242
3.33,25449
3.25,102855
3.18,134025
3.24,15278
3.15,130817
3.165,127161
3.19,1051
3.22,46207
3.18,79633
3.18,2901
3.14,59032
3.24,23654
3.34,13943
3.23,27895
3.36,1200
3.38,11541
3.195,21010
3.15,3293
3.2,19215
3.215,37998
3.195,1300
3.19,53029
3.125,40145
3.225,5434
3.19,50359
3.19,54835
3.145,51424
3.065,58480
3.04,18096
2.96,73296
2.945,63944
2.925,1852
2.945,27460
2.985,28939
2.955,1555
2.99,20670
3.035,35587
2.97,1340
2.95,6513
2.99,28880
2.93,4014
2.95,11550
2.965,49903
3.1,3093
3.035,17029
3.07,116249
3.125,3865
3.04,19559
3.075,36629
3.17,4876
3.245,24609
3.24,59536
3.3,9379
3.33,46756
3.315,66950
3.365,8753
3.44,83823
3.4,88233
3.35,10921
3.34,72216
3.28,93392
3.24,17095
3.205,37314
3.28,52289
3.31,10955
3.38,40315
3.41,42853
3.535,34844
3.44,52241
3.36,54762
3.35,39443
3.355,30348
3.315,47393
3.415,67536
3.395,60476
3.32,64374
3.295,6493
3.395,12276
3.32,53493
3.33,13583
3.46,28465
3.45,25134
3.41,7765
3.395,16412
3.33,52991
3.39,17818
3.36,18568
3.32,69219
3.305,29438
3.145,13887
3.185,42777
3.17,14172
3.09,25124
3.07,83151
3.07,25731
3.12,9880
3.08,19401
3.09,18147
2.99,28838
2.9,73339
2.975,32519
2.915,39236
2.9,60691
2.97,8825
3.03,35909
2.98,20697
2.92,6145
2.87,6629
2.86,27865
2.84,11493
2.91,21268
2.83,82954
2.71,8077
2.63,13596
2.61,29481
2.5,27390
2.63,10111
2.62,22483
2.64,9318
2.58,139843
2.41,99035
2.4,38108
2.27,108021
2.495,147023
2.5,14216
2.59,51486
2.59,90046
2.69,76737
2.73,84383
2.87,125473
2.79,154775
2.945,26986
2.86,27758
2.92,8014
2.88,9840
2.865,57467
3.05,39242
3.05,70305
3.045,54295
2.935,20696
2.905,39632
2.975,35956
3.07,15063
3.09,24658
3.075,38866
3.4,215827
3.745,545680
4.275,354341
4.16,216526
4.515,111801
4.675,205015
4.74,56384
4.935,111475
4.92,110280
4.9,48287
4.575,158751
4.48,208871
4.4,31090
4.26,103370
4.255,74362
4.265,15312
4.22,59401
4.3,102213
4.275,30002
4.16,98627
4.295,121828
4.11,27973
4.225,76187
4.135,193937
4.21,50681
4.11,66965
4.125,72964
4.21,90200
4.285,71259
4.235,72793
4.15,23453
4.135,84865
4.125,120394
4.11,191286
4.17,229968
3.87,263782
3.98,253104
3.77,411026
3.755,422125
3.82,26268
3.79,118427
3.845,221257
3.68,220161
3.455,210513
3.405,248609
3.49,21362
3.515,144412
3.525,125639
3.435,56344
3.38,70728
3.52,105878
3.51,41525
3.485,74226
3.565,142244
3.46,105711
3.505,71790
3.595,97467
3.59,19866
3.665,19070
3.64,27830
3.655,41884
3.705,23549
3.7,28107
3.695,63444
3.635,174187
3.61,279576
3.575,43904
3.63,97845
3.65,79065
3.665,31717
3.56,60277
3.575,134254
3.54,99975
3.485,71750
3.505,208636
3.53,77333
3.57,51828
3.6,67213
3.64,14539
3.55,35368
3.565,80908
3.5,17653
3.53,25873
3.59,200888
3.69,45173
3.73,68573
3.78,102057
3.675,68527
3.705,39951
3.775,356675
4.065,116911
4.135,261928
4.415,269391
4.68,64574
4.72,129811
4.445,110705
4.375,52988
4.205,101620
4.2,125468
4.235,38858
4.32,47078
4.39,33413
4.4,31843
4.37,20831
4.37,72080
4.355,12603
4.375,20848
4.34,18360
4.38,23339
4.37,41153
4.39,57322
4.46,25373
4.35,48159
4.385,73381
4.44,31433
4.36,27858
4.35,69201
4.41,31845
4.42,35327
4.445,64799
4.405,18432
4.405,38300
4.36,52441
4.37,14272
4.185,38069
4.14,50639
4.105,27055
4.22,55137
4.115,57919
3.91,37793
3.975,30867
3.92,67143
3.92,40942
3.66,63525
3.675,85963
3.71,50975
3.915,172468
4.12,127668
4,19836
4.08,63078
4.025,98311
4.1,11942
4.15,30329
4.085,50631
4.075,7363
4.085,69391
4.105,85941
4.18,74017
4.345,66633
4.48,199576
4.45,75422
4.455,126595
4.46,56113
4.455,89890
4.52,78511
4.56,51443
4.4,52680
4.415,57356
4.465,14841
4.47,26507
4.58,287384
4.61,10992
4.63,26771
4.7,33960
4.77,31582
4.77,29264
4.815,50715
4.83,27672
4.865,37248
4.815,50477
4.96,30374
4.92,27449
4.895,52630
5.025,35700
5.045,33288
5.225,39984
5.145,22915
5.18,16210
5.36,34983
5.52,38786
5.475,34441
5.41,60478
5.48,18045
5.61,79981
5.86,44149
5.85,52225
6.1,91030
6.08,78222
6.065,24862
5.995,81294
5.775,79874
5.71,22333
5.67,33893
5.595,53553
5.56,16135
5.38,82041
5.4,65656
5.3,9578
5.19,14944
5.22,20714
5.265,28524
5.24,26992
5.19,53516
5.19,22905
5.38,9662
5.3,60107
5.18,13550
5.135,23742
5.205,31605
5.305,23318
5.19,39917
5.16,68863
5.4,14992
5.515,17298
5.43,25727
5.46,21787
5.635,43081
5.775,80899
5.73,19343
5.79,94299
5.675,47887
5.74,24218
5.685,43957
5.71,28503
5.795,91278
5.77,55507
5.625,78162
5.58,26934
5.74,28940
5.77,83393
5.8,20593
5.8,52251
5.86,95711
5.9,18013
5.87,58568
5.89,73335
5.87,42013
5.95,43873
6.005,49982
5.92,41632
6.03,33333
6,43160
6.05,18074
5.98,62983
6.08,38681
6,14768
5.95,44319
5.91,70590
5.95,38523
5.96,38319
5.93,51994
5.89,42745
5.955,54390
5.91,140576
5.87,60778
6.06,165998
6.09,197404
6.13,19226
6.34,58639
6.49,60160
6.475,17352
6.57,29409
6.6,69572
6.54,9189
6.475,29355
6.58,22607
6.54,6167
6.575,16563
6.585,58392
6.5,35525
6.695,51316
6.845,76776
6.93,60781
6.87,85484
6.7,69030
6.84,15426
6.705,42086
6.65,59009
6.575,13897
6.685,24513
6.67,65874
6.83,39232
6.755,57910
6.75,101375
6.84,33861
6.755,85713
6.71,69024
6.755,71782
6.695,133960
6.705,117283
6.755,64468
6.78,87423
6.71,92878
6.605,44146
6.87,64643
6.935,118844
6.99,37009
6.88,47637
6.95,89591
6.94,31453
7.115,35886
7.13,89493
7.26,86978
7.2,155581
7.225,160598
6.97,43474
7.21,32087
7.23,128756
7.08,37934
7.04,80481
7.155,103903
7.31,23852
7.485,70883
7.505,93252
7.68,37749
7.64,53516
7.62,60888
7.68,88802
7.98,88500
7.83,119281
7.73,32225
7.67,49039
7.74,69131
7.61,27639
7.88,48257
7.89,47837
8.02,21155
8.09,24901
8.19,64798
8.49,23677
8.405,88053
8.505,73103
8.48,83948
8.825,161700
8.64,98729
8.48,81922
9.585,111943
9.755,137692
10.23,81498
9.67,101568
9.435,118561
9.87,82465
10.335,207202
10.115,118579
10.215,62475
10.11,93762
9.91,96093
9.71,42643
9.965,61672
9.835,80401
10.35,46032
10.285,54709
10.24,103198
10.345,60482
9.975,72774
9.82,97719
9.885,23957
9.87,72641
9.66,77390
9.99,47228
9.95,26613
10.065,45982
9.67,19212
9.92,102980
10.11,268905
9.98,95785
10.475,98157
10.61,129232
10.7,25517
10.54,77011
10.525,105309
10.055,32403
9.67,47067
9.505,70986
9.75,28047
9.85,95848
10.035,95841
9.17,27380
9.155,46958
8.84,93054
8.08,33855
8.455,99113
8.55,153204
8.885,15918
8.565,21224
8.555,43010
8.42,13721
8.46,28165
8.455,50332
8.2,19413
7.94,31463
8.13,55047
7.825,15814
8.115,24278
8.195,28209
8.41,16888
8.17,63950
8.2,43602
8,12241
8.15,19339
8.23,27076
8.07,18015
8.11,18133
8.13,29536
8.25,3650
8.35,35195
8.095,46600
7.955,10316
7.91,30809
7.925,84728
7.95,3739
7.82,54066
7.835,77574
8.035,8977
8.225,29267
8.035,45772
7.79,13820
8.285,43470
8.145,47595
8.54,3438
8.615,31239
8.585,57797
8.65,2725
8.56,25867
8.46,42776
8.47,1404
8.565,20270
8.75,73065
8.77,11437
8.66,32551
8.715,72587
8.175,10953
8.59,30817
8.58,50476
8.675,3905
8.81,26529
8.71,64119
8.59,56191
8.76,74950
8.87,43188
9.145,66407
8.86,111756
9.05,21690
9.02,40209
8.35,66996
8.155,29329
8.22,102182
8.3,93054
8.28,19789
8.55,35358
8.575,53790
9.13,3691
8.76,41088
9.115,56451
9.39,3418
9.25,26115
9.395,29518
9.78,3583
9.985,66937
10.395,2600
10.32,42501
10.37,46374
10.03,28203
10.165,40563
10,73061
10.06,4295
9.82,25736
9.88,56501
9.9,16226
9.92,43064
9.95,49649
10.1,7901
10.04,21370
9.835,28060
9.85,1879
9.655,57787
9.635,56201
9.59,17185
9.52,61773
9.52,50710
9.3,1285
9.355,29859
9.395,60027
9.485,18792
9.7,157234
9.905,78904
9.87,21784
9.855,122869
9.685,138879
9.87,11127
9.75,142097
9.855,140493
9.9,10581
9.865,26755
9.615,33145
9.735,7643
9.705,21904
9.795,45225
9.77,6856
9.94,27410
9.69,27629
9.615,10448
9.87,25923
10.01,42546
10.21,8312
10.215,40166
10.03,51695
10.07,4456
10,30623
10.085,27120
9.995,3679
9.81,33847
10.12,5233
10.06,27233
10.15,25875
9.715,7269
9.5,35991
9.555,44758
9.585,4726
9.455,10949
9.56,26345
9.32,8401
9.47,10347
9.385,28690
9.43,4691
9.305,45055
9.02,40203
9.395,14943
9.96,86897
9.885,95935
9.71,4420
9.78,19860
9.88,34250
9.72,10138
9.4,22433
9.715,27041
9.74,6872
9.745,80133
10.115,28185
10.12,13421
10.19,39103
10.035,47843
10.415,9554
10.425,48851
10.355,34446
10.345,23941
10.34,54174
10.285,56022
10.505,5860
10.34,46926
10.255,59834
10.22,5733
10.26,28538
10.235,44812
10.045,6288
10.02,24349
10.015,25752
10.44,13210
10.415,127997
10.355,70300
10.455,10507
10.35,35719
10.2,70648
9.76,6537
9.89,49625
10.81,62840
10.49,20840
10.175,89236
9.735,108805
9.96,17866
10.355,77455
10.495,147487
10.575,19386
10.41,105136
11.44,137514
12,21868
11.85,84070
11.25,116459
11.63,24397
11.32,98064
10.865,71946
10.14,42788
10.39,106194
9.455,404525
8.875,57195
8.59,105684
8.415,183715
9.06,24395
8.8,73071
8.875,101037
9.29,23048
9.04,118348
8.71,103282
8.59,31449
8.76,57631
8.37,85601
8.76,20048
8.88,133654
9.195,150900
9.39,47402
9.415,66528
9.835,70514
10.06,14095
10.09,42307
10.235,79466
11.62,15978
11.055,76470
11.34,157005
11.61,21232
11.5,96704
10.89,179378
10.345,22020
10.325,99470
10.59,77348
10.325,12722
9.955,37556
10.385,62667
10.39,3541
10.55,67515
10.5,114036
10.53,6268
10.755,35280
10.915,56010
11.245,2400
11.495,82994
11.03,157731