8.82,14750
8.71,20538
9.195,19735
9.21,21597
9.76,41140
10.31,47054
10.14,20281
10.36,36588
10.13,30598
10.2,41786
10.055,23962
9.945,25158
9.85,18301
9.85,12883
10.11,9711
10.175,22578
10.18,29427
10.44,26625
10.51,18484
10.405,31358
10.285,40987
10.58,60912
10.45,16971
10.43,42570
10.64,24908
10.715,28392
10.315,32786
10.505,49475
9.99,19267
9.82,76903
9.95,19939
9.775,27001
9.82,36870
9.82,18827
10.38,88247
10.395,106848
10.55,29195
10.67,27462
10.72,25479
10.91,21326
11.06,34173
10.775,33177
10.95,25538
10.79,26927
10.375,24414
10.44,28541
10.67,11038
10.625,43899
9.83,55704
9.825,40262
9.63,45227
9.37,57005
9.3,35485
9.245,32807
9.235,18953
9.27,41069
9.39,14558
9.32,14476
9.2,9268
9.21,23839
9.22,19290
9.12,57649
8.78,20501
8.64,18430
8.685,12733
8.68,8588
8.82,25859
8.88,16818
8.865,44346
8.91,20909
8.92,5176
8.92,20417
8.92,17934
8.74,14427
8.69,23570
8.68,37910
8.245,29797
8.305,15354
8.535,24907
8.54,28114
8.47,8598
8.38,42236
8.35,27505
8.265,39083
8.215,49487
8.265,56615
8.095,13269
8.025,14904
7.88,25861
7.71,40075
7.425,28176
7.28,27582
7.33,28806
7.24,20433
7.425,25951
7.57,25066
7.36,10040
7.535,17961
7.285,26299
7.285,41314
7.52,24404
7.49,41015
7.355,31276
7.38,41316
7.435,19133
7.39,31771
7.65,35495
7.735,27485
7.44,13765
7.465,23718
7.36,24343
7.37,64377
7.085,52730
7.24,74627
7.21,33871
7.04,43401
7.125,29694
7.055,42116
6.87,21699
6.945,30972
6.735,31487
6.735,27386
6.785,22846
6.785,27791
7.065,14671
7.095,31356
6.69,13634
6.77,16821
6.93,12551
6.945,20080
6.77,9596
6.74,19417
6.68,14308
6.59,17045
6.35,6900
6.47,24810
6.305,8529
6.23,24888
6.255,10266
6.225,18098
6.58,11864
6.605,16285
6.62,11432
6.69,21158
6.56,13420
6.665,50229
6.64,5536
6.56,24000
6.83,45462
6.995,28724
6.875,18216
6.89,11379
6.9,9430
7.02,13048
6.96,23157
7.02,24621
6.98,16090
7.04,25656
7.435,21268
7.39,13952
7.13,13755
7.13,26369
6.93,14710
7.075,21367
6.91,10702
6.95,32589
6.99,16500
6.95,16303
7.17,16883
7.215,29652
7.19,31469
7.13,30783
7.075,34023
7.07,45008
6.32,66069
6.215,60832
6.185,42239
6.235,80085
6.15,45387
6.15,52515
6.215,39115
6.25,49242
6.285,34046
6.33,37291
6.15,19522
6.265,29051
6.28,16369
6.25,41854
6.385,13995
6.345,12704
6.28,49726
6.29,60978
6.03,22466
6,28966
6.205,18076
6.22,30761
6.14,20276
6.23,29572
6.3,25998
6.16,30405
5.89,15202
6.045,18873
6.03,16284
6.055,21761
6.3,11458
6.33,20841
6.27,19852
6.25,35205
6.36,13067
6.23,11590
6.195,42360
6.12,28627
6.51,59196
6.48,51474
6.475,64453
6.515,42553
6.5,33487
6.42,42634
6.245,15205
6.21,20432
6.29,45730
6.18,33887
6.58,20745
6.61,30874
6.515,22116
6.52,23273
6.875,54054
6.7,50178
6.7,0
6.7,0
6.815,21654
6.825,28727
6.67,13066
6.65,47895
6.405,50548
6.255,97835
6.31,20760
6.25,56607
6.84,33370
6.845,40775
6.505,18634
6.51,47100
6.705,19493
6.84,41355
6.96,56652
6.83,36120
6.79,26806
6.89,27261
6.96,8106
7.05,44761
6.785,26948
6.875,39674
7.46,61061
7.175,90768
7.175,38802
7.245,95121
7.235,70472
7.165,88823
6.97,17919
7.025,41212
6.89,25029
6.84,45253
6.915,60756
6.75,48511
6.62,25497
6.57,67909
6.6,19571
6.45,35124
6.26,43930
6.26,25245
6.155,51581
6.005,41283
6.04,15981
5.975,21134
5.795,27620
5.795,0
5.63,38730
5.7,97622
5.755,57078
5.485,46588
5.795,40873
5.615,75133
5.205,31978
5.125,44362
5.085,11995
5.12,37636
5.165,44679
5.36,65588
5.445,37109
5.54,38525
5.58,21995
5.49,24535
5.245,37424
5.19,47819
5.145,19124
5.14,71820
5.225,36955
5.12,64545
5.12,35264
4.92,45110
4.695,25179
4.605,81614
4.925,64792
4.955,50750
5.005,69950
4.995,89324
4.84,20511
4.905,28503
5.075,18034
5.095,18078
5.095,13286
5.145,26461
5.145,14802
5.235,16737
5.115,16048
5.095,34370
5.175,54526
5.105,82571
4.85,18103
4.935,38479
5.045,28008
5.005,19803
5.045,28544
4.975,31790
5.03,25426
5.08,58315
5.25,63094
5.32,54266
5.485,28583
5.31,47727
4.98,51522
4.895,50134
4.82,17840
4.91,26497
4.74,67328
4.885,47631
4.93,19323
5.055,37971
5.23,46083
5.21,70597
5.3,16264
5.285,31230
5.135,18379
5.025,47011
5.2,39035
5.07,114335
5.225,80656
5.445,35165
5.42,34550
5.505,85313
5.245,56878
5.16,32290
4.82,20467
4.82,0
4.885,8680
4.88,61784
5.075,10822
4.975,44397
4.67,27628
4.545,75631
4.4,23949
4.34,51339
4.485,36442
4.7,53879
4.82,56981
4.89,45000
4.72,23531
4.8,81032
4.5,23311
4.51,43769
4.53,24286
4.52,26557
4.705,62995
4.785,63085
4.77,27879
4.845,26648
4.895,22784
4.95,31206
4.965,30686
4.94,59713
4.87,26108
5.03,131161
5.21,49309
5.21,111874
5.115,62072
5.265,45862
5.29,24079
5.295,63927
4.7,177910
4.6,215696
4.33,141820
4.255,245010
4.24,150202
4.23,197025
4.345,136391
4.385,142171
4.335,67011
4.29,192754
4.155,41841
4.25,98037
4.3,52759
4.305,102618
4.545,246834
4.62,343407
4.425,51193
4.36,279792
4.445,128154
4.42,162737
4.59,72187
4.61,93843
4.65,171017
4.66,102037
4.66,0
4.66,0
4.69,119333
4.65,140009
4.88,102913
4.78,103833
4.59,57834
4.72,106394
4.495,56465
4.345,87129
4.335,86217
4.385,156156
4.26,89731
4.39,81960
4.795,77231
4.775,95253
4.71,62084
4.725,155851
4.85,29985
4.8,47722
4.59,36370
4.645,29815
4.625,21085
4.65,56848
4.945,37421
4.86,56134
4.75,71439
4.735,155132
4.475,55833
4.505,125890
4.39,40163
4.47,90632
4.59,22121
4.485,47701
4.565,248057
4.47,74848
4.475,49877
4.5,86234
4.69,25133
4.62,33804
4.63,23047
4.56,35248
4.44,16219
4.39,20534
4.41,12854
4.515,46398
4.65,16726
4.68,15386
4.645,38556
4.625,27821
4.865,59867
4.96,41988
5.13,153505
5.235,217150
5.19,31648
5.29,85398
5.215,44406
5.15,53268
5.02,36587
5.13,41523
5.02,23757
5.085,27802
4.815,76897
4.65,90508
4.46,68510
4.39,46685
4.015,144954
4.035,182962
3.875,65160
3.805,71203
3.645,63556
3.685,97092
3.565,63741
3.675,64762
3.785,78687
3.705,104885
3.505,55512
3.54,108896
3.77,110296
3.865,58149
3.81,47958
3.78,89328
3.805,33237
3.82,66230
3.87,69644
3.94,70555
3.515,46480
3.52,63297
3.37,85882
3.245,69293
3.46,76612
3.26,140299
3.22,68665
3.065,144064
3.37,70405
3.315,109718
3.385,37036
3.405,22379
3.49,45437
3.555,118752
3.465,64896
3.385,141414
3.695,39143
3.745,34103
3.61,29030
3.61,39940
3.66,26389
3.625,53521
3.75,35138
3.71,29289
3.67,22314
3.735,32706
3.91,45637
3.815,92753
3.945,109902
4.035,114222
3.92,49718
3.85,102859
3.925,41922
3.875,43832
4.245,72216
4.21,61731
4.17,29956
4.14,68824
4.175,17805
4.125,21401
4.105,7728
4.04,22917
4.1,19931
4.045,16528
3.885,24663
3.845,47673
3.9,29299
3.98,70160
3.59,30021
3.615,38185
3.405,21907
3.315,53370
3.36,41631
3.365,77008
3.245,83411
3.39,107853
3.35,32778
3.36,120177
3.605,45374
3.57,34817
3.495,24658
3.475,26004
3.43,48378
3.305,37709
3.555,45545
3.55,100004
3.49,25929
3.475,20463
3.42,84633
3.34,69332
3.2,40884
3.2,43093
3.06,72430
3.07,49928
3.065,61695
3.115,57700
2.755,128920
2.775,33092
2.67,115788
2.715,134012
2.88,71272
2.875,72415
2.895,13890
2.855,28809
2.775,30276
2.75,30460
2.745,22681
2.815,22980
2.88,41713
2.965,25620
2.74,22042
2.74,24205
2.685,17278
2.725,45200
2.92,16852
2.895,25846
2.895,65457
2.895,86644
2.91,30164
2.815,79716
2.765,89443
2.705,94072
2.795,54905
2.65,61911
2.635,26958
2.69,46363
2.775,14016
2.78,15328
2.75,10841
2.8,32136
2.96,34017
2.99,48382
3.125,96863
3.225,46558
3.14,40528
3.135,36461
3.15,14060
3.15,55323
3.005,19985
2.99,46141
3.12,47288
3.18,33955
3.025,90882
3.06,99516
3.21,80968
3.275,56048
3.135,27887
3.14,45893
3.3,23492
3.275,32892
3.265,38541
3.2,44346
3.265,55606
3.3,48119
3.13,12745
3.17,25343
3.205,11731
3.24,21660
3.025,37808
3.02,30247
3.02,26671
3.02,16533
2.91,7856
2.87,26183
2.78,16686
2.775,25035
2.885,17685
2.855,28256
3,16092
2.965,30139
3.07,13029
3.1,13351
3.02,20457
2.905,20068
2.88,10450
2.885,20496
2.755,12767
2.745,12100
2.765,95459
2.76,16960
2.625,53511
2.625,49721
2.78,12912
2.71,26938
2.665,37220
2.68,36823
2.765,18059
2.84,28432
2.88,10111
2.89,18484
2.96,19150
3.005,27935
3.415,60819
3.325,174760
3.105,49611
3.05,85287
3.085,19367
3.065,49637
2.945,81380
2.905,32463
2.93,48277
2.855,124859
3.28,70484
3.2,99933
3.13,44217
3.09,79380
3.015,27189
3.025,70226
3.01,18207
3.005,20617
2.785,50879
2.775,35137
2.78,26261
2.66,47175
2.895,45974
2.83,86264
3.17,106921
3.24,99314
3.26,88854
3.26,161786
3.485,43825
3.49,63317
3.95,90831
3.89,103566
3.82,123767
3.735,134737
3.71,33951
3.72,84322
3.745,66622
3.765,108120
3.595,63841
3.545,107984
3.42,60178
3.49,57787
3.535,29813
3.595,62062
3.605,40256
3.63,68746
3.285,46940
3.5,81240
3.33,23681
3.225,72530
3.455,20337
3.5,24740
3.64,29944
3.7,46969
3.475,20457
3.42,37527
3.65,42151
3.495,46775
3.65,16201
3.785,36809
3.75,35412
3.73,47231
3.865,24473
3.94,48414
4.09,65390
4.125,35715
3.98,22110
3.98,48287
3.72,17299
3.76,31530
3.82,27407
3.77,62767
3.935,17831
3.975,18620
3.86,9764
3.87,59534
3.64,12877
3.54,33120
3.905,27908
3.86,33229
4.225,40530
4.03,43773
4.08,60423
4.245,67145
4.2,30944
4.07,37827
3.8,147993
3.895,128579
3.7,90975
3.55,226020
3.5,120695
3.475,57560
3.53,17650
3.585,35535
3.43,20322
3.41,38798
3.29,34784
3.295,55642
3.29,26265
3.215,30828
3.22,51949
3.21,44513
3.365,32011
3.385,57306
3.38,20581
3.37,43901
3.39,83420
3.39,0
3.315,37051
3.305,52949
3.295,120589
3.27,90648
3.39,74612
3.345,301816
3.62,43050
3.48,70102
3.45,43741
3.49,78057
3.35,42484
3.25,60658
3.24,77524
3.245,157760
3.32,105605
3.375,229914
3.48,46193
3.46,82573
3.445,53812
3.43,136277
3.27,81451
3.25,65164
3.485,33394
3.35,84659
3.375,68404
3.48,111529
3.305,98129
3.255,124631
3.215,157977
3.245,197011
3.275,44860
3.19,61597
3.37,67975
3.405,76198
3.5,35422
3.57,59648
3.49,24799
3.35,35348
3.39,14658
3.435,20188
3.655,28403
3.66,19447
3.64,43937
3.525,68383
3.55,17080
3.5,77770
3.43,21083
3.34,53048
3.55,14293
3.41,31540
3.49,27191
3.55,41906
3.46,39330
3.48,44899
3.62,56493
3.645,27364
3.72,37398
3.75,45530
3.69,9439
3.77,32007
3.665,58733
3.665,150581
3.73,22429
3.75,49103
3.705,38801
3.81,45989
3.67,19897
3.65,33016
3.785,42612
3.695,78236
3.835,90480
3.92,75759
4.005,44775
4.13,62576
4.055,29749
4.14,47839
4.055,81184
4.14,85912
4.09,23914
4.125,52679
4.15,17450
4.11,31793
4.065,17421
3.96,25088
3.95,17087
3.92,29707
3.9,11321
3.89,22822
3.82,14558
3.84,169813
3.93,35540
3.91,62638
3.755,55454
3.655,40890
3.6,19497
3.585,46386
3.63,33255
3.7,59596
3.61,14371
3.6,26742
3.6,70353
3.485,272166
3.43,9365
3.43,43010
3.43,18225
3.38,35963
3.41,22475
3.35,25428
3.17,34701
3.215,76157
3.22,26153
3.31,49217
3.24,12863
3.27,42302
3.275,79293
3.215,72072
3.15,54577
3.165,149531
3.175,210400
2.92,83280
2.935,52470
2.925,70979
2.99,81540
3.035,86245
3.035,60350
3.12,72142
3.15,69387
3.165,80775
3.11,59059
3.15,46854
3.155,48857
3.18,72479
3.17,67765
3.115,65972
2.985,69814
2.975,54410
2.935,24868
2.89,43923
2.905,49670
2.87,88515
3.02,114968
2.88,90288
3.025,88374
3.035,99667
3.06,142617
3.01,124930
3,78451
3.025,183492
2.945,88223
2.92,134040
2.935,337921
3.015,482707
3.2,69124
3.255,112366
3.125,31190
3.14,44511
3.195,31230
3.18,79007
3.305,10993
3.29,46851
3.34,20674
3.3,27198
3.35,14786
3.39,17213
3.59,37447
3.695,71887
3.765,36659
3.725,54681
3.955,29854
3.95,74810
4.04,49753
3.95,83434
4.085,32964
4.075,47425
4.19,44116
4.25,32782
4.2,33735
4.26,50120
4.08,11220
4.15,32732
4.11,20163
4.115,40514
4.23,42565
4.225,72385
4.145,10945
4.19,27214
4.39,10568
4.47,24135
4.07,80785
4.07,26366
4.02,23585
4.01,32061
4.105,21733
3.985,30897
3.92,9277
3.895,35886
3.8,11206
3.78,23023
3.65,31052
3.615,47738
3.64,23639
3.65,22873
3.58,19062
3.67,28664
3.66,28317
3.61,22186
3.49,22004
3.47,40467
3.45,23134
3.42,64635
3.405,23229
3.35,52742
3.3,60103
3.34,136218
3.515,21462
3.47,44734
3.6,56342
3.635,57111
3.515,72167
3.575,53342
3.555,6801
3.54,14474
3.555,36663
3.58,46965
3.51,13943
3.515,19246
3.49,108451
3.435,59588
3.31,58006
3.315,88114
3.305,42905
3.295,54029
3.265,39779
3.245,181628
3.315,13332
3.335,42132
3.185,183938
3.14,57751
3.175,32998
3.2,66870
3.215,23474
3.245,41689
3.315,63024
3.32,87969
3.195,47748
3.135,71123
3.015,208482
2.985,240441
2.955,91892
2.965,261946
2.925,69153
2.85,152628
2.995,32377
2.98,60839
3.09,33795
3.145,80140
3.08,32647
3.07,59507
3.135,24038
3.12,60331
3.085,33457
3.125,81135
3.22,23295
3.16,34991
3.26,19395
3.225,48530
3.16,12956
3.145,34524
3.175,136512
3.205,99765
3.315,80840
3.26,130025
3.255,110227
3.22,88365
3.095,15760
3.12,35799
3.115,23268
3.075,156247
2.98,119690
2.94,84703
2.915,131880
2.91,74133
2.865,15904
2.895,59270
2.85,13815
2.82,119268
2.88,35933
2.905,64916
2.83,21292
2.795,42222
2.82,17436
2.805,28500
2.86,19791
2.85,27468
2.815,29636
2.835,69016
2.92,23753
2.86,15977
2.86,33259
2.69,10736
2.67,53447
2.71,9739
2.705,24503
2.765,26802
2.85,73840
2.8,9418
2.775,31259
3.01,72154
2.975,79103
3.08,49753
3.045,115415
3.15,53523
3.14,60553
3.1,44635
3.11,60685
3.255,95846
3.235,129604
3.37,25284
3.355,41505
3.235,27865
3.215,57657
3.075,25780
3.05,8409
3.08,21947
3.17,40150
3.275,66323
3.23,42817
3.19,73114
3.19,62551
3.06,40287
2.96,51531
2.91,15812
2.96,12460
3.065,22383
3.125,28219
2.965,18661
2.95,24517
2.83,16117
2.82,63826
2.73,12548
2.74,48884
2.77,30524
2.79,56672
2.685,24429
2.7,15582
2.685,70951
2.69,72230
2.63,33404
2.645,58424
2.385,93592
2.39,88326
2.56,45853
2.59,43743
2.48,41277
2.445,48867
2.42,67490
2.335,72663
2.295,101531
2.325,92563
2.485,133025
2.48,220310
2.445,67989
2.515,152085
2.44,50559
2.43,73193
2.395,29756
2.42,54710
2.615,79335
2.57,136015
2.535,68639
2.525,178303
2.435,50221
2.46,111435
2.54,63996
2.545,56417
2.565,58965
2.535,119305
2.55,51645
2.48,98341
2.47,22900
2.43,37718
2.46,28113
2.43,39320
2.29,72771
2.345,51363
2.31,49981
2.34,37499
2.27,75679
2.24,127865
2.265,70319
2.21,132682
2.37,95359
2.295,106323
2.34,33618
2.305,120617
2.235,48762
2.215,54083
2.285,41275
2.305,79756
2.375,54413
2.355,140596
2.34,23781
2.36,32552
2.305,84374
2.255,94730
2.205,43988
2.23,56521
2.125,29625
2.155,70282
2.25,126978
2.28,120248
2.35,44644
2.38,99653
2.285,33218
2.225,98620
2.215,61614
2.22,102662
2.16,49465
2.165,69356
2.225,75470
2.195,90736
2.095,120320
2.06,46321
2.1,32757
2.085,27935
2.155,71524
2.17,56223
2.125,20766
2.09,82832
2.13,25228
2.205,23925
2.265,32281
2.27,87300
2.24,17528
2.24,15697
2.27,13767
2.3,58253
2.225,20023
2.205,37455
2.56,152325
2.505,120424
2.53,33323
2.555,43328
2.63,42603
2.66,32959
2.665,24633
2.65,27286
2.52,41627
2.6,53348
2.7,23627
2.635,44688
2.605,23266
2.63,24573
2.6,33352
2.59,33728
2.54,73131
2.515,58719
2.51,24600
2.505,45829
2.455,20950
2.42,45151
2.57,26173
2.615,39542
2.62,24453
2.53,42081
2.505,81049
2.455,60193
2.415,18815
2.42,28251
2.525,37058
2.595,44467
2.56,47333
2.535,105401
2.325,57266
2.365,119377
2.355,59629
2.32,85506
2.37,113951
2.225,114516
2.13,83138
2.1,106609
2.035,74755
2.05,85452
2.23,61450
2.28,101351
2.36,61367
2.335,49498
2.475,50852
2.515,35053
2.465,13684
2.495,44361
2.575,19461
2.585,37380
2.765,33367
2.8,89701
2.725,24742
2.665,45841
2.825,49290
2.825,0
2.96,28088
2.865,95067
2.925,32818
2.91,56134
3,20625
2.985,84381
3,48478
3.02,59724
3.06,49733
3.12,80156
3.085,33432
3.03,85017
2.995,47751
2.97,56263
3.07,34900
3.045,94020
3.005,16968
3.02,67026
3.065,40931
2.965,43860
2.92,46609
3.02,78932
3.01,42521
2.96,116956
2.98,30992
2.96,94242
3.59,69704
3.5,259754
3.525,82501
3.63,79540
3.535,69982
3.395,62930
3.57,65126
3.59,49618
3.58,47950
3.58,74878
3.495,11861
3.49,38245
3.645,103712
3.505,94929
3.43,29211
3.44,64944
3.445,23211
3.51,45722
3.485,24951
3.37,47889
3.31,21403
3.275,26598
3.31,24055
3.245,84603
2.9,62605
2.88,55455
2.895,55800
2.9,28584
2.915,44782
2.84,110086
2.835,86724
2.81,50879
2.74,51285
2.72,58160
2.64,49854
2.65,88058
2.65,50824
2.63,103830
2.945,66460
2.92,54845
2.8,50761
2.725,44191
2.6,27959
2.63,73121
2.6,34346
2.56,90495
2.59,43899
2.575,68607
2.675,72332
2.745,102578
2.835,58787
2.795,134370
2.82,75649
2.745,52432
2.815,39627
2.73,78021
2.805,54604
2.715,41665
2.7,60119
2.85,166657
2.825,125900
2.785,75800
2.785,31963
2.765,153071
2.73,102411
2.795,329455
2.68,48606
2.69,99625
2.655,21477
2.7,51082
2.7,13926
2.78,53253
2.715,21104
2.675,65249
2.66,24620
2.65,61909
2.665,77454
2.68,73528
2.745,22649
2.805,74867
2.59,50325
2.555,286160
2.54,54028
2.59,59794
2.755,43352
2.69,77459
2.625,50005
2.66,66708
2.635,43277
2.65,79510
2.58,32938
2.555,39162
2.56,197916
2.655,81132
2.64,51320
2.675,108509
2.665,121796
2.56,85331
2.55,138752
2.45,169010
2.515,49739
2.475,82713
2.585,60251
2.585,98065
2.56,176831
2.69,78437
2.87,76583
2.905,73106
2.985,61349
2.925,120385
2.96,52791
3.095,83059
3.08,121504
3.125,93694
3.21,82256
3.165,74848
3.265,28284
3.28,55909
3.18,18215
3.12,106763
3.26,57744
3.305,66948
3.21,38601
3.175,83830
3.23,41498
3.225,98245
3.26,52888
3.17,73313
3.1,38661
3.045,68635
3.115,10194
3.12,81457
3.43,56420
3.42,52159
3.39,12931
3.35,22671
3.475,27415
3.46,33287
3.44,32022
3.38,71485
3.535,25663
3.54,51931
3.665,31271
3.745,67972
4.155,71394
4.17,41927
4.2,87775
4.185,191939
4.435,48293
4.475,80161
4.51,17171
4.51,72044
4.6,360541
4.85,236403
4.85,39386
4.725,44601
4.985,56755
4.94,113449
4.865,61974
4.735,108589
4.66,64727
4.68,49552
5.24,79989
4.72,46501
4.525,84622
4.495,78213
4.4,33816
4.335,163084
4.58,106741
4.535,69680
4.5,21619
4.47,43690
4.455,78166
4.495,74180
4.31,68298
4.315,53990
4.505,56453
4.635,30635
4.58,38852
4.6,93473
4.7,36305
4.725,61134
4.825,65909
4.895,52786
4.89,24598
4.875,37867
4.615,41760
4.585,203423
4.61,13192
4.555,47926
4.68,36787
4.77,84064
4.89,19589
4.89,50966
5.11,23051
5.12,63662
5.115,23506
5.105,36770
5.14,40312
5.085,69411
5.38,45120
5.355,56631
5.215,49388
5.32,33620
5.175,21518
5.105,45704
5.16,40191
5.125,78920
5.265,38022
5.355,59949
5.165,15338
5.27,35091
5.78,78343
5.865,75860
5.895,53083
6.01,62043
5.97,42973
5.865,55453
5.63,34788
5.57,73636
5.325,59559
5.31,80559
5.555,41777
5.47,29212
5.68,32398
5.58,45811
5.665,27840
5.735,74425
5.865,24326
5.915,34139
5.78,24503
5.81,37788
5.795,8010
5.795,0
5.34,85702
5.41,56803
5.475,104019
5.505,62397
5.78,26487
5.96,50842
5.52,111135
5.36,49859
5.43,9268
5.435,31175
5.375,14439
5.395,45225
5.715,14658
5.695,41427
5.47,24730
5.39,49308
5.445,66725
5.555,72616
5.445,87460
5.495,74806
5.495,28905
5.53,47326
5.895,35314
5.79,98470
5.705,26539
5.71,61277
5.655,36456
5.66,50443
5.6,29100
5.56,37310
5.65,61555
5.59,35828
5.715,23425
5.6,49075
5.59,25604
5.605,59026
5.515,18412
5.47,28087
5.54,33853
5.505,44876
5.975,33558
6.2,34439
6.305,45663
6.34,24823
6.29,20443
6.24,50484
6.195,62428
6.25,42494
6.315,76916
6.79,40077
6.73,45994
6.69,54201
6.735,61697
6.595,35795
6.53,58695
6.73,21446
6.74,49172
6.61,36801
6.515,56438
6.43,43983
6.315,61221
6.36,92029
6.41,92865
6.3,18349
6.39,29908
6.44,19301
6.485,42974
6.79,21923
6.5,31081
6.235,22890
6.33,48544
6.26,13801
6.275,24935
6.18,23979
6.12,31532
6.265,16666
6.34,25876
6.48,17957
6.39,36296
6.17,58642
6.07,145969
5.57,117213
5.48,103094
5.06,37236
5.2,59662
5.36,51250
5.415,54180
5.435,15053
5.18,42276
5.43,46982
5.405,101026
5.41,36548
5.4,55799
5.43,43830
5.54,60680
5.68,19300
5.79,34160
5.63,57476
5.54,140250
5.765,162459
5.85,243130
5.95,48895
6.05,63183
6.18,23852
6.275,69524
6.36,44071
6.365,86323
6.41,28532
6.54,60796
6.42,33878
6.38,53925
6.385,27034
6.38,56371
6.305,28341
6.335,55659
6.295,31948
6.315,51590
6.09,42325
6.06,75733
6.16,29751
6.25,55921
6.15,37772
6.09,93267
5.475,34095
5.455,62801
5.465,114490
5.4,73530
5.705,90508
5.63,186846
5.285,56791
5.32,108850
5.33,36986
5.28,74964
5.265,25958
5.28,106555
5.415,98902
5.68,182590
6.465,145673
6.915,214154
7.165,110241
7.2,119281
6.99,147231
7.09,143990
7.06,63068
6.985,128535
6.87,50801
6.8,215800
6.87,38752
6.945,108989
7.07,69555
6.92,90129
6.98,21230
6.91,114833
7.175,106294
7.52,183441
7.545,75146
7.48,137280
7.57,115474
7.545,116316
7.24,85278
7.145,96765
6.86,39640
6.895,95448
6.915,55979
6.89,69487
6.89,49071
6.955,60877
6.94,28561
7.015,61652
6.525,528763
6.45,300893
6.09,252213
6.245,86327
6.18,94967
6.175,256142
6.105,77571
6.16,99130
6.315,140057
6.385,287563
6.445,126780
6.43,171376
6.31,102449
6.32,197346
6.435,111797
6.455,160270
6.64,95108
6.605,174934
6.71,75137
6.675,406722
6.795,273006
6.99,496235
7.23,171762
7.19,192045
7.43,54710
7.435,121785
7.195,162858
7.235,146781
7.02,187546
7.09,201334
6.96,155588
6.835,199541
6.85,25686
6.83,108459
6.865,158978
6.945,166298
6.75,99258
6.85,125226
6.325,80126
6.4,182335
6.43,122221
6.215,220195
6.18,149589
6.08,278863
6.185,81868
6.1,192700
5.86,252016
5.805,355728
6.255,370136
6.4,448811
6.445,212923
6.46,428358
6.225,241506
6.125,391142
6.285,247680
6.15,392605
6.385,145380
6.18,252325
6.15,218769
6.17,446677
6.27,127900
6.115,306672
6.535,251377
6.56,292921
6.43,217613
6.52,208240
6.44,173845
6.485,251928
6.495,138703
6.605,249382
6.695,104820
6.7,201958
6.31,100884
6.26,138129
6.205,65325
6.31,154131
6.565,123430
6.525,157975
6.64,131999
6.64,0
6.18,121687
6.2,106540
6.405,151409
6.6,369971
6.73,225592
6.775,138359
6.63,110561
6.645,117755
6.655,68965
6.49,84481
7.2,313500
7.26,283846
7.21,158336
7.105,246921
7.26,171253
7.3,198209
7.095,120740
7.03,249791
6.715,148420
6.54,155055
6.48,66947
6.405,171321
6.185,86708
6.34,175543
6.21,93450
6.26,264870
5.84,147854
5.73,160909
5.9,273368
5.91,213607
5.78,7842
5.78,112290
5.78,0
5.87,42075
5.89,101037
5.81,55661
5.69,98616
5.63,93402
5.725,147984
5.665,62996
5.7,107284
5.99,151371
6.14,205768
6.19,91790
6.04,138578
6.115,148647
6.205,134254
6.305,221368
6.18,301193
6.175,154479
6.25,298393
6.4,156981
6.34,231382
5.98,88049
5.96,158725
6.04,152432
6.26,152313
6.365,114568
6.37,128377
6.435,70672
6.385,103200
6.1,204634
6.26,178713
6.31,81852
6.395,137982
6.305,82698
6.41,291685
6.17,94731
6.26,118355
6.39,66196
6.3,87955
6.15,82871
6.005,119935
6.05,89272
6.19,112683
6.475,139162
6.31,169240
6.685,126717
6.92,142266
6.89,179843
6.675,186392
6.86,215574
6.84,150960
6.86,385445
6.99,340683
7.265,245112
7.16,224976
6.855,200047
6.97,296697
7.04,447664
6.955,401900
7.195,367057
7.02,304267
6.945,219174
7.105,464426
7.06,473402
7.42,856827
7.24,262106
7.175,903689
7.205,389757
6.805,916367
6.61,178772
6.57,502692
6.4,267793
6.23,351606
6.1,612078
6.32,437189
5.76,605011
5.485,621501
5.305,378612
5.38,746845
5.21,391351
5.1,746381
5.26,305581
5.275,327810
5.025,353562
5.14,541435
4.91,427175
5.1,621487
5.23,227299
5.255,294286
5.055,350171
5.04,394852
5.34,325789
5.46,281958
5.56,637144
5.5,389091
5.71,294668
5.535,358801
5.395,183127
5.345,377089
5.71,197033
5.76,317671
5.84,747864
5.81,201293
6.09,130288
6.005,270108
6.33,318912
6.42,440491
6.67,297625
6.625,284673
6.45,234549
6.51,377276
6.49,164594
6.435,254305
6.28,392605
6.23,340495
6.175,121276
6.235,319089
6.44,131495
6.36,204117
6.345,141735
6.19,175845
6.365,172169
6.24,575795
6.235,358665
6.08,176869
5.835,231990
5.835,189314
5.715,323361
5.55,210291
5.59,152039
5.66,267907
5.55,134249
5.545,224216
4.9,346730
4.92,321340
5.155,309093
5.17,369227
5.14,237547
4.965,316961
5.085,494796
5.6,556742
5.655,522067
5.56,353996
5.875,295825
6.03,156993
5.965,254207
6.02,230153
6.075,239601
6.04,375257
6.29,153355
6.19,186963
5.99,144426
6.02,164450
6.075,157626
5.85,213332
6.06,269674
5.815,295423
5.93,203970
5.975,194376
5.81,89661
5.875,129985
5.66,140815
5.64,155111
5.57,128713
5.565,169529
5.475,467252
5.48,132860
5.465,220253
5.475,263193
5.42,124483
5.395,234062
5.275,196567
5.3,326351
5.395,207285
5.44,278021
5.56,121843
5.62,191717
5.77,245299
5.71,289661
6.89,354294
6.965,239574
7.34,588381
7.625,267037
7.57,345481
7.59,284708
7.61,175057
7.59,173536
7.41,318611
7.425,472867
7.39,170817
7.41,416390
7.255,268992
7.455,222816
7.435,92507
7.44,76426
7.595,83635
7.78,130242
7.86,96461
7.77,102485
7.72,186106
7.79,154176
7.81,348259
7.79,358483
8.225,105973
8.125,128460
8.3,284143
8.37,217935
8.24,285187
8.17,179788
8.01,105917
7.98,111436
8.66,308080
8.62,253401
8.735,111683
8.82,146122
8.905,175742
8.87,257692
9.6,247676
9.54,183107
9.46,202361
9.38,247154
9.37,145690
9.375,260186
9.295,138080
9.23,165359
9.3,88776
9.17,298646
9.34,131069
9.345,128451
9.285,143510
9.285,150732
9.145,104125
9.125,105977
9.125,142381
9.23,131153
9.075,130916
9.13,148834
8.865,119848
8.82,198984
9.16,138820
9.115,220011
8.895,68877
8.95,85134
8.875,168399
8.895,115613
8.98,75232
8.98,118959
8.755,64469
8.655,169987
8.79,135756
8.795,218987
8.915,102593
9.095,62680
8.89,146865
8.93,125153
9.025,96569
9.16,303315
9.355,204747
8.91,240173
8.92,180273
8.925,135801
8.905,157216
8.89,104228
8.975,157582
9.505,145080
9.59,137701
9.63,55748
9.54,151592
9.3,104363
9.24,115458
8.98,169050
9.085,138836
8.93,322350
9.12,304031
9.185,171567
9.12,123604
9.675,116632
9.45,167931
9.58,106737
9.59,154648
9.54,171625
9.39,216113
9.405,82626
9.31,142937
9.22,219780
9.24,196330
8.93,121428
8.975,128994
9.055,237837
9.1,203576
9.08,116977
9,381056
8.605,79055
8.645,122200
8.705,71658
8.61,121508
9.08,90182
9.09,148088
9.43,157955
9.56,315633
9.85,207044
9.88,249998
11.16,279516
11.26,257565
11.505,193609
11.52,267179
11.35,261803
11.625,289955
11.735,222925
11.68,158351
11.71,114406
11.755,297284
11.555,229574
11.58,157520
11.595,130303
11.705,156009
11.68,98760
11.755,137718
11.6,284864
11.39,276253
11.325,95657
11.415,122295
11.66,77025
11.565,82998
12.23,112312
12.16,142655
12.145,91551
12.125,86409
12.17,91252
12.3,158833
12.355,139994
12.485,160617
12.615,90645
12.62,132393
12.74,226466
12.95,214014
13.49,404038
13.565,296578
13.95,233177
13.82,198825
14.095,250907
14.15,257203
14.39,266749
14.625,392481
14.86,204724
14.51,190893
14.39,157385
14.19,237288
14.535,205855
14.79,367310
15.11,197550
15.4,216865
15.475,106442
15.4,120599
16.135,545522
16.735,252703
16.795,351884
16.305,296192
16.42,107513
16.49,650039
15.87,146163
16.28,168645
16.85,351647
17.17,399145
17.465,293399
17.95,294124
18.24,271068
18.145,285065
18.18,200627
17.8,360955
17.87,149255
18.035,181433
18.67,129820
18.725,287086
18.975,203473
18.535,227827
18.76,292022
18.475,133134
18.98,232631
18.71,185708
18.01,270270
18.325,253133
18.96,146708
18.69,126149
19.46,129317
19.36,171254
19.135,256551
18.67,201839
20.305,297372
20.765,356559
20.42,471402
19.605,400408
19.87,281325
19.3,246118
21,118725
21.11,150854
21.06,122170
21.515,148619
22.265,235123
22.15,185305
23.29,289196
23.295,258653
21.33,366842
20.965,280727
22.1,103258
22.035,122260
18.635,299576
18.565,379201
18.315,217019
18.575,293470
19.16,185670
19.175,226584
18.975,213412
18.57,215499
16.995,258572
17.65,209960
17.845,192097
18.4,198296
18.835,180347
18.5,330510
17.6,127749
17.94,198824
17.475,178054
17.27,178984
16,547273
15.145,701966
14.3,842922
13.92,1183074
14.07,455819
14.07,663621
14.815,479157
14.69,659783
14.69,364421
14.36,598168
15.16,841282
15.005,843696
15.095,457539
15.055,493945
15.225,532368
15.79,461428
15.46,829800
15.375,548547
14.78,392491
14.905,368795
15.04,348051
14.83,606790
14.45,450878
14.465,457576
15.06,375782
14.43,538605
14.98,608835
13.94,526257
13.96,483683
13.91,397942
14.48,314311
14.65,254472
14.84,496360
15.175,636329
15.52,658983
15.85,551451
17.005,656853
17.005,0
17.34,458873
17.215,361945
16.74,296932
16.38,397617
16.38,287091
16.315,385829
15.725,233222
16.075,251752
16.41,406152
16.195,386909
15.435,267279
15.55,323187
15.795,465719
16.005,421366
15.725,256325
15.875,497664
16.535,1074255
17.665,799928
18.03,642761
17.12,444652
16.935,352736
16.83,364389
16.865,313283
16.445,282733
16.9,819018
17.4,549218
17.42,367441
17.255,226440
18.15,530174
18.51,485000
19.475,407401
18.975,790212
18.545,348812
18.68,542510
18.095,590295
18.095,0
18.86,352608
19.165,391471
18.335,577879
18.455,227589
18.155,363020
18.425,383570
18.245,206324
18.1,331026
18.105,286289
17.11,221543
19.02,795000
18.575,547150
18.86,987032
19.37,1271290
18.22,448717
18.895,299313
18.85,428369
19.615,374255
20.2,610035
20.1,718418
21.825,544328
21.8,660369
22.08,343017
21.36,546186
21.085,458929
20.52,645556
20.72,319728
20.96,559876
21.285,776374
21.98,815107
22.88,797574
22.74,858766
23.02,877780
23.22,1078337
24.72,1267102
25.73,1317342
25.82,545808
25.63,673419
27.26,587953
26.49,1053868
24.41,710725
24.81,630604
26.3,475742
25.04,766939
25.345,1156768
24.26,651654
22.28,1203097
20.705,1554085
20.19,743547
19.915,625401
21.245,978621
20.945,1094905
21.395,1221242
19.84,773604
19.915,911647
19.48,567099
21.09,514347
21.26,626794
22.35,530985
22.78,470557
22.95,447593
23.035,536621
22.75,378908
22.65,433642
22.53,669838
21.725,533045
21.93,464864
22.49,449829
20.62,468464
21.66,363943
22.62,456088
22.87,590836
24.46,394402
23.83,434225
24.27,555205
24.37,541672
24.915,508277
24.51,398207
24.23,335553
24.515,360605
25.055,261989
25.055,513109
24.735,504528
25.23,860989
26.55,394041
26.46,468435
26.44,739182
26.38,602590
23.245,440872
23.86,392551
24.065,303068
23.71,387647
23.23,715310
21.96,720561
22.11,457389
22.715,432874
21.42,356342
21.805,293484
23.64,327389
23.66,300122
22.33,291681
21.84,298200
21.65,429497
21.68,322499
20.47,660250
20.395,499628
20.47,567678
20.595,485957
21.175,392435
20.9,389345
19.815,393051
19.745,506136
18.1,414834
17.975,623960
18.095,471407
18.085,748997
18.69,924107
18.045,1189776
18.265,1061761
17.985,966057
18.615,542981
18.41,573227
16.965,730951
16.41,506174
17.205,570133
16.835,418816
17.29,953121
16.47,723553
17.395,1394384
18.285,1333667
19.85,728743
19.79,651226
18.98,559323
19.025,508417
18.955,458580
18.66,427857
18.64,375252
18.8,502682
19.78,471707
19.89,276727
19.39,292665
19.695,332821
20.055,435907
20.175,470825
19.72,177039
20.175,161329
21.285,339170
21.09,257743
20.205,290502
19.86,235781
19.59,297506
19.385,164496
20.66,347270
20.455,179928
19.6,129925
19.75,163111
18.78,304756
18.84,343066
19.05,181871
19.12,298695
18.915,347983
18.58,197135
19.11,149915
19.21,172518
19.08,96536
18.935,113237
17.83,283046
17.79,189915
17.26,362738
17.325,282166
17.87,235136
17.825,279707
17.885,291253
18.095,293521
17.645,199696
17.46,209142
17.52,250410
17.19,309767
18.68,325210
18.53,319837
19.925,421449
18.555,361577
18.585,364525
18.55,408816
19.335,250132
19.64,335107
19.425,301720
19.46,322983
19.9,244802
19.865,364812