53.06,141967
52.44,160317
53.44,109872
53.57,116425
53.75,107621
53.63,180521
54.49,70548
54.18,90200
52.88,68812
53.45,66408
53.34,147816
53.24,124088
54.18,143869
54.66,122821
54.54,47942
54.75,89701
55.24,84760
54.93,122552
55.82,237026
55.56,129726
57.77,301539
57.29,437009
56.85,81639
57.39,73317
57.43,66172
57.28,88301
57.65,91410
57.2,82783
61.09,251921
60.85,184472
60.78,139770
61.17,106562
60.96,84599
60.3,87980
60.79,116723
61.23,181284
61.45,125754
60.7,115164
59.26,96127
59.41,103455
59.43,58041
59.14,60142
58.47,131485
58.61,118932
58.26,85390
58.61,74000
59.81,211140
59.25,186966
58.32,328944
58.08,214205
56.88,169536
57,257138
56.99,52728
57.17,52356
57.16,95906
57.05,76139
57.46,130106
57.92,118890
57.68,59160
57.7,73439
58.09,91437
57.95,121237
56.59,145789
56.42,153016
56.83,55069
56.76,69181
56.99,120124
56.89,125034
57.24,80609
56.7,79062
56.58,50524
56.55,39891
54.91,76242
55.2,97321
54.33,68441
54.62,118309
53.66,130634
53.93,118870
55.8,155899
56.52,109241
56.42,52778
56.81,53317
56.18,147134
56.8,61595
56.15,67492
55.91,73095
55.08,71546
54.51,114296
54.28,157886
53.66,116065
51.58,122244
51.9,135003
53.46,128654
53.73,126460
54.47,62504
54.94,77757
53.72,112996
53.7,105983
53.4,108782
53.03,119155
53.57,83132
53.46,68097
53.06,175330
52.46,92619
52.84,57635
53.14,84862
55.34,90441
55.36,127920
54.9,102779
54.75,74540
55.35,89791
55.24,69846
55.26,99374
55.58,71735
51.21,919007
50.92,510568
52.68,178469
52.56,160460
53.1,98832
52.98,78736
51.86,87463
52.08,227354
51.95,89079
52.07,87730
51.65,137341
51.88,73848
52.37,58978
52.57,72182
52,130458
52.08,107292
51.03,184303
50.91,136868
49.13,224175
48.55,256374
49.21,143392
49.49,125968
47.5,403290
47.27,119879
46.64,117974
46.95,98895
45.72,307532
46.36,331123
47.28,95756
47.86,102905
47.65,101121
47.83,91997
46.8,115729
46.88,125708
47.94,90791
48.09,100691
47.6,79380
47.38,102491
47.15,107596
47.45,107307
47.56,89129
47.66,88834
47.44,70487
47.29,93238
47,90608
47.04,62813
47.01,68072
46.84,71112
46.78,82233
46.9,66444
46.55,66958
46.47,199580
47.72,255143
48.35,307372
48.39,83189
48.39,138339
48.69,78743
49.13,111710
49.4,98536
49.83,99057
49.13,121858
49.7,147636
49.19,158913
49.21,396728
47.21,149169
46.95,190555
47.09,89258
47.73,109295
48.85,193840
48.96,154493
49.76,114339
50.1,221361
50.29,118997
50.32,112391
50.89,122492
51.51,149742
51.47,127478
51.12,159194
50.96,72623
51.12,131602
50.53,169765
50.88,244768
50.53,139794
51.04,159360
52.81,175073
51.96,223755
52.46,164428
52.08,246111
51.84,323370
51.86,294482
53.88,218060
54.3,198390
56.88,255309
56.17,169385
56.85,186337
56.1,151044
56.8,125921
56.79,108472
55.65,99858
55.87,133006
55.7,112773
55.58,123209
56.12,78786
56.1,161342
55.08,61130
54.94,102340
54.63,91842
54.69,90303
55.75,85560
55.5,101594
55.99,76412
56.24,85910
55.92,74366
55.82,138862
55.82,0
55.82,0
55.39,131245
55.25,187101
52.84,226666
53.13,172995
53.15,165333
52.73,197706
52.16,112509
52.52,154736
52.69,202076
53.33,211526
53.22,150544
53.44,178585
53.64,198245
53.26,368879
55.54,146574
55.8,271818
56.15,160070
56.49,118088
57.81,151927
57.33,121632
56.06,181974
56,122784
56.95,220209
57.57,307954
58.54,316523
59.07,481970
59.89,391276
61.08,237942
61.02,126589
60.94,129937
59.86,120455
60.21,162340
60.27,311168
61.96,313124
61.93,286697
60.85,313343
60.17,114045
60.12,128038
59.91,393461
61.71,300289
60.45,160422
60.52,139337
59.44,103101
59.87,233555
57.36,245967
57.36,0
57.65,314170
58.1,358061
56.81,156606
55.91,225479
57.35,228967
56.4,411438
58.96,291043
58.42,1038865
58.67,797390
57.78,526401
57.58,131391
58.21,167174
59.49,115392
59.81,143744
58.65,126225
58.5,120213
57.98,139038
58.04,181209
58.79,165945
59.34,368259
58.71,159408
57.79,271397
56.73,127828
55.8,271501
55.5,113463
55.43,137658
58.08,210030
56.48,160916
53.25,463940
53.17,859696
51.7,257341
51.44,212912
52.22,146636
52.36,228249
53.34,170335
54.07,109896
53.77,100447
54.57,110193
54.54,71780
55.3,87896
55.7,64177
55.11,71479
54.91,122310
55.3,124151
55.95,550137
56.42,121195
56.64,57506
56.51,106140
57.95,236156
58.47,137572
61.22,505730
63.33,284557
62.35,407535
62.05,414301
60.16,266936
60.62,188819
60.62,177535
59.81,156051
58.62,180035
57.97,160581
58.19,164564
58.88,142805
59.14,411258
58.41,128333
60.29,255500
60.22,177131
59.14,149002
58.01,127070
56.67,172658
56.57,221093
56.24,312655
55.17,216743
54.69,128006
54.33,304685
51.58,360683
52.17,256550
48.72,574448
48.46,426461
49.31,177515
49.68,237950
51.6,135140
51.54,163406
50.91,1309169
49.71,1337246
47.94,242518
48.01,308383
49.45,192311
50.63,164520
50.62,242592
51.59,247484
51.6,495590
50.59,328074
51.1,119876
51.15,199636
49,160932
49.24,148141
49.9,217291
49.02,271807
46.09,300952
47.68,145012
49.35,243158
48.99,161035
48.74,130772
49.16,228762
48.44,112002
48.47,375393
46.96,133828
47.05,238513
47.2,116596
47.59,261298
48.02,240108
47.69,229743
47.56,138355
47.46,177863
46.92,194082
46.35,154446
45.96,146178
45.08,234553
45.86,117532
45.33,244985
43.02,198021
43.5,210940
44.29,100495
45.48,157553
44.58,163434
44.5,156770
43.44,319053
42.96,334171
43.86,272678
44.36,209134
44.07,281131
43.67,216779
41.75,385125
40.93,336644
39.84,301879
38.95,313576
38.95,0
38.95,0
40.46,192249
41.08,389798
40.5,127635
39.52,183214
40.48,110286
40.52,167621
40.7,128382
39.11,161231
40.24,123896
40.2,249140
41.96,297926
41.54,169205
41.34,143702
41.84,124963
42.25,124344
42.81,190187
42.11,153505
41.98,192489
42.88,135189
42.97,142876
42.54,270386
42.26,383412
42.62,136862
42.74,121400
42.4,142202
42.08,167174
42.1,95546
42.06,106193
44.81,162767
44.56,151674
44.11,117062
43.89,172452
42.86,75382
42.62,210472
41.52,107801
41.18,104828
41.66,104327
41.51,152470
40.05,101277
39.88,113024
38.8,264349
38.2,529374
36.67,366185
36.98,180765
38.37,145668
38.03,157920
39.15,87744
38.79,193724
38.83,84427
38.53,146699
38.66,116843
38.66,113521
38.82,151545
38.9,248947
38.9,309955
39.32,99730
40.15,112641
40.29,169522
40.59,67068
40.42,113019
40.1,116673
39.5,87354
38.67,124173
38.7,146406
37.5,259768
37.91,171503
36.89,154168
36.87,189985
36.63,159790
37.54,178770
36.38,187847
37.59,300941
37.33,110968
36.89,167058
36.46,169134
36.04,251121
37.8,339263
38.73,389492
38.18,248340
38.24,336537
38.65,147582
38.35,197709
38.22,115136
38.04,143333
37.26,245638
36.92,353433
36.88,304923
37.55,145370
37.45,150143
36.13,154049
34.28,301599
33.98,451628
36.5,250197
36.63,341387
35.46,158415
35.86,241963
36.14,91031
36.37,147100
35.76,199629
34.59,191957
34.71,118522
34.99,178596
34.06,637046
33.5,496261
34.45,148532
34.87,168027
33.23,148403
33.8,203591
34.66,188885
34.23,225316
36.06,159966
36.14,188455
36.47,115342
36.89,189353
37.17,92158
37.44,168941
37.09,97198
36.95,83362
37.42,97220
37.52,164455
36.32,115798
36.22,132690
36.39,72178
36.6,66231
36.29,76110
36.27,169085
37,106039
36.38,123860
35.91,92172
35.96,151930
34.38,94518
33.96,166065
31.15,219687
31.45,294485
32.22,253887
31.74,268892
32.89,160158
32.83,276212
30.15,190199
30.02,280341
29.89,224717
30.85,210824
31.73,192922
31.54,133276
32.07,174197
31.76,126813
31.76,253915
31.2,242065
33.33,229782
33.53,203695
33.6,172992
33.31,121793
34.11,184253
33.09,213899
31.89,130133
31.93,298630
31.07,300276
31.17,264128
30.58,196804
30.79,312642
30.02,168152
30.64,243231
30.15,118832
30,153654
31.23,99125
31.33,128677
31.82,158289
31.25,201618
30.2,233416
30.08,368823
30.61,263632
30.76,249745
29.82,230283
30.52,314602
29.87,113119
30.03,188058
31.29,110758
31.62,116031
31.97,76368
31.47,81010
32.94,102202
33.15,125468
33.66,114981
33.13,128347
33.63,94603
33.33,135315
33.5,72580
33.14,123302
33.44,274754
33.31,757335
32.58,196158
32.25,160925
32.76,102888
32.73,185093
33.65,109822
34.3,143912
34.49,81394
34.89,156630
35.34,94560
35.12,163817
35.47,180862
35.09,169307
36.08,159740
36.04,212823
34.96,96575
35.01,242437
34.58,104816
34.52,103665
36.08,705896
36.47,731355
35.41,90043
35.05,162550
36.73,182088
36.63,112353
36.91,179328
37.32,112725
37.39,91453
37.69,131570
37.78,80777
38,89406
37.55,127996
38,140909
36.76,128845
36.97,106371
37.06,47469
37.16,154099
38,91592
37.95,163983
36.84,96949
37.13,158660
37.56,97963
37.06,186226
37.79,106885
37.75,79110
38.89,117671
38.58,312487
38.37,241443
38.24,203823
37.66,146338
38.43,169247
37.53,441521
37.28,212136
37.66,295239
37.36,487045
36.46,222410
36.69,129264
37.78,132387
37.06,164129
37.29,203767
37.24,182360
37.7,101026
38.33,272005
38.59,204406
39.11,147464
39.41,103960
39.63,186761
40.62,155831
40.5,186942
39.64,135314
39.72,182010
39.12,122501
39.03,136063
39.93,138792
40.03,178084
38.8,170041
38.49,221105
39.6,126246
39.66,119640
37.95,249684
37.6,230473
37.77,128669
37.46,323421
36.05,202993
36.29,171612
34.01,192516
34,239182
34.26,215979
33.64,193785
34.03,149087
33.12,200698
33.67,134073
33.84,166485
32.04,91665
31.76,154911
31.79,95724
31.42,322553
31.69,106672
31.86,145880
33.99,170403
34.24,180561
32.69,132385
33.18,199873
33.5,252660
33.59,186056
32.85,52114
32.37,168789
30.2,304969
31.05,455184
30.81,175274
31.39,198688
30.69,156797
31.17,110462
30.67,348275
31.43,199382
31.73,163177
31.8,140496
32.03,176249
32.39,153269
33.14,146918
33.24,157614
32.32,86207
32.33,255143
32.82,93776
32.11,154604
32.51,194181
33.32,340382
34,197259
34.16,176809
35.58,183584
35.4,305516
36.56,140009
36.77,195821
36.59,116511
36.91,152551
37.04,89231
37.22,181044
37.78,143016
38.01,180772
37.67,150197
37.85,215456
38.1,119326
38.1,318422
37.37,178143
37.05,279623
38.11,143594
37.24,176483
37.41,114449
37.57,301335
37.72,334414
37.8,318469
37.16,92639
37.02,178129
38.1,207955
38.62,824131
38.9,226260
39.71,328771
38.95,251974
39.27,215117
39.64,195969
39.61,283869
37.94,173617
37.65,371025
36.41,120696
36.83,663766
38.25,438174
37.81,528060
38.25,226459
38.09,296373
38.43,274230
38.61,230512
38.28,187577
38.27,142448
38.69,106819
38.69,0
38.71,170884
38.09,250257
38.34,116388
38.46,494301
38.13,106126
37.98,271308
39.98,96333
39.36,215263
38.55,190505
38.4,238564
37.94,117758
37.96,200743
37.12,154116
36.49,256241
36.66,107482
36.91,208056
36.84,139753
36.77,213336
36.94,54219
37.17,75047
36.93,151754
36.88,264978
38.46,136980
37.44,229744
37.73,253757
37.35,262632
36.06,87170
36.09,162383
35.57,247353
34.9,363989
34.72,137626
34.7,190714
33.97,165679
34.02,216889
34.45,80914
34.62,133121
33.36,184041
32.4,441025
32.12,147659
32.58,123039
32.14,75853
32.56,167317
32.03,138669
31.71,153427
32.07,120045
32.32,369439
32.25,345918
32.55,91030
32.6,143991
32.45,244024
33.11,94882
33.45,243639
33.25,187911
33.81,289826
33.69,145626
34.45,135301
35.13,162548
35.26,142905
34.97,143122
35.37,377568
36.36,183241
36.73,366508
36.8,209252
37.23,432322
34.83,267598
35.38,383677
35.54,243980
35.22,238592
36.18,146441
35.43,205473
34.51,255753
34.42,186145
34.47,94758
34.55,420413
34.64,277096
35.13,267011
34.94,178292
35.18,180443
34.35,305599
34.81,358166
35.12,240219
35.17,406599
35.72,266944
36.55,319454
35.99,336078
35.78,514977
38.01,567299
37.91,471430
38.41,285724
37.59,517763
38.94,459441
40.35,453447
40.37,272292
40.23,267618
39.72,137607
40.01,176142
39.8,222884
40.37,165446
40.23,152417
40.38,219945
41.21,210767
41.32,357286
39.9,293436
39.99,137074
40.2,135536
40.4,187652
41.09,172451
41.01,184083
40.8,153245
41.07,182192
41.11,206125
41.99,218460
40.91,121802
41.31,184575
41.14,145625
40.26,289062
39.74,230040
39.67,327864
38.75,304564
37.74,313215
37.28,282553
37.49,246001
38.43,132575
38.22,131748
37.75,327940
37.54,357105
37.78,139964
37.83,167382
37.38,99922
37.81,145945
39.7,237493
39.79,161307
39.71,70690
39.3,160962
38.99,80857
38.66,166261
38.69,114739
38.38,148352
38.13,136936
37.3,280489
35.73,115261
35.62,174223
34.3,181339
34.98,207868
34.88,143758
34.59,325686
33.01,168295
32.8,194131
33.53,237546
33.5,380787
32.38,149188
32.38,206910
33.04,205566
32.7,265459
33.93,100048
33.92,246376
34.09,86217
33.64,192691
33.5,110688
32.83,140026
32.07,145966
32.49,286946
32.88,170109
33.23,159392
33.28,85111
33.16,138745
33.86,102742
34.28,109203
35.18,69137
34.84,71991
35.26,49885
35.06,140874
35.12,92626
34.98,119445
34.49,100819
34.47,100906
33.49,236654
34.08,125776
33.57,147869
33.59,153087
34.04,87277
34.21,128244
34.34,706190
34.39,618370
33.78,210252
33.95,111581
33.19,58545
33.49,133043
33.53,54516
33.32,63505
33.88,91333
33.67,81360
34.13,56891
34.27,126882
33.45,53939
33.66,170786
32.61,121014
32.33,205202
32.14,53348
32.49,151463
33.08,149383
33.12,214272
32.44,168612
31.91,179091
31.59,81071
31.32,152699
30.97,73041
31.43,210518
31.97,145657
32,183599
32.79,108206
32.59,172459
31.62,110458
31.93,183386
32.26,74296
31.96,152138
30.7,141741
30.75,181440
31.53,141266
31.91,276260
32.45,75808
32.61,116656
32.3,40495
32.25,86215
32.14,86694
31.78,97780
32.06,37111
31.94,69138
31.54,102288
31.19,130378
31.29,80512
31.29,89915
30.94,104872
30.84,168153
30.89,97327
31.51,148415
31.82,216281
31.61,196223
31.98,106694
31.59,76181
31.67,73077
31.78,88790
32.66,147465
32.45,140104
31.36,103186
31.21,81704
31.42,68180
31.36,79579
32.09,81801
32.24,137026
32.58,96860
32.34,106137
31.03,77506
31.19,127162
31.89,89429
32.19,106529
33.27,74650
33.42,102522
32.97,92568
33.3,86543
33.99,100207
34.11,114583
35.13,181797
35.13,148490
34.95,80185
34.93,109647
35.82,115217
35.31,120162
35.84,102663
35.6,137728
36.2,97193
36.73,117230
36.76,123406
36.45,119921
36.55,147352
36.97,115968
36.78,97540
36.93,177036
35.96,123469
36.2,93142
36.06,70900
36.09,70949
35.59,77972
35.63,83998
35.29,75262
35.26,69872
35.46,119351
35.69,101897
36.31,80672
36.38,112731
36.77,159220
36.85,152623
37.15,78408
37.18,63108
37.47,96640
37.61,50144
37.88,63527
38.17,150847
38.29,168503
37.7,120538
38.07,101713
38.64,137360
38.63,217361
38.31,136443
38.36,137212
38.82,153399
38.8,181691
39.74,101578
39.49,139780
39.61,114285
39.38,144644
38.92,75289
38.99,132538
37.66,107913
37.61,196286
37.88,118358
37.85,133184
38.19,88940
38.22,118909
37.77,65099
38.04,158134
37.78,126824
37.75,129746
38.19,345090
38.24,257797
36.72,182982
36.6,139002
36.63,103226
36.94,219393
38.18,121716
38.1,247773
37.17,160601
36.89,183467
37.07,90539
37.01,100507
36.98,80611
37.02,103389
36.35,117969
36.43,260554
35.72,169292
35.95,177116
36.01,104245
35.87,147033
35.69,38329
35.87,111991
35.37,103950
35.68,103440
35.6,83854
35.48,133639
34.36,343747
33.14,318457
32.75,150593
32.62,154518
33.03,199019
33.12,168223
32.53,104708
32.49,120149
32.05,172095
32.01,154126
32.29,72199
32.22,89236
32.01,163744
31.99,225899
32.45,83843
32.16,126666
32.29,79228
31.93,81961
32.23,78987
32.46,99270
31.99,70311
31.97,79089
31.19,229185
31.98,172173
32.33,52863
32.05,107969
32.33,63552
32.39,88869
32.62,72660
32.57,81778
32.8,162083
32.74,130780
32.73,82171
32.48,91257
32.33,149177
32.5,203971
32.01,111717
31.85,162552
31.41,94546
31.5,91406
31.99,99437
32.06,148658
32.04,148588
31.94,184809
32.19,68884
32.58,200453
33.07,149631
32.76,228343
32.6,85108
32.61,125670
32.99,130791
33.2,108751
32.92,316420
32.6,113600
32.62,105164
33.16,83674
33.12,120446
32.85,165451
32.12,94974
32.2,159198
32.16,129853
31.76,122726
31.92,98475
32.21,83421
31.82,81007
31.57,112799
31.55,64270
31.32,110824
31.73,225018
32.29,133839
32.16,116337
31.97,143965
31.75,103796
31.47,88322
30.62,109541
30.65,129800
30.42,134913
29.98,170662
29.85,315090
29.47,279859
29.39,116662
29.91,363521
29.83,66194
30.23,85693
30.56,131173
30.61,104487
30.53,144432
30.13,74182
29.64,88406
29.34,136458
29.16,172512
28.88,201807
29.37,174109
29.3,135043
29.52,280145
29.54,201376
28.98,196772
28.98,208756
28.99,275082
28.86,217534
28.96,129360
29.05,407833
28.87,288031
29,293917
28.5,408909
28.02,420960
27.05,345224
27.92,332653
28.32,230899
27.97,483009
27.29,279362
26.88,376522
26.62,270580
26.63,209704
27.31,181143
27.45,169623
27.45,322665
27.13,263767
27.71,132709
27.84,191263
29.07,122628
29.16,202261
28.58,168502
28.31,166849
27.88,192689
27.44,257580
27.34,276434
26.94,503676
26.94,198072
26.63,624343
25.82,214869
25.95,344326
26,170138
26.26,217762
27.26,278505
27.53,335570
27.27,220178
27.23,233695
27.25,242342
27.02,254372
26.91,195310
27.13,497964
27.63,320305
27.77,439894
27.34,181637
27.14,220128
27.29,259642
27.44,80094
27.61,198884
27.61,0
27.46,292453
27.61,289353
27.75,280490
27.95,297304
31.26,577707
30.88,1018156
31.48,568311
31.19,870282
31.32,627738
31.6,450070
32.23,453079
32.64,212049
32.37,334997
32.3,279502
32.64,244358
32.57,250883
32.51,147794
32.74,245039
33.06,270049
33.12,164635
32.88,97839
33.21,187836
32.85,144842
32.87,175586
32.67,174905
32.15,449953
35.09,355154
34.85,622351
35.07,161105
34.94,227394
35.13,183377
34.94,150040
35.01,75288
35.13,144047
35.28,123392
35.47,197079
35.16,88468
35.15,105334
35.67,122470
35.4,145231
35.58,104896
35.53,161068
35.28,84879
35.17,183340
35.3,60477
35.37,115361
35.55,119269
35.26,199642
35.12,140513
35.72,173630
34.35,165712
34.65,212412
34.78,170351
34.86,140241
35.51,143343
35.21,118131
35.54,213719
35.88,217051
35.61,81990
35.75,101411
35.45,114651
35.42,272611
35.33,205140
34.89,139862
34.99,203556
34.56,253679
34.34,152989
34.59,172598
34.22,137631
34.11,163481
34.2,130844
33.65,186706
34.01,161953
34.47,330898
35.18,172119
34.72,185336
34.93,168592
34.24,113906
34.35,99351
34.24,265573
34.08,229410
34.26,351815
34.45,140892
34.4,145450
34.29,232318
34.44,345218
37.49,549530
37.46,513114
37.79,544153
38.44,463243
38.29,304413
38,306480
37.69,172814
37.91,246764
37.44,194058
37.07,304882
37.61,289729
37.57,497825
37.51,170920
37.89,229198
37.84,187401
37.63,208750
37.94,184240
37.76,246570
38.46,171624
38.5,192007
37.4,265168
37.24,269435
37.73,68484
37.39,149864
38.4,204604
37.94,193440
37.83,126530
38.01,159850
37.47,137624
37.94,305359
38.84,127216
38.51,112073
38.82,97725
38.62,151043
38.76,151263
38.92,207428
39.8,165504
39.19,162985
39.27,81925
39.15,147449
39.81,165395
40.02,231621
40.08,110631
40.13,243806
40.13,76832
40.02,120565
40.26,153647
40.26,170440
39.87,286212
39.62,331845
39.3,169064
39.44,234989
39.35,153965
38.68,210974
38.98,124021
38.74,149662
38.9,97797
38.99,157748
38.63,158710
38.44,190723
39.33,154718
39.38,172192
38.95,157681
38.86,407619
39.23,228605
39.56,337302
39.74,88826
39.8,94486
40.73,125110
40.52,128119
41.32,107904
41.41,263319
42.33,85472
42.15,227442
42.19,65152
42.23,77211
42.84,101113
42.85,110464
43.13,155056
43.55,124053
43.47,175035
43.62,165171
44.48,120915
44.48,248010
44.55,80279
44.71,71926
44.12,94052
44.04,161426
44.06,91468
44.47,123041
44.69,122351
44,279677
43,84846
43.22,79480
43.76,48840
43.69,68179
43.24,52501
43.7,82935
43.4,145114
43.29,116415
42.39,78408
43,71626
42.2,78220
41.97,147352
42.21,84380
42.01,120575
41.48,90049
41.84,107763
41.7,97470
41.75,143212
41.85,80085
41.24,109208
41.73,114355
41.56,133076
41.91,170304
42.47,263141
44.32,94356
44.5,211080
44.14,66957
44.34,89144
44.24,96083
44.72,105300
44.71,83201
45.11,91538
44.88,129158
45.08,62301
44.04,140446
43.54,102238
43.96,161660
43.56,237996
44.14,84113
43.87,81187
43.94,66381
43.85,80792
44.39,85085
44.3,97105
44.78,48088
44.46,57740
44.36,63192
44.28,62855
44.55,63045
44.4,61460
44.43,60412
44.28,83311
44.85,106507
44.25,143043
44.28,202379
44.09,156919
44.51,58601
44.51,77973
45.01,62156
45.01,144908
44.83,50472
44.94,95055
44.83,80510
44.34,101380
43.71,46477
43.95,110376
43.38,46552
43.21,106655
42.64,127621
42.75,174278
43.16,61859
43.17,73993
42.36,59802
42.04,137110
41.86,98393
41.64,138908
42.22,65617
42.44,95699
42.97,152345
43.84,223885
44.51,61175
44.94,104337
44.58,58579
44.35,186195
44.15,55405
44.5,68717
44.75,72836
44.76,199015
45.02,51306
45.14,79131
46.47,91208
46.78,170195
47.69,212125
47.3,129121
48.1,106330
48.04,239218
46.81,87699
46.79,221658
45.5,135572
45.56,123648
46.43,45496
46.55,77634
46.79,54708
46.8,95745
46.93,82695
46.67,100719
46.87,76597
46.77,170766
47.67,133147
47.45,138645
46.66,196078
45.21,392655
45.03,59647
44.97,143748
45.01,25216
44.69,97347
45.65,105510
45.48,352514
45.6,82163
46.14,213016
45.81,56850
45.9,178453
45.86,94397
45.77,66827
45.56,68119
45.8,93684
45.47,142454
45.94,56850
45.7,155074
45.68,46586
45.8,47462
46.93,79545
47.02,165443
47.83,87758
48.5,205014
48.95,68480
48.72,114328
49,81739
49.09,112716
48.63,70626
48.81,101386
49.47,54554
49.25,116777
47.82,204757
47.69,593507
48,129728
48.6,171005
45.62,189335
45.58,216182
45,170184
45.3,284897
43.61,213818
43.74,218908
43,129138
43.25,219201
43.14,83800
43.36,83290
43.82,81876
43.84,97240
43.64,56239
43.64,79862
42.95,93203
42.59,150276
40.94,190555
40.52,272815
38.59,199522
39.23,211146
39.93,136299
40.24,145044
40.65,68989
40.16,107806
41.31,237142
42.07,132375
42.95,163988
42.76,193574
42.18,92659
42.18,165101
42.09,73093
42.37,90285
42.82,70744
43.02,74671
44.21,71125
44.16,169101
44.23,55094
44.6,79479
44.57,51167
44.97,81011
45.36,37674
45.31,46646
45.75,64572
45.78,107936
45.97,56130
45.69,70510
47.05,73228
47.32,141880
48.03,49523
47.85,84028
48.54,62781
48.47,100519
48.17,105584
48.11,88150
48.62,65823
48.88,131617
48.56,39749
48.5,91408
48.07,189658
47.73,211500
48.23,75836
47.55,104355
47.2,186057
47.3,220210
47.1,333702
46.61,298931
46.63,73684
46.94,84069
44.27,245953
44.13,195709
43.28,173195
43.54,154618
45.07,131651
45.85,127799
46.11,60103
45.72,84434
46.22,71992
46.33,99118
47.18,53386
46.7,95126
47.89,109174
48.1,224331
48.61,110891
48.49,277776
47.48,105584
47.92,105788
46.81,121222
47.17,89442
47.26,60122
47.04,90578
44.71,185288
44.82,183802
45.15,153903
45.22,128677
46.11,84366
45.71,106576
44.39,199982
44.15,273215
44.07,185643
44.32,163231
44.2,119147
44.35,165904
43.71,98585
44.05,116875
45.17,60702
44.91,193612
44.91,102600
45.27,174685
45.42,257808
46.16,285973
46.3,144581
47.12,142455
47.07,79131
46.91,83132
47.28,64257
47.45,99401
47.56,76378
47.83,110534
48.01,89335
47.68,159160
48.48,94318
48.34,112600
48.34,84225
48.74,81818
48.69,95913
48.57,92417
48.23,121005
48.21,206504
52.03,301950
52.6,249668
52.61,133595
51.92,124473
52.68,112693
51.79,165052
51.95,97357
51.34,110015
51.8,155624
51.85,165766
50.67,130662
50.81,125329
51.59,98772
51.34,163620
50.28,76137
50.33,167631
50.54,87802
50.19,134261
51.85,133373
51.26,154246
52,139131
52.6,171015
53.13,259381
53.67,239244
54.23,149043
54.87,177698
54.44,142196
54.91,177868
55.49,184979
57.2,145211
56.81,204587
56.44,188276
57.46,108381
56.95,163271
57.84,254814
57.07,213043
56.73,107047
56.34,116155
55.05,94195
55.68,261859
54.74,186470
54.88,166439
54.15,110424
53.94,139472
54.27,104318
54.81,168465
55.85,170679
57.65,142207
59.11,145182
59.76,219972
55.21,220666
54.37,302748
54.93,103519
54.73,122014
55.32,221154
55.32,0
54.15,120160
54.67,164765
53.73,129548
53.31,261880
52.53,279164
52.21,351995
52.78,224886
52.65,240870
52.8,153149
52.42,186598
53.58,138106
52.53,123195
51.85,76518
52.07,79345
51.75,150441
51.31,270961
51.45,940783
51.55,822438
51.56,709745
51.97,624802
51.65,665682
50.83,823031
50.99,601270
50.83,717498
51.1,809208
51.1,838617
50.19,505442
49.9,619959
50.26,679861
51.25,622005
51.13,7779
52.07,130602
52.07,0
53.02,74712
53.43,119188
53.94,117556
53.49,89928
52.38,60061
53.21,121104
53.39,72853
52.51,131273
52.27,106555
51.01,220315
49.9,215885
50.86,224812
53.15,187721
53.17,123676
52.27,168100
51.81,207043
50.1,146017
49.97,162296
49.81,208597
49.62,249090
49.4,79009
49.17,117545
50.29,137784
50.46,167898
51.31,192793
51.26,181308
50.92,73386
50.78,102045
51.19,116028
50.45,171473
51.07,268271
53.14,232464
51.97,78112
52.12,123751
52.18,116044
53.58,146840
53.33,110040
53.38,172765
53.82,250505
53.64,217784
49.39,485341
49.19,444571
49.38,254950
49.19,280844
49.71,193102
49.98,529863
49.78,294841
50.63,597642
46.29,803944
47.31,376771
47.21,151963
47.95,212454
47.79,140559
47.61,296125
46.91,170541
47.26,175622
46.93,242324
47.09,193897
46.35,196472
46.12,291806
46.02,149280
45.86,156272
46.06,227105
47.09,193134
47.58,137548
47.1,162660
47.76,113852
47.52,131486
47.54,88729
47.11,147840
46.97,155805
46.67,149836
47.02,105126
46.44,153643
46.66,86824
46.16,150469
45.73,151516
46.07,194770
45.89,173863
45.84,156223
49.39,419608
48.04,262804
47.6,133747
47.83,227937
48.14,252547
47.63,305148
49.21,179480
48.69,569367
44.05,418520
45.48,333507
46.66,570456
46.95,545554
46.28,381616
46.59,364227
46.83,421408
46.41,365353
45.8,269477
46.75,420975
46.6,109361
47.04,160091
48.1,310536
46.67,188949
48.11,195703
47.88,203772
48.54,297805
48.54,333860
48.68,450871
47.91,352963
48.58,134260
48.73,419220
49.21,179551
49.22,211293
49.28,250397
49.4,318429
51.11,207338
50.88,175288
51.61,167931
51.63,195386
52.59,287946
51.17,447501
46.99,429993
46.7,360212
45.57,318768
46.03,187965
46.24,302099
46.25,206205
46.76,209005
46.75,222140
47.31,220391
47.43,173518
45.91,814891
45.66,588869
43.09,282800
43.85,323020
43.02,481008
43.4,704482
43.76,254518
42.73,375431
41.3,464103
45.1,682952
43.35,310064
43.58,352243
42.56,197604
43.19,211093
43.35,576406
44.68,581043
43.94,135515
44.18,145177
44.26,137375
43.8,202765
43.87,168364
44.56,263713
43.6,89777
43.71,148704
44.82,149718
44.55,98116
46.31,198371
45.81,121362
46.17,85867
46.45,138218
46.99,149216
46.59,120304
46.75,148219
46.51,178824
45.78,405639
46.29,265568
44.66,317301
44.55,389737
45.29,209878
44.7,217914
44.71,161014
44.96,219834
45.16,69847
45.02,138786
45.25,124710
44.92,130816
45.17,105267
44.78,155882
46.27,263607
46.92,201998
47.06,135100
47,121020
48.84,165507
48.89,248916
49.35,96518
49.9,119952
49.95,97511
49.73,66147
49.28,204346
49.61,208617
49.47,100676
49.74,171898
49.38,151212
49.73,212674
49.71,96445
49.89,176100
49.74,105201
49.4,139975
48.69,78908
49.16,86606
48.24,56150
48.41,67213
48.32,85451
48.55,125884
47.91,117481
47.94,150894
47.89,73337
47.74,174134
49.21,152081
49.33,177090
46.96,163908
46.86,196982
47.91,128746
48.5,199911
47.42,128905
47.3,137213
47.09,141324
47.04,232706
46.99,209209
47.13,149818
47.86,49522
47.89,93173
48.29,159194
48.61,210019
49.76,188414
49.87,169523
48.88,85859
48.91,97216
48.61,70150
48.45,182115
48.73,81070
48.87,113875
48.44,180294
48.18,185423
48.08,68067
47.95,174845
47.61,108304
47.5,205974
47.9,67312
48.09,122064
49,113785
48.83,160354
47.57,84116
47.77,127737
48.58,193180
48.37,173584
49.51,128723
49.16,94152
48.87,137403
48.64,156199
50.25,354824
51.14,269168
51.94,88853
51.91,142509
53.2,166180
52.4,225040
51.38,353076
52.24,102921
51.89,116218
52.06,68177
52.28,92340
52.72,96399
52.85,106457
52.61,70802
53.02,153457
52.5,91714
52.97,125292
52.75,207399
52.53,117192
52.86,153024
52.82,124367
52.77,103586
53,139684
52.75,74226
52.76,165798
53.71,169176
53.21,285553
48.85,326339
49.5,300726
50.76,439405
52.45,317937
52.62,161959
52.38,224271
52.07,121455
52.48,141895
53.26,125630
53.01,138636
52.33,204229
51.93,279378
52.2,99932
52.31,155876
53.8,257492
52.8,176790
52.37,120386
51.92,174977
52.51,139249
52.56,119955
52.1,85101
52.37,119474
52.29,45674
52.4,66427
52.31,73244
52.55,87145
53.12,64708
53.14,73428
53.36,110351
53.5,97664
53.8,136998
53.87,169751
55.14,83215
55.06,111935
55.22,139319
55.72,129963
56.14,99075
56.42,141555
55.82,142038
55.86,182860
56.76,117034
56.51,223037
56.42,140762
56.75,125642
55.85,86800
56.06,124978
58,109624
57.72,109807
57.82,61600
57.99,75635
58.25,73158
58.28,103053
58.63,98483
58.44,153884
57.4,133268
57.75,123699
57.63,50450
57.92,143455
57.59,105247
58.07,118193
58.2,85148
57.53,161507
57.42,125385
57.58,139306
58.11,175427
57.62,211624
57.58,123885
57.43,185772
57.54,133262
57.54,128564
56.71,140030
57.08,166243
58.23,100344
58.14,129625
58.69,233604
58.53,207360
58.57,134151
58.64,148750
58.42,116230
58.22,166793
58.7,125147
58.7,222046
58.63,66416
59.02,110930
58.53,75667
58.81,113929
58.74,100439
58.29,94690
59.18,135235
58.35,153305
59.76,211015
59.38,270024
59.18,126207
59.77,184622
60.74,202014
60.86,186386
60.85,135104
60.65,223840
60.75,121645
60.57,165108
60.36,117774
61.19,157457
59.07,179076
59.36,160834
59.35,184837
58.61,575349
58.97,151757
58.68,189761
56.91,210306
56.59,293312
56.94,124207
56.57,216403
56.12,99961
56.05,103372
55.66,113742
55.4,101572
55.28,46217
55.47,77434
55.77,182639
56.85,275329
57.38,196378
57.51,150113
57.3,99522
56.88,192003
58.36,183660
58.38,188802
57.82,161807
58.17,369280
66.31,364016
66.85,453428
66.28,413336
66.61,315719
67.4,229143
67.05,187321
68.38,279788
68.83,292665
68.95,210054
68.84,225418
68.88,210120
69.47,178487
69.84,112591
69.28,287870
69.06,102909
69.3,125403
68.77,114509
68.66,123737
68.43,164636
68.01,238766
67.14,77754
67.06,179721
67.36,110686
68.65,126902
68.6,94561
68.18,102140
69.5,155533
69.56,198268
69.73,182867
70.64,205839
70.9,111776
71.23,139497
71.4,137264
71.86,235299
72.17,174256
71.57,331378
70.84,194540
71.14,200069
69.39,174840
68.63,310859
67.11,136138
67.84,222981
68.01,221064
68.68,369861
69.4,457043
67.6,265073
68.84,198301
69.9,285750
70.71,211690
70.75,257907
71.77,188670
72.64,221173
72.57,189831
72.94,190515
73.28,233987
73.28,0
73.44,176043
73.34,170767
72.1,236054
72.96,210945
74.02,200612
74.51,215913
75.5,264981
75.7,268724
76.26,211544
76.34,218984
75.92,439635
75.64,279585
77,164557
76.59,193862
77.79,229801
78.74,385639
80.5,309418
80.76,281443
81.02,323967
81.1,263397
81.06,386327
81.06,313285
82.65,236805
81.15,249370
80.75,190544
80.77,221945
81.55,210340
81.22,249190
81.49,315090
82.07,261020
83.24,156819
82.92,155929
82.87,107549
82.57,136108
82.68,98723
82.68,0
82.65,79555
82.55,75347
82.67,117049
82.8,143766
82.57,50015
82.31,78541
81.63,58301
81.38,119982
79.84,186340
80.65,153183
80.22,195763
82.51,259363
81.58,258117
82.07,201670
81.81,104980
81.82,201756
83.4,218436
84.79,319265
81.95,252525
81.66,210414
81.69,208111
81.98,152793
82.75,231283
83.2,234748
82.33,202915
81.1,293350
81.21,126387
81.09,203053
80.55,158125
81.39,201832
78.81,175974
77.93,256651
80.21,234990
79.99,202389
81.15,139193
81.53,217623
80.16,169262
79.11,152990
80.04,195303
79.13,287388
84.16,466461
86.11,356129
85.65,190275
84.92,184784
85.43,165705
85.77,253628
85.51,229155
83.55,274819
83.42,189552
83.72,136627
85.97,115706
85.75,139203
86.9,152471
86.09,199466
84.95,178467
84.62,182708
83.14,177906
84.16,155725
81.71,129727
81.35,181089
80.21,225123
79.44,226630
81.38,222503
79.83,303380
81.55,139540
79.43,154328
80.44,125686
81.1,153362
79.49,183202
80.33,188382
82.38,217848
83.26,215285
82.17,122266
81.53,190515
80.73,213844
81.5,239189
80.09,227096
78.53,176969
81.52,127323
81.43,170959
81.45,150551
82.6,156863
81.77,183902
80.04,266089
78.53,160912
78.67,289679
75.81,212481
77.29,196150
74.96,170675
75.59,199018
79.05,228854
78.58,145673
77.57,171723
75.19,172347
74.16,126252
74.35,196304
72.69,106008
72.95,132227
76.61,221839
77.04,168266
75.95,101644
74.63,104228
73.68,117736
73.23,155574
72.95,95933
72.715,135574
73.11,129625
72.53,151966
74.27,66647
73.76,68978
73.86,70535
74.5,131663
73.125,325528
73.355,345329
72.63,156719
72.89,158003
76.56,104199
76.3,143032
76.525,76240
76.54,89622
77.77,48134
77.01,90633
76.02,93275
75.03,233863
74.635,137312
73.505,157730
73.91,123534
73.03,204407
73.61,100775
74.19,91491
75.69,122349
75.5,91565
73.065,140980
72.44,181141
73.105,102794
72.88,90032
72.055,96984
72.7,165806
76.13,107411
76.58,128311
76.01,128603
77.08,134944
76.86,63653
76.53,72635
76.14,57298
76.19,78925
79.51,151954
79.62,129723
77.99,114135
78.19,152089
77.17,116449
77.395,174073
81.93,165152
81.82,144418
80.77,69515
80.43,97659
80.38,95277
79.945,184064
79.315,46490
79,77568
78.45,124699
77.78,152730
77.92,142353
77.84,132482
78.03,188855
77.39,282582
76.34,419427
78.24,427183
76.93,141755
76.38,164923
77.265,126109
76.81,206091
76.49,165387
76.13,103792
76.01,144254
75.67,153750
76.89,74607
76.2,95568
78.76,78026
78.39,133188
78.87,124279
78.86,119207
78.355,49146
78.66,60982
76.26,116534
75.675,125303
75.79,119872
76.035,91628
76.98,196005
76.26,251535