80.14,72546
79.165,147229
78.48,36026
78.5,44835
79.225,35145
79.08,22614
79.27,15038
79.25,12426
79.42,15333
79.41,14922
79.19,30077
78.84,36681
78.77,97490
79.1,59029
78.17,70265
76.95,73951
77.27,48036
76.97,55940
76.855,24382
77.09,31474
77.65,62027
77.815,80597
78.495,59971
77.96,28075
78.32,37429
78.575,95103
78.7,43078
79.82,48973
79.575,15403
79.79,21916
79.55,23575
79.76,17083
79.935,29393
79.63,25491
79.37,22399
79.285,36096
79.01,27752
78.93,18323
78.92,114014
79.56,55650
79.285,44645
80.12,37724
79.945,17183
79.995,18580
79.765,20246
80,14526
79.835,14070
79.85,13660
79.765,14519
79.36,39587
79.015,33638
78.72,102974
79.21,89827
78.445,84580
78.705,68897
78.715,45471
78.34,34226
78.435,31490
78.41,32264
77.865,34649
78.035,68395
78.2,27312
78.56,48693
78.68,31073
79,151959
80.05,51310
79.43,58245
79.855,27381
79.68,24487
79.24,25299
79,27138
79.19,35988
78.62,83819
77.785,65767
77.875,43715
78.035,64967
77.46,102059
76.3,167109
74.54,285437
71.63,209723
71.46,164544
71.065,94898
70.85,91635
71.77,61584
72.01,39024
72.23,49679
72.49,64421
72.88,50904
72.985,32496
73.405,34887
73.525,187983
72.76,137521
72.12,62030
72.38,50137
72.455,44831
71.8,51946
72.17,46478
72.16,38371
72.54,73012
72.4,41821
72.74,49682
73.13,63922
73.19,46162
73.325,94028
71.78,87208
71.425,71815
71.94,42471
71.93,24737
71.96,23129
71.16,35524
70.87,46728
70.79,37882
70.835,33421
70.64,43670
70.215,76037
70.12,72734
70.31,132687
70.34,136929
69.71,58119
69.75,98108
69.105,43750
68.49,82754
68.24,47691
68.645,42216
69.21,56553
69.69,53436
70.385,48614
70.45,50389
70.42,43482
70.42,123388
67.195,75385
67.57,79208
66.675,61229
66.275,72054
66.8,30388
66.82,77590
67.28,36151
67.065,37715
66.785,45474
67.02,62039
67.71,65774
68.045,64563
67.745,112154
68.92,106644
68.165,38997
68.01,32233
67.365,26993
67.62,17730
67.73,35183
67.92,26788
67.965,29657
68.5,51605
68.26,20875
68.505,30247
68.4,26696
68.09,59128
68.4,62238
68.29,55187
69.035,43057
68.58,24783
68.035,44737
67.475,63514
67.315,33887
67.2,25712
67.12,29038
66.99,30783
67.17,27775
67.225,23222
67.04,92580
67.97,72512
68.28,47097
68.035,34854
68.45,39631
68.735,36679
68.88,30464
68.535,22153
68.835,36613
68.745,19425
68.315,12370
68.56,19143
68.5,18952
68.575,94917
68.9,70583
69.195,49644
69,37137
69.15,36636
69.685,22949
69.62,22468
69.55,14235
69.735,16732
69.88,17026
69.945,28062
70.175,28757
70.22,25774
70.25,109107
70.15,47765
69.7,42786
69.95,41024
69.98,32685
69.94,18177
69.89,24240
70.22,19915
70.11,27806
70.07,15521
70.155,18908
70.06,28500
70.21,51669
70.365,68724
70.36,44692
70.29,27600
70.54,24264
70.63,16345
70.82,14817
71.09,16699
71.23,20985
71.27,15477
70.99,19214
70.925,32801
71.35,102283
71.785,35509
71.29,113722
70.59,48812
72.03,62845
72.52,54404
72.69,48214
72.69,38907
72.48,36164
72.4,30163
72.21,24075
71.98,23043
72.15,23178
71.905,28220
71.905,22030
72.03,106398
71.23,89688
71.37,78397
71.21,54272
71.5,25306
71.275,16929
71.25,22257
71.675,10056
71.965,7050
71.93,11328
72.12,17665
71.89,20759
71.94,23546
71.99,155769
73.255,123026
73.59,56607
73.87,42989
73.885,17917
73.995,21119
73.97,48431
73.865,20802
73.825,19297
73.825,42264
73.71,16388
73.58,32927
73.885,29675
74.23,90131
74.49,38062
73.96,36347
74.27,26746
74.125,33115
74.165,36290
73.945,24188
74,23681
74.19,33128
74.065,17440
74.01,15715
74.11,12863
74.07,47774
74.4,93970
74.82,39582
74.685,29295
74.495,25066
74.73,48108
74.565,31551
73.995,16175
74.09,13466
73.77,27817
73.48,38917
73.35,19253
73.54,30486
73.135,41203
73.1,141447
72.68,100434
72.66,40319
72.53,28256
72.76,32129
72.465,29438
72.17,21121
72.305,12881
71.86,30995
71.995,13692
71.955,20505
72.14,17861
72.035,30530
72.455,115036
71.61,40784
71.11,50759
70.36,49503
70.2,47279
70.385,32893
70.305,37849
70.05,26395
69.98,28619
69.73,18887
69.985,22873
70.045,17815
70.06,23388
70.11,89779
69.43,87796
69,76343
68.94,64121
69.355,31894
69.53,44956
69.87,38230
70.06,22583
70.02,33658
70.08,15458
69.965,25722
70.545,22870
70.485,31418
70.605,108054
70.4,30313
70.02,42781
69.57,19539
70.38,24472
70.45,14922
70.62,18765
70.48,12083
70.475,14057
70.125,15397
70.07,13290
69.88,23526
70.08,32415
70.395,71031
69.76,27748
70.62,31224
70.905,22276
71.17,19575
71.355,25266
71.24,15067
71.425,20301
71.61,33456
71.71,17156
71.31,20769
70.915,17484
71.065,32266
71.34,172246
66.01,510452
65.56,256922
64.705,150350
63.75,439160
63.98,151688
64.51,104499
64.765,180626
64.365,71008
64.05,76558
64.185,55787
63.49,94478
63.575,76161
63.255,249534
59.905,536453
58.18,336529
57.44,183235
57.16,231026
58.24,116791
57.83,98505
57.75,109033
58.45,82646
58.085,141667
58.675,91041
58.445,96588
58.205,125248
58.85,371134
56.31,265951
57.15,298638
57.61,137226
58.83,93978
56.98,63808
57.66,35815
57.89,74948
57.3,91608
58.46,101522
59.14,75364
58.455,63038
58.17,91633
58.07,249323
61.24,160512
62.29,116653
62.44,73763
61.145,76439
60.46,41705
61.045,40144
60.815,68896
59.725,79388
59.44,67354
60.08,60931
59.425,60851
59.12,112481
58.37,196000
56.75,247399
58.03,95978
57.48,129732
56.42,86292
56.97,55227
56.735,52506
56.68,76411
56.74,250360
61.47,381216
63.16,296903
65.29,184772
63.49,148238
64.265,208388
62.23,167402
60.89,130863
61.4,101410
61.205,68242
61.02,62034
60.28,73951
59.245,69859
60.435,66524
60.41,63205
61.31,54819
61.78,53585
61.405,53602
60.7,237757
60.88,125060
61.68,100513
60.21,62776
60.59,61095
60.24,69441
60.44,44449
60.38,23890
61.02,40546
61.01,53782
61.76,154276
61.67,55622
61.545,90712
62.185,200073
63.34,170850
63.63,78749
63.885,96798
63.755,95395
63.235,87363
62.93,50792
63.09,39602
63.265,46543
63.695,30740
63.94,26956
63.925,66548
63.87,44294
63.78,148947
64.06,261507
65.085,106244
64.37,41522
64.41,48352
64.66,50925
65.18,108072
65.82,91070
65.73,42073
65.545,35329
65.41,41955
65.26,33860
65.2,71622
64.72,172703
63,108531
62.535,87223
62.37,35684
62.52,61705
63.12,26913
62.68,13720
62.88,21104
62.58,17720
62.84,76659
61.69,33550
62.14,36092
61.62,51688
61.34,110134
62.325,44214
62.64,38445
62.39,28401
62.5,37543
62.93,37865
62.88,41590
63.44,46299
63.43,43150
63.19,22704
63.53,34715
63.62,39001
63.405,37720
63.26,98235
62.88,37714
62.73,32635
62.655,22952
62.47,24860
62.445,24437
62.105,25014
62.3,21430
62.27,27942
62.33,19551
62.11,20065
62.32,25740
62.34,23061
62.38,97764
63.8,56534
64.32,37802
64.23,31043
64.24,26539
64.165,24119
64.425,38305
64.78,16371
64.69,33281
63.98,14597
63.965,16188
64.36,22786
64.59,22922
64.23,96773
66.47,127724
68.37,134775
68.33,63649
68.035,62102
67.23,41644
67.13,49895
67.02,23184
67.16,23722
67.025,26596
66.99,24407
66.455,20285
66.45,49262
66.23,94836
66.26,54276
66.745,35985
67.21,22637
67.41,17415
67.25,21461
67.42,21560
67.72,18035
67.93,21702
68.015,26594
67.99,20806
67.78,52915
68.06,68387
68.11,103624
67.855,50606
67.95,30300
67.87,26066
68.18,21838
68.13,25785
68.25,23949
68.5,23435
68.58,17114
68.68,30433
68.03,18180
68.21,27909
68.27,32953
68.41,114407
68.63,46922
68.73,28496
68.77,21528
68.37,72302
68.12,15371
68.195,16232
67.92,12030
67.98,9183
67.79,12453
68.205,13320
68.21,62196
68.22,17916
68.35,67244
68.03,39408
68.45,21611
68.01,32230
68.55,27690
68.75,16197
68.54,14428
68.66,21515
68.59,28502
68.795,26136
68.905,23832
68.81,11891
68.68,32025
68.9,64175
67.51,67827
66.815,45974
67.64,30985
67.75,31583
67.855,21774
67.92,24358
67.62,24557
67.885,17290
67.93,22558
67.93,51158
67.825,26786
67.66,35682
67.79,104581
68.21,48815
68.4,40581
68.61,37934
68.67,36708
68.78,25380
68.51,31156
68.52,11578
68.47,15110
68.61,8695
68.6,21712
68.64,13402
68.57,19023
68.6,56554
69.74,60749
69.66,58912
70.215,37152
70.18,32098
70.055,61889
70.4,37347
70.56,15186
70.625,25587
70.52,20834
70.52,19012
70.56,25551
70.48,35082
70.73,105365
69.33,69064
70.24,71778
70.56,40952
70.69,51337
70.79,22980
70.79,28395
70.8,22453
70.745,25650
70.68,18068
70.69,29013
70.755,54175
70.7,41195
70.48,92621
69.45,51755
69.82,21514
70.18,16339
70.16,21951
70.13,16034
69.91,20603
70.03,32820
69.73,11899
69.79,14446
69.68,21081
69.89,18758
69.955,21569
69.905,62388
69.75,53402
70.095,27844
70.08,15639
70.05,17727
70.195,17255
70.33,12567
70.19,12830
70.45,27185
70.43,22453
70.34,35639
70.17,35755
70.56,47076
70.095,126826
71.3,37651
71.36,45733
71.54,27892
71.33,28976
71.8,28090
72,17152
71.91,17578
72.205,26873
72.14,23389
71.89,17300
72.11,28119
71.95,53717
72.12,86701
72.18,53973
72.065,33475
71.68,28982
71.71,22174
71.655,13318
71.68,12124
71.47,15985
71.4,18653
71.49,7228
71.59,11498
71.46,18867
71.48,26565
71.55,79599
74.49,206715
75.23,115547
75.06,132773
75.12,89749
75.14,43063
74.92,49345
75.015,31287
75.3,24734
75.17,17931
75.025,25150
75.08,24534
75.02,37417
74.84,121162
75.14,61277
75.495,60068
75.8,27129
75.705,34442
75.99,34095
76.085,35882
75.87,25718
75.87,22627
75.87,14297
75.66,16110
75.655,23519
75.765,28116
75.65,56732
75.61,32721
75.55,36214
75.62,20822
75.465,21237
75.485,52976
75.285,31045
75.28,30324
75.14,22059
75.085,31194
75.28,26983
75.2,43129
75.26,39240
75.16,100396
74.57,113254
75.015,87899
74.56,50795
74.58,29891
74.92,25379
75.145,27243
75.25,28839
75.49,25309
75.59,27550
75.65,18653
75.97,16626
76.06,27671
76.08,66997
75.47,47513
75.49,47883
75.385,43756
75.3,25113
75.435,24767
75.495,46307
75.485,28262
75.56,27807
75.755,15118
75.675,23277
75.74,16448
75.785,30774
75.67,69360
74.96,76820
75.865,59241
76.005,34723
75.98,61844
75.7,33583
75.935,24902
76.055,24086
76.165,29654
76.2,32227
75.965,18483
76.015,22982
76.11,36366
76.04,89392
75.92,41004
75.79,28313
75.9,25606
75.82,19141
75.91,16814
75.94,23221
75.93,20145
75.92,20815
75.925,25131
75.835,48432
75.625,28361
75.66,32271
75.67,109066
75.155,32071
75.31,28566
74.94,24185
74.71,38861
74.535,28656
74.475,14457
74.55,28774
74.67,45347
73.65,64284
73.77,42181
73.72,48860
73.55,56560
73.29,177590
73.275,89115
73.22,60741
73.14,33079
73.24,28676
73.375,28791
73.37,13983
73.39,19381
73.28,31221
73.43,27137
73.685,15248
73.72,25222
73.75,28861
73.86,64949
71.77,43033
72.65,36254
72.61,24918
72.71,15793
72.78,13027
72.8,10098
72.945,9383
72.975,12680
73.29,10436
73.29,12351
73.215,8779
73.2,16027
73.155,78940
74.14,43923
73.95,56946
74.575,42345
74.74,30601
74.83,17685
74.905,26443
74.91,31156
75.055,30373
75.18,23028
75.425,52221
75.465,29458
75.45,80615
75.465,185649
75.565,34294
75.49,26294
75.23,22967
75.04,20613
75.04,12874
75.15,14502
75.18,13953
75.12,11497
75.19,9815
75.17,12970
75.32,15858
75.21,22654
75.14,111608
75.54,42237
75.23,19189
74.97,12094
75.115,11480
75.15,8956
74.805,26099
75.025,29879
75.23,17210
75.18,19924
75.36,32797
75.31,34971
75.32,39229
75.2,78810
75.155,20266
74.625,56812
75.06,41474
75.115,17148
75.17,9647
75.02,15503
74.69,21637
74.655,13805
74.94,12533
75.03,23946
75.39,18493
75.195,33156
75.365,154858
75.165,45618
74.66,34764
75.06,26886
75.04,27729
75.2,14562
75.37,16545
75.31,14013
75.55,15812
75.54,14232
75.63,19829
75.725,20163
75.88,21128
75.86,86689
75.63,33354
75.56,21128
76.105,11018
76.11,16223
76.24,10461
76.39,12841
76.63,11706
76.64,9202
76.5,11284
76.465,15604
76.46,8154
76.46,24411
76.47,100162
76.45,81150
76.86,46300
77.29,31919
77.17,23631
76.87,11271
76.805,12346
76.54,15794
76.67,12392
76.745,13031
76.685,13569
76.6,14425
76.47,28491
76.59,85661
76.615,38618
75.84,33210
76.2,75202
76.465,34882
76.61,47123
76.935,59839
77.075,74377
76.73,31917
77.08,29877
77.15,41267
76.915,28697
76.86,38469
76.39,115987
77.67,51533
78.045,37282
77.98,32470
78.02,39152
77.995,26349
77.995,17762
78.01,16627
77.875,11233
77.92,20651
78.01,25687
78.11,37240
78.18,30336
78.17,110643
78.545,29217
78.86,18225
78.75,30291
78.51,21882
78.28,12518
78.295,16098
78.375,19933
78.41,9097
78.675,12727
78.655,11391
78.715,20023
78.62,27409
78.42,76913
77.82,52783
78.15,30358
77.92,30267
77.69,41767
77.84,21800
77.83,8478
77.95,12076
77.98,11821
77.99,13217
77.83,20219
77.69,16095
77.91,20224
77.97,74046
78.265,21469
78.56,18732
78.49,14921
78.27,21205
78.385,24705
78.33,18204
78.38,9975
78.43,24310
78.865,27637
78.685,39162
78.41,16672
78.505,31646
78.41,105262
77.765,29766
77.95,17118
78.155,25301
78.015,26912
77.73,11587
77.75,15934
77.79,13738
77.735,9387
77.885,11665
77.96,15053
77.93,14370
78.1,19287
78.14,69573
77.01,48982
76.2,32325
76.285,33846
76.805,23543
77.07,26952
76.96,29768
76.955,20730
76.965,26734
76.68,21157
76.735,30498
76.32,23600
76.37,52996
76.19,143215
77.125,51618
77.83,23361
78.015,52016
78.2,42149
78.11,26432
78.18,19620
78.2,11267
78.1,18642
78.08,20024
78.03,21807
78.02,19751
78.03,34292
78.02,107289
77.625,32200
77.935,42500
77.945,21878
77.83,22130
77.525,13513
77.585,12487
77.68,13549
77.51,15840
77.285,32462
77.25,15307
77.23,16956
77.36,22804
77.38,80401
77.56,35481
78.31,31077
78.87,25263
78.62,28174
78.625,24512
78.665,51779
78.77,8558
78.665,14702
78.77,64166
78.59,46471
78.55,83331
78.15,72674
78.05,182143
78.76,35010
78.99,33728
78.64,17555
78.52,16953
78.64,14748
78.595,12874
78.69,16361
78.72,15355
78.37,13049
78.38,33378
78.465,39807
78.45,54452
78.45,102062
78.59,20067
78.89,22343
78.66,14147
78.245,10012
78.24,9055
78.11,6840
77.78,20107
77.88,16492
78.83,19154
79,10213
78.975,10909
79.04,26200
79.11,95353
79.955,84918
80.815,40199
81.075,36032
81.145,41553
81.205,43075
81.085,27586
80.93,26339
81.125,35530
81.18,52474
81.325,19516
81.245,45390
81.36,35896
81.31,166599
81.135,52709
81.32,37143
81.51,44952
81.76,66313
81.85,28968
81.94,33621
82.265,16419
82.125,10109
82.33,25238
82.36,28757
82.585,22885
82.545,45784
82.66,90687
82.84,59619
83.69,63770
84.04,76767
84.345,67891
84.17,22870
84.19,34121
84.38,21881
84.645,25797
84.66,26147
84.585,38927
84.695,50621
84.47,48450
84.4,156968
84.36,78346
84.07,35740
83.995,34670
84.245,36125
84.43,37973
84.37,27089
84.38,13244
84.52,17948
84.49,23644
84.265,23397
84.05,31100
83.85,38437
84.09,149892
84.85,54765
85.26,49632
85.35,36792
85.2,31559
85.12,20452
85.23,18333
85.05,19659
85.07,13810
84.99,13087
84.8,20908
84.92,24670
85.19,29953
85.12,117338
85.005,38725
85.095,78105
85.08,43129
85.005,24005
85.175,51703
85.325,45859
85.7,25758
85.54,47944
86.245,53289
86.435,36381
86.29,43147
86.375,75954
86.18,153657
86.5,92395
85.615,37238
85.87,63583
86.46,36307
86.6,33058
86.765,42269
86.885,33647
86.73,39933
86.575,34284
86.405,29543
86.36,26842
86.55,43005
86.615,99217
87.13,79204
87.98,61704
88.23,62533
88.36,38864
88.395,45820
88.505,42701
88.52,183408
88.62,120
88.62,0
88.62,0
88.62,0
88.62,0
88.62,0
88.26,41441
88.75,29668
88.28,33738
88.09,33067
88.01,27677
88.07,23414
87.81,24403
87.465,31662
87.63,32183
87.53,29627
87.165,40979
87.45,39622
87.34,79109
87.66,70205
86.985,77018
86.175,44354
85.705,32354
86.005,28031
86.13,29790
86.26,16867
86.195,12201
86.32,9499
86.27,12345
85.97,23593
85.98,44290
85.9,90274
86.52,34507
86.3,27159
86.21,42784
85.97,19743
85.99,24067
86.09,25641
85.825,21680
85.755,20868
85.95,19991
86.01,30020
85.71,29004
85.75,32731
85.71,91222
85.81,25686
86.4,15596
86.435,21084
86.63,18882
86.78,24086
86.815,27443
86.85,16239
86.75,17638
86.74,9930
86.825,11632
86.71,19275
86.685,26085
86.87,86683
85.91,48904
85.87,32869
85.955,31658
86.265,23615
86.335,23475
86.3,30756
86.375,61258
86.6,89546
86.53,40097
86.705,16772
86.63,20621
86.905,24780
86.82,72993
86.565,35079
86.575,71890
86.655,41584
86.74,33272
86.975,40230
87.07,25614
87.03,24922
87.04,26396
87.31,27674
87.25,20896
87.3,45566
87.26,74542
87.28,115639
88.645,148760
88.84,110339
88.98,111448
88.93,67171
88.58,173621
90.21,59695
89.66,49212
90.105,49679
90.175,36516
90.32,67503
91.67,99295
91.12,83175
91.475,225291
91.53,164437
89.9,119863
89.87,49865
89.6,69757
88.95,69208
89.03,23065
89.24,28999
89.395,16868
89.42,22446
89.81,19407
89.855,20760
90.11,40300
89.975,93167
90.215,81400
90.97,60578
90.585,67343
91,101281
91.895,103447
92.3,76265
92.485,59563
92.48,32999
92.395,37336
92.6,54103
92.69,46163
92.75,65285
92.83,116761
93.28,55238
93.49,32585
92.835,86845
93.03,32419
93.37,13086
93.465,23449
93.37,52033
93.52,22175
93.12,21595
93.205,21992
93.06,24419
93.015,32998
93.14,73906
93.55,53087
93.965,56714
93.63,26066
93.73,35463
93.97,35797
93.86,38603
93.58,17781
93.45,18730
93.31,23994
93.205,19519
93.315,21709
93.07,31261
92.93,108381
93.61,59939
92.91,38557
93.64,24441
93.82,29809
93.885,27963
94.185,55464
94.22,29789
94.145,30233
94.25,22175
94.205,14017
94.13,31615
94.185,90649
94.09,215660
94.51,224675
94.965,106137
95.02,46221
94.82,62545
94.885,60373
94.995,54291
94.955,24703
95.015,30995
94.99,49439
95.505,39324
95.71,51206
95.6,41712
95.745,130786
96.35,62353
96.57,61758
96.51,24304
96.745,33581
96.545,36665
96.645,18291
96.365,19030
96.095,33873
96.055,19862
96.105,20422
95.915,38012
95.755,40215
95.64,217418
95.47,30187
94.96,32083
94.755,26703
94.955,28223
94.8,61920
94.63,55230
94.885,38050
95.04,54619
95.125,45714
95.31,33922
95.725,60768
95.76,90249
95.915,111221
95.985,73051
95.75,38436
95.625,43434
95.245,29448
95.23,33679
95.17,23918
95.48,16818
95.26,40842
95.44,11285
95.33,18276
95.355,25530
95.61,36421
95.39,69781
95.9,52861
95.89,37148
95.67,51502
95.055,47901
94.75,62950
94.87,31977
94.8,30644
94.88,33024
94.805,23025
94.89,14205
94.83,17747
94.8,31347
94.6,84332
94.98,38817
95.1,37651
95.51,34800
95.655,24006
95.325,20472
95.49,22420
95.5,9029
95.5,13341
95.635,30140
95.82,32167
95.825,50113
94.74,53300
95.115,115961
95.515,21865
95.91,39832
95.27,23612
94.915,72594
94.56,29656
94.81,20849
94.885,19318
94.995,31319
94.36,31861
94.46,37225
94.355,39387
94.405,66399
94.095,96960
91.19,104808
90.03,79524
90.94,35923
90.735,31558
90.59,26208
91.46,23504
91.52,14902
91.09,23429
90.99,23849
91.17,47891
91.375,25136
91.45,23785
91.78,84935
91.555,118180
92.585,43161
92.455,34494
92.66,28664
92.31,31135
91.925,23067
91.84,17588
92.18,15955
92.24,15634
92.095,23739
92.05,24846
91.985,21399
92.16,74853
92.375,58464
91.825,34840
90.86,41005
90.27,43230
90.4,28006
90.665,35680
90.93,42096
90.98,20466
91.24,42412
91.47,21600
91.32,21876
91.545,51754
91.53,103387
91.915,27905
92.22,23917
91.97,31749
92.15,37670
92.1,25549
92.31,36987
92.22,16816
92.275,9653
92.17,9775
92.39,21653
92.17,14500
92.085,20449
92.295,69865
93.175,57510
92.92,29695
92.33,21961
92.18,15582
92.19,21871
91.98,28713
91.96,22964
91.56,15052
91.44,47224
91.38,29325
91.36,33555
91.375,29957
91.325,82605
91.845,41419
91.91,46783
92.28,25031
92.15,23363
92.41,17544
92.385,26898
92.55,25481
92.65,30833
92.885,34017
93.08,30849
93.095,27553
93.07,29486
93.01,98168
92.74,38837
92.83,26326
92.415,30750
92.33,61290
92.405,17641
92.45,16384
92.44,12900
92.26,7621
92.38,11646
92.425,15876
92.12,9457
92.24,15989
92.365,52950
93.16,45023
94.15,39152
94.9,61160
94.875,27711
94.695,24088
94.9,34866
95.16,25964
95.105,24436
95.17,27725
95.275,21156
95.27,19916
95.165,53464
95.09,94329
96.11,32274
95.61,34099
95.8,37965
95.75,32519
95.72,26338
95.715,23881
95.21,57536
94.95,24166
95.01,49920
95.1,44516
95.28,32447
95.2,42362
95.08,156498
94.46,52820
94.81,59240
94.94,36920
94.815,34440
94.665,21556
94.795,27801
94.36,22030
94.575,19833
94.87,23046
94.76,27918
94.755,49363
94.93,41258
94.915,87108
95.39,38285
94.65,48107
94.21,43392
94.095,38329
94.17,33759
94.115,20246
94.23,21463
94.145,26329
94.115,31622
94.16,32129
94.26,23595
94.36,57242
94.165,118172
93.425,72108
93.655,58771
93.775,28717
93.935,21924
93.82,17267
93.895,21856
93.78,9734
93.915,10628
93.84,14586
93.935,11923
94.18,13837
94.23,16729
94.24,60887
93.935,55697
93.53,63324
94.07,33419
94.11,37401
94.155,54584
93.82,25924
93.865,20150
93.82,22481
93.875,16655
93.92,23822
93.68,36279
93.705,44075
93.48,122672
93.45,72059
91.42,121758
92.26,33565
91.965,51752
92.815,35832
92.405,22581
92.745,20068
92.43,19753
92.64,16430
92.925,18480
92.74,19274
92.96,27964
93.18,75708
92.84,73981
91.88,30042
92.26,21497
92.41,28166
92.61,18127
92.21,16843
92.255,10887
92.37,18567
92.51,8929
92.64,7896
92.56,12451
92.7,19193
92.59,75252
93.06,42526
92.94,114942
94.11,61159
95.1,46875
95.41,36153
95.28,44313
95.4,26993
95.375,25121
95.405,18449
95.23,17199
95.13,27108
95.42,34291
95.165,100655
95.24,51751
95.28,32772
95.365,32028
95.33,27248
95.37,18387
95.17,18105
95.24,17123
95.2,17037
95.035,13747
95.06,20847
95.12,16958
95.25,30009
95.12,97348
94.84,28276
94.235,23434
94.5,22188
94.57,15558
94.51,10000
94.9,10824
94.92,12830
95.08,13873
95.1,11460
95.08,16314
95.19,21298
95.28,24800
95.44,67178
95.285,23961
95.76,36643
96.13,43811
96.63,58462
97.22,32744
96.875,24462
96.855,22861
96.85,16847
97.255,15170
97.24,11115
97.195,12355
97.34,30607
97.3,88823
97.32,25648
97.195,12540
97.33,16652
96.94,13245
96.745,15918
96.855,13967
96.935,10864
96.65,9926
96.58,9631
96.72,17548
96.815,51673
97.14,28556
97.04,88745
96.735,15530
96.51,23214
96.42,34660
96.13,24741
96.44,16631
96.55,7771
96.775,15957
96.59,31460
96.68,7083
96.82,10708
96.83,8139
96.64,12348
96.6,104959
94.92,87719
94.24,32136
93.895,32266
93.87,30836
93.73,44388
93.575,26957
93.83,25138
93.95,41707
93.89,30016
94.15,47501
94.18,31735
94.2,70986
94.33,162211
94.76,35167
94.915,24015
94.71,25992
94.69,30103
93.985,34230
93.8,25445
93.62,32209
93.58,19183
93.93,13761
93.88,14793
94.09,6772
94.38,23279
94.4,76966
95.44,87749
96.09,46103
96.21,23936
96.525,39460
96.31,41015
96.315,25217
96.25,25906
96.37,20873
96.64,19192
96.835,24086
96.975,26606
96.905,29104
97.04,90534
97.38,83293
95.915,100527
95.15,47328
94.52,35753
95.15,32070
95.13,23423
95.12,20454
95.615,12152
95.49,16447
95.38,22833
95.49,25099
95.67,30712
95.68,78624
95.67,38403
94.95,32265
95.08,30504
95.78,33394
95.495,18583
95.01,12261
95.095,13447
95.24,17090
95.225,23519
95.1,25561
95.245,29886
95.64,37569
95.39,130392
95.48,41416
96.7,50572
96.745,70752
97.32,40627
97.93,39254
97.65,28239
97.69,21295
97.69,149052
97.67,29668
97.09,22709
97.665,43611
97.66,39296
97.34,106771
97.85,60455
97.57,28758
97.395,26611
96.92,42426
96.59,13629
97.22,17447
97.25,12597
97.34,23628
96.94,14356
97.185,14224
97,17665
97.19,23283
96.89,82393
97.355,34996
98.04,29433
98.28,22701
98.485,22716
98.3,30590
98.21,20640
98.445,16301
98.4,15899
98.43,14870
98.79,21538
98.615,35979
98.57,32709
98.71,96691
98.76,28484
98.935,29104
99.07,24108
99.315,15695
99.15,11128
99.19,7998
99.275,9433
99.315,13197
99.375,13017
99.365,15413
99.34,16894
99.32,31621
99.425,112520
99.995,30357
99.985,29712
99.9,9567
99.965,9710
99.565,14250
99.51,9751
99.685,5996
99.77,11442
99.93,12648
99.945,20586
99.91,17508
99.955,24035
99.93,85750
99.82,57007
99.68,26490
99.51,20909
99.62,19355
99.485,23794
99.47,21824
99.83,21757
99.87,23923
100.02,34783
100.27,30905
100.58,27917
100.76,30913
100.25,77636
100.425,46379
101.59,45414
101.485,42670
101.855,48714
101.64,37811
101.44,29928
101.23,22733
101.055,17612
101.1,18401
101.37,61254
101.97,85730
101.495,86053
101.96,222491
101.915,84664
102.22,28726
102.62,39921
102.205,30075
102.065,19439
102.16,23199
102.33,20699
102.49,18286
102.25,15775
102.31,15511
102.3,19753
102.47,15733
102.22,110106
102.535,24720
102.135,19449
102.29,25744
101.98,38134
102.27,20895
102.395,12300
102.635,8586
102.77,9877
102.87,13927
102.92,10950
102.88,12822
102.955,20710
103.085,60886
101.76,33354
102.58,22211
102.39,14380
102.575,18115
102.785,12318
103,16630
103.21,11721
103.25,29046
103.475,59870
103.415,27903
103.355,32080
103.435,45656
103.235,76231
103.585,109778
105.035,58380
105.23,42527
105.355,43839
104.645,43745
104.6,51584
104.75,42252
104.835,49772
104.08,93845
103.01,75904
102.47,69144
102.68,86682
102.805,141997
103.745,28553
103.96,25521
103.765,19825
103.76,33705
103.03,55008
102.22,32012
102.595,21154
102.54,25319
102.42,34393
101.93,44782
102.17,57233
101.83,73699
101.965,176467
101.03,51162
101.34,33525
101.99,40323
101.925,20210
101.81,20139
102,9864
102,20936
102.04,15993
101.77,8140
101.67,14695
101.92,9825
101.96,12561
101.9,63554
102.51,40009
103.98,36699
102.945,32492
102.79,30637
103.54,12739
103.27,11940
103.61,14168
103.78,7372
103.75,6640
103.8,11921
103.91,9217
103.74,21871
103.665,39431
103.83,25935
103.415,54563
103.41,29127
103.1,16562
103,15699
103.065,16504
103,14140
103.29,13854
103.06,8703
103.015,16867
103.245,33674
103.345,35090
103.205,147881
103.095,27151
102.96,31537
102.005,119980
99.81,109711
99.845,39006
100.19,31251
100.18,33427
99.59,27393
99.65,23502
99.99,25299
100.42,38901
100.75,31706
101.38,122945
100.82,46122
99.375,41469
99.87,33827
99.64,18703
99.59,20899
99.83,51889
99.52,16864
99.23,22263
99.1,24509
98.825,54298
99.03,9416
99.04,41524
98.78,99356
99.12,30439
97.64,35667
97.6,33520
97.39,19313
97.135,30191
96.96,19249
97.02,15946
97.08,23577
96.945,30591
96.94,24289
97.11,31983
97.21,37814
97.495,80509
97.745,36733
97.89,29910
98.165,71759
98.21,77813
97.94,34151
98.145,26764
98.095,43023
98.12,96619
97.95,50875
97.645,30039
97.87,18103
97.79,37015
97.685,137919
99.195,68956
97.98,36289
98.09,24917
98.435,17237
98.445,16752
98.31,11894
98.42,22462
98.17,21171
98.41,25622
98.21,21840
98.17,19826
97.98,30397
98,51529
98.445,44435
98.395,24392
97.72,12678
97.535,18232
97.395,13571
96.75,19497
97.005,20068
97.13,15820
97.195,21051
97.3,17939
97.21,21894
97.27,21666
97.375,58508
98.19,53425
96.815,41642
97.74,48520
97.57,48581
97.62,30143
97.64,21003
97.605,29667
97.68,22779
97.48,20495
97.25,20993
96.99,26402
96.86,30176
96.765,95922
97.02,42037
95.76,33502
95.67,48364
95.48,31241
95.76,27691
95.845,41843
95.915,20089
95.97,13259
96.09,16706
96.125,18942
96.045,16894
95.795,26709
95.63,92051
96.195,63063
96.46,58803
97.185,89911
96.61,98052
95.255,58617
94.9,37259
95.115,29504
94.945,18751
94.74,16820
94.9,20895
94.75,45924
94.25,43644
93.885,134697
95.7,86709
96.155,87276
96.24,55757
96.225,60657
96.78,41130
96.77,46343
96.7,28159
96.67,48698
96.52,52242
96.31,48487
96.565,63990
96.485,73521
96.6,140946
95.65,131112
95.34,82259
96.72,82844
97.58,41721
97.385,154865
99.38,87336
99.58,61540
100.28,64431
100.3,109086
100.81,47694
100.34,49399
100.59,71584
100.49,152284
100.905,67335
100.32,56248
100.7,77985
100.38,43002
100.315,51766
99.755,21579
99.95,14979
99.64,24284
99.6,37457
99.75,24684
99.49,32237
100.085,68254
99.63,81729
100.255,96347
99.02,65881
99.19,99601
98.855,95282
97.965,111292
98.05,51090
98.35,74069
97.76,32286
98.05,28422
97.595,106831
96.38,98393
96.43,55834
95.72,133500
96.26,64605
96.155,51395
96.56,93683
96.305,38905
96.62,60629
97.25,63600
97.63,40210
97.08,30784
97.18,38182
97.32,37183
97.61,29165
97.755,44909
97.78,122061
97.465,73722
98.595,29695
98.63,38421
99.4,23281
99.3,32168
99.11,24212
99.14,18312
99.085,17670
99.13,25690
99.34,18778
99.39,22585
99.32,20786
99.32,106863
98.925,30319
98.81,41015
98.41,15879
98.85,16686
98.62,13795
98.47,9851
98.59,8803
98.505,20830
98.27,19118
98.47,16265
98.235,11509
98.32,26351
98.21,53936
98.19,84649
97.31,68642
96.61,44863
96.47,45032
96.42,30723
96.45,33401
96.165,42907
95.97,25189
95.565,34279
95.33,41402
95.955,27294
96.26,50735
96.645,184284
96.51,33922
97.37,29765
97.175,48882
97.27,32875
96.92,17849
96.785,9402
96.685,13693
96.85,13852
96.845,20367
96.92,19747
96.805,15230
96.685,23521
96.525,61006
97.515,37247
98.665,30049
98.69,46303
98.92,39049
99.42,21703
99.255,15121
98.82,17419
99.05,12859
99.13,19089
98.94,16239
99.08,21065
99.22,26361
99.105,123181
99.21,31142
100.2,45413
100.49,26583
101.015,33957
100.075,18810
100.28,22836
100.475,13594
100.62,23758
100.855,7501
100.83,21293
100.66,17868
100.91,24799
100.935,79793
100.87,32586
101.035,16610
101.36,27848
100.92,30585
100.81,16385
100.45,20437
100.39,16817
100.57,13935
100.78,14371
101.08,22160
101.315,19218
101.165,43395
101.22,57520
101.29,29858
101.3,34663
100.695,28610
100.64,48096
100.735,28852
100.955,16294
100.83,12508
100.69,12383
100.31,26669
100.27,26337
100.205,62234
100.18,48474
99.56,91960
98.69,45257
100.265,34193
100.23,33334
101.01,29613
100.81,33389
100.68,16364
100.8,10000
100.78,9677
100.84,12882
101.06,14922
100.8,15912
100.41,32665
100.21,89931
99.91,34662
100.365,37707
100.32,36947
100.305,19432
100.185,28634
99.85,20055
100.18,15121
100.04,19844
100.13,16555
100.21,38032
100.68,29031
101.025,33125
101.23,107008
100.205,44582
100.37,36915
99.64,96130
100.575,31111
100.66,15812
100.54,17895
100.82,21824
100.955,33584
100.97,22697
101.07,28076
101.43,25949
101.24,33273
101.34,98800
100.29,74189
101.21,73104
102.135,31800
101.45,29123
101.74,10910
101.775,24320
101.34,19501
101.18,16866
100.99,14968
101.02,18085
100.81,16859
100.68,21988
101.07,96782
101.04,66512
100.52,41382
101.04,19978
101.26,20257
101.14,30015
101.45,23138
101.98,19699
102.015,15528
101.8,34162
101.935,18382
101.82,18916
101.96,19994
102.11,80931
101.72,52870
101.095,44502
101.01,30432
100.37,23573
100.24,22786
100.19,22993
100.06,15668
100.72,16042
100.95,20730
101.12,16230
101.42,26408
101.4,37080
101.28,88080
100.005,74473
99.74,63283
99.21,62732
98.24,53249
97.99,36436
98.02,47905
98.105,59828
98.08,52207
99.305,25892
99.415,23914
99.77,50710
100.38,43575
100.16,93566
101.36,75462
101.325,42194
101.44,49716
100.47,24765
100.49,24522
100.745,35841
101.22,31129
101.655,18622
102.01,22885
101.97,16472
102.07,27905
101.86,30315
101.74,90093
101.835,39874
101.19,56281
100.6,34947
100.8,35354
101.03,42267
101.21,23676
101.58,22559
101.35,48281
101.47,30875
101.28,44610
101.2,44579
101.16,40249
100.93,122049
101.21,82481
103.69,91297
103.475,110646
103.51,75099
103.29,43230
103.07,29576
103,24139
103.02,20076
102.99,14284
103.06,21313
102.82,19494
102.91,48210
102.87,203502
102.7,34614
102.93,43579
103.3,36479
102.82,26968
102.52,26747
102.225,19513
102.165,28452
102,18397
101.77,37488
101.155,48471
101.53,33129
100.89,31084
100.76,84964
99.595,82049
99.93,30789
99.78,28011
100.475,24605
100.86,32600
101.085,28478
101.25,22158
101.04,14938
101.11,13199
100.96,15927
101.085,10579
101.145,30120
100.44,90923
100.02,42278
100.055,26015
99.84,24024
99.95,25219
99.8,15942
99.99,11570
100.09,17671
99.5,12920
99.3,11264
98.81,38639
98.27,32757
97.34,38974
97.68,85627
97.38,59273
96.98,57108
96.68,44230
97.34,36002
98.385,15251
98.405,10574
98.14,19528
99.28,15896
99.13,16088
99.04,10848
98.89,19272
99.21,17073
98.78,87881
98.45,37776
99.925,38192
100.17,31441
99.84,22132
100.015,13075
99.9,12949
99.64,20800
99.65,22234
99.665,15810
99.61,21128
99.12,20162
99.37,28335
99.79,79322
101.06,70577
102.24,49925
102.585,38478
101.96,59216
100.975,42566
99.35,36383
98.65,43367
98.525,22796
99.15,29235
98.11,34111
98.44,27234
98.84,48625
98.17,100852
98.125,77065
97.22,46085
96.325,58650
96.95,39384
97.345,42379
98.27,35413
98.54,31181
98.79,30242
98.21,29908
98.75,20060
99.09,41062
99.04,44851
98.51,67744
98.9,67902
99.42,40629
99.72,30722
100.395,20552
100.26,18578
100.155,25563
99.99,33082
100.24,22488
100.14,16367
100.235,26233
100.01,29031
99.84,31280
100.04,130240
100.355,54856
100.69,28457
100.21,23201
100.41,16900
100.48,27358
100.34,30199
100.72,28142
100.72,23345
101.09,12491
100.96,20972
101.075,16689
101.205,30974
101.345,110452
101.46,51710
101.65,83629
102.31,26784
103,28885
102.97,20988
102.81,9946
102.8,9715
102.85,12602
102.77,4820
102.685,16126
103.13,17264
103.055,26346
103.075,85513
102.72,27889
103.355,25081
103.67,14862
104.01,17074
104.12,16018
104.02,17219
103.85,47216
103.85,0
103.85,0
103.85,0
103.85,0
103.85,0
103.85,0
103.1,38042
104.25,38782
103.01,29308
103.33,17519
103.2,14059
103.325,12073
103.27,12478
103.29,13783
103.24,10608
103.08,13471
102.61,22164
102.52,20143
102.75,106863
103.445,38582
103.655,49515
103.735,16650
104.08,16203
103.71,55750
103.61,55395
103.745,36193
103.435,18057
103.65,7462
103.64,9587
103.7,8420
103.71,16734
103.675,55764
103.1,46256
104.32,26492
104.73,36038
105.01,48245
105.3,27573
105.38,18569
105.935,35954
106.485,37990
106.58,31750
106.625,21795
106.49,25253
106.29,30989
106.455,178149
106.78,34451
107.41,59172
108.03,44952
108.15,27453
108.07,30131
108.115,44380
108.27,41690
108.53,38680
108.57,33801
108.37,54105
107.585,57539
107.945,52888
107.565,111923
107.67,74207
108.46,64645
108.69,61040
108.67,45057
108.765,41605
108.81,52473
108.68,20780
108.77,42706
108.735,57667
108.39,42663
108.48,31238
109,30219
109.06,122628
109.12,99276
109.99,46090
108.97,26660
109.08,20957
109.24,18864
108.69,39893
108.22,26091
108.38,28656
107.905,8748
108.05,11523
108.18,11384
108.48,22985
108.7,63304
109.04,37813
109.14,20175
109.04,26830
109.68,24722
109.5,19903
109.125,27483
108.97,64193
108.34,34884
107.64,27196
107.745,19847
107.7,17574
107.95,159740
108.76,225243
109.3,48563
110.15,23079
110.31,19968
110.25,30371
110.8,14587
110.51,12251
110.21,7894
110.18,10879
110.435,29599
110.4,23753
110.81,27797
111.735,29269
111.53,108723
111.45,60898
111.365,47728
112.17,40270
112.28,26801
111.86,38762
112.02,23703
111.695,16142
111.77,17767
111.8,28213
111.85,42561
111.295,34868
111.7,40645
111.71,105194
113.26,124278
112.36,39239
111.69,30393
112,38115
111.87,47587
112.27,19728
112.475,23418
112.64,16413
112.63,28157
112.04,20345
111.62,21999
111.7,58679
111.36,107114
112.45,78823
113.285,46845
112.865,37384
112.655,33268
112.735,22512
112.62,30698
112.71,27257
112.86,25633
113.04,31799
113.29,25984
113.17,37569
113.43,57780
113.015,118571
112.8,128760
112.59,45264
111.315,60789
111.75,39494
111.215,24513
111.495,50005
111.57,32985
110.96,59084
111.09,16014
111.35,19377
111.38,18239
111.29,28907
111.445,96420
111.89,29479
112.975,26722
112.62,32328
111.49,25339
111.84,19805
111.9,20778
111.81,12737
111.63,9928
111.35,11792
111.15,19569
111.235,33393
111.49,28662
111.48,63327
112.22,72158
113.55,23526
113.39,23161
113.57,28617
113.58,21780
113.34,26953
112.4,19476
112.92,20587
113.36,52573
113.24,21695
113.25,17918
112.925,27667
113.14,105638
113.42,74502
114.17,49645
114.725,39220
114.69,28916
114.85,28947
114.925,48213
114.78,50426
114.935,37263
115.17,30126
115.24,46244
115.175,42008
115.465,67310
115.21,140592
115.06,63470
116.57,29002
116.27,28995
117.075,25131
117.45,30107
118,31873
118.265,40831
118.41,29018
118.27,21979
118.26,39143
118.085,27219
118.385,39761
118.46,85377
118.24,57283
119.3,49791
119.07,39375
119.81,39853
119.53,39770
119.56,30507
119.77,34337
119.745,23260
119.91,22921
119.95,20188
119.76,36468
119.595,56097
119.525,127579
119.6,89376
121.065,98202
122.06,74795
122.06,57771
122.36,59853
122.55,65993
122.54,90228
122.54,0
122.54,0
122.54,0
122.54,0
122.54,0
122.54,0
121.63,57476
121.01,26794
121.16,31700
120.885,43011
120.575,24962
120.37,37506
119.97,34723
119.82,27979
119.98,23109
120.25,25026
120.21,19827
120.29,29746
120.29,87861
120.3,47059
119.105,92542
118.665,32410
118.72,31197
118.62,26656
118.54,15500
118.51,29024
118.535,14675
118.45,21721
118.31,13320
118.25,17797
118.17,21255
118.4,89321
118.3,69881
116.93,39441
117.015,19193
117.07,16777
117,15478
116.945,15439
116.98,21706
116.88,13057
116.94,17358
116.93,14243
116.84,20143
116.85,25096
116.955,87482
117.4,16800
117.09,13948
117.085,11856
116.88,17845
117.045,14645
116.88,8709
116.86,9233
116.92,8063
117.04,6675
117.24,6124
117.13,7089
116.86,24872
116.785,48397
117.3,42885
117.21,50250
117.005,31270
117.81,31608
117.77,20243
117.63,32126
117.97,17233
117.79,20115
117.89,22211
118.34,19578
118.54,18410
118.52,17718
118.41,104270
119.3,80973
122.81,65233
123.23,48651
123.575,41320
123.16,40306
123.47,30510
123.89,24244
123.87,29148
123.8,17881
123.93,20625
123.645,31529
123.61,73873
123.9,104009
123.68,46449
123.17,36177
123.07,42618
123.22,23167
123.51,16986
123.64,13171
123.92,18130
123.69,8987
123.56,13664
123.65,24621
123.46,37239
123.12,29811
122.93,92979
122.21,48462
121.29,48331
120.99,41964
121.31,36758
121.03,31984
121.46,19867
121.67,29353
121.37,18540
121.49,35791
121.62,31541
121.37,33191
121.55,30136
121.015,90361
120.88,47136
121.45,30461
121.475,18913
121.67,35060
122.175,34741
121.865,27351
121.81,43824
121.67,45348
121.15,46276
120.55,64393
120.44,38758
120.27,61636
120.83,170248
120.85,47884
121.23,36141
121.2,30547
121.37,24918
121.545,14144
121.465,14187
121.395,13271
121.315,9353
121.34,17450
121.28,12398
121.26,8811
121.32,8520
121.31,58405
116.99,246350
117.56,88167
117.22,96907
117.08,67076
117.04,51395
117.09,29772
117.01,40234
116.82,36586
117.07,28655
117.14,28157
117,34975
117.24,54018
117.27,129614
118.09,80380
117.38,99261
116.715,58111
117.485,48795
117.425,28281
117.22,40521
117.08,54119
116.68,46374
116.47,67080
116.39,64701
115.8,70289
116.4,83600
115.965,176882
117.91,193619
113.24,147279
113.5,102341
112.725,114855
112.52,108221
111.23,87324
111.11,31175
111.065,39488
111.69,48639
111.89,46312
111.76,62272
112.05,76930
111.69,205561
113.56,172972
116.285,134015
117.6,80973
117.615,32599
116.86,26383
116.95,28763
116.85,37008
116.96,34885
117.17,29875
117.12,65994
116.795,52239
116.845,47059
116.59,148504
117.79,61393
117.245,62109
117.39,42584
117.695,78533
118.16,52709
118.68,47112
118.91,49097
119.12,37369
118.865,31639
118.44,45405
118.49,47111
118.35,39941
118.04,142782
114.46,104623
115.005,70861
116.29,49567
116.02,49107
115.23,78511
115.26,52731
115.115,32107
114.765,32756
114.37,79330
113.455,105525
112.745,88452
112.77,75797
113.175,219831
113.46,76898
115.29,51701
114.92,34442
114.64,58421
113.89,61064
113.76,47793
114.01,26690
114.46,20122
114.395,16661
114.5,46417
115.15,37543
114.985,35948
114.25,100643
115.785,43391
114.525,30804
114.48,22664
114.45,23213
114.84,24646
115.285,65725
115.92,42018
116.48,31908
115.91,22105
115.985,18744
115.78,22231
115.3,45111
115.255,88149
114.9,51911
115.35,44623
114.44,51103
114.08,53978
114,31303
113.44,25015
113.715,15327
113.33,16420
113.31,25907
113.8,37134
113.85,24378
113.65,31687
113.62,81662
113.9,52537
114.945,37210
114.51,25050
114.77,31309
114.69,24509
114.58,15095
114.87,15046
114.86,11868
114.96,7796
114.915,9819
115.15,14210
114.93,25249
114.975,64970
114.8,32745
114.74,31686
113.81,34531
114.55,19848
114.39,30815
114.355,29883
114.33,27670
114.245,17828
114.4,13259
114.49,12914
114.64,11512
114.785,19268
114.88,51159
114.62,28491
115.65,18063
114.885,19977
115.07,18342
114.535,37903
114.545,25227
114.235,29898
113.89,33678
114.025,38749
113.575,29669
113.55,46274
113.17,21996
113.705,73552
115.14,31612
114.38,27194
114.28,21999
113.85,18879
114.16,24137
113.91,24593
114.595,17792
113.925,24056
114.075,13107
114.03,16895
114.29,25735
114.35,30097
114.34,62901
114.31,87921
116.23,91742
115.74,51931
115.78,38193
115.22,25682
115.2,33852
115.28,33324
114.725,20882
114.77,27196
115.31,29432
115.87,27610
115.68,28565
115.77,106271
115.2,76464
115.645,78587
115.5,54790
116.27,63823
116.3,41587
116.405,43630
116.7,35029
116.91,29522
116.495,19854
116.6,21593
116.845,39193
116.55,40319
116.535,200736
116.81,46196
118.14,41740
117.41,25872
118.13,29273
117.58,36384
117.16,16070
116.63,22062
115.5,53478
116.045,22255
116.07,31095
116.38,28495
116.92,26845
117.13,73714
118.06,120488
119.035,52564
119.165,64830
119.6,31820
119.51,33401
119.21,26803
118.42,33600
117.81,13238
117.83,15252
117.27,26474
117.025,35374
117.81,36815
118.19,112790
115.97,109836
115.54,112961
113.67,62354
113.41,67401
113.87,44177
115.5,27272
115.295,28346
115.645,29299
115.31,35682
115.2,20544
115.64,30188
115.92,50878
115.98,114149
117.71,67040
120.84,138580
121.52,79068
121.895,56396
121.79,35200
122.64,41511
122.69,22970
122.86,37633
122.45,30289
122.325,17763
122.135,24992
122.1,44569
121.91,127445
122.12,49448
122.94,48014
123.595,37127
124.73,52128
124.43,40544
124.3,40639
124.635,24739
124.54,19311
124.47,23566
125.01,28754
124.91,27555
124.95,44778
124.35,117677
123.72,90652
124.135,40071
123.98,20706
123.345,27756
121.835,21699
122.28,33367
121.515,52928
120.985,43357
120.54,33847
120.055,34815
120.88,36206
121.39,29211
121.87,72638
123.585,73223
121.555,56098
119.71,52546
119.58,23652
119.18,55325
119.485,23217
119.345,32133
118.985,27784
118.73,35330
117.76,56213
118.01,38901
118.35,40898
117.81,112884
118.01,45280
117.6,25627
115.82,56859
114.17,80866
112.48,73481
111.78,45685
111.105,27879
111.21,28721
111.41,24851
112.08,13516
112.39,22085
112.4,24385
111.72,156159
109.67,184066
110.4,94765
110.52,57751
110.42,93208
110.9,66534
111.08,41423
111.09,49343
110.84,27237
110.75,25073
110.5,31006
110.52,27947
110.34,71509
110.14,158848
112.66,116723
113.36,55853
113.015,34766
113.695,23406
113.56,34193
113.905,26344
113.435,19367
113.435,16459
113.41,19316
113.965,20463
113.74,39699
114.08,50593
114.14,110151
115.14,102145
116.695,46033
116.34,45335
116.53,35178
116.67,23671
116.575,25496
116.77,22883
116.71,31633
115.995,35070
115.74,34486
115.83,25345
115.705,43793
115.64,89411
114.91,35195
114.825,32496
114.935,23374
115.38,17561
114.99,19184
114.73,18722
114.85,10019
114.7,13384
114.37,16421
114.77,19697
114.745,20433
115.13,28138
115.46,177164
114.85,53988
114.455,70171
114.63,30862
114.45,30070
113.95,30980
114.76,13825
114.305,26024
114.89,13020
114.55,30166
115.61,14271
115.27,26019
115.095,22041
115.425,71771