212.685,1366
213.99,4818
214.64,14208
214.17,7698
214.75,7055
214.65,6036
214.22,6835
214.515,7091
214.57,7190
213.9,4707
213.875,5759
213.88,1745
213.59,2000
213.865,4980
213.49,1879
213.93,2916
213.59,2393
213.01,2519
213.02,629
213.03,928
213.07,2104
212.4,2264
212.69,6025
212.12,9951
210.585,12827
210.43,27522
211.02,6452
211.54,9081
211.64,8275
212.07,4431
212.09,4603
212.55,4795
212.31,4515
212.96,1847
212.89,5942
213.1,6599
213.425,3998
213.07,5398
213.01,6528
212.81,5108
212.98,4283
212.82,3884
212.26,3296
212.7,4276
212.43,3058
212.645,2236
212.365,13875
212.605,11878
212.62,18773
212.395,36309
212.28,15871
211.3,27387
209.915,5374
211.505,3968
212.41,3111
212.31,4273
212.27,3811
212.39,3078
212,1369
212.27,2384
211.925,1667
212.05,2255
211.46,1909
211.99,4103
212.34,1325
211.47,2448
211.06,2182
210.7,3342
210.555,1148
210.545,4095
210.215,3106
210.65,2886
211.06,3924
211.47,1588
211.23,4283
211.41,4621
211.3,6023
211.25,11226
212.11,2875
213.43,2602
213.39,2522
213.23,1015
214.285,914
214.11,2146
213.2,1721
213.76,1047
213.385,267
212.75,100
212.725,1558
212.215,1500
212.76,451
212.67,556
212.985,835
213.025,1379
213.255,595
213.3,1490
213.3,0
212.74,349
212.4,1459
212.125,1041
211.91,695
212.03,4708
211.7,2983
212.32,12258
212.745,5772
212.25,6695
212.7,2417
212.715,5636
212.19,4537
212.235,1670
212.36,2364
211.48,4885
210.89,6771
211.37,2930
211.67,3403
211.98,2366
211.925,4134
211.06,2637
211.045,786
211.29,3308
211.3,2222
211.71,1987
211.2,1782
211.455,1953
211.84,1436
212.245,2406
212.74,2836
212.79,4204
212.59,7170
212.39,24916
213.87,5756
214.97,6557
215.15,5743
214.61,7145
214.92,9401
215.62,7911
215.17,5876
215.29,4719
214.72,13037
214.29,2960
215.2,3280
215.525,2830
215.47,3410
215.23,3667
214.88,2532
214.235,4790
213.725,3813
213.705,3719
213.49,3231
213.71,3512
213.285,2851
213.61,4733
212.365,8392
211.405,8480
211.36,9414
211.44,30629
211.465,17433
211.56,16208
210.62,21125
210.38,13749
210.32,7563
210.64,9706
209.77,7838
209.92,8637
209.36,9040
209.71,7873
209.275,5300
209.4,9599
209.04,7489
208.89,6749
208.6,8542
209,7243
208.87,4170
209.12,1726
209.235,6746
209.89,1795
209.53,6521
209.93,6463
210.36,3656
209.87,5348
209.645,11353
209.6,27274
208.465,2603
209.66,4119
209.785,5904
208.565,4200
208.09,1410
208.515,2270
208.08,3155
208.15,7332
207.555,6463
207.5,17083
207.22,7327
207.985,7351
208.27,6171
208.09,3653
208.345,6051
208.01,3413
207.59,3898
207.86,4826
208.59,11124
209.6,5281
209.39,10486
209.36,4460
209.96,6280
210.05,8055
209.795,12144
209.665,28335
208.775,6571
209.005,12161
208.9,8810
209.06,3926
209.315,4201
210.23,3045
210.03,5041
209.79,2930
210.32,1618
209.64,1982
209.09,1473
208.505,1783
208.6,3687
208.28,2041
208.68,1072
209.06,3750
208.8,2370
208.57,2472
208.85,4127
209.22,5555
209.245,29131
210.42,20138
210.03,6079
210.63,11386
210.85,12780
210.93,35154
210.79,7695
211.1,17374
211.99,16415
213.12,13530
214.32,12531
213.805,5713
214.1,17739
214.57,18491
213.175,11744
213.24,9704
213.38,4156
212.83,9205
213.47,4951
214.3,5155
214.185,6251
214.39,4389
213.98,8496
214.32,6742
214.4,5655
214.6,6720
214.875,4539
214.61,5272
214.47,7230
214.605,9493
214.835,11272
214.48,32431
213.49,13620
209.98,8440
210.06,8687
209.52,4366
209.79,5714
208.53,19304
208.625,3960
209.24,3296
208.77,4961
209.58,7125
209.31,4154
208.35,5654
208.14,4969
208.04,4926
207.65,3751
207.825,4652
208.01,4371
208.11,5307
207.36,3758
208.82,3306
209.3,3813
210.295,1843
210.3,5774
209.535,8510
208.75,19890
209.18,29899
207.09,10445
206.635,24375
205.12,10778
205.67,3776
205.88,3076
205.305,18492
205.94,6138
206.13,5613
206.51,3567
206.615,1601
207.05,8231
206.71,5297
206.98,4253
206.485,3749
206.62,3830
206.8,5470
207.345,3047
207.44,4097
206.72,2102
207.02,1513
207.16,3930
207.56,4971
207.53,4193
207.11,8377
207.1,9439
207.055,31746
205.555,1797
207.245,2649
206.535,10503
207.335,1840
207.365,4612
207.41,3195
206.58,1282
206.22,3909
206.06,4067
205.805,4562
205.44,3948
205.99,3665
205.65,5239
205.59,2209
206.1,1933
205.67,2080
205.285,2288
205.34,2492
205.32,1686
206,2651
206.01,3078
206.225,5492
206.655,4449
206.81,5012
206.375,7672
206.57,19562
208.57,9879
209.07,4836
209.36,6464
209.07,6155
209.625,5911
209.89,2159
210.32,2550
210.59,6798
210.64,2223
210.575,5504
211.07,4265
210.97,4541
210.24,2819
210.425,5126
210.78,8710
210.52,3011
210.42,4057
209.89,2092
209.76,2928
210.2,4067
210.47,4774
210.69,4348
210.52,4893
210.38,8170
210.3,19074
209.88,51586
207.975,10292
210.02,6057
209.86,5079
210.19,4422
210.88,3957
210.615,6100
209.91,7047
209.51,6827
209.7,8538
209.8,4403
210.045,7560
210.26,3753
210.075,2141
209.945,3287
209.93,4202
210.06,9224
209.88,6748
210.49,2763
210.38,8223
210.89,5906
210.8,5405
210.75,8278
210.93,5481
210.38,4080
210.93,10784
210.86,36171
210.45,1771
210.62,3534
210.79,5173
210.8,2619
211.02,6661
210.09,8692
209.705,6643
209.53,3898
209.22,7776
209.3,3843
208.87,4202
209.42,4506
209.62,4021
209.435,3579
209.61,4859
209.605,4090
209.64,7533
210.185,7490
210.31,12578
210.63,7657
210.59,8290
210.645,5704
210.53,11369
210.485,3597
210.23,13212
209.96,50951
211,6861
211.5,3133
210.75,7613
210.83,7949
210.53,8383
210.91,7433
210.665,9097
210.505,8307
210.2,6030
210.16,10138
210.135,9635
209.145,6035
209.965,5346
209.76,8343
209.21,12712
209.49,7557
209.29,6519
208.8,4966
208.595,15140
209.27,5818
209.31,9375
210.16,6159
210.61,12516
210.3,24854
209.29,21908
210.405,69208
207.415,2772
209.635,3525
210.37,2606
211.21,6096
210.95,7928
210.835,3558
210.8,2844
210.81,3445
210.67,3963
210.4,2891
210.75,3663
210.68,2167
210.3,5292
210.06,4908
209.99,4047
210.175,1980
209.94,1577
210.16,1584
209.755,2920
210.1,10134
210.06,4513
210.175,2944
210.485,4070
210.35,4025
210.16,6324
210.36,24207
209.85,5994
210.295,3296
210.11,6159
210.02,5091
210.26,4730
210.225,3248
210.69,5577
210.075,4170
210.18,5011
209.83,3996
209.89,4026
210.045,2476
210.64,2332
210.63,1561
210.895,998
211.03,1671
210.88,1993
211.12,2299
211,1613
210.67,2095
210.62,2185
210.77,5657
210.52,4130
210.4,4590
210.03,7406
210.09,23210
211.2,4127
212.315,1729
211.6,5927
211.67,6161
211.315,3298
211.045,3641
211.47,2015
211.755,2510
211.99,1121
212.16,794
212,2097
211.98,1762
211.7,1528
211.33,5229
211.135,3149
211.08,2365
211.24,2602
211.495,1563
211.32,2694
210.97,1890
210.65,2007
211.09,2258
211.53,2994
211.75,6526
211.48,2290
211.69,15268
211.32,3301
212.01,6213
211.03,4349
210.845,9211
210.985,8239
211.025,3399
211.125,3020
211.02,700
210.96,2782
210.86,3365
210.58,4659
210.485,3353
210.525,1741
210.475,3313
210.965,1980
211.08,2982
211.4,1349
211.35,1938
211.535,5239
211.36,8091
211.31,3163
211.44,3788
211.63,4601
211.525,6009
211.66,10294
211.515,27000
213.185,8605
215.86,5560
216.32,8213
215.33,19208
214.915,7959
214.75,5072
214.18,5308
214.04,2788
213.85,4771
213.425,4947
213.3,4269
213.06,6513
213.48,4768
213.33,9455
213.135,6692
213.11,5100
212.93,3751
213.095,2814
213.595,5129
213.91,8823
213.7,5576
213.485,10827
213.395,16541
213.22,14311
213.34,21863
213.24,36667
212.835,6557
214.11,8065
214.27,9104
214.39,3354
214.45,8561
213.46,3415
213.71,3371
214.08,5909
213.57,3595
213.08,2766
213.19,839
213.51,1802
213.76,1164
213.54,1659
213.54,0
213.56,2109
213.29,1468
213.455,1310
213.73,4928
214.19,4363
213.955,1505
214.475,2722
214.16,2803
214.42,5788
214.32,5593
214.39,12618
214,1678
214.005,2089
213.51,2470
213.295,4670
212.55,1898
212.29,1950
212.23,2377
211.985,1137
212.01,2300
212.445,3752
212.325,5125
211.81,3085
211.18,2473
210.695,1537
210.72,2209
210.49,1870
210.465,3128
210.955,1396
211.035,1837
210.44,2329
210.14,3039
210.06,5495
210.44,2182
210.55,2476
210.25,4514
210.215,11831
210.71,7507
210.07,6365
210.98,5414
209.975,4318
210.86,6639
211.57,6214
211.9,3829
212.11,6622
211.955,4038
211.95,4852
211.015,6524
210.725,5112
210.79,2218
210.93,3293
211.15,3031
211.36,2645
211.13,2164
210.64,3102
210.56,4739
211.34,3676
211.27,5799
211.19,2353
211.36,2183
211.82,4023
211.53,5431
212.01,19861
211.255,2287
210.675,1149
211.1,2012
210.62,1160
210.64,1402
211.64,2457
212.48,1607
212.99,3452
212.72,1582
212.81,1466
212.84,1281
212.57,286
212.32,713
212.21,2330
212.58,3083
212.55,2249
212.31,1951
212.195,3031
212.345,7576
212.165,2584
212.235,2251
212.31,2606
212.395,2933
212.495,3229
212.68,2461
213.24,13158
213.12,3914
213.68,2650
214.475,2062
214.875,3903
215.03,2679
214.49,3272
214.38,3588
214.45,3554
214.92,1025
214.48,2174
214.6,2355
215.3,2644
215.42,8297
215.8,4121
216.06,1872
216.34,2152
215.96,3384
215.47,1964
215.61,2884
215.32,1939
214.49,1694
214.93,398
214.41,1570
214.66,4703
215.06,5387
215.23,12050
213.71,6802
215.43,5529
213.095,10214
211.26,5701
210.33,5779
210.515,3021
209.41,10696
208.68,6086
208.915,4385
209.915,4679
210.11,4589
210.35,1753
210.15,2576
209.855,4827
209.795,4926
209.62,7869
208.5,2935
209.16,2475
209.03,5460
208.34,3027
207.97,4812
208.905,4959
209.245,10049
209.05,16246
209.29,23462
209.09,70427
203.4,21616
202.2,12137
202.405,6479
201.51,10329
201.04,35992
198.35,14709
199.605,14229
200.45,8763
199.235,9181
198.84,11927
198.89,9619
197.59,6906
197.22,11600
197.705,8696
198,14121
196.7,5789
196.34,8176
196.855,3545
196.96,11762
195.05,21720
194.15,19010
193.13,10032
193.65,15388
193.81,14415
193.96,17859
193.2,37938
190.785,26320
184.85,14442
187.69,29460
193.07,23839
190.16,13181
189.495,12662
190.78,13860
188.38,16206
186.84,13252
189.51,10576
187.725,8513
187.61,9629
188.07,6072
186.78,6141
186.4,9320
188.15,6228
189.175,9754
190.17,12870
190.945,10822
189.975,14482
189.69,10685
189.3,13476
188.125,12430
187.64,17057
187.175,17615
187.08,39326
188.125,12840
187.87,17570
189.205,16129
190.27,7587
190.5,6303
190.63,1879
190.6,2201
190.48,3080
189.66,2801
190.51,29982
190.3,6876
190.13,3059
189.37,7094
188.23,2533
187.08,5278
187.24,8245
186.61,9053
186.7,4258
186.7,4455
185.59,2460
185.38,9551
184.66,8210
184.68,6035
184.1,19537
184.14,15059
181.37,51615
180.745,7691
181.77,5374
184.45,8723
183.29,6501
184.8,1903
184.48,3168
183.785,1883
185.34,1249
185.8,1953
185.36,5685
184.76,2080
186.235,295
185.64,110
186.255,2340
186.32,4413
185.68,15629
193.31,11431
193.79,15461
194.835,11255
193.71,26749
195.725,12108
194.94,7268
194.975,10664
197.69,12547
197.745,16514
198.22,38875
197.09,6525
198.665,7978
196.3,3847
196.49,1780
195.565,3827
195.51,1959
195.17,1694
195.425,1383
194.39,4643
193.68,2543
192.295,5471
191.43,10851
189.595,18786
190.45,7548
191.945,9938
190.97,5479
192.04,6516
193.46,5171
193.255,3440
192.37,6239
194.46,5665
194.79,4983
194.01,5238
193.67,8735
193.08,9239
191.41,32652
192.605,2038
193.74,7124
193.255,5804
194.5,5297
193.325,11638
194.625,5016
194.28,9516
192.6,6003
192.41,9813
194.245,11981
194.68,16751
196.01,4507
195.82,28540
197.42,5187
197.335,9709
196.52,2972
196.51,8208
197.59,3932
197.84,5383
197.44,5645
197.4,3984
197.625,10282
197.69,8474
198.83,6984
198.425,8531
198.685,23466
199.24,2224
200.57,3747
200.265,7957
200,3702
200.52,3342
200.44,2318
200.56,2948
201.12,5646
199.68,2642
199.47,1992
199.125,4037
199.525,3201
199.61,2233
199.89,1869
199.435,3715
199.585,2564
199.84,1908
199.78,3775
200.44,3318
200.42,4486
200.64,6931
200.71,3601
200.73,3697
200.93,4590
200.88,5630
200.95,10046
200.72,2666
201.91,1420
201.67,2768
201.36,4520
201.03,2545
201.26,3691
201.18,3191
201.41,800
200.475,2773
200.54,2454
201.04,1284
200.41,1187
200.6,692
200.48,1330
200.21,1513
200.18,2968
199.81,790
199.95,3436
199.79,1875
199.18,2131
199.15,1076
199.55,2022
199.24,1084
199.32,3466
199.275,3777
198.495,9384
197.5,2963
197.09,4551
196.14,8400
196.065,6481
196.03,3374
196.64,5986
197.04,2924
197.09,4041
197.21,3167
196.995,5552
196.745,112
196.745,2052
196.885,2494
196.78,1264
196.83,2837
196.68,1575
196.51,2376
195.255,3106
194.28,6921
194.66,7258
194.58,5346
194.16,4751
194.06,22530
193.61,12198
192.81,9005
192.825,12078
195.77,2923
197.4,4152
197.66,3863
196.975,4477
196.25,2612
196.39,1379
196.37,3681
197.49,1106
197.3,2329
197.18,2775
197.19,4293
197.43,1078
197.69,8136
197.495,2630
198.09,1433
197.69,1743
197.31,1575
197.745,2068
197.83,1653
197.97,2137
197.94,2566
198.07,3746
197.475,2953
196.89,2106
196.92,2202
196.88,13269
195.295,2287
195.44,3169
195.13,6549
194.91,2610
194.505,656
194.25,1242
193.51,1718
192.98,706
192.96,1807
192.8,1938
192.5,2024
192.72,3559
193.07,326
193.28,1409
193.04,5892
192.54,992
192.92,1691
192.56,3910
192.39,855
192.32,1410
192.61,2870
192.41,3109
192.28,2415
192.4,3692
192.625,4712
193.1,19625
195.66,6801
196.72,6826
196.81,3325
196.79,5035
197.11,3247
197.64,4042
197.67,4288
197.65,5622
197.855,2507
197.965,3376
199.08,732
199.34,1645
199.19,2950
198.8,2283
198.825,4376
198.095,10042
196.73,3259
197.21,757
196.91,2553
197.55,7423
197.94,2309
198.37,2530
198.65,4086
197.95,2142
197.555,6973
197.91,17988
199.55,5437
198.21,7224
199.97,7065
200.83,4585
200.905,668
200.14,3029
199.49,3012
199.45,4455
198.89,2316
198.87,2022
198.52,1082
197.7,1776
197.86,739
197.89,942
198.115,1521
198.92,1423
197.92,535
197.86,2591
198.07,1311
198.16,389
197.86,2429
197.84,1630
197.64,1215
197.4,1372
197.37,2081
197.15,14500
197.595,1605
198.43,2848
198.47,971
198.7,818
199.43,355
199.59,490
200.29,1591
200.455,848
199.96,755
199.97,1122
200.14,1445
200.695,1979
200.79,955
201.145,844
201.11,2308
201.02,1648
201.005,1799
200.83,1348
200.91,3462
200.54,2749
200.37,1466
200.51,2038
200.28,3895
200.07,4409
200.42,6845
200.81,20216
199.32,17049
199.76,9459
198.83,15189
199.415,12605
198.235,2104
198.52,1371
198.47,2130
198.925,1725
198.925,0
198.785,722
199,431
199.25,1272
199.31,1530
199.06,1374
199.12,2991
199.03,2443
199.275,6178
199.15,1075
198.855,1736
199.3,2648
199.705,1783
199.91,3112
199.7,2311
199.275,2558
199.1,5219
199.12,21415
199.15,13894
201.48,5105
200.63,4441
200.49,2186
200.36,4940
200.4,1651
200.45,3673
200.33,2892
200.03,4166
199.79,1665
199.24,2606
198.84,1602
199.015,3490
198.97,3350
198.95,5318
198.66,5561
198.12,8910
198.99,3476
199.23,3998
199.285,4598
199.86,3760
199.52,3586
199.44,5712
199.615,7133
200.19,7459
200.315,30108
207.16,40459
207.935,12168
209.075,11335
210.845,5537
210.4,11950
211.94,8201
211.91,7945
211.89,9117
211.88,6196
211.9,10916
210.94,7657
210.95,3272
210.74,3333
210.39,3445
209.825,3681
210.015,7549
210.43,12630
210.765,6333
211.35,5380
210.99,3956
210.48,10105
210.66,15474
210.195,17928
210.63,15506
210.655,17701
211.085,28608
210.435,7399
206.995,5926
206.47,9350
206.94,8225
207.87,5305
208.285,1881
208.93,3281
209.74,8970
209.97,8143
209.66,10058
209.51,6961
209.585,4498
209.63,3168
210.06,1411
210.53,6126
210.125,7192
210.33,8320
210.45,7587
210.55,10260
210.255,8506
210.27,4691
210.53,2954
210.185,4408
210.3,4207
209.67,6431
209.54,12607
210.155,6165
210.46,10024
210.41,13337
210.59,6901
210.65,3784
210.47,5308
210.84,7082
210.8,5782
211.31,2881
211.18,1955
210.39,2353
210.17,1236
209.95,3233
210.09,2454
210.4,4034
210.655,3155
210.4,2061
210.55,844
210.43,600
210.96,2305
210.75,4466
210.64,4407
210.325,6302
210.72,5221
210.795,6481
210.745,34290
213.07,6197
213.21,6859
213.78,5203
213.82,8341
214.12,3311
213.93,1114
213.84,4198
213.435,2929
213.275,5971
213.63,7868
213.575,20113
214.195,2516
214.5,1969
214.725,5158
214.15,1405
214,3272
214.02,7985
214.22,6513
214.07,8204
214.07,5320
214.575,6199
214.6,3687
214.385,7414
214.1,12681
214.37,7329
214.56,16232
213.46,4936
213.29,6736
213.56,4897
214.25,1005
214.335,761
214.5,2774
214.51,9371
214.24,5732
214.02,4153
214.155,4185
214.39,32873
215.08,24133
214.88,25057
215.265,20016
214.675,37026
214.355,45167
214.08,53347
214.3,50449
214.485,47948
214.73,54876
215.01,41492
215.485,36038
214.865,37188
214.885,59240
214.32,81128
214.195,235757
212.86,2506
212,4677
211.375,15710
212.62,14445
212.86,19067
212.49,19244
212.44,16009
212.09,21720
212.545,15032
212.17,15559
212.065,13210
212.925,14518
212.405,14600
211.92,17059
212.15,15345
212.44,12964
211.795,13826
211.22,14306
211.095,7059
210.73,8289
211.44,3876
211.27,2591
211.58,3194
210.82,10079
210.47,3620
210.44,24808
214.36,8073
215.27,17774
213.705,10821
214.18,15680
214.56,18510
213.845,11495
213.665,7610
213.265,10159
213.86,11540
214.53,6937
214.87,6230
215.22,8490
215.09,6273
215.765,7729
216.115,17737
216.47,9053
216.64,8859
216.225,8108
215.45,2234
214.03,3737
214.78,2789
215.23,3933
215.78,3190
214.88,4951
214.24,25913
215.01,17921
216.01,1707
215.34,4191
214.61,3175
213.885,2421
214.76,2344
214.46,3278
214.2,3424
215.1,58859
214.945,15560
216.36,3643
216.345,1597
216.54,1552
216.39,781
216.53,1823
216.48,1186
215.96,1017
215.88,1602
215.735,1558
215,2287
215.03,1338
214.985,2691
215.48,3035
215.305,2540
215.36,4651
215.985,6365
215.68,15965
214.21,4285
213.02,5509
213.45,4606
213.395,2163
213.06,1224
213.27,689
213.17,2238
212.8,1734
212.97,503
213.18,564
213.34,765
213.09,931
212.98,611
212.795,200
212.885,218
213.04,1279
213.285,749
213.37,378
213.64,295
213.25,863
213.22,196
213.19,100
213.28,1046
213.34,636
212.99,469
212.92,11996
218.135,8669
218.04,6152
217.95,2137
218.16,772
217.13,4968
217.41,278
216.84,933
217.23,961
216.815,5312
217.05,1650
216.75,2426
217.055,1286
216.585,570
216.83,578
216.88,1424
216.91,1442
217.16,1204
217.175,1028
217.37,2442
217.32,677
217.57,15222
217.81,7465
218.03,8535
217.95,26279
217.7,33321
218.22,42691
219.73,5700
219.41,5350
219.58,4401
219.6,2510
219.26,1975
219.34,1130
219.19,1461
219.44,1638
219.61,337
219.41,4078
219.105,3138
218.89,3690
218.95,1392
218.625,4806
218.34,2873
218.32,3448
218.485,2275
218.48,2682
218.54,979
218.73,4977
218.685,4115
218.89,4635
219.09,2693
219.14,2915
219.06,1862
218.685,25991
217.16,9516
216.8,4037
216.44,4281
216.265,5160
216.915,3308
217.11,4692
217.07,4331
217.05,3899
217.21,3724
217.225,2155
217.14,1911
216.91,1683
217.055,1701
216.96,2024
217.06,2082
217.09,1630
217.09,1590
216.695,2460
217.03,2525
217.22,2200
217.2,3897
217.6,5312
217.53,2359
217.46,5150
217.265,3547
217.3,17021
218.425,4343
219.9,5146
219.97,4902
220.26,4041
220.46,3482
220.79,4538
221.02,7893
221.735,7546
221.965,4543
222.18,4784
222.18,4159
222.355,2253
222.305,3031
222.13,1539
222.38,1281
222.545,3521
222.74,4168
222.77,7564
222.8,6251
222.69,5029
222.39,1920
222.465,2575
222.26,4193
222.39,8061
222.17,6150
222.47,23846
221.58,6368
221.35,4478
221.07,2529
221.24,1021
221.12,2534
221.46,1390
221.22,455
221.035,2254
221.245,1551
221.44,1515
221.49,1119
221.7,1097
221.67,996
221.51,778
221.655,1505
221.57,1179
221.84,1447
221.995,2712
221.88,3343
221.96,1543
222.15,4407
222.46,2710
222.285,1600
222.695,2909
222.68,5335
222.635,15322
221.36,10141
221.9,5453
223.27,2828
223.61,2053
223.9,998
223.505,2364
223.47,1965
223.79,1094
223.3,1644
223.59,961
223.68,1272
223.77,1147
223.89,1652
224.065,2827
224.46,2134
224.61,2256
224.73,1855
224.395,3964
224.34,3303
224.31,4152
224.405,2935
224.59,3873
225.04,3850
224.62,8080
224.695,7177
224.685,12935
224.08,5790
223.745,5507
224.82,2604
224.99,984
225.075,613
225.08,2692
224.6,765
224.65,1133
224.83,3058
224.46,3104
224.38,917
224.14,1561
224.365,4118
224.44,3458
224.475,3804
224.55,2058
224.565,5058
224.825,4085
224.79,1237
224.805,1773
224.07,3118
224.305,513
224.12,1642
224.35,6805
224.49,3359
224.8,11402
224.195,4789
224.64,5313
224.81,3076
224.335,1606
223.815,3226
223.33,4576
223.73,931
224.25,3299
224.12,2196
224.07,1014
224.17,1614
223.99,715
224.245,963
224.13,831
224.13,0
223.52,1328
222.04,1567
222.64,1552
222.49,1583
222.5,2508
222.58,632
222.29,717
221.96,3188
221.985,7796
221.75,6601
222.13,16857
221.65,11506
222.025,8234
222.28,6820
222.21,7561
221.85,3082
221.93,1494
222.19,1907
222.1,6767
222.48,5084
222.895,7463
223.31,5972
223.52,4735
223.1,4278
223.14,3793
223.055,4938
223.23,4125
223.765,3238
224.07,4823
224.27,5238
224.5,7562
224.645,5134
224.41,5926
224.65,5398
224.88,4114
224.89,8602
224.45,14742
221.16,4679
221.89,4318
222.185,3556
222.245,3220
222.44,7286
222.365,8265
221.51,8276
221.825,8158
222.32,8923
222.32,9453
221.81,9257
221.595,4472
221.84,4108
221.985,2601
221.915,1395
222.305,934
222.38,1433
221.98,1327
222.46,421
222.48,1473
222.63,4552
222.595,7545
222.725,7613
222.91,13743
222.555,4250
222.54,14844
224,8459
223.28,7530
223.165,9290
223.12,5473
223.81,4996
224.21,6391
224.24,4504
224.35,1789
224.61,1968
224.88,2742
224.72,4412
225.06,4448
225.15,5845
225.48,6334
225.545,2416
225.535,949
225.685,1956
225.89,2567
226.23,3652
226.3,5883
226.2,7246
226.265,1022
226.305,4666
226.3,9415
226.35,3349
226.39,18996
226.61,7967
227.84,3153
226.51,3828
226.16,2796
226.22,5598
226.24,7338
226.09,3314
225.44,1614
225.53,4064
225.3,3987
225.585,2181
225.43,2961
225.52,8516
225.63,6237
225.46,7346
225.4,5874
225.3,6264
225.11,6042
225.26,4172
225.1,1110
225.21,1702
225,3462
224.895,4158
224.72,7846
224.8,3578
224.59,12072
225.305,13003
224.91,47887
224.89,23366
224.495,22149
224.36,23306
224.1,22751
224.53,23181
224.12,24141
224.455,23034
223.97,37949
223.55,21813
224.11,19834
224.51,22594
224.935,22833
224.825,20994
224.91,20829
224.855,19234
225.045,14397
225.19,23419
225.12,21346
224.22,17161
224.835,13550
224.745,20723
224.91,26129
224.85,15400
225.46,17720
226.145,7496
225.73,9493
225.81,5530
226.12,3291
226.13,6398
225.785,6628
224.995,5360
225.24,7099
225.14,11480
224.83,20376
225.13,28812
225.29,20088
224.445,22558
224.1,20235
224.225,22050
224.59,17477
224.73,20382
224.5,19963
224.515,22497
224.73,20233
225.035,17621
224.845,18434
225.3,19669
225.445,23219
225.635,19147
225.48,29639
225.19,5755
225,8355
223.5,2025
224.47,1545
225.265,2929
225.47,2931
225.76,3621
225.44,1718
224.91,1162
224.86,1802
224.8,3009
224.34,1411
224.18,3755
223.93,2348
224.32,2911
224.51,2204
224.06,3677
224.16,1820
224.375,3282
224.69,7539
225.165,7266
224.995,5524
225.22,3462
225.36,8694
225.48,4998
225.35,9199
225.01,8006
226.31,8935
226.06,7238
225.29,1586
225.765,5439
225.74,7689
225.84,5271
225.915,921
226.72,2542
226.24,4159
226.52,4166
226.455,5423
226.5,1702
226.43,1555
226.505,2420
226.97,1744
227.07,1927
227.07,2115
226.89,768
226.69,124
226.785,2150
226.835,2413
226.64,2669
226.57,5390
226.645,5157
226.52,15197
227.285,5319
227.785,4204
227.46,6003
227.09,9927
226.88,4032
226.6,1359
226.89,1926
227.03,505
227.05,736
227.24,14136
227.335,5958
227.28,588
227.7,782
227.79,1415
227.97,1696
227.99,1211
228.23,3727
228.135,3672
228.57,6429
228.33,8530
228.14,7702
228,11623
227.815,4730
227.93,9470
227.73,6008
227.54,7571
227.7,3851
227.345,598
226.8,2665
226.94,8105
226.92,7478
226.865,5416
226.81,4558
227.225,2673
227.48,5868
227.375,5587
227.56,5668
227.56,6114
227.57,2308
227.41,1233
226.67,1941
227.22,2042
227.47,1791
227.52,1519
226.73,728
226.55,739
226.91,3221
227.5,309
227.405,1430
226.59,6243
226.65,10784
227.06,11019
228.93,4157
230.26,8673
230.3,4589
229.82,4910
229.3,4129
229.29,1479
229.03,1544
228.74,498
228.47,2207
228.58,5753
228.8,5821
228.72,3183
228.71,977
228.7,1149
228.58,994
228.47,2734
228.49,1217
228.535,4577
228.38,4450
228.7,6408
228.84,6080
228.81,3558
228.75,7157
228.69,7338
228.96,3321
228.995,7279
228.62,1598
227.97,2653
227.33,3167
227.015,1524
227.09,3823
226.89,1881
227.5,1582
227.575,1330
227.22,2334
227.53,3668
227.435,1205
227.56,1563
227.71,685
227.67,1400
227.605,3910
227.71,1109
227.84,1269
227.845,1045
227.94,748
228.005,820
227.97,1588
227.62,1752
227.705,2626
227.7,1424
227.62,7963
227.49,15254
227.33,394
226.885,2391
227.34,851
226.81,1097
226.58,535
227.26,508
227.21,1392
226.74,1152
226.64,655
226.59,2688
226.515,2822
226.85,640
227.03,689
227.19,566
227.1,3113
227.18,706
226.93,2424
226.395,2067
226.4,2938
225.99,2526
225.97,958
226.235,5010
226.43,731
226.44,1764
226.04,5347
225.995,18622
225.28,5471
223.43,1415
224.47,1956
225,2002
225.2,2134
226.03,384
225.93,5691
226.09,1590
226.15,660
226.15,1207
225.995,509
226.03,842
226.54,707
226.34,576
226.51,701
226.54,787
226.69,883
226.23,491
226.05,1479
225.405,204
225.25,1065
226.18,786
225.51,990
225.67,2567
225.51,3483
226.03,7428
224.49,463
225.21,1504
225.67,1191
225.74,597
226.08,1334
225.85,444
225.94,735
225.715,1404
225.935,657
225.71,2058
225.675,396
226.125,430
225.99,1026
226.11,201
226.17,903
226.34,165
226.26,1197
226.36,1104
226.51,206
226.45,572
226.44,876
226.51,330
226.59,2069
226.64,1896
226.27,1779
226.04,12245
224.44,1675
225.58,3385
225.25,1594
225.85,1254
225.49,4644
225.36,3047
225.96,1037
225.92,835
225.88,756
225.685,536
225.91,753
225.7,1561
225.37,1663
225.02,516
225.17,956
224.97,586
224.74,530
224.57,927
224.71,1373
224.38,1022
224.02,1013
223.845,670
224.2,3028
224.23,2014
224.25,1101
224.32,7693
225.35,1557
225.36,3494
225.805,2788
225.935,4307
225.905,1633
225.09,1609
224.67,2102
224.33,1540
224.145,1536
224.58,510
224.44,957
224.46,1110
224.27,496
224.275,431
224.63,519
224.63,885
224.895,1645
224.79,357
224.34,1352
224.31,856
224.205,488
224,1122
223.72,993
223.68,3863
223.66,4411
223.98,18293
223.575,2395
223.625,5627
223.36,2172
223.08,695
223.495,100
223.21,1129
223.36,1475
223.66,2633
223.41,3131
223.845,1099
223.9,2150
224.055,1178
223.87,4240
223.85,404
223.64,707
223.585,3333
222.625,4138
222.105,3434
221.94,1113
221.89,1908
221.73,2093
222.12,1475
222.41,3323
222.365,5259
221.69,4258
221.805,22709
221.34,17332
221.99,19416
223.06,19259
222.905,16905
222.73,9699
222.6,32249
222.975,6569
222.7,3044
222.69,3868
222.74,11761
222.49,7453
222.875,33033
222.66,12932
222.765,7048
222.43,2700
222.345,8690
222.13,26678
221.85,8795
222.215,15653
221.92,4212
221.86,39197
222.06,5859
221.17,8671
221.355,4381
220.93,4297
221.34,12332
222.705,4711
222.77,1428
222.145,917
222.23,623
221.67,529
221.73,621
221.725,962
221.875,575
221.78,1311
222.375,923
221.655,412
221.655,0
221.72,981
221.58,625
221.54,1091
221.32,1647
220.335,1478
220.56,565
220.66,668
220.66,0
221.08,407
220.93,2384
220.705,1590
220.77,3111
220.71,4150
221.09,16936
222.65,2955
223.33,1873
223.47,1414
224,2776
223.68,674
223.77,4591
223.93,2037
224.09,1759
223.575,652
223.53,749
223.135,590
223.03,801
222.66,2136
222.48,623
222.235,1822
222.97,1329
223.63,1977
223.905,875
223.69,1590
223.82,1566
223.91,3448
223.89,2506
224.06,2057
224.27,2800
224.39,3274
224.5,10362
225.71,2687
224.61,4725
224.725,4027
224.94,2518
225.105,1873
224.88,2362
224.71,1404
224.305,1502
224.37,1588
224.125,2321
223.79,1550
224.22,948
224.57,675
224.71,382
224.865,2124
224.995,1713
224.83,1520
225.06,2112
225.03,525
224.75,2890
225.04,1540
224.77,1780
224.93,1519
224.95,2338
225.255,12911
225.65,19113
223.355,2557
223.27,2807
223.865,1953
223.615,1652
222.98,1934
223.07,676
222.82,201
222.64,706
222.71,618
222.52,1840
222.55,2235
222.93,803
222.73,201
222.62,1032
222.26,4682
222.17,4304
222.11,4353
221.46,3507
221.645,7664
221.44,4168
221.26,2497
221.48,3666
221.385,5465
221.37,8189
221.49,15928
221.59,20224
222.34,1238
222.68,20707
222.53,5848
222.765,14701
223.22,8988
224.035,3075
224.31,2194
224.41,3379
224.32,1426
224.275,1314
224.745,3455
224.725,2372
224.52,3136
224.9,1261
224.88,417
224.91,754
224.915,1350
224.83,2116
224.805,1548
224.88,1480
225.07,6557
225.345,7575
225.505,10372
225.54,5453
225.68,8922
225.82,29022
226.13,734
227.07,555
227.175,1050
227.52,1813
227.27,4023
227.485,2326
227.52,2686
227.34,2765
227.41,4307
227.43,1518
227.57,1162
228.13,767
228.64,3095
228.56,2849
228.42,1374
228.32,624
228.35,3487
228.11,1647
228.19,600
228.215,3964
227.92,4355
227.94,4342
227.72,4353
227.86,2135
227.635,10169
227.97,18130
228.515,3013
229.75,2587
229.99,3248
229.85,5051
229.99,6841
229.7,2674
230.12,1643
230.56,626
231.085,3734
231.655,1077
231.34,2537
231.58,1315
231.385,997
231.72,1605
231.77,2646
231.92,1297
232.04,2641
231.935,3165
231.78,2164
232.24,2854
232.33,3014
232.54,5242
232.78,5827
232.825,6319
232.815,9129
232.83,24508
233.53,5677
235.27,8289
235.09,3017
235.33,4918
235.615,3386
236.22,1657
236.37,2312
237.17,12401
237.94,3069
238.025,2253
238.27,2824
238.78,3085
238.535,338
237.215,2097
236.86,1727
237.33,692
237.65,2436
237.81,927
237.83,2358
238.26,1619
238.095,2005
238.24,950
238.25,1295
238.365,2059
238.61,6934
238.68,23165
238.2,26456
237.635,7199
238.05,6686
238.06,3837
239.12,5567
239.37,5840
239.5,6896
239.39,3985
240.2,4872
240.19,3183
239.74,7121
239.13,3519
238.695,1425
238.76,5006
238.62,2874
239.32,6829
239.195,4793
239.06,4014
238.9,4104
239.01,1523
239.19,1745
238.62,3937
238.13,1792
238.38,4113
238.58,4318
238.98,21733
239.75,5537
240.82,3112
240.82,2526
240.5,1149
240.48,2393
240.6,9734
240.485,1494
240.72,1038
240.19,2705
240.36,1855
240.51,5608
240.4,1529
240.75,6085
240.63,13993
240.63,0
240.63,0
240.63,0
240.63,0
240.63,0
240.63,0
240.63,0
240.63,0
240.63,0
240.63,0
240.63,0
240.63,0
239.885,3517
240.26,673
240.215,1521
240.1,2349
240.37,1526
239.84,2003
240.25,308
240.04,10904
239.76,4923
239.54,1731
239.66,2124
239.26,4361
239,962
238.89,1413
238.74,1711
239.07,3498
238.99,2790
238.72,2577
238.95,1924
238.88,5908
238.12,2724
238.75,4242
239.005,2651
238.72,4278
238.65,6296
238.7,22056
239.265,2766
240.38,4920
240.265,2710
240.16,4310
239.675,3929
239.76,2254
239.95,3085
240.61,2779
240.125,2295
240.675,2468
240.95,1843
241,3583
241.565,3031
240.96,3201
240.625,1421
240.675,3557
240.625,1760
240.54,1792
240.56,2321
240.59,2394
240.56,6042
240.25,782
240.58,766
240.28,1143
240.26,3459
240.15,11281
240.69,2070
241.18,3635
240.705,4216
239.94,6593
238.48,6993
237.75,3733
237.125,6251
236.95,2073
237.54,1566
237.6,2095
237.61,1314
237.185,1500
236.89,1750
236.86,1366
237.4,2979
237.99,832
237.675,1674
237.855,1326
238.025,1658
238.075,758
238.17,1263
238.16,2454
238.49,1765
238.65,1674
238.54,1887
238.75,6672
237.82,2166
238.14,2661
238.54,1169
238.685,1705
238.195,2455
238.72,3821
238.63,2160
239.26,2544
239.19,2243
239.17,4864
238.785,875
238.68,5200
238.38,2308
238.145,1524
237.69,1888
237.3,425
237.1,1037
236.88,1943
237.21,950
237.33,5157
237.43,2648
237.04,1228
237.11,1710
236.915,3177
236.96,620
237.11,11469
234.665,1901
234.94,2858
235.43,1494
235.18,1634
235.3,865
235.255,1152
235.53,2657
234.965,1501
235.07,1116
234.83,703
234.39,1108
234.565,320
234.71,3235
234.57,1650
234.47,1648
234.725,4835
234.985,3055
234.82,125
234.965,4403
234.86,1571
235.17,2037
235.4,2692
235.52,1577
235.59,1961
235.68,975
235.69,8954
235.815,3920
236.4,2854
236.65,2855
237.72,5088
237.66,853
237.435,799
237.42,1047
237.33,3144
237.83,2124
237.65,944
237.71,735
237.37,368
237.415,708
237.73,639
238.1,940
238.19,1022
238.21,1212
238.375,1602
238.145,3043
238.27,1646
238.37,4095
238.365,4599
238.27,3770
238,5644
238.16,5199
238.05,13138
237.305,1074
236.69,1367
236.6,364
236.5,3790
235.88,1038
236.11,1850
235.93,2733
236.08,902
236.21,1121
236.62,3610
235.86,3270
235.92,557
235.82,719
235.6,1107
235.285,986
235.43,2830
235.86,1602
235.69,568
235.87,1409
235.955,1568
236.235,2283
236.19,1536
235.75,1325
235.5,3462
235.41,2375
235.48,10266
235.615,4525
234.89,5322
235,2492
234.92,1840
234.7,2114
234.7,2132
234.23,1852
234.09,3445
233.98,3149
234.24,4571
234.31,2373
234,275
234.7,102
234.36,344
235.105,431
235.46,1260
235.39,2344
235.69,1052
235.61,227
235.375,1998
235.585,1668
235.7,1373
235.94,1536
236.02,1702
236.4,4266
236.36,16474
236.27,1494
238.17,1378
238.18,458
238.26,1343
237.5,5648
237.195,1564
237.5,2985
237.66,2158
237.92,2078
238.07,1822
238.11,3659
237.855,840
237.51,1531
237.73,277
237.82,1243
237.89,2772
238.26,3790
238.4,2207
238.22,2994
238.02,2800
238.26,3985
238.385,1868
238.26,5633
238.33,5964
238.34,3436
238.395,19011
239.34,4151
238.74,2675
238.86,3326
238.36,1145
238.15,2388
237.455,2231
237.245,1328
237.24,301
236.9,1817
236.76,6362
236.545,2327
236.37,1473
235.84,1876
236.16,996
235.92,1122
236.1,946
235.965,989
235.825,2201
235.56,353
235.69,411
235.79,1903
236.06,6238
236.005,3920
236.09,1181
236.51,5945
236.18,9245
236.95,2580
237.02,925
237.52,5956
237.33,1775
237.51,423
237.38,888
237.44,4640
237.64,4245
237.84,4554
238.135,978
238.065,1337
237.94,1020
237.94,730
237.94,0
238,3419
237.97,1737
237.9,773
237.725,356
237.66,360
237.63,1462
237.2,2207
236.94,5341
236.66,3411
236.19,1083
236.17,1481
235.805,8572
235.225,1274
235.975,3375
236.01,1165
234.76,478
235.65,5235
235.435,1906
235.94,1024
236.3,2041
235.85,313
235.905,4513
236.43,1246
236.435,2347
236.56,1196
236.515,1983
236.52,1152
236.51,2517
236.74,1328
236.725,1787
236.51,3319
236.66,1034
236.53,614
236.73,2586
236.93,966
236.98,1426
236.69,4488
236.49,44938
237.805,4130
238.44,1275
238.14,2493
237.83,2466
238.37,2030
238.66,1646
238.82,4685
239.145,4394
239.49,1700
239.175,2719
239.48,4342
239.885,5205
239.97,3402
240.09,2319
240,3970
240.03,2828
240.21,1556
240.33,1771
240.18,1107
240.3,1815
240.37,4427
240.29,3133
240.31,5779
240.305,8165
240.17,13533
239.385,40804
226.31,58821
224.4,22760
227.33,21805
227.61,26377
228.39,17303
229.61,21333
228.73,11496
228.6,6693
228.055,5169
226.94,7421
226.57,7697
226.46,7470
225.97,8573
225.67,9077
226.61,10245
227.8,3203
227.055,8016
226.96,7043
226.96,4517
227.475,3435
227.15,7519
226.42,13469
226.4,13885
225.925,14003
225.28,24521
224.945,43040
226.1,6826
223.35,6115
224.59,5339
223.2,6727
222.4,7434
222.705,6338
222.53,4742
223.11,4156
222.59,6255
222.865,3981
222.69,6615
223.135,6576
223.13,2136
223.27,4943
223.53,5814
223.8,2946
223.87,3874
223.395,3140
223.295,4142
223.69,2909
223.825,2147
223.86,1500
223.6,1899
223.72,3271
223.9,11485
224.13,33762
225.15,6523
226.8,8208
226.23,4359
227.25,4203
227.25,7415
227.68,3851
226.865,2622
227.06,3369
226.835,2687
226.92,2903
227.03,2084
226.95,3442
226.61,2289
226.37,2602
226.27,2234
226.405,3106
225.8,1648
225.66,1663
225.52,3478
225.83,2458
226.075,2592
225.96,3302
225.875,3725
225.84,5424
225.51,5197
224.975,29972
225.13,840
224.83,3869
224.17,3107
223.5,2969
223.97,2277
223.19,2193
223.07,1937
223.45,2194
223.81,2402
223.52,1764
223.05,1588
223.09,1294
223.01,720
223.16,1052
223.31,2233
223.02,394
222.9,1282
222.335,596
222.44,2266
222.09,3055
222.17,1624
222.06,2323
221.97,3159
221.81,4200
221.7,6251
221.43,25354
221.985,1709
221.625,7053
221.82,3162
222.41,4219
222.57,2218
222.36,1246
222.56,1168
222.55,1114
222.84,3972
223.525,4084
223.78,2187
224.3,1514
223.79,972
223.275,1252
223.195,623
223.23,1008
222.99,1588
223.175,723
223.06,2683
223.03,1922
223.29,1783
223.3,2634
222.3,3174
221.87,2129
221.695,4832
221.795,14521
221.545,3021
222.26,3639
223.51,6041
222.81,1059
222.33,3558
222.985,2683
222.69,2132
222.705,1436
222.85,1681
223.14,1516
223.23,1745
222.91,1504
223.04,1351
223.2,2129
223.16,3172
223.01,952
222.54,2663
222.56,1089
222.39,2295
222.44,2261
222.99,4630
223.01,1383
223.035,1517
222.74,3385
222.5,4620
222.54,13426
220.84,3531
219.33,5244
217.95,4490
217.99,4073
217.91,5512
218.21,4677
217.85,5716
218.42,6103
218.065,5295
218.7,5329
218.99,4395
219.09,3855
218.92,2371
218.655,1139
218.45,2176
217.845,2049
217.75,2574
217.99,1219
218.08,1044
217.86,1447
218.375,3284
218.535,3120
218.06,3335
217.645,4024
217.9,6645
217.675,14142
218.84,1842
218.3,4594
219.41,2743
219.23,1173
219.71,910
219.93,1662
220.09,1861
220.27,2949
219.9,1629
219.69,1939
219.655,3382
219.59,932
219.16,3855
219.2,2924
219.715,2381
220.095,1887
219.79,750
219.61,4277
219.375,2952
219.305,1342
219.435,2113
219.605,1939
219.66,1668
219.74,1372
220.23,6815
220.22,15111
220.165,2258
221.18,783
220.74,662
220.355,102
220.26,1473
219.67,322
219.91,7514
220.25,456
220.15,544
220.19,948
220.36,555
220.085,954
220.3,624
220.02,1290
220.43,3265
220.59,860
220.47,744
220.375,1378
220.25,1602
220.29,541
220.31,2448
220.45,1863
220.49,1361
220.67,1835
220.65,3097
220.57,8485
221.46,308
220.245,600
219.815,2431
219.85,968
219.37,805
219.93,664
219.97,1956
219.53,1077
219.9,1703
219.63,1000
219.87,768
220.05,221
220.06,1009
220,1283
219.67,538
219.465,418
219.67,549
219.43,1225
219.31,3987
219.06,2192
219.495,1684
219.37,459
219.545,1731
219.77,4198
219.83,2966
219.75,9203
220.41,877
219.325,1958
218.93,6577
218.22,6581
216.8,6385
217.01,2369
216.67,6224
216.01,2276
216,2169
215.84,2589
216.255,3456
216.3,1005
216.22,2594
216.16,1392
216.49,3392
216.21,5738
216.28,3333
216.88,2019
216.88,872
216.6,1557
216.22,2279
216.11,1431
216.06,1110
215.69,1795
216.06,3589
216.37,8030
216.64,2139
216.63,1732
216.825,4845
217.42,3803
217.25,1617
217.3,2570
217.09,1102
216.715,1245
216.39,1640
216.505,1864
216.81,855
216.98,1841
216.995,1164
216.82,1555
216.67,607
216.66,563
216.76,768
216.75,1206
216.72,2468
216.78,1240
216.67,1386
216.49,2445
216.59,2395
216.61,2535
216.66,4483
216.28,14607
216.21,2260
215.82,1646
215.845,609
215.11,1296
214.615,1365
214.59,1271
214.59,0
214.48,1422
214.47,1009
214.65,893
215.28,908
215.4,584
215.165,224
214.81,772
215.04,986
214.965,456
215.07,1709
215.155,445
215.09,593
215.1,587
215.23,237
215.01,1599
215.5,4962
215.395,751
215.77,5652
216.03,13287
216.48,5381
216,11448
215.88,8748
217.09,8248
216.645,5124
216.49,4605
217,4219
216.8,2733
216.43,1858
216.18,6617
216.77,2148
217.1,574
216.79,1000
216.83,225
216.4,1555
216.79,699
216.765,3799
216.66,4465
216.69,4051
216.54,5555
216.58,3869
216.28,3823
216.18,6861
216.54,4988
216.955,7030
216.77,33449
217.32,12289
217.615,6455
219.31,6282
218.88,2601
218.62,2619
218.03,1192
217.915,3625
218.97,1956
218.53,1573
218.41,1691
218.61,1688
218.8,1847
218.97,1915
219.3,4247
219.15,150
219.05,1937
218.98,2195
218.945,2305
218.935,6056
219.32,3377
219.21,1853
219.21,2543
219.25,4033
219.2,6884
219.275,8861
219.76,25760
218.695,4349
218.43,3715
217.985,3930
218.5,1871
218.27,4266
218.63,3039
218.43,2674
218.375,2473
218.06,1108
217.76,4272
217.95,2264
217.51,1507
217.53,825
217.46,2976
217.7,1370
217.68,4287
217.675,6418
217.885,2805
217.91,5049
217.93,6188
217.7,8788
218.12,5890
217.95,12264
217.96,12399
218.58,10629
218.56,13250
217.555,6160
217.3,3760
217.17,1410
216.29,2420
216.12,2047
216.01,1383
216.25,829
216.145,1170
216.21,1262
216.09,1269
216.155,1292
216.11,1552
216.15,601
216.37,398
216.37,1394
216.215,1147
216.14,1781
216.45,1246
216.63,1999
216.485,1227
216.445,2777
216.42,648
216.55,1368
216.46,1080
216.71,1806
216.675,11378
216.67,3681
216.95,5067
216.7,2630
216.65,2793
216.28,4591
216.45,2662
216.505,908
216.32,1137
216.14,2469
216.06,2160
216.215,4372
216.19,6352
216.12,726
216.14,4196
216.21,3276
216.28,6539
216.315,6084
216.475,1466
216.39,2794
216.47,3188
216.355,2333
216.27,6519
216.235,2163
216,2749
216.205,5724
216.19,11130
216.075,6591
216.84,2400
216.415,5919
217.11,8422
217.52,6031
217.86,2936
216.96,2969
216.625,2104
216.695,1128
216.19,1069
216.15,4853
216.475,607
216.17,1984
216.23,2556
216.44,2478
216.395,1636
216.1,1124
216.14,385
215.94,2279
215.51,1550
215.53,1363
215.62,2806
215.82,1156
215.96,1171
216.17,3800
216.36,8625
216.85,5925
217.89,4154
217,1435
216.76,1065
216.3,3265
216.795,1805
217.105,4493
217.37,6352
217.515,7642
218.91,9897
217.95,4403
217.875,811
217.95,953
217.815,983
217.84,859
217.32,945
217.29,928
217.51,1572
216.95,3573
216.655,7679
216.56,3941
216.66,1574
216.59,3617
216.8,6545
217.02,4120
217.215,14492
216.425,1678
216.34,102
217,8095
216.75,30170
217.2,5484
216.81,110
216.82,1477
216.395,1011
216.78,783
216.855,1562
216.44,591
216.75,5228
216.7,10475
216.71,24519
216.59,332
216.38,591
216.43,6903
217.015,20507
217.1,9096
217.205,16464
217.19,1326
217.385,2038
217.68,1308
217.7,2833
217.42,2315
217.235,11985
219.8,6372
221.55,7259
221.02,6318
222.055,3072
221.865,3027
222.42,2587
222.43,5231
221.395,1842
222.01,1111
221.72,2405
221.93,1599
222.26,3835
222.155,3481
222.785,1364
222.81,1675
222.85,1248
222.76,935
222.68,1030
222.44,2712
222.36,1402
222.52,950
222.55,1550
222.815,3178
222.655,2420
222.57,6055
222.68,12197
221.84,1291
221.95,3164
222.12,4687
222.195,4459
221.945,2346
221.76,903
222,894
222.08,919
221.94,679
221.835,1811
221.57,253
221.65,1009
221.63,576
221.455,3967
221.36,1190
221.565,494
221.62,1100
221.57,1776
221.29,666
221.39,778
221.25,614
221.21,1264
221.1,1348
220.68,2058
220.88,2832
220.86,9315
220.115,2068
221.23,1840
221.37,1893
221.6,1935
221.63,2954
221.515,989
221.515,0
221.6,1924
221.75,1669
221.85,961
221.95,260
221.9,694
222.005,950
222.01,539
222.09,1002
221.83,1280
221.985,1097
221.96,2014
222.04,987
222.04,0
222.325,1058
222.245,2471
221.98,3535
221.925,3781
222.05,3155
222.07,9684
220.79,1836
222.605,1225
222.145,1822
222.05,1271
221.68,958
221.36,842
221.29,1819
221.445,1180
221.75,1213
221.655,321
221.93,110
221.775,996
221.65,1253
221.4,287
221.53,564
221.64,309
221.64,447
221.8,453
221.8,1233
221.905,1681
221.74,1588
221.41,3819
221.345,1889
221.14,6686
221.075,8637
221.4,30232
221.575,2872
220.595,17147
220.885,3775
220.5,7886
220.62,22604
220.235,11189
220.27,2634
220.02,13188
220.24,45092
220.9,5964
221.11,7522
221.19,15728
221.23,13592
221.42,8678
220.92,14759
220.81,1395
220.67,12405
221.15,2550
221.14,4444
221.06,6858
221.33,5951
221.265,4957
221.305,10485
221.41,13025
221.25,9641
221.2,31496
221.24,9878
221.48,28205
221.2,23824
220.36,12465
220.12,5068
220.36,3695
220.15,6644
220.115,3802
220.02,1312
220.08,1206
219.9,3493
220.05,3283
220.05,17744
220.15,6646
220,8776
220.055,12500
220.02,4825
220.03,12485
220.29,2976
220.02,6076
220,5420
219.93,565
219.745,1298
219.865,1611
219.88,1722
219.77,12133
217.315,20979
215.69,15304
216.01,29756
215.82,1982
216.01,24131
216.44,2079
216.495,3418
216.58,1945
216.83,26983
216.16,22559
216.25,16094
216.535,13776
216.59,5780
216.71,9749
216.64,16409
216.67,8069
216.73,17561
217.27,16473
217.11,9213
217.24,12579
217.45,3348
217.34,15856
217.38,25661
217.595,10486
217.825,12427
218.045,55786
217.09,36987
216.055,3224
215.915,5022
216.01,4961
216.1,11560
216.31,8244
216.21,1774
215.36,375
214.695,2355
214.695,0
214.46,962
214.23,1293
214.28,987
214,1941
214.18,1446
214.26,1210
213.97,3970
213.545,3826
213.46,6670
213.17,2777
213.6,2249
213.815,3425
213.38,4706
212.8,2690
212.76,6255
213.02,24256
213.54,6463
214.01,38068
214.45,30823
214.13,17422
215.28,23719
214.7,10014
215.135,16066
215.1,5895
214.75,12422
214.475,13066
214.345,8039
214.76,9871
214.425,13460
214.6,8124
214.67,4256
214.64,10887
214.98,10127
214.84,17396
215.14,17498
215.08,7993
214.85,8978
214.95,10900
214.825,11245
215.35,12887
214.905,18889
215.065,45743
215.02,69165
216.08,18848
215.69,16931
214.89,4332
214.41,5197
214.88,9067
214.44,7156
214.04,38424
214.65,1721
214.525,43909
214.04,38007
214.265,10519
213.975,6967
214.015,4210
214,1907
213.86,346
213.465,1200
213.63,469
213.78,7828
213.87,1958
214.06,15231
214.33,18403
214.365,16537
214.275,20000
214.52,33738
214.47,85994
214.82,7810
213.15,13734
213.05,13555
213.07,14215
213.5,29174
213.75,15362
214.185,17032
214.42,8546
214.31,10210
214.185,5717
214.08,9060
213.605,13139
213.79,8106
213.77,8703
213.99,12446
213.95,11293
214.115,3467
213.83,17479
213.8,5960
214.09,16354
214.28,8745
214.505,7031
214.525,13675
214.195,7906
214.36,19693
214.86,86508
214.85,2791
213.94,1406
214.005,1000
214.18,1843
213.7,3374
212.67,5689
212.67,3276
212.66,1850
212.64,7847
212.29,1033
212.23,2491
212.23,832
212.33,225
212.33,1301
212.2,1783
212.05,6796
212.15,3153
212.74,3358
212.865,3917
212.645,1859
212.69,5245
212.91,2747
212.95,2013
212.86,1346
212.89,3108
213.37,14289
213.87,4040
213.94,4756
214.065,9154
213.65,38583
213.21,2759
212.61,2094
212.3,4747
212.3,0
212.26,13360
212.27,3588
212.22,2490
212.62,5494
212.09,939
212.045,6575
212.6,3946
212.57,800
212.28,2467
212.005,3443
212.14,768
212.07,2112
212.095,1098
212.22,2589
212.27,3688
211.75,4775
211.5,4725
212.23,29043
211.79,12595
212.15,18732
213.91,7951
213.57,4040
213.42,5272
213.815,5284
213.26,1155
212.495,6849
212.95,3380
212.325,6723
212.89,19634
213.29,9984
214.935,2431
214.14,5564
214.39,3387
214.59,3839
214.74,31927
214.73,6842
214.82,34496
214.665,12571
214.5,4507
214.315,17941
214.445,4228
214.72,10053
214.83,23446
215.3,94881
213.915,9558
213.52,16534
213.745,7750
213.59,13778
213.035,3784
212.8,2823
212.69,3552
212.33,4753
212.44,7482
212.57,3241
212.46,4264
212.34,3218
212.14,4061
212.04,2068
211.89,1139
212.03,1781
211.93,2382
211.82,2206
211.93,2129
212.01,2821
212.11,4762
212.055,3543
211.94,2926
211.76,5084
212,5909
211.76,11928
211.76,55795
211.32,34631
212.38,12178
212.175,39940
212.48,28276
212.495,15886
212.26,14643
212.01,10228
211.6,1081
211.17,2663
211.09,2504
211.28,5812
211.12,3186
211.21,3346
210.93,4071
210.83,2828
211,1001
210.98,1231
211.04,1443
210.82,1528
211.02,2378
211.07,2007
211.25,2582
211.68,12685
211.62,12159
211.615,40311
211.92,3720
212.435,8810
211.97,2922
211.165,5342
211.205,4907
211.43,4272
211.46,3294
210.75,7636
210.905,5766
211.01,6399
212.32,2366
211.62,6207
212.02,2462
211.72,2661
211.625,5894
211.7,1072
211.955,722
212.03,2331
211.8,697
211.9,1320
212,11172
212.145,7892
212.025,5807
212.06,2947
211.47,11350
211.3,28356
211.615,6989
212.32,44114
212.64,7128
213.33,47528
213.54,48207
213.23,16325
213.03,3606
213.01,41475
212.765,14048
212.915,34693
213.195,2773
213.09,21278
212.83,2350
212.695,4769
212.32,26999
212.525,7406
212.465,24063
212.225,13772
212.825,24194
212.82,29309
212.83,6643
211.29,7446
211.2,5868
211,20333
211.09,13881
211.19,65201
211.275,5645
211.545,5181
212.31,7154
213.08,13868
212.76,3939
212.04,12632
211,2056
210.83,3381
210.74,2061
210.88,2623
210.49,4437
210.85,2534
210.95,4026
211.65,28709
211.77,6343
211.55,12848
211.08,5965
211.01,4768
210.96,3174
211.125,3482
210.975,5981
210.825,5665
210.89,13250
210.7,6029
210.5,9197
210.575,39846
210.815,6249
208.835,8491
208.97,4085
208.41,4307
208.22,8264
207.66,11544
207.69,6485
208.28,6266
208,4493
208.21,2017
208.23,1546
208.565,1398
208.86,1707
208.66,2440
208.65,2831
208.51,1927
208.63,3501
208.84,2310
208.92,2127
208.88,2020
208.72,2853
208.98,2489
209.42,3431
209.49,3942
209.27,5315
209.29,60346
208.745,17138
208.08,31629
208.09,6353
207.67,48075
208,17247
208.15,15456
208.96,8290
209.16,13475
209.095,10385
209.33,920
209.37,2652
209.71,4148
210.05,7680
209.96,28812
209.625,23870
209.5,4053
209.685,5160
209.385,3355
209.355,7844
209.21,2646
209.39,1843
209.44,1310
209.55,4516
209.415,5337
209.39,10019
209.355,39608
209.435,7541
210.295,8541
210.415,9635
209.87,7338
209.975,2388
209.965,6022
210.06,13909
209.705,2670
209.63,2750
209.42,2317
209.075,1807
209.04,2844
209.03,5435
209.22,2580
209.11,4693
209.25,5178
209.1,7059
209.2,3417
208.87,4806
208.97,7170
209.2,10357
209.15,8732
209.26,12546
209.14,9571
209.275,9633
209.35,37054
209.335,6704
209.28,9659
209.5,5818
209.07,2045
208.86,3784
208.705,8153
208.535,5178
208.41,4037
208.35,1726
209.18,4419
209.53,6949
209.185,4929
209.39,4979
209.31,3706
209.02,6578
209.015,4223
208.875,3442
208.925,5259
209,2243
209.02,3461
208.81,2854
208.92,1420
208.84,2421
208.63,5270
208.94,10346
208.72,79001
208.015,4003
208.41,3571
208.46,15202
208.36,13556
208.45,28028
208.86,18150
209.08,3799
208.65,1925
208.13,1747
208.26,1299
207.98,2038
208.19,3813
208.35,989
208.18,2184
207.97,3218
207.92,9058
207.81,826
207.71,1042
207.37,3061
207.67,863
207.76,1580
208,6278
207.68,1363
207.7,6579
207.42,18105
207.45,46521
208.255,8528
208.38,15856
208.995,12855
207.95,5803
207.81,2704
207.845,2189
207.94,1969
207.925,3108
208.29,1670
208.33,2929
208.21,2779
208,3060
208.4,2068
208.24,3019
208.38,2096
208.525,5113
208.2,2490
208.08,6000
208.09,1168
208,3615
208.07,2344
208.12,3747
208.005,7165
207.96,2733
207.83,14169
207.915,30013
209.575,29819
208.975,17226
209.29,11807
209.28,15246
209.51,20846
208.935,17383
208.87,7971
209.17,7594
209.12,6583
208.76,14182
208.58,7634
208.49,4188
208.3,1951
208.445,2532
208.445,8032
208.32,10529
208.105,8650
208.36,5778
208.26,3395
208.64,8449
209.01,6480
209.265,8903
208.99,9658
208.795,8124
209.12,13820
209.22,27580
209.33,3395
209.7,2478
209.18,2664
209.56,4912
209.495,4092
208.96,2032
209.215,3348
209.385,3779
208.87,1073
208.89,1025
208.9,1194
209.03,2120
209.19,2805
208.94,1953
208.79,2359
208.865,3902
208.57,4002
209.015,7548
209.12,8358
209.96,6338
209.81,6848
209.7,5266
209.65,7186
209.825,8940
209.78,9095
209.69,61887
210.23,5014
211.31,1767
211.02,2238
210.85,2006
211.02,4539
210.65,2109
211.07,4464
211.69,4169
212.165,4509
212.13,1448
211.77,2383
211.92,1154
211.31,1256
211.27,5457
210.77,25540
210.83,9743
210.735,1355
210.665,466
210.73,3470
210.695,500
210.715,628
210.485,1480
210.34,785
210.54,3335
210.195,4053
210.17,27238
210.63,5901
212.51,4197
212.805,2906
211.735,2107
211.14,1241
210.71,3810
211.4,4192
211.19,3678
211.315,3816
211.06,2421
211.07,2846
210.55,3726
210.41,7296
210.375,6490
210.735,5378
210.93,5462
210.5,2127
210.77,2125
210.97,9716
211.725,9569
211.91,13099
212.02,9046
211.88,13183
211.74,19025
211.39,18123
211.09,50497
210.71,4422
211.15,1515
211.2,2062
210.56,3748
211.08,1956
211.8,2106
211.24,1886
210.92,2274
210.925,3041
211.28,1623
211.68,722
211.755,2988
211.51,3243
211.435,8032
211.27,5462
211.13,7997
210.59,8715
210.57,10530
210.195,9751
209.66,7272
209.76,4650
209.27,4592
209.375,3601
209.06,4959
209.43,7162
209.24,32619
209.84,5703
209.91,4701
210,3724
209.385,2033
209.22,5213
208.76,2327
209.2,7278
209.045,6212
208.88,1670
208.665,5435
208.21,2485
208.29,2657
208.29,3270
208.3,4595
207.98,4178
207.95,3371
208.14,4580
208.32,2138
208.29,2953
208.485,1713
208.755,6198
208.5,8722
208.11,8032
208.25,10711
208.575,15240
208.52,43991
208.895,1967
208.82,2027
208.74,2392
208.945,858
208.95,1585
208.28,979
208.295,2953
208.78,2631
209.32,3564
209,1708
208.83,1232
208.59,3113
208.29,3740
208.135,3688
208.05,1058
208.32,1740
208.22,3100
208.37,2386
208.055,2425
207.855,521
207.875,2256
208.04,2193
207.96,3174
208.12,3305
208.235,7742
208.5,25205
208.77,2139
208.26,3818
208.35,4807
208.87,1275
208.88,3754
209.08,4915
208.75,4383
208.745,2373
209.09,3108
208.98,4055
209.08,2812
209.31,1707
209.2,1222
209.29,2842
209.435,4398
209.205,7085
209.2,4513
209.18,3081
209.34,1694
209.15,1364
209.19,2293
209.15,1517
209,1129
209.16,1648
209.28,3303
209.435,17113
209.94,7126
208.44,7449
206.7,1654
207.25,2015
207.28,1613
206.82,3361
205.9,8467
205.49,5321
205.52,4049
205.19,2460
205.55,2317
205.57,1824
205.54,1073
205.525,4204
205,4544
205.03,1137
204.7,4053
204.82,2472
204.805,5011
204.49,2108
204.585,7273
203.64,3621
203.63,4848
203.89,3782
203.92,5589
204.05,21580
205.165,3470
205.405,3629
204.43,3607
203.67,427
203.85,3934
203.85,4082
202.745,6214
203.535,16120
202.52,2828
202.65,5385
202.07,2198
201.7,2602
202.12,2069
201.82,572
201.49,3057
201.58,1844
201.695,3036
201.805,2675
201.78,3718
202.24,839
202.03,1829
201.65,1548
201.28,4423
201,5050
201.08,3918
201.405,25508
202.41,4793
201.82,1358
201.65,2520
201.21,3521
200.7,5644
201.02,4861
200.85,4303
201.385,3470
201.97,3695
201.9,1712
201.94,870
202.15,2769
202.075,2820
201.95,1325
202.22,3003
202.265,2260
202.515,5137
202.855,1514
202.66,828
202.775,754
202.96,878
202.55,1385
202.24,3667
202.04,2172
202.57,2536
202.68,15600
201.655,2831
201.555,2870
202.395,1484
202.86,4847
203.15,4450
203.81,2221
204.14,5940
204.765,2993
204.805,1480
205.55,1638
205.805,2250
206.115,3704
206.605,4829
207.185,5381
207.42,3639
207.47,2817
206.93,1583
207.31,3329
207.22,949
207.535,3028
207.59,2788
208.14,2602
208.15,2780
208.1,5289
208.33,15260
207.6,25672
208.805,4482
207.57,1252
207.42,1907
208.18,3254
207.8,1908
207.12,3582
206.545,7386
206.46,1791
206.93,2061
205.865,2362
205.6,5087
204.95,2739
204.615,5566
204.6,2777
204.23,5537
202.66,2804
202.9,9374
202.69,20054
203.29,17770
203.515,10349
202.275,12151
202.785,4890
202.965,8459
202.89,9319
202.95,17899
202.57,34603
203.65,1435
202.88,4181
202.45,4252
202.54,3117
202.92,4051
203.525,4240
203.42,4947
204.58,4579
203.755,6913
203.49,3893
203.615,1898
203.935,2390
203.56,3091
203.335,6266
204.205,4306
203.94,1894
203.87,1051
203.64,2795
203.695,3694
202.95,1183
203.12,2610
203.64,2742
203.46,1709
203.19,3338
202.86,4284
203.09,13871
202.815,1381
204.095,2944
203.99,1163
204.135,922
202.915,2412
203.13,6162
202.58,10907
202.41,15830
202.81,5657
203.45,4974
203.465,6721
203.815,3199
203.74,2364
203.29,3435
203.14,1264
203.02,986
202.53,5079
202.22,3404
202.47,2525
203.01,2467
203.41,2784
203.49,10399
203.1,7816
203.17,6631
203.11,5496
202.92,13685
204.94,1054
205.15,1262
205.11,3300
205.03,4288
205.22,2572
205.81,1144
205.55,786
205.36,1542
205.74,2105
206.07,2224
205.86,1186
205.805,1517
205.885,1060
206.02,632
206.09,1090
206.025,1264
205.78,334
205.875,1051
205.96,2066
205.945,908
205.87,3426
205.59,2006
205.97,1477
206,1468
206.05,6098
205.985,22191
206.23,5277
206.78,2169
207.26,1175
208.2,2425
208.81,2954
209.27,11417
209.97,4209
210.27,4054
210.15,4883
209.56,3528
209.005,3801
209.4,5100
209.72,7241
209.21,4150
209.01,4066
209.12,2788
208.92,2653
209.05,2874
209.04,2160
209.11,1674
209,1746
209.175,5074
209,5510
209.38,1953
209.105,5292
209.09,17050
209.875,3887
208.86,4083
208.21,2413
208.5,5975
208.8,8495
208.75,5390
209.13,7572
208.645,5610
208.41,6088
209.085,5074
208.86,7366
208.195,2819
208.39,5899
208.455,2370
208.26,5948
207.615,3667
207.38,2467
207.05,2442
207.62,3368
207.04,2288
207.46,2381
207.1,2397
207.42,3743
207.245,3981
207.01,13955
206.58,29653
214.51,20534
217.79,16712
218.65,13733
219.09,13364
220.24,13586
221.18,11095
221.46,7313
220.935,7079
221.875,5541
221.71,5410
221.26,6994
222.04,9507
221.71,6186
221.76,8003
220.49,20312
220.8,14776
221.235,10746
221.43,8630
221.12,14938
222.17,11742
222.285,8137
221.99,11382
221.87,8177
221.42,14027
221.43,10576
220.69,35934
220.57,7186
219.53,3273
218.51,10448
216.55,8688
215.98,8392
216.195,8513
216.17,8930
216.125,5960
215.87,7618
216.405,3678
216.31,4860
215.94,5435
215.76,8843
215.185,3027
215.01,2652
215.13,4444
215.875,6106
216.67,5662
216.89,5442
216.16,5635
216.72,6623
217.02,10571
217.31,5522
216.995,5885
217.13,16049
217.1,41708
218.955,17233
215.865,6722
217.995,10547
217.76,4132
216.67,5284
216.305,5495
215.84,9557
215.93,5511
216.085,3851
216.06,3418
215.68,2001
215.32,4384
215.45,1484
215.975,2069
215.655,3913
215.45,3114
215.26,2697
215.15,9157
215.63,2523
215.495,5118
215.29,4699
214.91,3517
214.99,3158
215,2279
214.85,3984
215.02,41225
214.625,15773
214.155,2313
213.93,2227
213.42,2782
214,7020
214.71,5588
214.895,2875
214.495,4124
214.065,4713
214.08,2239
214.34,906
214.47,2165
215.105,3274
214.95,2642
215.22,3669
214.64,1704
214.66,3305
214.51,2142
214.74,4729
214.765,4369
214.09,3989
213.755,2846
213.95,5319
213.97,7554
213.93,6632
213.935,29055
213.525,9726
213.655,10866
212.63,6538
212.52,5292
213.51,5070
212.87,2479
213.46,1130
212.94,5423
212.7,4115
212.61,1535
212.96,5568
213.71,9034
213.825,6848
214.25,6779
214.355,3889
214.025,1196
213.73,2871
213.535,2183
213.1,7248
212.12,4204
212.155,10074
211.07,8478
211.275,6002
211,3349
211.665,8669
211.29,34771
201.825,10007
202.3,10165
204.405,5753
203.95,4363
204.58,5534
204.22,5529
204.55,6699
204.22,4846
204,6964
202.245,5852
203.08,5940
202.65,1757
202.57,1098
202.39,1794
202.08,6456
201.39,3839
201.645,2535
201.24,3370
201.82,1511
201.275,8058
201.53,4480
201.43,2991
201.09,6907
200.67,4684
200.49,6150
200.27,28139
198.78,4198
200.36,3810
201.5,8095
201.01,2231
200.82,2558
201.01,2535
200.85,2479
200.34,961
200.01,1504
200.2,3818
199.92,8834
200.08,743
200.8,1999
200.7,1636
200.16,1471
200.465,521
201.11,1992
201.04,2438
200.94,1341
201.04,1730
201.03,1826
201.12,1428
201.46,966
201.495,3265
201.13,12186
201.525,23285
201.285,9596
198.37,11875
198.69,4866
199.24,6247
197.85,8568
198.48,4858
198.945,3458
198.65,1768
198.89,3791
198.84,2266
198.6,3875
198.48,2638
197.875,3928
197.64,4529
197.445,6819
197.45,4048
197.1,5415
197.48,2534
198,2437
198.13,3912
198.62,2952
198.475,3239
198.24,3479
198.19,6204
197.895,4283
198.06,26085
197.38,20010
196.04,3980
195.985,4849
195.82,10950
195.15,5627
195.485,2674
195.53,6803
195.335,3471
195.44,5008
195.16,1604
195.72,2062
195.5,2599
195.27,3291
195.04,2226
195.805,1515
195.97,699
195.82,1607
195.93,2286
195.685,1334
195.78,1286
195.74,2056
195.68,2661
195.89,1659
196.36,2259
196.125,3448
196.25,26535
197.07,1643
197.34,932
196.79,5048
196.27,1715
196.115,5052
196.245,4505
195.64,4012
195.675,3195
196.245,3129
196.975,2390
197.11,2422
197.14,1780
197.59,732
197.32,2021
197.26,2693
197.455,2665
196.89,3265
196.81,2345
196.785,16155
197.94,3465
197.95,2753
197.655,4545
198.015,2301
197.72,5459
197.47,6487
197.27,21228
196.17,3762
195.87,10129
196.93,4892
196.325,3079
196.805,4346
196.21,9083
196.65,4575
196.505,4183
195.9,2544
196.2,2629
196.305,3932
195.99,5073
195.63,4158
195.94,1253
195.625,2964
195.34,1428
195.61,904
195.64,3477
195.99,1624
196.505,3024
196.45,4683
196.21,2776
196.23,2051
196.335,1008
196.24,6467
195.78,11478
196.045,1607
196.07,2888
196.08,2655
196.24,1667
195.6,2495
195.425,242
195.01,2178
195.21,2039
194.865,5709
195.325,692
194.73,486
194.75,816
194.69,1852
194.38,1070
194.46,1367
194.42,626
194.065,5202
194.175,1902
194.2,3099
194.01,1486
194.34,1565
194.705,2215
195.07,1015
194.82,3227
194.815,5345
194.85,19311
195,3319
194.67,4296
194.46,3322
194.41,3032
194.44,1418
193.95,2598
193.83,4674
194.37,902
194.1,1135
194.38,3739
194.15,3757
194.26,1598
194.565,1026
194.835,739
194.98,2290
194.94,1442
195.01,1349
195.06,1414
195.6,1433
195.69,667
195.79,1304
195.61,1603
195.54,2558
195.62,5154
195.97,6643
196.22,21998
196.74,2015
196.35,1524
196.29,1328
196.19,2390
196.775,2803
196.35,3484
196.44,6820
197.74,4655
197.83,1737
198.37,3814
198.87,1945
198.9,2316
199.43,3135
199.255,3327
199.29,5842
199.74,2696
199.94,3464
199.94,4212
200.04,9524
200.78,5256
201.075,6115
200.99,4478
201.25,8562
201.29,3453
201.21,8980
201.23,34894
200.64,3423
200.82,3864
201.405,2223
201.19,545
201.19,0
200.85,1576
200.95,1281
201.31,3765
201.23,4839
201.38,1958
201.71,3707
201.88,552
201.86,2242
202.14,2147
201.97,1490
201.915,1768
201.54,1632
201.725,2973
201.825,906
201.61,1005
201.81,4863
201.835,1892
201.61,2004
201.79,4139
201.875,5692
201.895,19260
201.76,4113
201.7,4712
202.585,4520
202.6,2820
202.605,2774
202.57,2969
201.81,1267
202.03,102
202.17,3570
201.7,1241
202.17,2756
201.99,2373
202.32,3755
201.845,1673
201.84,2631
201.85,1427
201.53,2287
201.06,3859
201.29,4264
201.16,2910
201,2150
200.74,1841
200.52,5085
200.31,2097
199.91,4614
200.01,15890
197.63,1180
197,5992
196.47,2958
196.78,3240
197.67,4656
197.745,2876
198.01,2996
197.875,2705
198.835,2722
198.74,1304
198.85,1125
198.81,1228
199,668
199.07,1951
199.14,932
199.3,2147
199.38,2087
198.645,1405
198.99,1259
199.15,457
199.03,1235
199.18,3350
199.24,2980
199.125,3108
198.94,3821
199.28,22890
198.205,2628
198.98,3234
198.57,882
198.96,793
198.68,2052
198.445,2340
197.34,1027
196.69,692
197.06,2122
197.6,1058
197.83,606
198.03,741
198.03,1538
197.77,641
197.28,1137
197.13,1428
196.91,768
196.81,733
196.445,619
196.22,2530
195.81,102
195.5,1453
195.225,375
195.28,1735
195.25,2863
195.69,17867
191.825,23384
193.78,4378
192.925,11617
192.62,7870
191.76,2023
191.19,3192
190.98,10300
192.01,6034
192.555,5936
192.35,4490
192.13,4703
191.77,3274
191.55,2772
191.975,2502
192.39,1831
192.375,1631
192.535,3155
192.5,3537
192.435,3312
192.29,5018
192.06,6509
191.88,3860
192.3,1846
192.465,2729
192.125,5003
191.825,36692
190.675,3537
190.2,4366
191.22,1409
191.08,976
190.925,2214
190.65,6549
189.325,1353
189.33,2221
189.525,3098
189.55,2161
189.87,914
189.91,1162
190,1546
189.93,890
190.19,801
190.47,931
190.53,2199
189.96,3207
190.27,4344
190.05,5424
189.48,2430
189.34,3286
189.895,3591
190.62,7402
190.61,9237
190.54,21305
192.49,1949
192.01,1955
192.045,1119
191.18,2168
191.555,680
191.65,1745
190.69,1855
189.89,1674
189.67,2693
188.84,3204
188.35,2562
188.27,1786
188.33,1981
187.48,2071
187.98,1014
188.64,2155
188.1,1343
187.265,1980
186.92,4645
187.425,4510
187.38,2065
187.47,4983
187.96,1584
187.72,1593
188.03,3851
187.71,17601
188.765,1583
188.33,1309
188.84,3333
189.34,3690
189.68,8346
189.625,1657
189.63,4561
189.115,4889
189.425,7619
189.38,6758
189.92,5291
190.455,2941
189.97,4410
190.055,4816
190.3,2459
189.72,2481
190.005,1596
190.58,5886
190.78,2319
190.385,1538
190.45,2906
190.26,3079
189.86,3658
189.815,2199
189.5,4805
189.54,37209
189.41,6258
187.755,5133
187.64,2838
187.975,1525
187.905,1310
187.99,2428
188.16,2037
188.4,1989
187.785,1330
187.74,988
188.11,926
187.79,588
187.78,1132
187.5,555
187.86,1942
187.94,252
187.54,2731
187.54,3706
187.74,3355
187.53,977
187.61,938
187.42,3345
187.21,3967
187.71,2011
187.92,2213
187.985,29323
190.18,7421
190.03,6601
189.65,4953
189.96,1335
189.55,5053
190.68,4113
190.455,13801
190.25,5166
190.4,1787
190.35,1437
190.44,1003
190.48,2107
190.76,2034
190.42,1890
190.64,1622
190.69,1034
190.735,1058
190.97,1238
190.83,1590
190.885,5660
190.93,3073
190.93,1334
190.96,1441
191.39,581
191.105,2054
191,17901
191.53,3253
190.8,9180
190.525,3647
190.73,209
190.815,966
190.92,2126
190.83,1042
190.85,1577
190.96,1507
191.16,584
191.59,1134
191.275,722
191.08,309
191.21,338
191.02,1711
191.09,1178
191.13,702
190.86,1013
190.94,2778
190.98,837
191.13,2130
190.97,963
190.73,3207
190.65,2400
190.63,2484
190.35,17278
189.75,1416
190.27,897
190.135,3976
190.36,1115
190.38,1250
190.34,449
190.36,1335
191.01,556
190.95,908
191.24,4424
191.2,1201
191.22,694
191.015,3045
191.815,19118
191.815,0
191.815,0
191.815,0
191.815,0
191.815,0
191.815,0
191.815,0
191.815,0
191.815,0
191.815,0
191.815,0
191.815,0
190.91,5075
191.39,4393
191.69,2151
191.515,1070
191.01,2263
190.87,2492
190.93,972
191.01,922
191.24,980
191.38,736
191.35,581
191.19,587
191.45,277
191.465,525
191.575,652
191.68,436
191.85,1920
192.1,2817
191.84,2345
191.51,1073
191.31,1501
191.23,617
190.88,1993
190.68,1915
190.8,1528
190.65,16075
190.55,781
189.67,1255
189.99,3321
190.9,2689
190.27,1462
190.77,2781
191.45,3254
191.53,2017
190.77,2394
190.45,3740
191.26,9528
191.925,7929
192.55,7187
192.645,3332
191.885,4836
191.78,5810
192.22,1554
192.35,5465
192.74,2047
192.45,3849
192.73,3184
192.62,5605
193.11,5986
193.525,8557
193.51,5552
193.43,20869
193.58,7918
194.675,2497
194.585,4815
194.17,1287
193.47,2233
192.99,4059
193.43,2019
193.64,2156
193.26,3996
193.52,2136
193.53,2204
193.83,1444
194.215,3095
194.685,3256
193.97,1517
194.14,2804
193.59,2289
193.58,1074
193.77,895
193.68,604
193.81,873
193.47,1256
193.42,1068
193.28,2851
193.41,5913
193.525,34581
193.355,5115
193.065,7935
193.36,3419
193.14,3365
193.15,4612
193.56,2560
193.46,3962
193.07,5786
192.58,3108
192.185,2266
192.415,3763
191.75,2208
192.51,2250
193.21,623
193.16,317
193.11,952
193.325,1155
193.05,1510
193.05,1625
192.7,1005
192.33,1480
192.19,2340
191.97,4117
191.81,5006
192.295,5821
192.27,16496
192.48,2170
192.565,2371
192.98,1889
193.045,2090
192.87,3317
192.73,4910
192.46,6390
192.05,1244
191.96,1369
192.23,1933
192.1,1104
191.25,986
190.83,2087
191.135,570
191.73,1311
191.75,988
191.26,2454
191.375,2637
191.38,1472
191.335,907
191.32,2312
191.415,973
191.45,984
191.31,1820
191.185,4142
191.06,23869
191.255,1927
190.935,2249
191.21,2980
190.62,1741
190.93,810
190.695,705
190.9,705
190.96,385
191.03,1830
191.265,530
191.23,585
191.11,1176
191.18,170
191.13,576
191.49,1065
191.405,1047
191.24,326
191.34,489
191.56,913
191.49,851
191.3,911
191.46,1354
191.185,1031
191.415,3296
191.4,5370
191.67,15134
192.21,1990
192.04,725
192.46,589
192.41,1316
191.95,2040
192.435,1875
191.71,1495
191.84,2282
192.15,1782
192.16,2639
191.9,2083
191.885,5392
191.405,2294
190.82,1593
190.99,296
190.99,0
190.99,0
190.96,1183
190.985,1474
190.76,1237
190.715,2860
190.55,1107
190.61,5161
190.41,2361
190.27,1883
190.29,22831
190.78,2700
190.47,3236
190.795,2968
191.005,3600
191.03,4122
191.46,3845
190.97,2647
191.81,1532
191.74,4335
191.715,3232
191.72,4407
191.36,3142
191.325,4015
191.12,3581
191.155,3993
191.16,2076
190.995,2967
190.59,1767
190.74,3470
191.18,4924
191.145,8256
191.2,2895
191.795,5666
192.19,10021
191.935,11894
192.02,33177
192.88,6602
193.63,3345
193.27,1733
193.59,118
193.79,964
193.645,200
193.645,0
193.86,1381
193.495,4612
193.32,8937
193.32,3104
194.335,261
194.355,1072
193.995,2328
193.8,7746
194.11,4877
193.98,3767
193.965,3844
194,2967
193.865,2352
193.89,1157
193.86,2808
193.82,3487
193.775,1410
193.81,2913
193.925,16709
194.21,4935
194.3,3664
193.665,3355
193.385,4300
193.09,3207
193.795,2151
192.855,2586
192.885,735
193.13,5184
192.95,1653
192.83,797
192.96,1810
193.065,593
193.24,227
193.22,276
193.62,1297
193.14,1019
193.285,590
193.26,1542
193.075,1163
193.13,965
192.75,1407
192.92,647
192.9,2498
192.94,4641
193.32,14840
195.655,4967
194.685,2151
194.345,3514
193.85,1886
193.69,1389
194.11,1183
194.285,2139
194.77,666
195.08,1152
194.755,667
194.915,2101
194.52,1079
194.75,1605
195.23,348
195.17,959
195.395,804
195.425,924
195.62,1013
195.95,4010
196.48,2112
196.46,2939
196.7,571
197.155,1859
197.445,3770
197.25,2177
197.27,18209
197.11,2562
196.85,3271
196.99,2845
197.65,2723
197.5,3195
197.85,4680
197.93,4454
197.775,2033
197.46,2641
197.31,3422
197.57,6050
198.29,1815
197.81,2108
197.725,1566
197.31,2422
197.09,2245
197.275,1348
197.89,1993
197.56,2540
196.945,1733
197.25,2952
197.54,1672
197.24,4095
197.29,5369
197.745,6431
197.9,27329
198.31,6402
199.42,3580
200.57,11268
201.025,3768
200.725,6644
200.46,4273
200.41,4853
201.02,8814
201.1,11941
201.41,7027
201.71,6075
201.345,7630
202.145,2597
201.88,5197
201.805,2808
201.575,6235
201.9,4313
201.99,7113
201.265,4857
200.89,6793
200.39,5197
200.56,2585
200.805,3003
200.99,9955
200.52,6316
200.67,35446
200.09,7646
199.745,6135
199.365,6253
199.295,3303
199.24,2353
199.97,1496
199.165,1522
199.495,1553
199.305,2612
199.16,2403
198.86,1273
197.23,3088
197.2,2479
198.26,986
198.005,1398
198.175,1717
198.43,408
198.38,1449
198.405,1780
198.17,838
198.05,803
197.96,1762
198.01,1770
198.44,2956
198.81,2630
198.93,21548
198.82,2733
199.12,1448
199.55,831
199.93,408
199.75,1222
199.98,895
199.665,2593
200.28,1264
200.25,1350
200.35,466
200.36,320
200.66,2056
200.92,987
200.6,1151
200.46,1284
200.79,1696
200.62,838
200.58,401
200.73,1113
200.71,683
200.65,1706
200.82,3397
200.39,1218
200.34,4108
200.53,3330
200.55,47387
198.5,5375
197.245,8700
197.82,3866
198.42,3041
199.08,3585
198.11,2501
197.19,2118
197.58,2674
197.175,5466
196.38,5997
196.625,2423
196.445,2467
196.45,2246
196.79,1031
196.95,1581
196.73,1195
196.465,1289
196.185,697
196.12,4331
195.86,5639
196,1868
195.605,2312
195.24,584
195.465,6446
195.56,11905
195.865,14116
195.9,6240
194.82,1829
195.7,1406
195.36,954
195.36,0
195.36,512
195.05,920
195.13,816
195.06,1806
194.96,2305
195.165,757
195.09,986
195.25,318
195.29,1958
195.14,858
195.45,911
195.12,2611
195.065,1227
195.28,734
195.44,631
195.545,308
195.495,356
195.42,459
195.39,1584
195.26,2677
195.25,22042
195.085,1623
195.58,316
195.48,466
195.61,910
195.61,2545
195.8,220
195.8,2103
195.945,955
196.29,1073
196.325,430
196.45,347
196.385,442
196.27,221
196.34,7125
196.34,0
196.34,0
196.34,0
196.34,0
196.34,0
196.34,0
196.34,0
196.34,0
196.34,0
196.34,0
196.34,0
196.34,0
196.83,5661
196.21,5632
196.31,1851
196.36,1705
196.55,742
196.67,536
196.535,4198
196.235,3071
196.18,1771
196.24,421
196.25,467
196.285,108
196.43,2632
196.4,450
196.465,749
196.38,100
196.38,0
196.555,514
196.42,530
196.55,355
196.57,1155
196.61,1452
196.63,1025
196.96,571
197.11,680
197.12,9114
197.48,439
196.51,2584
197.2,509
197.185,624
196.89,627
196.83,775
196.56,2546
196.39,832
196.58,1559
196.45,790
196.45,729
196.52,2233
196.565,589
196.57,2647
196.66,445
196.77,100
196.81,998
196.83,696
196.865,497
196.82,214
196.94,982
196.91,1106
197.18,952
197.125,1027
197.21,2761
197.54,9534
196.44,6943
196.31,2833
197.425,2918
196.99,666
197.04,287
197.25,540
197.085,2835
197.04,1446
197.17,1161
197.06,349
197.43,2247
196.92,1314
197.19,626
197.13,677
197.09,1236
197.11,524
197.25,717
197.28,770
197.215,762
197.2,649
197.145,496
197.205,485
197.245,694
197.13,1483
197.16,1631
197.075,11994
196.44,10454
196.32,2451
196.33,2469
196.125,1551
196.37,1300
196.23,1296
196.01,2874
196.035,2308
196.07,2032
196.41,974
196.435,1386
196.33,679
196.255,1108
196.29,107
196.26,534
196.27,100
196.315,322
196.29,1159
196.5,1109
196.355,697
196.36,527
196.255,912
196.08,1180
195.92,573
195.81,4462
195.69,31181
195.69,5778
193.655,3693
194.41,6323
194.5,2207
194.67,4253
194.6,2164
194.92,4381
195.62,3538
195.48,3202
195.25,1696
195.26,1010
195.93,6018
195.58,939
195.035,528
194.44,312
194.495,1832
194.81,3108
195.1,2677
195.4,3610
195.935,6811
196.27,1578
196.4,898
196.24,2463
196.11,3059
196.09,3967
195.98,10319
195.19,5418
198.59,4639
198.78,3607
198.64,5049
199.95,4596
200.33,3148
200.035,4288
199.57,3833
199.86,6118
200.795,4558
200.91,4262
201.01,3288
201.17,4650
201.33,1123
201.44,800
201.33,1009
201.03,506
201.34,735
201.5,1525
201.55,1385
201.62,2338
201.4,1515
201.23,1585
201.07,2111
201,3674
200.825,24387
200.69,5811
201.67,3758
202.17,4990
202.095,3027
202.405,5959
202.18,2212
201.73,1017
202,4168
202.44,1883
202.54,2695
202.71,4207
202.915,3717
203.21,2613
203.05,2175
202.74,1693
202.83,3470
203.12,3597
203.38,2918
203.55,4297
203.7,7498
203.89,4259
203.97,3005
204.02,7453
204.55,8130
204.92,9167
205.19,33665
205.02,2166
203.81,5865
203.28,11190
201.99,3816
201.01,2943
200.51,5095
200.415,4165
201.1,3034
201.435,3447
201.655,677
201.735,3905
201.09,16639
200.53,2554
200.545,5025
200.33,3817
200.345,5584
199.94,2027
199.81,3865
200.185,11178
199.64,2871
199.62,4566
199.44,14310
199.5,12838
199.7,8561
199.63,13854
198.73,33205
199.03,11852
200.35,7569
202.76,9330
202.9,6914
203.485,6913
203.96,8988
204.05,5856
204.06,5922
204.72,5742
204.645,2884
203.97,5559
203.915,8742
203.59,10307
203.535,6595
203.55,3080
203.88,2092
204.625,3666
204.96,5650
204.87,11790
204.405,11141
204.935,6266
205.115,5113
204.7,6357
204.59,12358
204.78,9644
205.135,30335
204.99,5683
204.58,5919
204.48,4537
203.745,2604
204.755,12519
205.62,4477
205.465,5689
206.25,6831
206.43,3167
206.905,3657
207.43,2895
207.555,3613
207.855,2772
207.765,4222
207.68,2019
207.89,5921
208.42,8569
208.68,4920
208.635,7433
208.41,4755
208.3,6984
208.135,10562
208.23,11196
208.35,8799
208.39,12322
208.275,27560
206.625,4907
206.31,2027
205.56,3392
205.34,4932
205.39,7473
206.33,7922
206.73,4569
207.51,935
207.78,3555
208.3,1363
207.68,938
207.68,1309
207.54,1118
207.91,3994
208.31,1417
208.18,1869
208.215,2384
208.34,1516
207.84,701
207.76,855
207.525,1859
207.495,2851
208.05,2974
207.72,1719
207.93,2520
207.985,16149
208.955,4974
209.14,1791
208.72,3350
208.84,5172
210.31,3039
210.67,2265
210.28,3282
210.39,5460
209.88,4857
210.21,3749
210.095,5436
210.4,2405
210.275,2438
210.8,3888
210.85,5696
210.535,6047
210.06,1925
210.255,1527
209.95,1458
210.18,3017
210.67,3695
210.325,2783
210.6,6173
210.42,7787
210.03,8958
210.075,32697
213.625,7045
212.775,3371
211.68,1885
211.72,3753
211.46,1821
211.7,2651
211.35,4262
212.03,2000
214.025,5563
213.195,2483
212.71,3735
213.165,4968
213.005,3599
212.12,2580
211.515,1262
211.6,1000
211.65,2214
211.72,1963
211.95,2895
211.93,1468
211.92,1851
211.95,2666
212.395,6860
212.96,5353
213.095,6777
212.73,17023
213.34,3981
212.06,4781
212.19,1308
213.31,2124
213.95,2642
213.5,2122
214.195,5742
214.22,4126
214.8,453
214.22,1553
214.135,2156
214.17,3193
213.92,1725
214,5523
214.09,6600
214.765,3392
214.9,4424
214.935,6363
214.48,1776
214.415,1845
214.865,11794
215.34,3998
215.19,979
215.25,3226
215.035,19339
215.18,26937
218.61,20274
218.4,16539
218.88,15945
220.055,7543
219.84,6530
218.925,6806
219.72,3239
219.97,9397
220.205,4193
219.97,13787
219.805,8077
219.5,8289
220.16,2444
219.75,2852
219.52,4332
220.16,1271
220.21,5859
219.365,7712
219.97,7589
219.685,4200
219.5,2944
219.84,2755
219.29,1649
219.81,4304
219.2,5339
219.54,20065
216.71,18761
217.97,8562
217.09,19093
216.015,15117
217.14,9287
216.84,11279
216.16,5956
215.875,7270
215.9,6459
216.83,8742
216.2,2833
215.96,1062
215.16,3486
215.26,2125
215.37,5459
215.65,4700
215.28,4706
214.9,3029
214.96,3818
214.92,4762
214.98,10173
214.38,5917
214.73,9562
214.54,5902
214.61,6710
214.78,41075
215.7,6331
217.765,6326
217.83,15169
219.06,7296
219.17,6158
219.8,6077
219.57,2186
219.225,12094
219.01,6386
218.13,8380
217.73,4111
216.78,4084
217.1,3224
217.28,2708
217.08,2434
217.64,1653
217.855,2228
217.415,1298
217.55,3853
217.48,4472
219.16,5241
220.12,9192
220.17,5150
219.765,6319
219.19,3335
219.255,17643
219.74,6963
220.46,4820
220.84,6203
220.18,3818
220.87,4969
221.22,4242
221.87,4682
222.41,4261
221.68,4556
222.54,1933
222.64,2781
222.69,3424
222.725,3332
223.3,3029
222.865,2519
222.78,1809
223.05,2049
222.9,904
223.14,2448
222.96,1906
222.94,4145
222.45,1432
222.105,4053
222.655,4703
222.43,4714
222.46,15366
222.335,4163
222.405,4140
222.12,5502
221.59,6638
221.72,1853
222.03,1464
222.505,3424
222.58,2732
222.64,587
222.79,1272
222.85,1057
222.95,1486
223.065,1431
222.69,3413
222.025,2099
222.34,1646
222.32,487
222.78,408
222.79,938
222.76,1294
222.58,953
222.17,1072
222.14,1885
222.07,2228
221.155,10186
220.75,19973
221.3,11807
220.605,3599
220.52,2857
221.6,3305
221.42,9026
221.41,4894
221.04,8296
220.19,2750
220.595,2371
220.03,2466
220.03,3787
220.375,1754
220.3,2468
220.03,2329
220.24,2721
220.76,858
221.13,3440
221.04,1291
220.98,2168
221.355,4895
221.29,1838
221.215,933
220.835,2603
220.87,1138
221.12,2883
221.25,14873
221.54,6288
222.705,2877
221.725,3378
221.4,1706
221.415,3475
221.47,1711
221.72,636
221.625,1619
221.61,2959
221.34,605
220.57,256
220.34,370
220.9,594
220.91,858
221.05,2608
220.69,253
220.56,625
220.575,921
220.55,741
220.52,625
220.81,2031
220.355,2011
220.77,1589
221.17,2393
221.07,2731
221.05,8607
220.565,5355
220.035,5017
219.31,4382
218.925,4452
219.255,6772
219.78,4100
219.755,2476
220.165,666
220.5,757
220.62,1298
220.54,2027
220.59,567
220.285,356
220.16,1069
219.97,1651
219.42,2562
219.435,1516
219.48,7423
219.265,972
219.295,6122
219.05,4113
218.895,3521
218.885,7504
217.91,18720
216.57,22481
216.32,55554
221.5,18113
225.26,10000
224.625,11085
226.21,4922
225.91,7715
225.93,3597
225.43,7382
225.31,5510
225.24,1816
224.445,2814
225.51,1047
226.49,1515
226.135,1345
226.44,1851
224.89,2168
225.75,1468
225.995,5410
225.92,1831
225.86,1786
226.55,3270
226.93,2869
227.49,4734
226.64,4452
226.56,7880
226.75,9357
226.95,22710
226.74,13017
227.4,7302
228.765,7532
228.58,6289
228.9,5624
229,3539
229.2,6562
228.73,6905
228.1,2250
227.725,3779
227.25,4248
226.62,1406
227.335,1725
226.83,1891
226.46,2210
226.14,3271
226.53,3468
226.61,6202
227.86,3478
227.695,2140
227.035,1892
227.21,3887
226.59,2029
226.91,4589
227.58,6023
227.81,36262
227.3,16623
227.67,4893
225.595,5373
226.405,5344
226.05,3874
226.21,3608
226.35,3724
226.72,4682
226.555,3168
226.84,1162
227,7834
227.02,639
226.58,2254
227.13,7796
227.045,5125
226.74,2150
226.44,2704
226.8,3777
226.775,3297
227.22,3297
226.69,2848
227.15,5251
226.815,5539
226.975,6556
227.76,3991
228.07,28493
227.195,10317
230.225,4846
229.29,3835
230.395,4109
231.14,4367
230.44,5621
230.67,5218
230.63,1629
230.76,2093
230.485,4782
231.44,2156
231.215,1162
231.36,1239
231.09,1290
230.955,3157
230.64,1930
230.265,793
229.61,2485
229.015,1375
229.05,2090
229.25,1145
229.235,1237
229.44,2592
229.305,4960
229.99,3378
230.19,19029
233.5,2509
235.02,6568
233.87,10110
235.59,7060
235.755,5209
235.765,4346
235.66,6223
235.28,5252
235.58,4046
235.82,10438
236.165,9655
236.26,7423
235.15,9366
235.57,4167
235.185,1236
234.98,7707
234.59,5729
233.49,8107
233.46,11702
233.67,4905
233.89,9806
234.015,12445
234.27,12300
234.685,6187
234.85,12725
234.89,27218
234.44,4295
234.19,1968
234.98,1449
234.56,2064
233.605,1274
233.1,6778
234.015,5909
234.07,1005
234.005,13992
234.06,3075
234.565,3274
234.715,645
235.48,1884
236.015,1693
235.46,1073
234.945,887
235,957
234.455,1143
234.45,1421
235.165,2362
235.55,2488
235.285,3383
235.57,1648
235.605,2313
234.98,1963
234.035,29198
234.76,3050
237.625,5685
237.425,16620
237.37,2366
236.85,3321
237.18,2698
237.575,3153
237.44,4166
237.45,5091
237.62,2720
237.19,9907
237.49,1830
237.43,1755
237.11,1995
237.56,2150
237.52,2030
238.04,2651
238.12,5230
238.32,3589
238.195,1843
238.645,2978
238.645,1943
238.37,2608
238.53,3240
238.51,7416
238.465,25769
238.615,4486
239.24,3247
238.82,4205
239.49,2459
239.7,1379
239.72,5693
239.465,3307
238.96,2060
239.49,2729
239.81,2302
240.46,983
240.185,960
240.825,593
240.53,416
240.31,1904
240.21,1970
240.065,1162
239.75,434
239.38,3547
239.22,1631
239.19,1542
239.49,1450
239.675,1414
239.675,1303
239.45,5721
239.71,18423
240.12,10911
241.145,1286
241.85,2162
241,2946
241.655,2969
241.795,3266
242.11,4109
242.305,1431
243,2990
243.39,3058
243.31,3139
243.63,1321
243.94,1435
244.26,3332
244.47,675
244.435,2348
244.07,3305
243.84,924
243.625,1665
243.59,801
243.88,1559
243.66,1823
244.26,2907
243.96,1679
243.57,4791
243.36,15561
244.55,8985
243.03,6739
242.945,15355
240.695,11394
239.685,6332
239.795,6388
239.745,8344
240.77,2525
241.49,2478
242.29,3975
243.14,3698
243.285,4220
243.3,1598
243.095,2863
243.205,3994
242.76,2303
243.07,1601
243.105,2432
242.88,4367
243.54,2648
243.76,2234
243.88,1519
243.86,2367
243.36,3062
243.335,3555
243.22,14899
244.19,5611
245.155,7317
244.41,4560
245.27,2096
244.59,1195
244.405,2746
244.3,1053
242.36,2366
241.47,13748
240.43,3565
239.84,4641
240.61,4834
240.47,3154
239.805,1865
240.25,2922
240.085,4736
239.29,1900
239.81,1868
239.605,3242
240.5,2293
241.46,2252
241.22,4584
241.14,4209
241.115,5793
241.05,16287
241.06,31765
240.475,4001
240,13663
241.05,5405
242.05,10854
241.87,7846
242.31,5337
242.335,6862
242.19,7653
242.41,2914
242.285,7810
242.785,7222
243.035,7334
241.81,1488
241.67,1600
241.62,1489
242.5,10520
242.59,4406
242.4,3920
242.185,2759
242.515,2356
241.68,2538
240.58,9159
241.42,4594
241.295,18005
241.24,27968
241.12,20636
239.92,7360
241.44,4146
241.17,5352
241.055,2636
241.355,6561
241.005,1910
241.2,3980
243.08,4776
243.07,4306
243.68,4868
244.39,340
243.935,1334
243.91,1450
242.79,1028
242.74,1069
242.225,997
242.61,2318
243.175,3152
243.315,5064
243.85,2623
244,1987
244.225,5865
244.125,2421
244.305,3425
243.315,3549
242.94,15683
243.135,3761
242.19,2397
241.43,1990
241.82,1623
241.65,1183
241.47,198
241.19,3154
241.285,1940
240.79,3437
240.23,4155
240.77,2689
240.89,2151
240.75,3835
240.88,1890
241.285,1931
241.49,4989
241.725,5723
241.65,4076
241.78,788
241.09,910
241.31,583
240.85,822
241.11,1770
240.45,1778
240.76,1924
241.07,19936
240.5,4016
240.915,4477
241.21,1045
240.73,480
242.185,1028
242.24,710
241.825,1400
241.17,3896
240.795,3823
240.54,1560
239.94,1597
239.935,547
240.54,472
240.195,1137
240.01,895
239.9,1523
239.55,509
240.22,429
240.57,939
240.63,1528
240.74,1555
240.33,804
240.32,702
240.61,4592
240.685,3000
241.14,13899
241.07,2256
241.53,2191
242.915,2683
243.035,1620
244.12,1436
243.295,1154
242.605,2242
242.92,5424
242.195,5492
242.615,5701
243.12,3624
242.28,5542
242.16,1666
242.77,706
242.77,592
242.74,1754
243.07,674
243.835,2152
243.855,421
243.525,2240
244,1878
243.67,506
243.885,1140
243.97,2523
243.82,3829
243.69,11461