124.645,8322
125.54,8330
125.125,10525
125.35,2895
125.57,7051
125.69,5647
125.48,6686
125.675,3224
126.08,6123
125.61,3381
125.75,3830
125.68,4341
125.86,3029
126.02,2666
125.57,2675
125.585,2821
125.52,9200
125.58,3199
125.48,6073
125.59,6104
125.61,3666
125.6,2284
125.56,3202
125.55,3589
125.59,5044
125.575,20002
125.855,6882
126.37,11262
127.225,15295
127.245,13030
126.585,5535
126.98,7970
127.02,4255
127.68,9285
127.29,5242
127.31,4504
127.16,4049
127.225,5716
127.39,5285
127.14,2497
127.11,5463
126.83,5494
127,3143
127.29,1847
127.03,3834
127.07,4036
126.745,5359
126.82,4608
127.17,3505
127.05,2465
127.21,4315
126.85,17634
127.585,5864
127.43,7186
127.585,3324
127.44,1738
127.685,4261
127.9,5276
128.02,3060
128.11,5737
127.93,4723
127.88,4717
127.73,2171
127.87,2671
127.605,526
127.54,2126
127.36,2061
127.16,2595
126.925,1830
127.02,3042
127.03,3100
126.95,3558
127.425,1519
127.58,1014
127.54,530
127.49,2336
127.515,3140
127.47,14133
128.355,20618
130,10417
129.635,5553
129.895,5060
130.25,6617
130.125,10495
130.26,9113
130.36,6407
130.54,7542
130.37,6295
130.18,10807
130.15,3752
130.585,2528
130.25,2594
130.37,8114
130.54,3836
130.67,2505
130.63,5732
130.75,8131
130.8,13098
130.665,8220
130.425,5832
130.2,6798
130.47,8394
130.305,16461
130.71,52568
131.285,16381
131.74,13425
132.05,9864
132,5453
131.67,6332
131.98,3187
132,7918
131.71,4980
131.53,8698
131,7754
131.305,5157
131.25,8010
131.08,7609
130.9,9283
130.63,5250
131.1,6336
131.05,12499
131.335,9094
131.14,9996
131.57,5531
131.67,8328
131.66,7809
131.86,14855
132.04,6072
131.96,10792
132.16,35663
134.37,22067
134.01,10933
133.37,7118
133.4,5759
133.79,13425
134.615,12958
134.215,13866
133.83,9805
133.31,4318
133.57,3112
133.9,6926
134.22,3239
134.16,4394
134.12,2604
134,2935
133.65,3304
133.285,5498
133.46,3304
133.315,11609
133.66,5696
133.57,2631
133.8,5557
133.46,12004
133.32,6182
133.18,14830
133.28,25372
133.465,18399
133.345,17291
132.295,22410
131.41,14919
131.05,12378
130.405,22376
130.025,12139
129.995,11806
129.79,11520
129.52,10259
129.11,12020
129.085,6413
129.595,20062
129.44,8739
129.37,4429
129.88,7699
129.88,7628
130,7442
130.135,10992
130.8,2516
130.735,10485
130.855,10431
131,5156
130.65,5020
130.79,10475
129.72,37528
129.48,17526
128.7,10789
129.035,17916
128.78,8256
128.46,11322
128.55,17255
128.85,6946
128.795,10518
128.8,8429
128.69,12858
129.27,3218
129.195,4186
129.705,5298
129.68,5729
130.11,7396
129.635,5998
129.38,8936
129.325,4154
129.97,3745
130.415,6541
130.12,3869
130.215,3454
130.23,11617
130.39,13174
130.48,13796
130.11,42932
128.59,22276
127.095,9994
126.9,3216
126.995,5838
127.28,5246
127.76,4188
127.475,4073
127.425,4151
127.24,3067
126.645,9986
126.225,11047
126,6615
126.31,5955
126.54,14941
127.3,5646
127.64,9960
127.545,7081
127.46,6911
127.595,5120
127.9,4204
127.885,4404
128.235,10133
128.205,5880
128.5,9820
128.61,6994
128.33,17446
126.95,8988
127.6,6100
127.54,4396
127.48,4927
127.005,10527
126.79,10702
127.425,10307
127.98,12961
127.5,9479
127.45,28840
127.49,13980
127.135,20812
127.025,9023
127.44,6489
127.24,9800
127.575,3525
127.435,5314
127.63,4209
128.01,5399
128.065,4668
127.91,6848
127.93,7217
127.875,15203
127.85,9926
127.91,18995
127.49,52338
128.68,4077
128.88,6915
128.39,4779
128.57,6925
127.865,14730
127.32,8876
127.24,4723
127.795,5378
128.25,3766
128.82,5832
128.39,6701
127.805,7749
128.13,6407
127.96,6465
127.84,5774
127.73,2481
127.8,5170
127.685,5398
127.7,3967
127.93,3784
128.215,5828
128.42,4435
128.54,6154
128.56,5331
128.565,5367
128.785,13402
127.98,4935
127.54,3541
127.68,3835
127.59,8357
127.75,2291
127.73,1510
127.76,4057
127.75,4794
127.77,1940
127.72,10743
127.64,4253
127.52,5737
127.575,2829
127.35,2697
127.38,2534
127.88,5187
128.22,2025
128.275,1225
127.96,1882
128.04,1220
128.22,2699
128.41,3682
128.27,2849
128.45,4320
128.34,3949
128.34,15402
128.25,6411
128.78,4827
128.7,3451
129.18,3164
129.18,3433
129.31,3545
129.255,4055
129.09,3422
129.085,4921
129.31,2988
129.05,2172
129.295,4241
129.19,3179
129.4,4510
129.44,2285
129.1,6853
128.89,2932
128.84,4877
128.87,1065
129.11,3696
129.08,2906
129.24,3602
129.26,1368
129.225,2289
129.08,7857
129.22,22413
128.8,8969
129.1,3138
128.845,3713
129.38,3201
129.755,6996
129.94,11063
130.33,4482
130.59,4418
130.54,7261
130.235,4852
130.435,6539
130.21,7021
130.17,16437
129.985,6609
130.205,8066
130.185,5206
130.15,4554
130.21,7001
129.98,18495
130.07,12282
130.05,8399
130.31,10805
130.035,25254
130.2,16809
130.04,13950
130.01,76778
130.055,15915
132.09,2392
132.2,3405
132.49,5653
132.42,5884
132.26,8154
132.6,3208
132.13,1329
131.91,2210
131.665,4152
131.765,4964
131.8,1310
131.72,1546
131.75,1748
131.97,1254
131.945,2328
132,2804
131.98,3916
132.13,2777
132.48,1360
132.28,1805
132.24,2961
132.19,1805
132.13,4277
132.445,5284
132.28,36625
132.06,4828
132.63,3737
132.59,4402
132.53,2361
132.63,1941
132.31,3877
132.095,3805
131.985,3923
131.97,8667
132.42,5264
132.36,5196
132.56,8129
132.75,4193
132.725,6025
132.715,5319
132.625,4107
132.85,3097
133.135,5411
133.13,3032
133.04,3182
133.005,1912
132.89,4981
132.68,4276
132.915,4582
132.885,4684
132.785,46260
134.05,5634
134.485,6706
134.765,4539
134.64,4590
134.46,3289
134.26,5711
134.235,6154
134.36,18069
134.4,9250
134.485,4915
134.74,11601
134.34,5322
134.65,5176
134.78,21564
134.42,16119
134.72,9577
134.56,7312
134.58,14803
134.355,5324
135.03,6767
135.02,3978
134.89,3593
134.86,11075
135.07,25047
135.54,8970
135.51,40466
134.365,5253
134.35,2849
134.39,5654
134.53,6170
134.9,10487
135.12,10702
135.04,9346
135.015,5235
134.55,5845
134.23,1287
134.32,12272
134.23,3869
134.2,4902
134.43,1923
134.4,1793
134.54,4417
134.285,2265
134.44,3082
134.21,2210
134.08,1361
133.96,1250
133.98,1513
134.21,1087
134.25,2024
134.29,2323
134.365,19633
133.72,3393
133.69,4088
133.57,2442
133.505,4161
133.27,2809
133.36,5824
133.395,18436
132.23,11024
132.52,8655
132.22,5984
132.37,9597
132.14,4292
132.25,2658
132.33,2815
132.565,2508
132.635,2679
132.49,5192
132.71,3710
132.62,2790
132.5,4870
132.58,2489
132.835,4405
132.43,13809
131.9,16208
132.055,15842
132.125,30662
132.81,3831
133.205,2310
133.38,3169
133.84,2276
133.5,3290
133.305,3811
133.68,4319
133.675,3890
133.95,2174
133.87,1748
133.69,2150
133.72,4260
133.76,5212
133.7,3981
133.72,2805
133.75,3885
133.88,5772
133.84,6896
133.875,6495
133.56,2939
133.6,2866
133.88,2948
133.81,5268
133.88,9248
133.94,10702
134.295,47061
134.765,2663
135.1,7292
134.89,5188
134.795,3672
134.9,2659
135.06,4272
135.02,8586
134.84,1187
134.695,6379
134.83,2960
134.59,2096
134.72,4580
134.765,3059
134.875,2237
135.07,2889
135.285,2444
135.375,2111
135.21,4267
135.12,2109
135.22,3051
135.21,3620
135.34,1249
135.26,516
135.405,5917
135.52,6455
135.455,21985
135.98,6158
135.81,3902
135.61,8722
135.6,7764
135.45,6020
135.455,4746
135.3,1740
135.31,1272
135,2203
134.97,1835
134.78,2123
134.46,4195
134.79,4048
134.565,25763
134.71,3275
134.755,5676
134.39,7614
134.37,6467
134.43,3463
134.43,3845
134.53,5473
134.46,4669
134.28,6754
134.24,3662
134.325,5576
134.41,32445
134.93,2929
133.99,1126
134.105,2962
134.29,4309
134.515,4874
134.795,3249
134.47,2215
134.405,2264
134.245,7103
133.96,1335
133.99,1181
134.21,1607
134.19,2617
133.845,1518
133.645,5253
133.71,2082
133.515,2147
133.45,3586
133.46,1658
133.75,6074
133.53,5995
133.495,6905
133.19,8831
133.395,8631
133.58,10077
133.41,39158
133.13,5488
133.16,2188
133.085,3972
132.87,8090
132.84,4668
132.615,7565
132.72,5523
132.67,3732
132.67,5182
132.73,5491
132.515,3109
132.47,1743
132.43,3701
132.36,4337
132.15,5138
132.125,2808
131.94,8209
131.715,4158
132.06,6173
132.015,1962
131.94,4748
132.07,3122
132.38,5154
132.34,5937
132.01,8277
132.045,44598
131.02,10246
131.4,11830
131.52,18809
131.29,3604
131.43,4091
131.95,3560
132.105,2481
132.05,3699
131.71,2515
131.585,5670
131.62,6052
131.49,5927
131.74,5116
131.51,9340
131.46,3937
131.675,3882
131.53,2212
131.47,4991
131.535,3558
132.1,3403
132.11,2606
132.085,2561
132.01,7554
132.445,8287
132.325,30451
132.885,36064
131.975,1930
131.765,6213
131.98,6322
131.52,5699
131.74,8288
132.5,4703
132.46,4639
132.61,2802
132.36,3578
132.24,1580
132.52,4307
132.94,2419
132.58,5162
132.28,4092
132.18,2958
132.175,2642
131.97,3440
132.105,1950
132.05,8149
132.13,2807
132.02,7907
131.97,2769
132.13,4638
132.37,10283
132.49,11958
132.675,20873
131.505,7187
131.65,5771
131.965,7230
132.375,4660
132.61,2738
132.685,1659
132.79,2295
132.6,3582
133.4,4188
133.195,3547
133.08,2454
133.22,2929
133.26,11322
133.37,12290
133.28,7484
133.26,5264
133.11,4398
132.975,4895
132.975,3806
132.785,2295
132.58,2633
132.915,2507
132.5,4465
132.67,3565
132.84,3877
133.34,22545
131.38,3438
133.3,9662
132.43,7409
131.63,7024
131.485,6272
132.295,4824
131.69,2887
131.92,4549
132.1,4289
132.77,1839
132.67,2185
132.64,2302
132.795,3679
132.85,1265
132.65,1105
132.475,4043
132.185,3185
132.105,3667
131.815,5502
131.18,5261
131.29,4384
131.46,6567
131.405,3673
130.98,9406
130.74,7177
130.58,22076
125.89,17931
124.96,11055
124.72,8948
123.67,8681
123.685,19587
122.75,15137
122.9,9796
123.28,24146
121.925,11989
121.275,13429
121.02,10880
121.08,16037
120.08,11176
120.15,5249
120.54,7175
119.725,10538
120.17,7338
120.18,3767
120.37,7927
119.475,9085
119.26,11042
118.315,11434
118.73,7112
118.83,11377
118.39,9066
118.935,26877
113.75,14017
112.87,10027
114.03,17947
118.2,13315
115.47,12622
115.32,7405
116.41,7726
115.41,2247
114.495,9346
116.36,3651
115.245,2976
114.98,5623
115.495,4348
114.935,5216
115.255,12434
115.915,6663
116.4,8268
117.6,8928
117.855,8047
117.795,10039
117.97,6417
117.51,3600
117.4,7111
116.74,10535
116.67,17373
117.26,31834
123.5,28296
122.51,15666
123.49,16476
123.19,20660
123.08,9633
122.95,9577
122.125,8672
121.92,15281
121.79,7294
122.94,3328
122.755,3712
122.695,10476
122.205,9148
121.16,11683
121.32,5424
120.55,4874
120.23,8339
120.68,5397
120.64,4966
120.52,2573
120.58,10446
120.735,9914
121.03,9027
120.23,9866
120.545,28247
119.1,34985
118.58,5853
120.7,9033
121.45,8785
120.54,7396
121,2861
120.49,4838
119.39,3029
120.41,5818
121.13,3493
120.76,3227
120.595,2738
121.47,3676
121.59,3123
121.565,9315
122.285,6835
122.25,10698
126.13,11604
126.14,11988
127.57,9973
126.57,10897
127.37,8645
126.245,8547
126.945,1711
127.61,11439
127.9,18390
128,49405
126.96,6179
128.06,12706
128.8,13824
128.195,6768
127.89,8562
128.47,5516
127.685,5423
127.56,8977
126.985,7008
126.855,8290
125.94,4134
125.37,11811
124.34,10757
125.02,9471
125.455,10383
124.505,6594
125.56,9373
126.68,7375
126.89,10165
126.42,7355
127.99,6086
128.31,7630
127.59,8695
127.19,10411
126.76,14392
125.72,34626
126.055,7245
125.52,3893
126.16,2432
126.77,3505
126.01,4748
126.78,2212
126.93,4531
126.28,2321
126.36,2737
126.89,1631
127.2,1397
127.64,1146
127.97,1508
128.13,1751
128.4,4120
128.615,2867
128.2,2317
129.125,1821
128.76,1338
128.53,1641
128.17,1352
128.48,2090
128.415,1932
128.55,4619
128.7,4882
128.82,22026
129.38,6408
129.7,7710
129.47,19009
128.84,4068
128.995,6014
129.01,5121
129.42,3533
129.38,3669
129.01,3273
128.66,2171
128.72,5196
128.5,1433
128.82,2071
128.97,2494
128.72,6551
128.645,2638
128.51,1347
128.37,3175
128.67,4343
128.61,1795
128.965,4686
129.045,1919
129.04,3573
129.515,4344
129.57,4705
129.71,25620
128.515,4822
128.975,8064
128.98,12165
129.21,4845
129.565,5724
129.73,7685
129.61,12815
129.7,7232
129.465,2862
129.3,1975
129.79,2845
129.36,9353
129.55,2505
129.48,1190
129.38,691
129.33,1878
129.095,1090
129.28,5905
129.295,3845
129.055,1777
128.79,4307
128.95,3488
128.98,4590
128.87,3770
129.14,3403
128.98,13364
129.425,2551
129.42,5914
129.24,3182
129.06,4690
129.39,608
129.56,6686
129.75,3767
129.62,3434
129.96,1663
130.08,1283
129.86,3177
129.75,12222
129.84,1083
129.8,6374
129.795,3287
129.85,1187
129.95,13514
129.04,11001
128.87,3533
129.27,2815
129.56,2835
129.565,2776
129.44,86098
129.08,20681
128.78,10593
128.7,28337
129.25,5800
128.73,6278
129.21,20645
129.075,5455
128.6,2971
128.605,6301
128.83,6569
129.425,5807
129.21,3110
129.28,3406
129.64,10258
129.8,5890
129.99,8640
129.925,4688
130.32,2872
130.01,1494
129.99,4224
129.885,6849
130.1,4767
130.24,4912
129.95,5061
130.045,12231
129.6,7997
129.38,6476
129.455,32366
129.5,34866
128.55,5703
128.4,7184
128.22,3464
128.075,5644
127.605,8351
127.22,3744
126.95,5613
126.26,8561
125.94,6735
125.7,5260
125.58,3589
125.485,2906
125.6,3352
125.53,4044
125.36,3613
125.33,4475
125.1,6538
125.06,9456
124.94,13945
124.855,4076
125.075,4875
125,7505
124.79,2649
125.01,6237
125,14230
125.59,35444
115.72,46538
116.5,28262
114.77,26656
116.06,36759
116.215,20726
115.26,15759
115.35,24847
114.835,24250
114.81,22355
114.64,16317
115.03,13293
114.98,9500
115.31,12606
114.99,21595
114.6,26608
113.84,96386
112.885,43549
112.91,20783
112.98,57423
113.45,15682
113.985,13577
114.07,14344
114.72,20491
114.985,36483
115.145,51040
114.455,113226
117.375,58615
120.95,28596
121.415,30621
122.1,22542
121.74,12902
121.78,25833
121.79,24610
121.555,10971
120.73,11998
121.165,16667
120.57,16322
120.22,7688
120.08,4983
119.865,9330
119.4,6146
119.87,6889
119.735,6309
120.12,8100
120.46,4538
120.35,5687
119.89,4727
119.87,6495
119.75,10696
120.1,24514
119.95,28426
120.245,66771
120.02,6938
120.9,5385
120.4,8164
120.03,1831
120.535,3328
120.53,2578
120.66,1788
120.725,5300
120.93,1984
120.4,2695
120.61,5081
120.615,4439
121.04,3420
121.26,4118
121.375,4507
121.31,6525
121.18,2127
121.045,4025
121.31,11788
121.58,11056
121.39,8654
121.565,9422
121.66,25662
121.495,10628
121.74,16701
121.75,39108
122.7,8218
123.25,14314
123.74,14590
123.68,10061
122.97,13809
123.42,9742
123.51,6510
123.855,7843
123.625,3130
123.765,4872
124.235,5740
124.31,5161
124.58,3668
124.635,7151
124.81,8339
124.94,4407
124.85,14590
124.865,11987
124.18,8579
124.255,3675
124.53,4118
124.695,4657
124.725,5046
124.9,8515
125,13712
125.25,38792
125.895,3125
125.9,6833
125.41,2888
125.27,4770
125.25,6633
125.14,2849
124.875,3837
124.745,4480
124.71,3428
124.62,6524
124.49,2513
124.31,3044
124.42,3066
124.4,3691
124.11,2612
123.96,3924
123.815,3758
123.96,3923
124.355,3462
124.23,3442
124.38,1839
124.35,6005
124.5,2568
124.645,4162
124.89,9533
124.76,32597
124.7,19352
125.05,8657
125,5578
125.52,6743
125.16,6106
125.46,2783
125.49,2093
125.54,2978
125.43,2630
125.31,986
125.25,797
125.4,1751
125.43,1759
125.41,3175
124.915,7135
124.8,7956
125.05,3479
125.235,5092
125.245,3288
125.15,4632
124.985,3655
125.11,5361
125.35,9176
125.54,8593
125.525,8516
125.595,26907
125.865,2953
124.135,1112
123.84,2926
124.33,3243
124.615,2350
124.695,2058
125.145,3054
125.51,687
125.54,2103
125.67,10397
125.76,3717
125.56,575
125.4,1229
125.66,590
125.68,4338
125.235,13910
125.74,4796
125.885,7374
125.84,6791
125.68,7095
125.5,10894
125.14,5192
125.405,3672
125.64,6484
125.38,6468
125.44,27087
126.365,6060
125.77,6364
126.525,2073
127.08,2015
127.18,2837
127.3,1845
127.405,4570
126.955,8447
126.9,5545
126.83,2794
126.64,5444
126.34,1066
126.27,2280
126.32,3961
126.44,4487
126.76,1922
126.89,2197
126.805,2405
126.935,969
127.255,2364
127.245,2171
127.4,1404
127.51,3337
127.53,5759
127.75,6086
127.91,26817
129.21,15103
130.43,10424
130.43,12859
130.12,3915
130.675,5240
130.36,4268
130.13,12643
129.255,15280
128.22,8391
128.39,7359
129.3,6780
129.4,4254
129.65,1968
129.66,3100
129.885,3144
129.905,3540
129.955,6258
130.3,4535
130.455,8522
130.455,1681
130.48,4590
130.6,6903
130.44,9194
130.335,15328
130.66,11865
130.68,24478
129.605,4854
128.77,5717
128.67,11176
128.62,4579
128.64,4520
129.17,4469
129.21,3967
129.295,8276
128.865,4298
128.955,1693
128.91,3194
129.265,2607
129.04,2375
128.92,2427
128.69,3211
128.505,3817
128.39,4039
128.6,3583
128.82,3096
129.06,2541
129.065,4867
128.98,2483
128.87,1605
128.89,3306
128.845,7455
128.86,17558
127.96,2976
127.67,2568
127.315,2544
127.6,4006
127.495,3694
127.595,4218
127.785,1994
127.995,2829
128.01,3302
127.82,4182
127.62,5554
127.73,3630
127.475,3729
127.395,1224
127.39,2354
127.79,2073
127.615,1649
127.37,4095
127.32,1627
127.38,2176
127.795,1113
128.02,4510
128.2,3394
128.175,3588
128.4,4685
128.57,17488
127.81,2701
127.745,5950
128.34,6459
128.15,1707
127.785,5552
128.04,1808
127.85,640
127.835,2924
128.05,6121
128.38,1016
128.32,6799
128.37,653
128.5,798
128.62,1939
128.71,834
128.675,3383
128.755,1346
128.47,2215
128.095,3525
127.83,2586
127.905,6879
128.05,6476
128.015,3991
127.95,11748
127.595,8808
127.6,42720
127.83,1035
128.005,1000
127.79,2175
128.09,2326
128.735,4421
128.55,2738
128.47,2964
129.3,5899
129.32,2819
129.89,9345
130.15,2942
130.295,2748
130.17,1384
130.49,1220
130.47,1524
130.16,1818
130.07,987
130.03,860
129.74,1646
129.75,987
129.71,2272
129.76,2090
129.62,3224
129.335,5386
129.6,7591
129.53,32521
128.315,5810
127.82,7623
126.99,13537
126.26,8974
126.33,9471
126.605,8118
126.52,4994
126.58,5860
127.09,2353
127.75,3552
127.91,3864
127.605,2437
127.56,2765
127.69,1118
127.92,1214
127.945,4372
128.05,1614
128.28,1426
128.38,4387
128.14,4882
127.93,6840
128.325,4239
128.505,4669
128.785,6726
128.7,14212
128.46,27308
129.86,113426
127.57,7633
129.26,5618
130.19,3125
129.9,2858
129.85,4319
130.29,4380
130.14,2535
130.03,2688
130,3098
130.03,3888
129.845,3384
129.86,3795
130.07,2682
130.185,2518
130.305,3872
130.12,12370
129.925,4849
129.84,11217
129.95,3097
130.235,2849
130.385,4266
130.37,2412
130.37,6570
130.47,6341
130.235,20188
131.25,6064
131.125,10505
131.295,7164
131.785,3629
131.77,3747
131.12,3330
130.93,3185
130.785,8679
130.96,5257
131.29,6039
130.755,5441
130.73,5107
130.88,5301
130.88,4994
130.7,5282
130.76,3922
130.99,5226
130.74,7515
130.88,6004
130.845,2668
130.75,3163
130.66,11869
130.74,6030
130.7,7082
131.035,10852
131.135,26102
131.585,5061
130.12,3868
129.91,4205
129.37,2554
129.64,2906
130.1,981
130.06,1865
130.135,2132
130.49,5384
130.67,991
130.75,1122
130.68,2551
130.82,1796
130.68,1242
130.84,1786
130.96,991
130.935,13019
130.47,2938
130.95,2783
130.98,2908
130.99,4160
131.3,3095
131.19,2565
130.98,5640
131.015,10424
130.87,40314
131.865,16389
132.38,22097
132.72,22513
133.035,22012
133.11,8988
132.68,13569
133.08,4257
133.36,3846
133.25,2754
133.605,10534
133.81,6096
133.85,4359
133.79,5589
133.73,6323
134.02,3119
134.015,2758
134.155,9086
134.035,3577
133.99,5171
134.235,7386
134.39,13536
134.575,11110
134.76,16415
135,12906
135.02,9304
135.315,41839
135.56,1398
134.895,2552
134.715,3453
134.73,1941
134.82,4780
134.87,3711
134.615,3417
134.955,4690
134.94,1290
134.785,3607
134.95,3229
135.15,2765
135.245,2491
135.12,1575
135.25,4775
135.11,5864
135.24,3862
135.23,1978
135.115,2623
135.065,2258
135.18,2200
135.31,2333
135.305,4666
135.39,2537
135.22,3607
135.23,17383
135.74,12874
135.865,10679
137.1,11810
137.24,14139
137.32,7417
137.345,5131
137.02,13748
137.19,10809
137.18,8881
137.29,7238
137.21,2989
137.32,7336
137.01,15986
136.87,6571
136.99,7334
137.07,7207
136.985,7931
136.88,15704
136.91,16845
137.06,12882
137.2,3357
137.33,6929
137.525,8032
137.4,5572
137.055,9749
137.17,29042
136.4,8132
136.265,1812
135.99,3748
136.745,3258
136.98,2244
137.37,4671
136.9,4329
137.135,1029
137.14,4726
137.05,5358
137.28,8827
136.95,6977
137.13,12102
137.27,6380
137.12,2578
137.465,2203
137.54,5564
137.61,5846
137.52,8477
137.445,3060
137.01,3717
137.06,5275
137.04,6465
136.785,8212
136.835,7423
136.94,8499
138.375,7370
137.48,3521
137.88,2370
136.835,8225
136.96,5669
136.69,1990
136.92,3452
136.96,1848
136.73,1158
136.97,3726
137.12,5815
137.115,3687
137.17,937
137.17,3762
137.19,2944
137.115,2348
136.12,3751
136.05,5618
135.93,4161
135.815,5097
135.79,5731
135.82,7397
135.54,16063
135.255,7794
135.02,9816
135.33,25018
134.57,2891
134.15,1243
134.21,4825
133.83,4286
133.91,4435
133.81,2469
133.81,2145
133.65,2141
133.72,7395
133.905,2486
133.86,2449
133.935,3955
133.685,2850
133.76,5631
133.855,2563
133.59,6558
133.94,4302
134.06,3627
134.335,3592
134.325,3429
134.24,4498
134.31,6112
134.495,7864
134.72,2839
134.8,4450
134.69,23210
132.155,11329
132.31,6844
132.83,2527
132.94,1918
133.21,2582
133.105,8639
132.8,2725
132.975,6611
133.13,6922
133.15,3630
133.135,6163
133.03,3815
133,3432
133.18,9830
133.28,10493
133.14,6992
133.245,12491
133.02,6975
132.995,7773
132.885,9868
132.565,15372
131.995,12822
132.175,8921
132.29,20469
131.855,25264
132.315,44666
134.455,11047
133.54,6590
132.57,6382
132.62,4276
132.61,3591
132.89,4423
132.81,4655
132.63,7966
133.04,8460
133.435,5653
133.355,2962
133.245,2434
133.26,4287
133.48,12810
133.72,9453
133.885,4966
133.785,6498
133.88,5313
133.885,1738
133.94,2156
133.85,987
133.74,3230
133.715,6085
133.885,1989
133.93,6542
134.08,13401
134.81,192
134.78,1468
134.24,4930
134.12,3262
133.915,6750
133.76,5922
133.95,48734
132.36,10388
132.615,3918
133.12,7763
133.45,6712
133.33,4583
133.57,2316
133.92,3241
133.74,4393
133.48,2832
133.35,8206
133.1,3756
133.04,2910
132.75,2224
132.885,1137
133,2955
132.92,3034
132.905,2522
132.905,3959
132.83,30766
132.62,9120
133.07,5400
133.57,9952
134.1,8519
134.52,4956
134.38,1923
134.35,1174
134.325,2507
134.68,1945
134.31,1505
134.025,2238
134.3,3479
134.185,5862
134.17,4674
134.5,1675
134.525,950
134.37,1150
134.485,1069
134.37,2233
134.615,2131
134.51,3272
134.78,2469
134.665,3222
134.65,4426
134.7,6030
134.83,13960
134.97,1795
135.07,7525
135.43,12693
135.98,12650
136.37,11333
136.175,8990
135.74,6342
135.57,2908
135.44,4751
135.31,2715
135.42,1643
135.52,3190
135.05,3132
135.37,4642
135.6,1267
135.695,2127
135.93,1753
135.905,1178
136.005,5522
136.26,8573
136.335,32535
136.44,8801
136.64,7885
136.93,20837
137.095,26692
136.64,38786
136.35,4525
136.33,3749
135.545,2214
135.96,6415
136.6,5386
136.64,1966
136.725,4260
136.695,2904
136.505,2911
136.29,4013
136.43,3135
136.325,2535
136.23,2005
136.28,2211
136.8,849
136.69,4408
136.58,1276
136.565,1255
136.74,2575
136.74,572
136.92,927
136.9,3868
137.08,4309
137.07,6452
137.13,3843
137.27,18339
137.61,7151
138.545,5097
137.3,2835
137.07,3161
137.34,2705
137.31,1501
136.835,15773
136.515,8860
136.75,8089
137.095,2977
137.2,2662
137.09,2427
137.555,3044
137.445,3506
137.37,1802
137.65,4078
137.65,2461
137.615,2519
137.28,2468
137.275,2142
137.44,3117
137.505,3284
137.375,4742
137.5,4571
137.525,8473
137.435,21468
138.08,2360
138.12,2613
137.88,8445
138.235,5419
138.1,2636
137.82,2738
137.975,1735
138.125,2558
138.17,5382
138.2,13283
138.265,11245
138.285,1875
138.46,1807
138.335,2592
138.37,1389
138.305,6614
138.635,5256
138.71,2256
138.7,1407
138.645,1229
138.665,2053
138.66,5365
138.55,8101
138.495,3969
138.51,7113
138.51,24819
138.7,1787
138.835,1307
138.36,1676
138.66,3677
138.8,3748
138.775,2480
138.935,5227
138.99,3989
139.1,2297
138.58,6025
138.675,1100
138.95,804
138.865,2344
138.62,1724
138.64,1712
138.96,1510
139.08,971
139.16,736
139.105,4002
138.95,1283
138.995,3252
139.09,1921
139.22,1549
139.12,9017
138.97,8722
139.09,19457
139.75,5832
140.63,3826
140.235,1910
139.64,9811
139.62,3357
139.21,8373
139.185,6667
138.83,2564
138.755,5887
138.565,4517
139.03,1615
139.04,1767
138.93,1079
138.75,1260
138.625,1363
138.62,770
138.8,1161
138.88,4173
138.88,1948
139,3739
138.92,4288
139.065,2222
139.07,2105
139.06,1754
139.075,3451
139.085,25015
139.28,3708
139.11,1187
138.81,2214
138.805,1345
139.085,1598
138.67,1828
138.96,2373
138.94,3297
139.21,5075
139.38,4743
139.61,2634
139.66,2419
139.475,1371
139.37,2656
139.575,2688
139.54,4048
139.54,1746
139.82,1135
139.755,4318
140.04,993
139.925,3952
139.89,4898
140.34,11245
140.565,7052
140.68,7514
140.79,29049
140.6,4744
140.74,2324
140.75,8565
139.25,3364
139.93,8869
139.15,12254
138.855,13007
138.545,8436
138.27,8305
138.845,10918
139.09,5453
139.595,6947
139.585,1211
139.6,4263
139.48,5139
139.41,2108
139.085,3538
138.88,5237
138.61,4560
138.56,4340
138.635,6931
138.79,5401
138.565,3589
138.355,8260
138.35,8878
138.21,33869
138.03,11841
136.65,2882
137.41,12338
138.1,7569
138.32,10929
138.58,11790
138.965,2130
139.29,7322
139.53,4494
139.45,4742
139.76,7173
139.78,5157
140.1,4137
140.14,1226
140.06,3539
140.37,4199
140.63,5964
140.7,2308
140.4,6103
140.36,3702
140.855,9103
141.11,11567
141.18,10858
141.365,24159
141.32,15560
141.625,38141
140.625,10349
140.79,8907
140.98,8084
141.31,8492
141.17,3618
141.03,7149
141.195,5402
141.08,8725
141.53,4315
141.515,3860
141.65,2491
141.77,2189
141.76,3170
141.915,1850
141.81,3155
141.925,4073
141.85,3289
141.795,2835
141.695,4555
141.51,1411
141.635,2920
141.83,5367
141.37,2170
141.04,2791
141.04,6906
140.76,23748
143.475,23815
143.985,22490
143.55,22230
144.07,11651
144.585,13224
144.5,59947
144.37,10698
144.79,31078
145.09,23958
145.025,9637
145.325,8277
145.47,13060
145.57,12514
145.35,9286
145.48,14923
145.33,6506
145.37,4984
145.43,14662
145.61,5373
145.485,11463
145.57,15935
145.42,15194
145.85,9821
145.95,12918
145.62,26199
145.77,55421
145.66,8612
146.66,14444
146.7,7644
146.84,13440
146.58,14481
145.885,7811
146.055,4383
145.72,5897
145.95,2067
146.33,3992
146.53,1691
146.685,5985
146.52,1392
146.33,1293
146.2,3721
146.39,2491
146.42,3464
146.345,5782
146.37,3952
146.505,5502
146.51,5032
146.765,5536
146.55,8008
146.4,5384
146.34,7386
146.35,29954
147.43,9881
146.55,12155
147.24,9964
147.68,4914
147.635,8443
147.62,6169
147.43,6437
147.44,10413
147.42,5155
147.74,7514
147.97,13053
148.115,5318
148.13,10818
148.56,6841
148.145,7332
148.15,6471
148.015,7590
148.3,7608
148.2,3901
148.555,1940
148.69,4977
148.675,3392
148.915,4311
149.12,14006
148.85,15716
148.8,42933
148.69,15588
148.26,7675
149.11,12995
148.07,7881
148.355,11218
147.9,21698
147.965,32029
147.51,29629
147.38,17069
147.62,12171
147.63,5881
147.76,4142
147.48,5681
147.41,4054
147.45,3963
147.39,8475
147.41,11370
147.32,7575
146.64,16542
146.68,10955
146.85,13522
147.18,7972
146.745,8550
146.415,12876
146.2,13216
145.745,37238
146.045,10409
146.445,11406
146.3,9138
146.51,8874
147.04,10173
147.68,8743
147.65,2398
147.76,4723
147.75,6306
147.915,3434
147.78,2627
147.365,2431
147.485,2220
147.51,1876
147.435,1601
147.37,3897
147.05,3332
147.12,3675
147.035,5154
146.92,5342
146.925,4731
146.82,7293
146.81,11603
146.695,8346
146.57,8272
146.55,36304
146.435,23130
146.48,7964
146.585,26293
146.37,15171
146.69,7666
146.58,6893
146.22,4110
146.24,7779
146,11495
145.89,12065
145.74,7780
145.84,7909
145.85,4452
145.57,6657
145.375,9057
145.58,15956
145.7,7169
146.23,8576
146.015,13212
145.65,5457
145.53,15392
145.185,7540
145.7,6777
145.57,10558
145.465,20215
145.56,36353
143.77,33567
142.11,20323
142.28,14101
142.17,13548
142.29,14602
141.71,13457
141.45,9599
141.24,9321
141.17,6525
141.14,3556
141.14,5600
141.065,8266
141.13,7519
141.055,8577
140.77,5547
140.77,8402
140.915,3531
141.14,5518
141.7,5629
141.66,7728
141.7,14919
141.78,5900
141.975,9333
141.875,14087
142.07,12029
142.225,41540
142.28,12924
141.98,7307
141.75,9267
141.5,5847
141.53,6077
141.73,6873
141.34,11647
141.3,5149
141.205,6389
140.94,5228
140.93,4729
141.14,4458
140.91,3236
140.97,1078
140.84,10973
141.115,7188
141.04,13882
140.8,8823
140.835,17127
140.95,9786
140.56,9801
140.6,5615
140.69,12552
140.87,22904
140.86,32933
141.115,117884
141.94,24380
142.47,12468
142.26,12966
142.49,7431
143.125,6695
143.07,5847
143.16,7471
143.29,10417
142.95,7210
142.52,6100
142.63,2706
142.905,2386
142.815,2957
143.02,2937
142.84,2052
142.83,2230
142.73,2151
142.85,6316
142.83,3807
142.6,4523
142.605,4235
142.42,9097
142.37,3707
142.385,3821
142.5,6535
142.41,22275
142.43,7714
142.4,16024
142.65,7672
143.16,7956
143.635,6999
143.5,3355
143.68,2925
143.75,6106
143.88,17917
143.86,4317
144.1,3228
144.44,4625
144.49,3950
144.36,4825
144.37,4118
144.325,5113
144.51,4855
144.375,7249
144.145,13863
143.92,8632
143.48,3316
143.35,7879
143.425,5167
143.65,6460
143.77,9251
143.895,22890
145.425,4964
146.13,8902
146.01,9353
146,4577
145.67,2321
145.56,3156
145.72,3267
145.825,1338
146.05,1538
145.98,1765
145.84,1300
145.96,1209
145.87,1503
145.98,782
145.86,1545
145.97,2217
145.78,3087
145.63,2645
145.565,1246
145.58,2931
145.65,3798
146,3021
145.86,4049
145.62,2831
145.985,7232
145.77,18924
145.56,2648
145.17,5893
145.03,4446
144.76,12049
144.55,16403
144.05,4450
144.17,5765
143.42,9283
142.94,4838
142.95,5366
143.045,1153
143.25,4241
143.17,4504
143.52,7941
144.04,2799
144.4,3087
144.28,3061
144.615,4841
144.46,3341
144.16,3198
144.11,2771
144.52,2499
144.27,12084
144.12,11813
144.31,2969
144.225,16619
143.86,21870
143.31,3255
143.975,2308
144.29,7385
144.14,2126
144.15,1502
143.76,5882
143.18,12724
143.505,3502
143.97,3810
144.27,2613
144.47,2026
144.45,1808
144.52,985
144.55,1967
144.53,612
144.59,2904
144.61,3203
144.42,3657
144.4,2911
144.42,2593
144.61,3292
144.355,3935
144.15,3042
144.37,6471
144.48,35159
144.49,2458
145.41,4342
145.8,4152
145.645,3803
145.7,4686
145.99,3185
145.995,4751
146.365,3471
146.275,3781
145.985,2246
146.205,3230
146.125,3503
145.91,10481
145.795,9019
145.795,0
145.795,0
145.795,0
145.795,0
145.795,0
145.795,0
145.795,0
145.795,0
145.795,0
145.795,0
145.795,0
145.795,0
146.38,5248
146,4803
146.12,2741
146.2,3066
146.59,2410
146.59,2367
146.28,2941
146.46,2727
146.41,3075
146.12,2023
145.77,2445
145.725,5407
145.68,3265
145.42,4856
145.25,2743
145.625,853
145.645,1996
145.75,2780
145.715,1251
145.57,939
145.35,2316
145.435,1527
145.41,1567
145.37,2337
145.4,2955
145.56,7405
145.65,13587
145.34,2713
145.64,5159
145.07,4563
144.14,1685
144,1630
143.96,3681
143.26,4689
143.955,5855
144.02,1779
144.39,4292
144.3,2756
144.495,2251
144.51,1914
144.58,4049
144.97,2125
145.015,3001
144.91,2247
144.935,1319
144.75,2340
144.74,2594
144.79,1751
144.87,2239
144.96,1308
145.01,4198
144.88,17781
145.56,2061
145.7,2486
145.48,7886
145.465,2299
145.265,802
145.27,4781
145.665,8018
145.74,4333
145.96,2019
145.955,4229
146.28,1287
146.24,1164
146.125,3254
145.98,2668
145.825,2946
145.9,1378
146.05,918
145.93,1511
146,457
145.885,285
146.04,762
146.01,2820
146.01,3935
145.99,5096
146.15,5769
146.38,25668
145.99,5082
145.92,1621
145.615,3777
145.675,10557
145.41,5088
145.63,3543
146.02,2294
145.565,4229
145.395,4584
145.46,8264
145.31,16793
145.45,8775
145.05,4677
145.195,31102
145.38,3010
145.78,5276
145.47,8980
145.525,2123
145.73,2086
145.84,3921
146.025,3609
146.13,4097
146.155,5143
146.26,5341
146.28,5853
146.45,24045
146.15,2968
145.98,4060
145.96,11338
146.73,9340
146.485,3664
146.49,4835
146.505,3211
146.71,3569
146.55,1509
146.39,1823
146.21,1719
146.165,5751
146.43,6164
146.415,7195
146.46,2095
146.49,2596
146.71,5338
146.77,3015
146.88,7062
146.72,2217
146.725,4662
146.77,8992
146.77,3714
146.675,2869
146.97,8789
147.025,13902
147.86,6531
148.23,6101
148.365,6264
148.715,5620
149.34,3630
148.77,3552
148.77,4106
149.005,7727
149.315,7708
149.22,10200
149.005,8003
149.075,5315
148.89,1546
148.8,2113
148.82,2949
148.925,3370
149.05,2731
148.835,3567
148.915,4995
148.94,2704
149.22,3807
149.185,3056
149.2,6173
149.125,5891
149.39,6932
149.36,20184
149.98,5629
149.845,5751
150.005,4813
149.27,2943
149.04,1552
149.16,2743
149.2,6251
148.705,7874
148.75,5981
148.845,8290
148.86,4572
148.73,5149
148.74,3645
148.72,3045
148.51,2019
148.525,1972
148.77,2269
148.945,1895
148.87,9619
148.97,3757
149.17,2492
148.85,3353
148.75,2879
148.93,3419
148.96,7159
148.97,17062
149.09,4286
149.14,2839
148.65,2910
148.72,4106
148.64,2766
148.68,3867
148.845,2082
149.08,1682
148.535,5387
148.715,10755
149.255,4084
149.255,1842
149.22,2207
149.48,3738
149.38,485
149.515,4343
149.38,3070
149.635,3315
149.65,3781
149.85,1956
149.835,3227
150.03,2141
150.04,2146
150,2507
150.085,6118
150.18,13158
150.365,10716
150.875,7085
151.51,7319
151.78,4158
151.22,3875
150.9,3069
150.645,1773
150.935,2726
151.24,3797
151.27,1123
150.88,4096
151.15,6508
150.925,2190
151.04,946
151,2983
151.395,3388
151.48,3797
151.435,1298
151.43,4026
151.55,6640
151.71,4445
151.83,4309
151.64,4182
151.925,4114
151.74,4701
151.735,46780
151.79,5405
152.6,10699
152.48,4533
152.56,4079
152.41,2573
152.01,8740
152.21,9484
152.05,14824
152.16,7047
151.85,6865
152,7479
151.89,3486
151.91,3854
151.645,9289
151.36,5781
151.36,11464
151.27,5981
151.17,4382
151.43,4396
151.645,4155
151.3,15701
151.7,6834
151.59,7071
151.48,7538
151.79,47727
151.79,31866
152.12,5791
151.66,15655
151.8,9891
152.265,4163
152.44,7463
152.61,12803
152.89,3150
153.32,6879
153.18,2799
153.34,10300
152.965,6238
152.86,3582
152.67,1946
152.8,5122
152.94,3437
152.9,3192
152.75,15684
152.59,4579
152.81,8924
152.815,3276
152.65,7256
152.29,4518
152.34,9579
151.94,13917
152.135,15570
152.12,81721
144.94,47609
145.66,20387
146.58,37199
147.24,18563
148.93,23557
149.23,3948
149.16,3577
148.97,4903
148.42,4405
147.9,5528
148.4,3907
148.04,4656
149.02,16005
148.65,4491
148.37,2947
148.68,7724
149.48,10134
149.56,8838
148.91,8080
149.42,6725
149.39,8207
149.89,4703
149.71,18775
149.94,27879
149.59,21627
149.255,58663
150.225,9627
150.39,9416
149.48,6389
150.15,11203
150.9,16017
151.32,9544
151.11,10704
151.44,8984
152.11,6984
152.105,7932
153.11,26628
154.93,28747
154.59,12758
155.05,8264
154.695,1577
154.83,5416
154.775,5866
154.805,7521
154.9,7006
155.315,9073
155.36,8659
155.55,7777
155.53,7391
156.125,16775
156.12,12811
155.98,50046
156.33,8956
156.33,6892
156.95,6706
156.835,8664
156.94,5238
156.815,5923
156.45,6118
156.45,7545
155.73,8929
155.9,5719
155.76,5516
155.97,4972
155.87,7137
155.975,4265
155.84,4007
156.22,2528
156.025,2309
155.87,2778
155.84,6495
155.94,6975
155.84,4828
155.82,6602
155.8,8381
156.08,16376
155.94,8147
155.695,37310
155.625,5543
154.995,4056
155.14,4782
154.92,1635
155.06,3165
155.39,4186
155.405,4168
155.44,4305
155.56,5115
155.76,1911
155.87,2805
156.19,3636
156.39,2096
156.45,1097
156.42,3179
156.4,4170
156.53,7481
156.44,2275
156.79,11453
157.14,9197
157.04,5750
156.82,4830
156.885,3707
157.05,3889
157.17,15167
157.18,40660
157.33,6384
156.05,7809
156.025,8779
156.24,9957
156.175,4846
156.44,5195
155.935,7989
156.01,5828
156.32,3602
156.52,2588
156.16,1459
156.105,2343
156.14,1876
156.18,869
156.3,676
156.185,1858
156.18,985
156.11,1773
156.02,2559
155.96,3268
155.94,1574
156.1,580
156.19,1677
156.19,4722
156.04,7916
156.07,23329
157.575,6219
157.63,3003
157.38,8773
156.81,12040
156.72,7230
156.69,2392
157.135,5797
157.125,13773
157.14,3142
157.09,3181
157.295,2714
157.155,3767
157.3,3069
157.28,976
157.415,5018
157.645,1310
157.425,1173
157.14,3356
156.8,2791
156.66,1992
156.765,2966
156.72,3028
156.61,2097
156.65,2878
156.655,5524
156.49,13531
157.375,2285
156.8,2344
157.5,6023
157.815,2898
157.92,3017
157.94,3689
157.52,2424
157.53,2041
157.69,476
157.91,756
157.875,1240
158.15,2137
158.045,1874
157.95,2222
158.12,2809
158.01,1819
157.99,3645
158.08,3015
158.01,2970
158.12,5092
158.23,5648
158.41,4393
158.27,3311
158.085,4243
157.78,10413
157.44,13394
157.92,13490
157.345,15037
157.78,14188
157.28,15388
156.945,17285
157.84,9385
157.505,8538
157.215,13094
157.12,13787
157.5,4128
157.77,4321
157.575,3432
157.59,10806
157.74,3960
157.26,1752
157.11,3786
157.08,2351
157.32,6462
157.25,6434
157.21,2175
157.56,1350
157.55,1060
157.725,3314
157.57,2173
157.65,1248
157.65,14788
156.4,7828
155.4,8844
153.885,6098
154.94,3980
155.68,1787
155.83,2761
155.86,3074
156.13,3532
155.87,2837
156.27,1019
156.26,2508
156.845,2993
156.435,1771
156.575,2321
156.41,3724
156.42,1880
156.36,1705
156.51,4169
156.72,3363
156.44,3768
156.62,1314
157.03,4450
156.87,2409
156.975,3413
157.01,6456
157.1,17617
157.095,4996
157.32,5291
158.145,2861
158.13,2226
158.135,839
158.03,1557
158.305,2035
158.225,3807
157.84,1910
157.665,4611
157.765,6607
157.81,1768
157.9,4696
157.645,3253
157.795,1160
157.67,4674
157.63,101
157.48,3888
157.19,4010
157.045,5517
157.25,4667
157.16,1311
157.21,3109
157.48,6006
157.615,6766
157.81,18607
157.11,3524
157.445,2968
157.735,2361
157.76,2094
157.115,3212
156.625,16794
156.62,2492
156.37,3157
156.31,2386
155.88,1935
156.3,296
156.1,2606
156.21,1646
156.145,2243
156.245,907
156.26,1476
156.38,727
156.54,717
156.405,2624
156.15,1517
156.02,1178
156.09,3668
156.31,6904
156.35,8069
156.37,9106
156.21,24524
156.585,3338
156.21,2088
156.49,2148
156.53,6185
156.655,3585
156.78,3017
157.1,2308
157.01,2955
157.44,2525
157.585,2682
157.54,1302
157.185,4987
157.035,2172
157.21,1078
157.14,867
156.97,1185
157.08,2274
156.96,1239
156.93,1677
156.67,1550
156.65,1847
156.62,1523
156.56,2194
156.47,4893
156.47,5739
156.5,14086
154,9285
154.79,4125
154.19,9058
153.535,7430
153.71,3477
153.79,5079
153.485,7040
153.56,6182
153.91,3743
154.165,1790
154.155,2591
154.56,1791
154.37,1694
154.07,5457
154.085,2006
154.265,1003
154.15,2778
154.45,681
154.635,1467
154.72,1195
154.87,2987
154.89,4352
154.89,4388
154.96,9424
155.1,8732
155.355,20962
156.86,1713
156.28,1612
156.28,3687
156.03,1608
156.45,2757
156.45,2485
156.25,1572
156.185,1902
156.03,736
156.21,1129
156.225,739
156.225,0
155.92,547
155.805,2326
155.37,893
155.22,7164
155.06,2466
155.42,741
155.34,1269
155.41,2013
155.67,804
155.605,1437
155.58,761
155.58,2241
155.525,2977
155.36,18944
154.615,2868
155.265,1003
155.105,3117
155.34,4885
155.27,5478
155.23,4741
155.3,3920
155.12,3488
154.78,1792
154.87,985
154.765,916
154.735,1503
154.695,621
154.605,561
154.66,1321
154.725,377
154.94,2145
154.74,1009
154.7,1488
154.75,2004
154.69,1864
154.57,1447
154.58,1043
154.6,2907
154.695,2399
154.72,14540
155.115,1479
154.925,115
154.93,905
154.65,588
154.83,1629
155.37,4985
155.595,2408
155.74,1378
155.81,1199
155.76,1493
155.67,4027
155.39,934
155.47,1018
155.36,688
155.41,1109
155.42,1138
155.37,2138
155.49,5650
155.15,1080
155.175,927
155.27,2217
155.24,1373
155.155,1633
155.26,1259
155.48,2633
155.59,11840
156.275,1962
155.945,1915
155.97,2395
155.515,1111
155.12,5640
154.07,7774
153.695,3637
153.425,5633
153.175,4349
152.99,3461
153.28,4662
153.21,1433
153.295,863
153.16,1947
152.845,3982
153.255,1709
153.64,588
153.7,1444
154.18,1078
154.3,658
154.69,1575
154.8,2517
154.49,3091
154.9,2781
154.83,3253
154.86,16384
155.725,4785
156.205,1662
155.98,2581
156.045,941
155.86,768
155.68,284
155.8,2602
155.56,2192
155.21,1591
155.33,779
155.375,1787
154.99,566
155.17,1519
155.145,873
155.32,782
155.32,0
155.37,831
155.25,1093
155.08,2739
155.075,1130
154.86,2075
155.06,1111
154.81,1796
154.82,3020
154.96,8205
155.165,25943
154.235,5329
153.62,8170
153.64,2732
153.6,6457
153.48,1717
154.26,1094
154.46,1712
154.23,1168
154.495,1211
154.36,3517
154.48,1846
154.77,739
154.7,1199
154.705,1945
154.49,1593
154.51,980
154.5,3617
154.36,2718
154.42,4459
154.43,5832
154.49,2599
154.34,2765
154.3,5216
154.1,7393
154.01,9616
154.1,39546
154.41,1108
155.08,5429
155.03,7130
155.16,1525
155.4,3754
155.53,3826
155.95,2596
156,3814
155.525,2083
155.35,1423
155.52,2866
155.47,1185
155.735,1218
155.75,1678
155.67,497
155.54,988
155.36,1033
155.265,1912
155.32,513
154.96,1576
155.12,1127
155.13,764
155.065,1703
155.22,3138
155.385,4696
155.475,14687
154.14,1019
153.91,3573
154.86,2564
154.715,2672
154.495,1308
154.83,1698
154.59,1989
154.65,733
154.68,1546
154.63,921
154.67,1370
154.61,1502
154.62,349
154.53,733
154.36,2526
154.565,1688
154.43,2684
154.39,3558
154.05,1819
153.68,1493
153.575,1946
153.54,2424
153.35,1165
153.6,2789
153.57,855
153.73,13708
154.13,1902
153.58,3671
153.33,3075
153.55,4037
153.64,2580
154.055,3943
154.29,5295
154.505,4730
154.85,3296
155.23,4031
155.29,2441
155.43,2695
155.695,1635
155.74,1295
155.835,1148
155.62,930
155.59,1180
155.74,2529
155.75,3105
155.685,2567
155.63,5982
156.03,5156
156.27,3861
156.68,9050
157.015,4847
157.095,40567
156.625,2724
157.05,2968
156.88,3828
157.275,4357
157.48,1458
157.41,1248
156.98,563
156.76,1415
157.26,1068
157.145,912
156.995,1111
157.04,625
157.16,1602
157.19,2303
156.88,1877
156.88,3479
157.47,5890
157.655,4430
157.21,3450
157.12,3092
156.725,3880
156.96,1738
156.845,4309
156.755,3721
156.65,2713
156.505,14957
157.41,1324
157.38,2848
157.33,1788
156.52,2097
156.49,1361
156.83,1610
156.795,2521
156.445,2222
156.55,3722
156.545,2430
157.18,2513
157.19,1704
156.965,1017
157.1,4710
157.27,1337
157.235,1298
157.165,1996
157.035,6164
157.28,2210
156.76,3214
156.675,1909
156.6,1721
156.48,996
156.315,930
156.51,6192
156.51,14895
156.665,1001
157.46,3029
157.62,4292
157.38,1781
157.36,934
156.85,956
156.91,1171
156.63,1226
156.63,1546
156.62,645
156.515,2637
156.59,1848
156.7,1641
156.74,1452
156.66,215
156.67,100
156.755,8056
156.6,1221
156.62,1005
156.74,1053
156.815,1168
156.89,201
156.66,434
156.64,820
156.47,5687
156.33,6589
156.865,7778
158.03,6332
158.72,4347
158.76,4938
158.485,9992
158.27,4708
157.96,1989
158.12,1966
158.09,7856
157.8,3867
157.39,1983
157.695,1813
158.02,1241
158.12,1558
158.07,3873
157.965,4723
157.88,1355
157.905,1688
158.05,4513
158.32,12433
158.39,4656
158.45,3321
158.535,3134
158.59,19847
158.85,9484
159.1,26372
160.055,4163
159.795,2613
159.385,21488
159.39,3312
159.21,2970
159.58,3534
159.84,2716
160.13,6989
160.05,4023
160.065,2863
160.05,4207
160.005,2483
159.77,1645
159.675,2549
159.29,1868
159.4,5289
159.595,14362
159.58,3863
159.64,5586
159.62,5263
159.73,1817
159.95,1902
159.87,2909
159.855,2753
160.07,6073
160.05,16234
159.86,2158
159.585,3465
159.8,4202
160.245,3922
160.25,5175
160.085,2893
160.15,2917
160.165,3677
160.43,3614
160.875,6183
161.155,4779
160.93,3846
160.775,1926
160.765,2602
160.265,827
160.41,1148
160.57,1331
160.47,1935
160.53,3756
160.59,4667
160.585,5857
160.31,3018
160.35,3225
160.47,5878
160.53,6231
160.61,12724
161.055,2906
160.33,4350
159.89,5879
159.25,2414
159.1,1755
158.73,3083
158.81,4824
159.365,6792
159.035,4075
159.09,5342
159.335,4162
159.22,2872
158.97,2878
159.14,2466
159.12,3133
158.955,9539
159.17,5770
159.47,4832
159.59,3263
159.5,3637
159.4,2345
159.35,3211
159.01,3017
159.19,2434
159.26,7503
158.8,23235
158.46,8602
157.045,4108
158.01,3246
157.86,2815
158.04,2613
158.28,1934
158.29,3256
158.13,3475
158.34,4005
158.12,2838
157.82,4854
157.75,1207
157.82,490
157.81,1602
157.94,584
157.91,2360
158.09,1741
158.255,1165
158.2,873
158.14,1940
157.99,2169
157.61,2005
157.87,2261
157.835,5254
157.9,5330
157.92,22377
157.86,2248
157.49,4732
157.06,2428
156.94,4204
156.63,4899
157.21,3786
157.325,5951
157.76,3318
157.78,1458
158.12,2175
158.1,2146
157.91,2608
157.49,217
157.4,1143
157.38,1201
157.48,703
157.48,2402
157.42,2954
157.43,2668
157.57,3295
157.69,3272
157.64,2639
157.54,1457
157.525,3779
157.54,4986
157.98,16904
158.485,7312
158.69,1676
158.155,5402
158.09,7676
158.36,9020
158.62,7647
158.57,7186
158.82,6461
158.51,5791
158.89,7427
158.88,7123
158.675,7847
158.68,12839
158.81,6359
158.835,6330
158.87,6711
158.61,5272
158.71,6710
158.545,9233
158.21,9427
158.36,6489
158.585,10344
158.53,9968
158.575,9541
158.43,13496
158.475,29752
158.9,2008
158,5681
156.675,7937
156.92,4918
156.67,5800
156.055,2246
156.09,1284
155.995,5779
156.09,5656
156.23,1455
156.155,3815
156.415,2811
156.26,1920
156.495,1636
156.39,4882
156.645,2667
156.44,2666
156.97,616
157.185,623
157.045,1172
157.355,3211
157.54,2486
157.29,1777
157.77,2622
157.875,5931
157.81,13165
156.46,8958
156.24,6405
154.95,5132
154.79,4148
154.965,1254
155.78,604
156.17,3606
155.695,4601
155.76,2646
155.59,1225
155.685,1491
155.63,2469
155.23,1078
155.135,2767
155.29,492
155.4,1627
155.36,4477
154.64,6290
154.195,4679
154.915,2532
154.74,8012
154.4,7194
154.285,8870
153.91,6632
154.15,7783
153.78,35165
153.605,9856
151.86,8437
152,4025
151.935,3658
151.765,4013
151.88,2166
151.665,3330
151.74,5588
151.06,5833
150.85,3314
151.27,5869
151.25,3637
151.255,2114
151.43,2304
151.41,3107
151.77,4555
151.995,5687
152.255,8172
152.4,6320
152.4,6391
152.27,3994
152.155,3926
152.06,1874
152.4,7073
152.38,11375
152.005,62912
151.785,11397
152.96,6276
152.31,5897
152.92,5814
152.615,6389
152.95,5718
153.185,6097
152.71,3353
152.61,5187
152.99,10610
153.325,12038
153.57,6391
153.74,5342
153.635,6380
153.89,3745
154.04,1993
154,3905
153.89,1988
153.9,2450
153.89,2763
154.11,1874
154.37,1953
154.49,2574
154.53,5121
154.78,4858
154.83,17130
155.155,7149
155.795,3269
155.61,6480
156.16,3501
156.62,4888
156.73,4878
156.685,1482
156.86,2514
156.875,1047
157.19,1945
157.49,2222
157.57,1631
157.6,1008
157.675,682
157.59,840
157.33,660
157.295,1096
157.35,1027
156.88,654
156.86,6078
156.65,679
156.67,1217
156.36,2183
157.03,4195
157.285,9311
157.925,23129
157.875,5926
157.25,2830
156.51,3221
157.135,3250
156.905,2247
157,1670
156.955,2570
157.32,3289
157.02,3605
156.97,1833
156.8,997
156.625,834
156.67,930
156.45,1404
156.44,1060
156.61,1887
156.76,1520
156.865,1635
156.705,1314
156.44,1900
156.73,701
156.68,2186
156.405,2649
156.34,3084
156.53,4810
156.1,11231
155.91,2798
156.575,677
156.61,906
156.91,1426
157.01,2510
157.24,11700
157.26,1422
157.585,2969
157,2229
157.11,2710
157.69,1378
157.39,3647
157.66,2484
157.32,2020
157.305,1298
157.19,3306
157.195,680
157.425,437
157.405,1580
157.295,898
157.56,4095
157.44,1403
157.63,1723
157.925,5298
157.87,4236
158.33,16597
159.91,12951
158.18,16885
158.485,11962
159.145,7261
158.1,6015
158.1,6007
158.155,2998
158.4,4822
158.7,9257
158.755,11883
158.81,2776
158.87,1437
159.035,3226
158.84,4444
158.895,9619
159.44,3320
159.18,4551
159.14,2798
159.18,2219
159.35,3650
159.4,1103
159.51,2348
159.425,4969
159.225,3970
158.9,8985
158.84,19955
158.565,4162
158.63,4228
158.74,1769
159.14,2453
158.895,2834
159.09,2692
158.35,3719
159.315,2454
158.755,3562
159.1,4096
158.745,2220
158.55,2468
158.465,2290
158.635,1675
158.73,2566
159.07,2137
158.87,2535
158.83,1487
159.125,3429
158.355,2205
158.4,2656
157.92,1075
158.325,2107
158.245,4467
158.42,4934
158.415,9901
156.7,2302
157.91,2385
157.45,2177
157.86,883
157.365,2902
157.42,1296
157.57,5891
157.22,2829
157.59,1883
157.87,5196
157.46,4931
157.435,8416
157.71,4490
157.815,3346
158,5403
157.82,4614
157.59,2318
157.57,1735
157.625,3302
157.62,3517
157.59,2313
157.45,3545
157.52,1877
157.71,3496
157.615,4419
157.63,20127
158.39,2100
157.7,1170
157.83,801
157.435,377
157.42,967
156.945,1925
157.23,364
157.15,3354
157.25,3775
157.15,5265
157.21,1478
157.23,1257
157.45,2016
157.52,1898
157.55,1785
157.885,2353
157.84,500
157.75,1739
157.685,2332
157.84,2305
157.95,3684
158.02,1929
158.32,1096
158.375,4397
158.15,8098
158.07,10162
158.015,3393
158.51,1398
158.335,6206
158.645,8489
157.89,4055
158.32,2076
158.73,1935
159,2034
158.815,3547
158.7,2015
158.95,1833
158.63,1102
158.595,846
158.89,601
158.86,2070
158.97,421
159.175,135
159.23,1329
159.34,700
159.24,1796
159.205,1848
159.24,2151
159.39,1292
159.675,2835
159.685,2572
159.595,12426
159.235,2207
160.365,1798
160.88,1224
160.955,1049
161.35,3607
160.8,1659
160.36,2388
159.92,2171
160.01,1538
159.4,3065
158.995,1492
159.44,1036
159.275,927
159.28,1075
159.26,618
159.48,1230
159.13,3518
159.075,1102
159.245,1282
159.1,452
159.53,846
159.55,1993
159.68,2234
159.84,2400
159.835,1566
160.02,8634
161.12,3217
161.56,5863
161.135,1889
161.505,2565
162.245,7615
162.945,10378
162.87,3982
162.3,21394
162.65,6157
161.895,1646
162.16,2704
162.42,3699
162.09,1068
162.04,960
162.11,4028
162.09,1950
162.09,3232
161.815,1121
162.115,3091
161.96,5294
161.65,2223
161.8,1169
161.965,3629
161.8,2477
162.035,5993
161.86,17454
161.765,5457
160.925,7557
160.825,5665
161.085,7003
160.57,3549
160.77,5569
160.61,4433
160.255,4180
160.215,5465
160.18,3050
159.88,2891
159.89,3131
159.745,2155
159.89,1969
159.91,3564
160.185,3929
160,4796
160.13,3500
160.01,3505
159.77,4194
159.98,2493
159.87,3154
160.1,4729
160.385,4465
160.59,8513
160.61,23916
161.7,6414
164.27,6055
165.08,7377
164.21,4562
164.02,2844
164.035,2516
163.685,3867
163.55,4400
163.87,2521
163.79,5131
163.56,1718
163.085,5726
163.03,2998
163.1,4758
163.315,3004
163.59,3345
163.895,1502
163.6,6226
163.13,3051
163.23,2787
163.105,4364
163.05,7312
163.19,9333
163.12,8381
163.17,11077
163.23,20634
167.61,11350
166,6754
164.845,6948
164.4,13624
165.84,12660
165.675,5280
164.77,3119
164.675,2972
164.46,3713
164.315,2539
164.575,2667
164.425,3537
164.05,1519
163.785,3773
163.5,1938
163.715,4495
163.285,4154
163.44,2922
163.43,4088
163.09,4583
163,8739
163.07,5684
163.17,6023
162.91,3727
162.98,8444
163.295,22718
164.33,2789
165.31,4256
165.81,6123
166.225,7560
167.05,2842
166.02,12169
166.76,2293
166.765,1643
166.67,2362
166.65,6476
167.215,2657
167.12,2645
167.01,1713
167.11,1180
166.66,3145
166.35,2664
166.13,4643
166.07,3699
166.035,2430
166.44,3186
166.36,4516
166.88,6203
166.96,5210
167.04,7424
167.03,12690
167.01,20196
165.435,1991
165.73,2363
165.84,2770
166.545,828
166.8,2034
166.895,5308
166.84,5750
166.965,6308
167.215,3934
166.87,5637
167.01,4488
166.98,3463
166.8,3317
166.45,3992
166.32,1961
166.56,1550
166.73,1721
166.99,1828
166.81,3774
166.8,1994
167.16,653
167.04,2918
167.03,3904
167.47,4257
167.64,3007
167.47,7078
167.46,5361
167.23,5116
166,7274
166.31,9489
166.66,5591
166.57,8274
166.17,4728
166.3,6976
166.31,4593
166.08,2368
166.2,1906
166.47,3886
166.48,1060
166.54,785
166.5,3641
166.39,3106
166.08,1638
166.35,2561
166.69,1984
166.8,1228
166.92,987
166.855,4591
166.915,6414
167.005,2395
166.85,5253
166.99,23466
166.77,2727
166.675,2426
166.16,1099
166.465,2459
166.12,4613
166.46,5076
166.815,1975
166.73,2885
166.76,2887
166.86,2049
166.95,1440
166.83,2866
167.05,1108
166.99,2104
167.075,2467
167.16,3827
166.8,2446
166.75,412
166.73,1395
166.76,1900
167.07,1653
166.98,1384
167.085,2281
167.13,4144
167.02,5013
167.06,13966
167.08,4456
168.99,4394
168.565,1732
168.73,3781
168.56,3620
168.72,3644
169,4404
169.52,4318
169.455,4196
169.495,5044
169.28,4588
169.26,1941
169.65,2660
169.64,3446
169.52,5410
169.34,4940
169.275,2288
169.35,6287
169.28,5889
169.38,4593
169.43,2462
169.285,4888
169.39,4505
169.17,10267
169.095,11901
169.18,26804
169.24,8180
170.22,4497
169.49,7774
169.09,4788
169.18,11255
169.17,5334
169,8171
169.11,4322
169.42,7100
169.13,6303
169.32,3155
169.44,2212
169.46,3846
169.59,6249
169.56,6345
169.98,5451
170.08,4075
170.1,7531
169.66,1579
169.42,3331
169.64,4987
170.24,5432
169.79,4303
169.89,3367
169.93,10341
169.74,32807
170.265,11558
169.57,5190
169.435,7487
169.44,8501
169.04,3179
169.35,15407
168.97,8230
169.27,6360
169.325,10349
169.26,6005
169.33,4468
169.31,3918
169.22,6803
169.26,4192
169.34,2232
169.37,4311
169.3,4779
169.37,5192
169.22,5012
169.005,8029
168.895,5927
168.57,6320
168.67,4308
168.8,6773
168.9,8398
168.76,41212
168.925,3795
168.675,2216
167.59,2675
167.66,6409
166.915,4642
166.14,4686
166.57,8531
166.54,4784
166.35,3896
166.33,3242
166.35,5503
166.09,3208
165.74,3290
165.75,10423
164.87,10253
164.765,5155
164.43,4520
164.36,7725
164.02,5657
163.955,15169
163.69,9625
163.64,13982
162.985,7998
162.945,14164
162.415,34226
162.195,125776
160.24,13672
161.34,9800
160.41,20820
160.205,20330
159.73,17757
159.32,19029
159.18,20893
160.35,23351
159.91,24148
160.02,22966
159.57,15421
159.63,8249
159.49,15020
159.51,10547
159.43,9412
159.04,12424
159.45,8185
159.29,12296
159.475,10226
159.33,9549
159.24,12075
158.945,11389
158.69,12890
158.55,18263
158.465,22182
158.67,68890
158.445,10743
158.27,16181
159.025,14293
158.64,13838
158.7,6196
158.59,9719
158.15,7754
157.755,6218
158.24,6472
158.35,7286
158.39,5039
158.635,7151
158.485,4078
158.32,1614
158.76,4090
158.67,5265
159.11,3143
159.14,2344
159.195,6030
159.22,3066
159.45,4035
159.185,4553
158.68,6181
158.19,5105
158.44,6697
158.76,20792
158.06,1166
158.06,0
158.26,1713
158.25,1366
158.55,1687
158.665,3739
158.755,850
159.025,2535
159.1,2938
159.46,2842
160.12,5615
159.96,3992
159.99,2629
159.81,2816
160.045,1215
160.215,827
160.205,1316
160.39,1230
160.45,1789
160.26,1560
160.32,2452
160.495,2336
160.35,1478
160.15,547
160.39,6377
159.5,25149
159.44,3205
160.25,2489
160.39,3719
160.54,2972
160.245,6974
160.24,4019
160.2,3119
160,3148
159.31,11996
157.97,7698
157.68,12583
156.37,8541
156.61,9023
156.79,4436
156.715,9074
155.86,9387
156.11,4797
156.5,3963
156.615,5531
156.84,4524
156.81,5857
156.745,11148
157.225,7618
157.04,10372
157.28,8552
157.09,23667
157.385,6882
157.47,8239
157.26,3901
157.3,2992
157.56,5454
157.875,5249
157.515,2611
158.285,2368
157.65,2697
157.56,6191
157,2641
157.27,2593
157.03,4844
156.97,3788
157.46,2945
157.36,3071
157.46,1432
156.98,2342
156.88,3337
156.41,4383
156.6,3446
156.985,2052
156.88,1865
156.53,4896
156.28,6629
156.56,22950
156.5,6173
157.3,5660
156.595,3744
157.08,3192
157.175,3937
156.86,4742
157.19,5564
157.195,5752
157.09,11683
157.53,2715
158.17,3850
157.91,6225
157.83,6060
157.46,4506
157.535,2409
157.23,4374
157.41,4448
157.15,5957
157.36,2863
157.605,2754
157.59,4457
158.02,5813
158.28,4512
158.51,7663
158.245,7615
158.09,17363
160.14,28381
160.08,13264
160.74,8330
160.87,18479
160.685,13977
160.86,7602
160.915,7807
161.03,6105
161.155,5455
161.165,7849
160.92,3869
160.88,3505
161.165,6522
161.25,5781
161.25,7237
161.05,10067
161.085,7598
161.05,3976
161.25,11280
161.195,49120
161.41,17284
161.5,6700
161.555,1915
161.82,21754
161.855,22652
161.38,55315
171.29,38477
177.45,31264
178.37,18729
176,11261
175.48,22549
173.82,11416
173.94,19041
175.415,22319
173.92,13991
173.02,11101
172.67,8745
174.72,8109
173.54,12613
173.05,9621
173.67,9103
173.74,12399
173.42,7521
173.98,10687
174.2,6948
174.59,16073
174.095,18917
173.76,15784
173.63,10142
172.9,16152
173.45,20273
173.18,48959
174.73,19885
177.37,34423
177.79,13111
177.4,10744
175.83,16263
175.28,13334
175.29,10689
176.055,23283
175.81,18715
176.53,23423
176.265,22096
176.42,19822
176.44,16502
176.675,15131
176.49,16304
176.17,13014
175.95,16352
175.85,9807
176.395,18579
176.02,17860
176.44,14520
176.59,15415
176.545,21604
177.2,32240
177.655,42550
177.76,81116
177.21,13810
179.37,12322
178.94,15403
178.28,7764
178.435,11067
179.64,14483
179.215,8483
179.4,6404
179.5,7185
179.12,4933
179.37,6157
179.3,5066
179.425,8706
179.81,5648
179.53,9234
179.57,14472
179.665,5631
179.41,4080
179.06,2565
178.82,5451
179,9586
178.91,4118
179.05,7760
178.86,6356
179.15,4539
179.48,23181
180.25,9092
179.26,6854
179.27,3849
180.15,1931
180.2,3651
180.16,2089
179.695,1942
179.34,6323
178.68,3648
179.14,1668
179.32,1552
179.5,2070
179.28,1777
178.95,1640
178.97,1134
179.155,450
179.315,1768
179.51,1933
179.205,300
179.5,801
179.355,3983
178.84,1546
178.53,1291
178.85,3422
178.86,3649
178.81,35810
178.93,2082
178.2,1940
178.63,6840
178.68,6697
178.08,6847
177.85,2113
178.145,5545
177.63,3579
178.17,2407
178.4,3561
178.6,2979
178.445,3840
178.695,3035
178.72,4173
178.58,3238
178.245,1416
178.17,2354
178.46,1385
178.57,1645
178.61,2557
178.2,2280
178.225,1340
178.44,3485
178.59,4301
178.615,15866
179.19,19469
179.57,2120
179.51,1339
179.3,5349
180.05,3944
180.77,6560
180.655,3441
181.04,8697
180.82,1604
180.19,4308
179.91,4653
179.74,2390
180.08,3460
180.03,2093
180.335,3071
180.02,2325
179.945,4786
179.7,3114
179.68,2102
179.515,4849
179.705,4962
179.515,3562
179.335,1020
179.16,6667
179.39,4030
179.49,6321
178.77,27628
177.43,6785
178.4,2442
178.35,4552
178.62,7579
178.24,3522
178.2,3029
178.24,9055
177.96,3385
177.775,4185
177.795,4466
177.48,3090
177.32,4378
177.32,5110
177.57,986
177.45,3155
177.23,1945
177.115,7843
177.11,2523
176.93,2917
177.09,2249
176.93,4548
176.25,4577
176.99,5662
176.86,4681
176.37,13665
176.13,37151
177.42,8344
177.5,5706
177.59,2942
177.63,4668
178.14,10941
178.38,1956
178.76,2195
178.355,1497
178.27,2218
177.88,2128
177.6,6659
177.69,3232
177.935,2327
177.87,2838
177.56,3215
177.91,1377
177.89,1693
178.01,2535
177.91,2896
177.75,2137
177.89,1059
177.86,3889
177.79,3222
177.81,4974
177.55,2409
177.03,31440
177.6,7686
177.525,3277
177.11,1739
177.39,3888
177.68,2581
177.48,5979
177.44,3924
177.375,2094
177.7,2290
177.43,3823
177.415,3191
177.4,2737
177.43,2017
177.04,2178
176.95,2756
176.89,2648
177.14,1417
177.52,2171
177.72,645
178.03,1490
178.025,1773
178.095,2327
178.33,1046
178.85,1101
179.07,3020
178.91,13030
178.24,17745
176.14,15341
176.195,5218
176.43,2109
175.65,2014
177.02,3698
176.78,2178
176.695,3563
176.7,1375
176.71,8454
176.6,2826
176.845,3956
176.76,6780
177,2689
177.105,5051
176.91,2786
176.9,992
177.01,1467
176.98,2884
176.825,2258
177.07,1991
176.89,1000
176.73,3490
176.81,6751
176.73,13930
176.72,31339
176.245,9532
176.905,4549
177.23,13500
177.15,7354
177.38,15829
177.795,12257
177.315,9690
177.19,12415
177.235,13310
176.61,9476
176.43,6717
176.375,13010
176.14,6260
175.72,3874
176.04,2254
175.99,2310
176.005,3869
176.055,10290
176.04,6694
176.22,8551
176.145,5452
175.8,3453
175.69,3583
175.79,20940
175.76,15371
175.84,47930
174.91,9579
175.74,3062
176.04,2989
175.83,3096
176.07,3602
175.885,3712
176.04,4351
175.8,3684
175.76,4273
175.45,3133
175.11,12083
174.68,8551
175.22,5035
175.07,6768
174.84,3720
174.98,3583
174.95,8525
174.84,5616
174.945,6134
174.72,3853
174.84,2954
174.56,9633
174.63,5558
174.93,14441
174.93,7624
174.62,24053
173.92,1693
174.6,1198
174.18,2639
174.72,2270
174.76,2785
174.78,4060
175.03,4879
175,3211
174.98,2415
174.94,1075
174.78,2065
174.44,1657
174.11,2595
174.6,1952
174.43,977
174.29,1486
174.55,3334
174.53,1143
174.67,1208
174.91,3800
174.9,2802
174.78,1741
174.85,2673
174.86,4454
175.11,4535
175.135,18865
175.23,3783
175.37,2709
175.02,2834
175.49,3690
175.72,3716
174.42,2365
175.29,2214
175.62,4170
175.36,2661
175.82,1564
175.54,2394
175.73,1389
175.82,1412
175.72,1268
176.06,2141
176.22,2891
176.355,5339
176.47,2734
176.74,4155
176.94,6264
177.16,3616
177.35,6333
177.44,4518
177.55,7129
177.57,10840
177.385,30503
176.835,4215
177.535,4384
177.42,3718
177.42,3473
177.94,2616
177.52,3601
177.57,3061
177.58,3727
177.39,3527
177.48,1231
177.69,1903
177.71,816
178.14,2948
178.4,1943
178.765,1437
178.95,572
179.02,2453
178.98,3169
178.99,1501
178.95,2476
179.1,3294
179.03,6087
179.22,4206
179.345,2676
179.11,5389
178.85,15165
179.14,1013
178.815,1091
178.34,451
178.32,1099
178.16,942
178.24,2253
177.98,1062
178.56,228
178.305,342
178.6,807
178.38,889
178,2907
177.99,2718
178.67,3108
178.77,2956
178.89,1744
179.11,1603
179.04,2269
178.895,1127
179.01,2317
179.07,1587
179.07,2853
178.82,2282
178.97,1691
178.88,4046
178.83,15840
178.53,2374
178.985,819
179.175,3484
178.905,3218
179.17,5890
179.26,1095
179.37,1893
179.275,1458
179.17,1226
179.85,984
179.7,889
179.67,1106
179.59,750
179.28,1128
179.45,112
179.23,1541
179.01,1726
178.95,668
179.12,1251
178.72,935
178.48,1688
178.655,977
178.66,2771
178.61,3331
178.63,4591
178.685,24671
178.63,3791
176.78,10452
174.57,7409
175.215,4269
175.58,5307
175.91,3658
175.665,4360
175.59,1842
175.76,2894
175.65,1191
175.555,2193
175.75,1866
175.71,1007
175.365,950
175.38,1443
175,1527
174.99,2087
174.725,1635
174.89,3196
174.66,2929
174.45,3064
174.15,3035
173.91,3930
173.525,4052
173.49,5534
173.79,22151
173.75,5369
174.76,5471
174.96,7155
174.29,2493
174.355,5080
174.34,2123
174.47,1517
174.915,1071
175.4,3199
175.28,1299
175.11,1813
175.29,1057
175.245,1476
175.265,1556
175,1415
174.89,1358
174.63,2127
174.475,2094
174.86,1605
175.01,1174
175.16,1916
175.37,1702
175.47,5854
176.015,5768
175.63,5292
175.46,18456
176.09,2344
174.93,1019
175.245,717
175.51,1570
175.895,819
175.835,1852
175.775,2240
175.49,7215
175.17,1389
175.38,2594
175.5,1256
175.45,845
175.48,2063
175.23,4966
175.25,4748
175.27,2763
175.4,2426
175.8,1133
175.56,1492
175.46,2142
175.33,2063
175.23,2973
174.92,5743
174.845,6035
175.21,7458
175.31,18471
176.72,4140
177.73,8512
175.405,19201
174.69,13656
175.445,10019
175.155,4146
175.31,13916
174.76,13251
175.145,14385
175.365,4933
175.46,8009
175.11,7598
174.73,13020
175.6,7715
175.84,3967
175.52,1680
175.345,1757
175.24,1069
175.35,2159
174.97,1116
174.73,1792
175.09,2498
175.2,2358
174.92,1413
174.78,4253
174.74,18094
173.49,2153
174.19,4158
174.68,6529
174.055,6469
174.4,2705
174.19,3134
174.42,2439
173.925,3681
173.74,3679
173.64,7474
173.87,1138
173.52,2849
173.49,1096
173.66,1207
174,5273
174.195,3515
174.42,2075
174.2,1329
174.255,1403
174.19,2589
173.88,1748
173.75,6066
174.22,1112
174.29,3451
174.31,2267
174.12,11320
176.99,2436
176.4,2389
177.21,3309
176.78,2637
176.94,802
177.14,1417
176.76,1680
176.76,6355
175.985,4749
174.45,3259
173.64,6046
172.92,5533
173.25,2147
172.505,4507
173,770
174.37,962
173.87,1975
173.07,2069
172.995,1012
173.41,2500
173.89,3077
173.88,2141
174.16,2198
174.02,5129
173.94,7382
173.05,18707
172.05,6873
169.83,2068
170.3,2699
170.03,5675
170.15,4789
170.07,2551
169.42,5401
169.09,2996
169.69,2534
169.29,1338
170.07,1833
170.16,3218
170.2,5795
170.645,2307
170.65,4006
170.1,5906
170.02,6855
170.52,6569
170.97,6071
171.1,5333
170.925,2895
170.5,6153
170.56,4382
169.95,5920
169.38,11775
169.495,26230
169.14,4212
169.53,2824
170.01,3430
170.185,7217
170.2,5417
171.19,5397
171.57,4987
172.2,5914
172.105,3060
172.19,2438
171.85,1184
171.95,2684
171.95,1602
172.005,2328
172.11,2804
171.88,2694
171.675,3368
171.59,1882
171.86,2960
172.005,5387
172.05,8179
171.58,5989
171.71,4325
172.05,6597
172.195,7545
172.6,45452
173.63,6011
171.525,12025
171.375,4817
170.95,8978
169.86,13107
170.42,9310
170.82,4639
170.29,7302
171.6,5388
171.82,6084
172.05,3929
172.12,1557
172.04,1473
172.05,1772
172.215,1423
172.41,1576
172.72,1229
172.7,2344
172.8,3458
172.26,6928
172.34,2226
172.55,4224
172.84,4830
173.04,2516
172.65,6229
172.48,29673
172.75,1878
172.85,4222
172.615,1643
172.425,1084
172.63,1516
172.96,3013
172.68,1754
173.02,3490
172.945,3048
173.405,4144
173.6,1265
173.165,2083
173.095,1840
173.43,1441
173.525,4123
173.445,781
173.53,2103
173.22,2828
173.295,3470
173.87,1861
173.85,4716
173.83,3182
173.85,4245
173.85,4544
173.67,8262
173.43,24654
173.35,2038
173.9,1085
173.6,6363
173.785,1015
174.25,1282
174.045,610
174.005,1143
174.2,2990
174.11,964
174.36,956
174.22,5951
174.47,2451
174.39,2432
174.46,10244
174.46,0
174.46,0
174.46,0
174.46,0
174.46,0
174.46,0
174.46,0
174.46,0
174.46,0
174.46,0
174.46,0
174.46,0
173.94,4995
173,5385
173,3193
171.745,9547
170.945,6277
171.09,11064
170.345,3933
170.75,3482
170.7,3119
170.52,2662
170.1,3601
169.71,4577
170.02,3114
170.01,3051
170.175,3093
170.55,3223
170.26,5117
170.205,3712
170.085,2933
170.05,1896
169.925,2356
169.9,1044
169.85,2226
169.45,2739
169.33,7024
169.01,26415
169.325,4273
168.495,5432
168.71,3985
168.85,3372
168.93,2614
169.105,1928
168.99,2301
169.07,852
168.56,2147
169.045,1956
168.945,768
169,1294
169.08,1368
168.98,2696
168.53,1587
168.285,1449
168.51,772
168.21,2203
168.18,2392
168.33,1690
168.225,1906
168.24,3764
168.69,485
168.87,4300
168.845,7140
168.995,20493
169.19,2720
167.895,2903
168.12,2658
168.015,4815
167.585,3295
167.94,3164
167.83,3475
167.8,3824
167.57,3027
167.28,7133
166.97,4914
166.86,3443
167.16,6002
167.08,3795
167.16,6886
167.34,1901
167.54,5201
167.535,4451
167.65,7675
167.86,5099
168.285,8037
168.37,8463
168.21,10025
168.77,11335
168.44,13957
168.8,53163
168.8,13117
170.36,6544
170.395,7210
170.68,10777
171.4,6310
171.47,9733
171.33,6389
171.69,7451
171.35,8349
171.495,2447
172.01,5570
171.77,2513
171.87,3573
171.47,1001
171.39,4678
171.29,4608
171.235,2431
171.365,4552
171.5,2044
171.23,4033
170.84,3326
171.27,2808
171.33,5176
171.03,9795
170.76,15304
170.25,29113
171.18,1795
171.43,2942
170.85,3335
170.915,2609
170.835,1814
170.215,1937
169.91,3174
170.04,3759
170.11,1431
169.94,768
169.91,1948
169.305,1670
169.215,492
169.295,1737
169.88,813
170.115,2295
169.965,1131
170.165,980
170.065,1259
170.23,2188
170.45,3645
170.375,2550
170.45,1353
170.54,2391
170.82,3317
170.745,16832
170.86,2458
171.8,1000
170.83,1314
170.79,4145
170.6,10738
170.26,6849
169.825,2893
169.87,9123
169.93,7601
170.24,7712
170.01,6419
170.09,9746
170.37,8769
170.65,11764
170.975,1575
170.7,8059
170.72,13249
170.99,6706
170.725,8610
170.7,5481
170.77,7265
170.75,5143
171.11,13197
171.24,11199
171.175,11744
171.21,38385
172.26,6624
175.07,8898
174.69,2385
174.365,6847
174.62,4711
174.54,10431
173.97,13087
175.27,12824
174.96,13084
174.715,10582
174.33,9299
174.2,14097
173.92,9462
173.895,9113
173.875,5611
173.88,6835
173.55,6778
173.525,6609
173.425,5825
173.18,10526
173.065,3340
173.005,11367
172.865,3180
172.82,11846
172.77,12339
172.45,41106
170.93,3385
171.39,7833
171.75,10076
172.215,6728
172.33,4869
172.75,12863
172.64,23940
173.21,27569
173.365,23252
173.51,11843
173.365,60599
173.64,29585
173.71,28917
173.65,19737
173.82,59101
174.23,2629
174.035,9972
174.9,61487
175.32,104055
175.71,5863
175.77,7242
175.83,5580
176.81,7462
176.47,11547
176.035,14693
175.66,77852
174.51,2618
175.17,16592
174.715,13928
176.065,5968
177.46,7413
177.48,5824
177.175,5013
177.58,1389
177.48,2947
177.905,25740
177.875,9742
178.1,3139
178.215,18277
178.2,2883
178.14,2895
178.45,4895
178.935,6876
179.095,4648
178.95,2462
178.6,5286
178.09,4224
178.37,2677
178.38,4352
178.185,5623
178.11,5287
178.29,32217
179.225,8219
177.425,2932
178.38,7699
178.33,4995
178.205,6771
178.79,3722
177.83,5225
177.2,3143
176.95,2291
176.9,4142
177.48,7808
177.825,2857
177.635,2936
178.14,5401
178.2,8277
178.66,2591
178.785,4286
178.64,4756
178.38,3747
178.18,5277
177.93,2135
177.895,3317
177.83,4021
177.755,3709
178.01,10478
178.32,38173
179.64,9158
181.375,8916
180.895,5434
180.67,3559
180.63,7522
181.035,3924
180.44,3224
181.365,2060
181.15,1672
180.385,2585
180.27,1715
180.545,2316
180.715,2286
180.92,4178
180.75,3881
180.96,1261
180.635,2058
180.96,2622
181.095,4656
180.94,3078
181.06,2445
181.14,6296
181.67,6418
181.875,4935
181.87,7824
181.59,34497
181.55,10998
180.44,5565
181.65,6140
180.805,5161
180.885,6256
180.93,9966
180.72,11284
180.545,5281
179.88,4195
179.89,1174
179.54,10218
179.335,5354
179.035,6711
179.05,4114
179.25,5186
179.355,6207
179.37,7674
179.845,6088
180.32,7442
180.195,10904
179.93,8683
179.78,6344
180.01,7051
179.89,6228
180.02,8713
179.685,29420
178.92,13321
178.53,7993
179.035,7001
179.45,6047
179.925,21024
179.66,10825
179.01,5592
178.605,6184
179.04,4926
179.055,1739
179.155,2135
179.1,3873
178.93,2935
178.8,2252
178.955,1781
178.55,5069
178.24,2317
178.055,2886
177.62,4792
177.765,5011
177.59,3728
177.43,6325
177.16,2844
176.85,7208
176.79,8477
176.83,59788
178.52,9905
179.48,7705
179.03,10427
179.38,8230
180.15,11258
180.275,7095
179.91,11819
179.38,14392
180.185,5871
180.05,4791
180.025,3208
179.25,15856
179.115,7445
179.595,6109
179.25,1853
179.4,7458
179.54,5893
179.35,219
179.39,1442
179.36,1862
178.945,1711
179.065,2235
178.78,1313
178.96,2988
178.805,4452
178.85,20196
178.83,4424
180.07,2588
180.53,6513
181.17,4603
180.96,2001
180.78,1441
180.95,3819
181.495,4199
181.705,2137
181.68,5380
182.19,2170
182.16,3206
182.255,3725
182.17,2980
182.33,1249
182.66,5187
182.67,2631
182.74,1878
182.71,2304
183.04,4176
182.82,1020
182.83,6575
183.03,2896
183.02,4855
182.805,11215
182.79,43995
182.88,1372
181.93,1422
182.8,2555
182.67,2814
183.995,1863
183.9,1577
184.115,660
184.63,2045
184.885,2396
184.93,474
185.41,3029
185.44,1247
185.38,757
185.22,1304
185.37,1815
185.61,764
185.52,2379
185.645,4250
185.57,1508
185.52,1643
185.65,3300
185.53,2425
185.53,2927
185.59,3665
185.61,7138
185.47,19711
185.785,4335
186.77,5067
187.74,1824
187.29,1603
187.56,1977
187.04,1129
186.52,1413
186.52,1167
186.11,2778
185.695,3502
185.82,3230
186.15,2150
186.395,4055
186.05,2658
186.115,1398
185.98,384
185.79,479
185.865,4678
185.53,1982
185.675,4583
185.89,4283
185.78,3211
185.55,5051
185.38,2731
185.66,8178
185.7,19586
186.38,1283
186.835,779
186.56,1128
186.66,1779
186.81,4168
186.7,3622
186.97,3165
186.915,1442
186.685,1349
186.7,1849
186.625,3421
186.61,861
186.73,2318
186.76,4752
186.76,0
186.76,0
186.76,0
186.76,0
186.76,0
186.76,0
186.76,0
186.76,0
186.76,0
186.76,0
186.76,0
186.76,0
186.12,797
185.705,3190
184.78,1348
184.67,3788
185.085,558
184.98,1337
184.98,0
184.98,0
185.39,505
184.95,301
185.09,401
184.955,686
184.83,100
184.86,243
185.03,196
184.9,108
184.93,210
184.93,132
184.92,370
184.84,100
184.78,301
184.83,431
184.67,1203
184.82,948
184.83,962
185.045,7249
185.31,439
184.32,528
184.21,749
184.65,271
184.525,1536
184.5,880
184.57,547
184.52,466
184.51,1888
184.62,337
184.605,340
184.635,678
184.53,2444
184.53,1996
184.77,2085
184.82,195
184.87,839
184.92,1118
184.685,1485
184.8,1213
184.86,1568
184.92,743
184.83,229
184.82,1448
184.8,918
184.71,9927
184.76,1219
184.61,1082
183.84,556
184.14,1980
183.94,1365
183.94,1358
184.11,2525
184.25,1574
184.205,1486
184.13,316
184.17,1306
184.05,3841
184.17,2849
184.24,885
184.195,1934
184.16,2279
184.16,1010
184.13,791
184.065,2587
184.08,1829
183.855,829
183.92,663
183.91,1539
183.965,1833
183.94,1263
183.955,8002
184.2,2586
182.73,1602
183.41,2703
183.23,2033
183.47,1225
183.33,897
183.3,2016
183.455,1205
183.42,1846
183.525,289
183.56,1542
183.54,1703
183.44,725
183.465,1462
183.38,538
183.49,610
183.45,972
183.485,1223
183.72,713
183.695,1977
183.61,1441
183.755,3931
183.54,5483
183.53,4387
183.53,4824
183.85,22362
182.31,1184
183.37,406
183.215,680
183.75,1198
183.305,3721
183.8,3234
184.43,3450
185.01,4101
184.265,807
184.04,1661
184.16,1178
184.46,1719
185.08,3577
184.885,2543
184.8,2562
184.85,1734
184.83,2211
185.06,1455
185.22,931
185.66,1612
185.86,1430
186.2,635
186.16,776
186.33,2320
186.81,3464
186.81,12828
187.185,24991
189.11,20576
187.53,9370
187.11,8139
187.42,4521
187.945,2408
187.24,1216
186.68,4058
186.62,1544
186.8,2630
187.2,7632
187.26,3571
187.32,3705
187.48,1779
187.43,4767
188.085,1603
188.16,1797
188.065,5865
188.1,5488
187.76,2967
187.555,5744
187.62,6795
187.93,5553
188.26,8783
188.29,25546
188.52,34484
189.2,8332
188.58,5796
188.75,7279
188.25,7319
188.8,1637
189.03,5617
188.81,2059
188.8,2853
188.85,5068
188.91,9102
189.515,8556
189.66,2096
189.4,1242
188.865,4810
189.22,1089
189.4,2437
189.32,3455
189.6,3804
189.635,3022
189.89,3472
189.465,1871
189.405,3438
189.52,9959
189.97,4321
190.41,6626
190.44,18183
191.62,8835
191.23,5012
191.32,8919
191.25,8560
191.96,2379
192.34,3500
191.78,4715
191.37,4347
191.525,5336
191.76,2324
191.39,4493
191.13,2844
190.675,5328
191.03,4082
190.97,3397
191.03,6790
191.435,11219
192.03,9832
192.79,37041
190.545,27765
190.14,13968
188.83,22316
187.74,15453
187.18,14174
186.38,18777
186.22,41107
191.5,39966
193.845,29348
195.99,22117
193.315,17071
191.985,21466
190.41,12826
189.55,6999
188.51,21899
189.315,12443
189.05,4708
188.04,38060
186.995,11011
187.255,8093
187.29,4444
187.19,4737
186.54,10785
186.76,7054
185.775,6574
185.29,13052
185.415,6481
186.25,11259
186.19,8711
186.27,12634
186.785,9757
186.63,8082
186.895,39839
187.51,14305
187.37,17828
187.165,25154
187.83,18634
188.575,16432
187.345,14067
186.805,13612
187.31,11298
187.56,14494
188.105,9548
187.93,9002
188.37,17887
188.62,10715
188.38,6942
187.57,7075
187.465,10680
187.42,9595
187.95,9065
187.89,10841
187.89,13222
188.165,10852
188.35,17382
188.515,10782
188.65,15540
188.79,14011
188.49,47125
189.41,4892
192.175,5239
191.595,5777
191.465,4567
191.185,5870
191.29,2911
191.56,4024
192.39,8345
191.02,1514
191.72,615
191.2,2526
190.89,2251
191.275,3153
191.15,1611
191.47,2101
191.57,1593
191.71,6430
191.76,2316
192.015,4407
192.475,2490
192.76,4068
192.535,1182
192.655,3656
192.81,4378
193.11,9780
193.045,41714
195.79,20118
195.67,16983
196.4,4970
196.455,2750
196.4,9723
196.07,2176
195.785,4130
196.03,4162
195.425,8284
195.45,7441
195.01,5188
195.84,2528
195.85,3556
195.17,2540
195.17,5392
195.56,2439
195.065,4614
194.65,4289
194.425,6771
194.71,6289
194.75,11471
194.31,9138
194.235,6124
193.96,5182
193.485,12320
193.34,85372
194.26,4033
193.81,7849
194.21,8537
195.75,8075
195.5,5922
194.915,8446
195.62,9117
195.92,7768
196.36,4630
195.82,3856
195.86,5909
196.37,8658
196.33,4004
196.075,5094
195.75,6352
196.31,3360
196.35,5111
196.955,4533
197.495,11997
197.78,11318
197.78,15002
196.86,3047
197.19,13346
197.02,4899
198.42,13493
197.97,32840
198.375,5896
196.915,1314
197.72,2494
197.64,1259
196.93,3757
197.44,921
198.13,1428
197.83,2163
198.52,1831
198.76,2419
198.53,1618
198.685,4266
198.69,2980
199.28,5736
199.35,3332
199.35,2798
199.58,2545
199.7,2133
199.515,3130
199.725,1472
199.425,3675
199.25,1916
199.23,1707
199.74,3111
199.36,6438
199.555,26683
200.34,3390
200.405,2732
200.01,4154
200.15,2568
200.1,2203
200.33,2432
201.12,8363
201.135,6398
201.11,4211
201.2,5625
201.2,5176
201.42,2158
201.51,4168
201.58,3445
201.025,709
201.1,2468
201.46,1005
201.64,623
201.78,3057
202.045,3491
201.78,6675
201.62,6900
201.36,3717
201.88,8510
201.94,5473
201.78,20691
201.56,11094
202.31,13356
201.45,7879
201.34,9502
201.21,7652
200.42,6031
199.81,2941
199.34,2541
199.115,4028
199.125,7861
198.935,2352
198.985,2333
198.75,3260
198.8,8110
198.995,4816
198.86,4242
198.5,6823
198.06,2204
197.97,1383
197.43,4701
197.38,3662
197.49,3105
197.7,8379
196.88,9163
196.87,10461
196.92,71699
196.9,10025
196.52,8392
197.01,7588
197.62,6125
197.345,3840
198.06,6667
197.07,2149
197.275,3060
197.04,3128
197.17,2363
196.85,1603
196.43,2627
196.18,2102
195.865,4780
196.615,2279
196.82,3300
197.01,4205
197.01,5880
197.195,8208
197.02,13206
197.98,9429
197.71,11859
198.1,6106
197.47,7103
197.51,7369
197.475,21328
198.1,10523
196.93,8400
196.855,11247
196.98,10038
197.53,7216
197.27,3323
197.425,5326
197.57,6405
197.55,5639
197.42,4447
197.41,5989
197.81,3608
197.845,3305
197.97,5925
198.02,2106
197.89,1242
197.71,3754
197.75,1802
197.37,2159
197.33,2870
197.67,11847
197.53,2476
197.23,3815
197.24,3355
196.86,5850
196.78,27584
196.845,14777
196.235,6711
195.91,4944
195.33,3307
196.14,2865
196.16,7666
196.25,3086
196.4,5115
196.63,4386
196.54,3124
196.23,6423
196.89,6861
196.34,3279
195.95,2014
195.5,1265
195.43,1743
195.395,942
195.39,3147
195.72,3407
195.77,4844
195.93,4453
195.71,5543
195.4,4043
195.39,10460
195.08,8902
195.37,32969
195.38,13851
195.145,5571
195.24,6042
194.96,28896
194.475,10605
194.31,13948
194.74,7565
194.61,6106
195.09,3270
194.8,12417
194.48,12708
194.87,7873
194.595,13899
194.72,11516
194.68,8943
194.575,10452
194.99,8178
194.74,10043
194.5,13334
194.52,7980
194.25,13244
194.22,9120
193.95,10735
193.845,13655
194.185,10447
194.155,48808
199.505,108007
199.31,89047
197.365,62521
195.66,64468
197.885,38152
197.1,34179
198.04,16688
197.2,21075
197.92,15877
198.055,13745
197.505,22458
198.37,18690
199.78,19186
198.555,25282
198.395,16734
199.66,32982
200.14,15473
199.69,17296
199.815,20398
199.95,15687
200.59,12345
201.23,31795
201.5,31767
201.43,37127
201.52,25429
201.04,50602
201.6,50149
200.715,7608
200.625,9732
200.71,8966
201.235,6762
200.97,7453
201.845,10407
201.655,9160
201.65,14050
201.28,17269
200.92,8787
199.715,3933
200.38,21056
200.19,7182
199.385,3385
199.69,3518
199.605,1918
199.2,4703
199.21,4757
199.18,4211
199.45,8390
200.52,5411
200.09,12328
200.18,18950
199.19,26403
199.035,41218
201.15,13441
201.71,15676
202.1,20486
202.75,13596
201.41,7937
199.78,6890
199.79,26182
198.955,17450
199.04,4427
199.68,18873
199.14,7724
199.09,4005
198.68,3851
198.58,5210
198.3,5127
199.15,6380
200.255,19075
199.385,5732
199.295,9745
200.01,7545
200.08,5284
199.72,4557
199.38,6821
199.22,8136
199.84,20065
199.42,35737
198.55,3382
199.775,3302
199.44,9250
199.43,5174
199.26,2926
199.72,9489
198.77,8262
198.11,5158
197.94,4451
198.79,3108
199.04,8904
198.67,3141
199.16,3484
198.965,1147
198,2243
197.985,4003
198.08,4933
199.34,9352
201.2,40321
200.47,23127
200.22,17524
199.8,6120
200.34,11155
199.98,16763
200.22,26308
200.75,101566
199.23,4562
200.36,17858
199.88,18925
199.84,11296
201.04,6346
199.375,12498
199.36,7795
199.31,3956
198.84,3917
198.09,4679
197.805,7103
198.315,7160
198.53,6472
198.815,3289
198.94,3996
199.03,2972
199.505,3026
200.04,7251
199.83,3555
200.05,6711
200.54,4753
200.75,5346
200.65,6647
201.3,7663
201.505,25628
200.61,50641
202.815,42305
203.18,44064
202.64,31209
202.24,8038
202.66,4014
202.385,2343
204.1,7841
203.595,12585
203.97,9502
202.94,3308
203.105,8631
203,8940
204.495,6276
203.695,7558
203.69,3987
203.725,2773
203.72,5516
203.09,3163
202.49,3643
203.195,5553
203.5,12502
203.01,3143
203.1,5549
204.09,10616
202.92,11780
203.82,21465
205.48,34079
201.65,32571
198.52,26756
198.71,18964
199.195,17577
198.5,12702
197.61,6250
197.155,7066
197.11,16078
195.51,43222
194.85,16709
194.91,16089
195.77,28903
196.19,19607
196.995,25923
196.45,22227
196.7,37158
197.31,20630
195.98,13947
195.94,11997
195.83,17327
196.79,16743
197.08,21222
197.825,42926
197.65,15359
197.13,49976
195.86,34408
198.635,22685
197.4,18699
196.685,15246
196.225,15954
195.5,10568
195.36,10378
194.75,14705
195.43,15529
195.84,6149
196.285,11668
195.64,4890
195.835,5166
196.22,9686
195.73,5956
195.99,5945
195.935,8441
196.06,6608
196.13,8664
196.43,9962
196.46,6899
196.81,5273
196.92,4500
196.52,6811
196.37,5173
196.2,16675
196.955,5694
198.445,15442
198.57,17642
199.24,9454
199.18,16321
199.165,6669
199.635,13378
199.84,13998
200.025,9786
200.335,4617
200.26,5276
200.71,4330
200.53,3150
200.48,3095
200.5,5142
200.47,4604
200.32,8348
200.225,6014
200.04,3531
199.51,4441
199.67,4800
199.48,3867
199.28,2993
199.255,5445
199.05,6797
198.98,36798
199.43,3841
199.6,1669
198.955,11266
198.37,5732
198.35,3714
198.49,8826
198.52,10117
198.3,6686
198.085,8691
198.12,7086
198.43,12992
198.54,5527
198.4,2372
198.07,2005
198.08,3858
197.44,1746
197.065,4298
197.12,3863
196.875,5593
196.93,1387
196.77,6452
196.615,4841
196.53,9738
196.42,6423
196.33,8656
196.46,30802
194.53,4553
194.13,6973
193.83,8031
193.925,4891
193.48,5880
193.61,3135
193.72,5693
193.295,7887
193.73,5645
194.63,13034
195.11,9252
195.34,3407
195.41,4598
195.52,5548
195.825,1894
195.68,2534
195.3,5297
195.38,2367
195.31,4230
195.34,6233
195.67,7205
195.92,5158
195.815,6459
195.925,4945
196.09,5534
196.325,23445
195.61,4698
197.68,6281
197.79,9205
197.15,21513
195.535,6806
196.36,4147
197.41,6354
197.87,12411
198.33,10734
198.44,4410
198.01,9734
197.62,3375
197.12,3042
196.54,3768
195.72,6914
196.14,13757
196.6,7644
196.49,16575
196.22,13629
196.32,10288
197.56,6708
197.985,3913
197.87,8754
197.51,9683
197.345,7705
197.07,20664
197.75,8390
200.74,11279
199.955,10253
200.905,7181
200.285,6725
200.19,7365
200.185,8139
198.69,9535
199.3,6780
199.07,5139
198.6,14628
198.68,7020
198.68,9124
198.81,5765
198.515,14937
198.56,9657
198.54,10085
199.04,16936
199.9,6711
200.725,7412
201.15,8694
201.09,7072
201.46,8775
201.575,12829
201.43,14923
201.22,85597
201.29,12812
202.55,18530
202.54,10227
203.27,6476
203.5,31606
203.01,17732
202.1,14040
201.715,4291
201.77,11676
201.125,12576
201.275,15660
201.03,6283
200.415,15157
200.435,7392
200.425,6739
200.28,11189
200.085,4146
199.51,1706
199.68,1955
199.63,4128
199.655,2822
199.05,4512
198.935,3492
198.85,4618
198.75,12213
198.81,50614
200.12,11098
199.98,13147
199.955,8882
200.855,5470
200.72,3858
200.27,11463
200.9,9583
202.14,5520
202.07,3435
202.515,11605
203.165,10642
203.72,7141
203.805,5283
203.53,10433
204.22,5575
203.625,7498
203.865,4435
204.235,5961
204.67,4725
204.52,7172
204.17,3359
204.21,6797
203.705,3628
203.31,14142
202.905,16315
203.39,44999
205.46,18494
204.05,14452
203.62,13294
204.3,11050
204.215,5925
204.085,15226
204.085,12132
203.5,6652
203.655,22302
204.1,4088
203.34,12290
203.53,3646
203.44,6583
203.435,6868
203.855,5108
203.93,4599
203.785,4430
204,4416
204.68,10818
204.275,10014
204.48,6569
204.055,11766
204.56,22609
204.53,16270
204.29,32549
204.65,93619
204.5,20655
202.65,8200
202.49,12635
202.05,29629
204.29,19562
206.3,17795
204.85,10157
205.245,10175
205.075,5055
204.65,8958
204.805,6746
204.805,4963
205.295,6818
205.36,9677
205.03,5778
204.37,10982
203.3,9577
203.475,9837
203.93,11323
204.83,2980
204.375,11653
204.29,8931
204.265,11413
204.95,3871
204.42,6743
204.26,59798
205.03,10292
203.11,6912
205.075,34255
204.19,23124
205.025,36395
205.41,15590
205.21,14107
205.86,17607
205.9,12845
205.91,10217
205.93,12722
205.425,9179
204.32,4466
204.57,10083
204.43,6662
204.585,6562
204.1,10489
204.615,12355
204.465,12205
204.89,7795
204.755,7705
204.32,8089
205.52,8828
205.38,12791
206.02,15389
205.845,66506