270.95,7476
271.04,6852
270.91,3624
270.91,3070
270.9,6364
271.41,1239
271.29,3244
271.53,2287
271.5,6686
271.62,5394
271.51,7664
271.74,5163
271.87,1765
272.02,5709
271.92,5065
272.02,6134
272.08,1396
272.08,4554
272.12,22889
271.38,21842
270.62,23538
269.29,53941
268.04,30316
268.02,36636
267.53,7445
267.38,10650
267.15,18161
267.215,3483
267.56,5203
268.29,3160
268.21,2114
268.395,3892
268.37,3509
268.135,5353
268.54,1653
268.63,2568
268.605,2706
268.58,27353
266.76,15149
267.64,10820
268.21,16776
268.53,9014
268.77,12409
268.635,9945
268.89,19776
268.7,11895
268.74,2727
268.7,944
268.69,2966
269,6380
268.82,19172
268.845,3786
269,7659
268.92,9068
268.83,3813
268.73,15702
268.89,40177
265.97,31474
264.885,27699
264.88,19850
265.26,22597
264.85,12495
265.235,12153
265.01,13812
265.4,5778
265.46,4616
265.56,3879
265.9,2556
266.12,29586
266.065,4481
266.28,4390
266.14,8327
265.57,7249
265.41,4903
265.11,10534
265.2,45727
262.16,23686
261.42,38808
261.88,21450
261.99,27602
262.94,16816
262.81,3913
262.76,5979
262.79,11473
262.63,4343
262.475,3901
262.48,16377
262.43,9362
262.54,19133
262.46,5240
262.42,3426
262.7,5482
262.83,5186
263.075,7509
262.82,56607
265.81,19525
265.26,13708
266.01,11500
266.19,2884
266.39,11908
266.38,2607
266.665,5383
266.76,3068
266.65,5516
266.67,2746
266.66,5118
266.625,7862
266.27,11250
266.58,8631
266.39,3022
266.51,7492
265.785,5029
266.19,5095
266.12,31254
268.78,11951
267.77,27328
267.98,13736
268.49,10888
268.16,7939
268.345,7051
268.45,14169
268.88,7667
268.82,8088
268.65,4036
268.61,2311
268.86,9350
268.38,3141
268.66,6539
268.7,8372
268.81,8301
268.99,17183
269.33,14140
268.88,52679
268.91,8958
268.59,11893
269.17,20957
269.42,5415
269.05,9756
269.9,14806
270.04,5744
269.76,7455
269.28,4318
269.06,7167
269.1,1363
269.29,1812
268.92,3702
269.12,2640
269.25,1701
269.27,3236
269.39,1878
269.42,3506
269.57,28517
268.53,7621
268.83,6581
269,2440
268.48,3491
268.85,1005
269.03,3002
268.95,3331
269.005,4075
269.05,2265
269.15,7554
268.87,3930
269.31,5001
269.07,2995
269.01,4289
268.775,2726
268.66,9268
268.65,6164
268.9,3797
268.65,19247
269.48,9693
270.24,13202
269.85,5428
269.16,17243
268.82,3669
269.11,5756
268.89,1189
268.75,8326
267.985,21853
268.15,8738
268.15,13216
267.96,11477
268.09,16754
268.07,18416
268.095,8074
268.25,22055
267.89,13549
268.2,20882
268.465,76546
269.3,91624
269.09,15644
269.21,4588
268.72,5485
268.95,5745
269.15,5931
269.16,5874
269.03,3438
269.05,4579
269.06,3460
269.04,9832
269.22,22207
269.1,6662
269.18,3650
269.03,4611
269.09,4819
269.21,8985
269.41,8804
269.38,32744
268.48,8622
268.95,1870
269.01,4708
269.05,4457
269.55,10174
269.81,4210
269.95,7488
270.1,16628
270.68,9088
270.71,2236
270.9,17750
271.06,7614
271.15,5332
270.8,7387
270.64,6817
270.72,3266
270.7,2587
270.58,5982
270.535,25493
272,14525
272.04,11517
272.39,6942
272.75,17365
273.695,21620
274.11,19054
274.44,19991
274.61,17569
274.675,16424
275.02,10262
274.83,11443
274.78,5189
274.85,5664
274.8,9755
274.86,12155
274.875,7968
275.13,6119
275.12,9104
275.27,41517
275.53,30265
275.275,16158
275.76,15094
275.38,5715
275.45,11012
274.81,6072
275.015,5119
275.21,6712
275.7,2765
275.645,4143
275.75,1842
275.78,11619
275.59,1866
275.4,2016
275.36,5955
275.2,2408
275.22,4876
275.19,11343
275.065,48543
275.5,10306
275.6,6840
276.07,8429
276.63,5334
276.58,6375
276.05,1817
276.32,1331
276.3,2534
276.44,8061
276.1,3501
276.28,9036
276.54,6970
276.5,4767
276.385,8602
276.61,10552
276.68,4662
276.64,1692
276.545,18030
276.465,28829
279.19,16502
279.66,27649
279.11,19154
279.36,9618
279.25,6808
279.36,6502
279.58,11481
279.61,5031
279.83,6302
279.9,3584
280.02,6774
279.8,6272
279.6,9130
279.71,2686
279.76,6717
280.02,5298
280.005,4530
280.2,6537
280.15,60001
279.305,4549
279.52,6782
279.31,7059
279.52,6809
279.18,5611
279.53,8031
279.56,5513
279.64,11582
280.08,11081
279.81,3776
279.61,1967
279.56,5611
279.47,8906
279.8,8057
280.27,11216
280.66,12460
281.06,8904
280.84,18065
281,39688
280.07,20485
279.69,8200
279.75,12312
279.91,2375
280.2,4509
280.38,4428
280.26,4412
280.33,3244
280.27,4306
279.88,5991
280.19,1523
280.22,4992
280.19,1879
280.505,3423
280.665,2574
280.57,4457
280.7,1259
280.77,4709
280.85,24395
278.32,16048
277.185,20037
277.115,20392
277.44,18131
278.07,4968
277.97,4515
277.78,5331
277.68,5699
277.98,5322
277.94,13075
278.04,3770
278.2,1870
278.06,1334
277.93,5274
278.255,5582
278.56,10556
278.2,16401
278.63,10153
278.51,49443
278.79,5518
278.53,8111
278.715,13160
277.605,16541
277.7,16539
277.71,15256
277.95,3051
278.01,4251
277.66,3389
277.57,7398
277.335,4130
277.32,8559
277.31,1500
277.26,5332
277.11,21596
277.215,3870
277.2,2583
277.28,3338
277.16,20535
279.33,16473
279.335,8496
279.5,7491
279.475,5051
278.97,5447
278.61,3910
278.69,3423
278.665,1466
278.78,3621
278.79,1348
278.78,7387
278.62,5833
278.67,1370
278.7,1900
278.42,2266
278.3,6441
278.31,4949
278.405,4262
278.435,19571
278.62,9461
278.16,4780
278.14,5202
278.46,8360
278,2954
278.24,1524
278.255,4281
278.25,4742
278.3,9982
278.23,5990
278.13,1930
278.3,2328
278.35,1865
278.46,3278
278.51,1402
278.425,2082
278.38,4084
278.325,9527
278.14,33595
280.03,18096
280.37,9761
281.19,10792
281.72,35323
281.83,12011
281.84,9543
281.92,3081
281.32,7526
281.37,4247
281.25,5085
281.07,4176
281.35,5819
281.22,3878
281.48,2421
281.62,9893
281.84,7502
281.68,3627
281.83,4228
281.835,44727
283.39,40186
284.32,21935
284.24,14649
283.27,13779
282.88,8654
283.87,4336
284.29,10836
284.29,6445
284.325,5623
284.43,9097
284.48,10249
284.41,10296
284.03,26845
283.92,7112
284,3029
283.48,7833
284.03,10933
284.03,8740
284.2,43739
286.665,25417
287.08,23854
287.15,33878
287.71,16265
288.04,24782
287.99,17992
287.405,20387
287.09,30217
286.86,14056
287.47,25875
287.445,11255
287.64,19023
287.4,12498
287.49,5471
287.86,8065
287.83,5816
287.92,7122
288.03,12031
287.92,33166
288.84,6908
289.01,53351
288.3,36457
288.36,18736
288.49,22366
288.39,10721
288.19,19753
286.98,21824
286.03,14515
286.69,6491
286.43,10413
286.75,7863
286.99,4651
287.07,4566
287.29,9610
287.355,16521
287.16,5971
287.325,9825
287.41,15005
288.49,28618
287.96,10038
288.12,10354
288.22,9260
288.05,4752
288.37,15288
288.26,3063
288.25,8631
288.57,22304
288.74,26582
288.725,24432
288.4,17292
287.79,16696
288.13,9471
287.92,10631
287.96,2816
287.85,5576
288.01,7915
288.29,24917
284.42,77818
284.76,73083
287.09,47905
287.82,61170
288.5,41771
286.62,23561
286.5,9206
286.78,4861
286.54,10548
286.54,6452
286.46,10469
286.22,3149
286.45,5403
286.72,7663
286.28,5453
286.25,5066
286.85,17137
286.97,15031
286.085,45549
283.57,49105
282.1,25839
281.09,22213
280.63,46883
280.08,56465
280.2,34139
278.71,23012
278.68,27344
279.06,13662
279.71,25781
279.53,14784
278.79,28331
278.9,16133
279.16,11121
278.8,29450
278.62,17767
279.13,30876
279.415,33029
279.4,89605
277.55,36417
278.08,70052
279.31,41069
276.5,47784
276.52,34497
276.05,23211
275.12,25817
275.38,15130
274.88,6544
274.79,15502
273.88,58645
273.57,20213
273.45,21535
273.9,6616
274.03,8296
274.26,7163
273.455,12686
274.16,12514
274.78,96514
277.39,27622
277.56,47799
277.73,13439
278.12,8650
277.19,10098
277.41,7950
277.4,10964
276.74,6631
276.44,13481
275.55,3533
275.28,21992
274.98,24645
274.6,14587
275.23,19637
275.14,9711
275.71,10121
275.22,11909
274.76,14569
274.525,76767
283.64,54626
283.6,54469
284.13,40299
283.86,24475
282.95,16820
284.32,16792
284.5,10511
284.58,20352
284.87,14933
284.82,21524
285.23,15063
285.34,95515
282.04,39660
281.99,45494
281.38,24544
283.22,8228
282.63,20050
285.17,26519
284.98,86248
287.81,18337
287.43,33281
289.9,32835
290.6,16875
290.82,51627
291.7,51978
292.64,33775
291.11,10351
291.08,14520
291.75,17526
291.11,11929
291.32,19066
291.51,7163
291.44,9245
291.42,18672
292.41,25842
292.52,25892
292.47,17556
292.38,64627
298.07,61775
297.33,43702
298.35,24087
297.34,14063
297.85,24283
298.39,18156
298.52,13106
298.79,22158
299.04,9628
297.74,21976
297.39,21416
297.38,9700
298.21,5807
298.24,6837
298.24,8291
298.42,12630
298.3,16463
297.72,11568
297.64,47792
295.17,29114
295.33,18736
295.09,10639
295.9,15357
295.97,10782
295.85,25223
295.14,26401
294.85,21059
295.5,3355
295.65,3637
295.72,4067
295.98,8807
296.5,4063
296.37,10940
296.1,8041
295.21,3428
295.89,6410
296.155,12076
295.93,20149
296.59,8237
296.27,14705
297.06,10197
297.195,3372
297.015,2251
296.81,13742
297.06,3753
297.01,3948
296.89,3932
296.985,8836
296.94,3272
296.9,5056
297.57,6809
297.67,8339
297.54,17955
297.62,2472
297.795,10345
297.71,14373
297.535,34118
304.04,41022
305.25,38959
305.08,31665
305.25,27848
304.88,47762
305.08,15163
305.89,18503
306.57,14792
306.7,42833
306.62,20998
306.64,6870
306.85,24769
306.93,12115
306.58,18713
307.14,16628
307.73,13800
307.67,7675
307.715,18267
307.755,67793
307.01,30829
305.5,35172
305.11,17881
303.56,16517
303.37,17413
304.51,8469
304.07,9475
303.91,16008
304.68,19096
305.335,16752
305.82,7776
305.91,8723
305.77,14709
305.94,7742
305.915,13271
305.65,11103
305.8,10322
305.47,11338
305.86,25495
314.88,47319
315.35,39912
315.89,16054
315.28,23989
315.13,14302
315.11,33729
315.72,17765
315.6,7957
314.785,40887
314.45,4759
314.86,13755
314.29,11588
315.34,18343
315.55,7443
315.12,9157
315.85,8758
315.92,9475
316.04,16970
315.39,33045
315.66,121649
315.28,55235
315.655,35714
316.52,21717
316.24,30383
315.59,34332
315.81,22303
315.07,52356
313.4,92804
311.15,55130
312.86,49612
313.68,34278
313.24,13584
313.6,9176
312.66,12580
312.14,25790
311.91,19884
311.51,36620
310.97,39707
303.05,120960
302.23,85033
302.36,29925
302.32,33954
303.06,12634
302.06,25751
302.095,16279
302.55,24699
303.56,12458
304.05,7544
303.81,9622
303.12,10978
302.39,5554
302.54,5430
302.92,14570
302.35,16095
302.62,13146
303.395,27909
303.61,44088
306.22,25654
305.42,15644
305.13,9149
306.06,13465
306.57,3317
306.05,5603
306.58,5492
307,9349
307.08,14661
306.45,5766
307.09,4178
307.5,3722
307.31,6174
307.41,8940
307.69,9829
307.38,3823
307.31,3995
307.47,10222
307.885,44532
301.57,18388
302.04,9029
302.27,16707
302.35,17725
302.24,5777
301.75,20950
302.04,11077
302.6,7170
302.59,8712
302.78,17725
302.74,12866
303.35,14750
303.6,4381
303.59,3130
303.64,2562
303.345,3364
303.15,10996
303.5,22677
304.57,35363
303.93,12930
303.71,8158
304.83,23259
306.82,13897
306.805,8217
307.3,11857
306.23,7434
307,9155
307.32,3232
307.695,8035
307.71,6599
307.43,4152
307.815,9258
307.435,8356
307.695,11659
308.68,9130
308.76,8646
308.85,17257
308.61,43443
305.95,17885
304.86,20680
304.805,9732
305.59,4340
305.54,2767
305.105,3103
305.06,5156
305.69,2959
305.775,1091
306.45,5085
306.88,3561
306.37,4241
306.5,5621
305.495,5960
305.63,4610
305.97,1719
306.23,5386
306.32,4816
306.315,26441
306.03,31036
305.07,22236
305.3,17368
304.05,7532
305.4,5733
304.97,5206
304.87,9822
305.02,6430
305.22,3688
305.11,1610
305.14,2687
304.825,1828
305.15,4831
304.69,3886
304.56,3518
304.34,2528
304.47,6394
304.34,7378
303.67,53803
297.57,42133
296.96,38048
296.68,55677
297.47,9986
296.64,22760
296.38,10889
295.95,7792
296.45,9798
295.9,3341
296.23,4089
296.65,6099
296.755,7131
296.12,3659
296.2,3241
296.42,14494
297.04,7107
297.215,4948
297.34,12472
297.245,25408
299.96,29398
299.51,5037
299.93,5969
300.325,5916
300.55,2331
300.13,5960
298.19,10221
297.845,15866
297.88,4280
297.98,8680
297.14,4347
298.065,7735
297.57,587
297.89,880
297.5,9980
297.24,3432
297.42,10658
297.59,6088
297.83,31730
305.43,17581
305.45,41310
305.68,4772
305.41,12978
305.47,7318
305.37,6538
305.67,6029
305.27,9781
305.01,6860
305.18,5945
305.08,1514
305.29,1537
305.49,2519
305.58,3435
305.83,13242
305.97,4789
306.38,14034
306.78,37529
307.56,84334
312.3,18919
312.6,24061
312.72,22571
312.06,8269
312.165,23579
312.97,6363
313.04,6623
312.98,9624
313.08,7539
313.87,9748
314.3,11945
314.85,17435
314.85,8691
314.71,5630
314.74,8088
314.85,7862
314.77,10283
314.86,15392
315.01,46699
312.42,11847
312.82,16660
311.55,3273
312.28,7032
312.04,2203
311.77,10736
311.95,4092
312.13,1168
311.62,2066
312.06,2257
312.09,3044
312.105,5905
312.19,5192
312.16,21204
312.3,9364
312.3,13019
312.105,15659
310.59,13468
311.06,25777
310.01,12163
309.33,9791
309.05,4760
309.35,5950
309.16,3394
309.32,17671
307.91,16199
306.765,11769
304.82,9986
304.93,15272
305.02,11412
304.6,10405
304.55,18750
304.8,3391
304.89,5369
304.8,6228
304.95,10305
304.07,9586
304.16,32277
307.69,15866
306.56,10811
306.975,10193
307.33,9226
307.55,8088
307.79,12421
308.245,9195
308.36,6862
308.31,9266
307.81,3001
307.61,6741
307.69,9180
307.99,9279
307.97,19448
307.83,2622
307.63,3419
307.77,3665
307.37,1672
306.82,27408
298.415,65823
298.55,18628
298.8,13263
299.2,9652
298.5,5001
298.21,9955
298.54,4337
298.55,6834
297.63,6885
297.47,11469
297.22,6322
297.34,4414
297.24,5616
297.095,4986
296.93,5324
296.9,4192
297.755,7076
298.01,17908
298.235,38857
298.32,28917
297.475,23643
298.5,12357
298.99,10421
298.88,9642
299,9549
299.5,26054
299.85,36649
300.07,45595
299.77,10613
299.67,10013
299.09,7374
298.91,5886
299.35,3663
299.27,10821
299.41,1836
299.43,3968
299.22,26583
299.43,27619
293.85,21283
294.125,17803
293.39,21904
293.29,13577
293.28,14360
293.415,17946
293.25,13634
293.36,8050
293.21,4204
293.33,15898
293.81,4920
293.59,8033
293.27,8612
293.21,9851
292.81,9276
292.7,10659
292.34,20243
292.49,26881
292.895,32609
294.58,41678
294.18,25362
295.18,25508
295.13,14799
295.36,20924
295.955,7595
296.45,8584
296.7,6661
296.77,14498
296.88,6107
297.05,16861
297.26,3818
296.69,4158
296.79,9094
297.14,6896
297.21,10875
297.13,26264
297.24,26766
297.685,95653
293.27,104066
293.3,91758
292.74,46385
292.38,17187
292.56,17313
293,11239
293.17,19194
293.315,8490
293.46,9100
293.42,5379
293.9,10335
293.77,10369
293.75,6499
294.02,6303
293.87,6129
293.54,9933
293.81,10492
294.4,18248
294.5,53251
297.68,31455
297.79,30177
297.36,25973
297.79,8434
298.05,9121
297.86,7517
297.93,7655
297.84,4745
297.58,4997
298,3178
297.85,3426
297.5,6048
297.48,8373
297.335,3431
297.69,3699
298.08,7170
298.03,4082
298.03,4973
297.96,34871
298.67,46229
300.685,82706
302.46,33755
302.5,25777
302.53,25817
302.31,9401
302.21,8074
302.06,14776
302.405,7697
301.98,13375
302.18,6041
302.62,12541
302.84,15353
302.95,16899
302.68,14997
302.99,15080
302.99,21278
303.14,13898
303.22,48825
304.39,30537
304.46,31083
304.085,26461
304.44,17618
304.46,24908
305.48,11856
305.225,10110
305.18,11385
305.22,13514
304.87,12899
304.655,16228
305.28,13807
305.31,14265
305.58,8044
305.45,19737
305.56,17761
305.48,38639
306.26,22196
306.15,41120
304.71,20942
302.89,23155
303.55,11499
304.07,13348
303.705,14486
303.22,6822
303.05,8185
303.67,7285
303.65,3982
304.4,2894
304.02,5032
303.985,6889
303.5,26773
303.77,7415
303.4,16653
303.51,14378
303.6,10074
303.53,12021
303.46,27971
308.15,40782
307.6,19827
308.96,46649
309.02,21305
309.6,18617
308.92,13019
309.34,5765
309.86,12218
309.67,15955
309.86,10693
309.61,8401
309.57,5196
310.1,4857
309.98,4647
310.14,15650
310.07,12305
309.84,13378
310.15,17041
309.84,52081
304.06,23516
303.51,16476
303.79,12733
304.05,4712
304.12,6005
303.66,6678
303.27,8367
303.6,3114
303.745,1929
303.85,3002
303.94,4174
304.32,5746
304.31,3128
304.29,1651
304.08,2694
304.28,4297
304.46,4736
304.59,8534
304.77,19831
304.37,25072
304.61,28162
304.53,11693
304.41,9828
304.3,6065
304.02,8614
303.77,4722
303.8,8084
303.99,12740
303.55,13232
303.46,7856
304,5562
303.87,4377
303.82,13258
304.14,7776
304.25,5330
304.3,11243
303.91,26825
303.81,26645
305.25,13724
305.38,7688
305.57,7815
304.76,14723
304.93,4092
305.46,2628
305.42,8889
306.05,17909
306.45,3459
306.32,12407
306.09,5405
305.94,7978
305.88,3410
306.25,5350
305.94,4872
305.86,4540
305.89,2661
305.65,4647
305.515,15673
303.73,11755
301.96,15639
302.69,6929
301.905,13407
302.45,22830
302.75,7254
303.22,7403
303.14,4088
303.17,11798
302.8,6499
303.43,2003
303.3,1736
303.37,1107
303.3,2604
303.43,2472
303.56,986
303.53,1979
303.5,3436
303.49,16594
309.59,42757
310.89,66018
311.23,21223
310.99,8814
310.96,16209
311.23,22861
310.94,10667
310.96,9914
310.73,7550
310.87,9985
310.73,9516
310.88,3889
310.905,5836
310.96,4832
310.735,8459
311.12,7173
311.44,11503
311.44,9793
311.515,60324
309.02,33400
308.27,48347
307.75,27428
308.58,15836
308.29,12122
308.52,12570
308.74,11488
308.75,9316
308.65,4354
308.47,7787
308.57,6926
308.815,5069
309.06,4051
308.96,3610
308.88,4805
308.92,1304
309.05,3036
309.03,14939
309.08,29629
309.27,13867
308.92,18011
310.11,7510
311.34,20640
311.27,7846
310.8,6324
310.61,5992
310.8,2412
310.83,2818
310.81,6336
311.01,2724
311.02,3761
311.43,4637
311.45,3278
311.54,4569
311.37,7099
311.12,7986
310.77,7904
310.77,23769
312.08,13090
311.21,16705
311.27,10502
311.55,31617
310.27,24491
310.03,21074
308.74,23312
308.11,11540
308.69,4967
308.65,8258
308.97,3549
308.83,2615
308.94,2752
308.94,4537
308.85,3909
309.11,1179
309.1,8138
309.25,10733
309.24,48820
308.39,13163
308.1,15988
306.16,15311
306.95,8806
306.44,16591
306.72,8121
307.43,8354
307.03,8876
306.88,9512
306.28,4632
306.24,9459
306.36,3807
306.11,3966
306.26,11041
305.46,3720
305.88,3475
305.73,5212
305.56,10849
305.42,28589
305.33,12861
305.85,5435
306.18,7454
305.715,14452
306.06,5588
306.53,6772
307,1410
306.695,5734
306.99,2556
307.15,19832
307.58,5440
307.235,3717
307.32,3705
307.21,3152
307.36,3575
307.21,1147
307.14,3560
307.16,6180
306.67,18730
308.25,7113
307.96,4837
307.14,15800
307.15,7660
306.63,7009
306.42,8273
306.3,4100
306.515,3871
306.09,4127
306.18,3380
306.2,732
306.07,9210
306.38,707
306.39,4493
306.17,3627
306.245,4988
306.265,1918
306.87,8296
307.185,18107
307.6,20674
306.94,13077
307.28,3045
307.33,7268
307.6,6610
307.92,13062
307.5,12815
307.14,3690
306.84,2017
306.74,10642
306.85,6831
306.44,5526
305.95,1686
306.53,16035
307.82,13306
307.68,5911
308.17,9730
308.22,23241
308.44,36902
312.42,19071
312.41,23806
312.04,11287
311.94,6414
311.76,7644
311.69,12874
312.04,2956
311.91,3833
312,7747
312.07,5756
311.71,2386
311.39,5364
311.455,4586
311.58,2439
311.83,1464
311.73,4622
311.89,6345
311.98,8983
312.04,27876
317.42,38709
316.53,25595
315.825,12934
316.495,34292
315.83,26100
315.9,42659
315.61,12590
315.75,3459
315.43,2585
316.1,1975
316.07,7635
316.27,10163
316.07,6272
316.03,13199
316.08,10697
316.32,11490
316.65,12772
316.69,14140
316.47,66093
314.35,37697
312.26,24550
312.8,11137
312.53,7958
313.22,6883
313.46,10060
313.69,7354
313.61,4625
313.14,4681
313.29,3610
313.29,538
313.04,1889
312.705,3077
312.63,7554
312.28,5210
312.28,17744
311.92,24082
311.68,19645
312.15,69597
312.73,10268
312.35,20654
312.04,14445
310.56,21672
311.85,15900
311.95,10484
311.25,11325
311.32,3911
311.37,2272
311.47,7384
311.56,7865
312.27,12330
312.3,3220
312.37,2675
312.37,8268
312.36,4588
311.72,5211
311.71,17125
311.885,43201
312.8,6834
312.46,13225
311.48,14933
312.07,9149
312.09,6832
311.98,3350
312.18,4078
312.78,3383
312.43,1990
312.54,2790
312.43,1022
312.3,2067
312.11,3668
312.69,4399
312.47,6798
312.17,17404
311.09,14262
310.92,22357
310.82,35440
309.95,8263
310.41,5490
310.38,1841
310.37,2786
310.485,2523
310.14,1361
310.19,1758
310.395,810
310.385,2437
310.69,4858
310.63,6444
310.645,4281
310.465,1533
310.295,2475
310.145,986
310.055,736
310.24,1755
310.455,3999
310.205,38938
311.08,39229
311.5,23991
311.37,7857
311.54,26702
312.02,9924
312.12,10827
312.18,13913
312.07,3484
312.44,10843
312.12,31561
312.38,15338
311.51,16483
311.64,1647
311.56,6354
311.895,4640
311.35,4307
311.3,12581
311.475,6806
311.54,52901
304.03,33151
304.17,28814
304.36,16718
304.27,5452
304.39,12587
304.46,12954
305.58,3499
305.24,3188
305.255,2146
305.35,9732
305.745,13318
305.77,10392
305.89,4484
305.74,19158
305.645,23118
305.6,10425
305.56,8875
305.585,22617
306.24,59088
305.26,12801
305.35,18984
305.8,4731
305.94,2721
306.17,2444
306.19,2209
306.37,2908
306.31,1638
306.55,2360
307,3778
307.21,4601
307.05,2317
306.4,3359
306.6,3723
306.73,627
306.8,1400
306.94,6257
306.86,11295
307.23,13060
305.37,12005
305.61,18569
305.715,3843
305.205,5039
305.67,2791
305.92,5001
305.955,2667
306.14,2810
306.45,2725
306.88,2603
306.81,3220
306.96,1710
307.16,3522
306.81,2041
306.955,1186
307.04,2633
306.94,2428
306.64,4179
306.78,10505
300.37,39777
301.645,20279
300.76,18539
300.965,22015
301.515,6106
301.57,4739
301.57,5185
301.63,6937
301.78,8747
301.5,3749
301.87,3662
301.805,3344
301.52,7433
301.94,5262
301.54,3211
301.32,6243
301.71,7634
301.155,10032
301.195,27289
302.18,7160
302.72,3849
302.21,5238
302.775,2166
302.68,6625
302.88,5908
302.62,2505
302.85,4122
303.13,2669
303.29,6980
303.71,3250
303.59,2015
303.29,7738
303.225,6377
303.69,3836
303.82,5427
303.88,4985
304.39,7805
304.58,56595
308.26,25779
308.71,15958
308.46,10874
308.73,11201
308.21,11952
307.86,6673
307.75,12220
307.78,3233
307.695,2771
307.86,4677
307.77,2770
307.44,3733
307.48,1679
307.6,1815
307.54,3459
307.5,1688
307.47,4335
307.67,6903
307.47,38718
307.64,8779
307.32,11970
307.23,4969
307.49,18684
307.845,7662
307.7,4910
307.76,1905
307.73,4620
308.21,4620
308.24,8103
308.37,4052
308.38,2269
308.33,3323
308.35,4496
308.64,2285
308.64,6710
308.945,9009
309.03,9981
309.06,42234
307.19,18662
307.01,19648
306.56,10967
306.87,4891
306.26,5216
306.605,4795
306.605,4638
306.62,5641
306.45,14170
306.985,29073
307.12,100
307.12,0
307.12,0
307.12,0
307.12,0
307.12,0
307.12,0
307.12,0
307.12,0
304.59,27893
305.56,28131
305.64,5513
305.745,5856
305.66,1813
305.78,2481
305.91,1203
305.86,3495
306.08,10258
306.43,4598
306.66,4628
307.05,9302
307.1,3587
306.95,7681
306.76,3041
306.91,3641
307.245,7049
307.4,8471
307.67,36159
306.27,23366
305.33,51876
304.48,62400
304.11,33379
303.62,29956
303.38,10009
303.7,5405
303.78,3512
303.79,5104
303.79,5577
304.03,5249
304.53,11004
304.63,3598
304.58,3901
304.46,6621
304.35,1742
304.48,8041
304.27,13257
304.345,71752
303.31,18308
304,13532
304.63,9591
304.91,4257
305.13,6088
304.72,6338
304.585,3355
304.87,3728
304.98,2465
305.115,7290
305.055,11155
305.14,7937
304.98,11749
304.77,5114
305.115,7850
304.95,8764
305.04,21839
305.515,11576
305.47,40829
306.5,13578
305.06,15001
305.54,9709
305.34,5858
305.26,4633
305.69,6081
305.695,6655
305.655,6949
305.55,4290
305.16,4248
305.28,1625
305.52,2977
305.56,2434
305.49,4272
305.44,4668
305.51,6685
305.89,12263
306.18,13521
306.07,32114
309.38,14289
308.84,13122
308.67,12647
309.24,11227
309.76,12456
310.25,16556
309.55,13990
309.37,11304
308.92,14150
308.98,4449
308.94,7251
308.75,6739
308.76,4921
308.93,6607
309.3,6805
309.26,2498
309.13,9132
309.29,7773
309.32,27751
309.27,10678
309.04,17064
308.53,10340
307.92,12402
307.93,6148
308.19,8090
308.41,6800
308.12,8780
308.27,3903
308.47,1664
308.37,1527
308.51,5342
308.71,5186
308.67,3362
308.65,2177
308.58,1095
308.45,3128
308.59,4027
308.31,30663
307.4,9787
308.32,26224
308,4601
308.57,4561
308.37,5944
307.85,30592
306.73,6922
306.595,23005
305.97,13910
306.3,5664
306.64,4482
306.795,5059
306.52,8956
306.53,5303
306.46,7358
306.635,5233
306.7,2365
306.54,7308
306.545,31964
306.61,10257
306.41,12494
306.07,7197
306.22,33058
307.45,87669
310.41,87974
310.4,112329
307.98,32818
308.49,23631
308.55,6494
308.53,4392
308.71,4763
308.95,3852
309.05,2692
309.075,5821
308.81,7144
308.6,3421
308.33,5856
308.23,16276
305.48,10156
305.68,14749
306.555,6646
306.895,9160
307.11,5028
307.02,5991
307.29,2948
307.24,3050
307.29,1558
307.33,1599
307.54,2095
307.54,3696
307.3,3094
307.33,1708
307.185,6248
307.42,2137
307.47,2476
307.575,2194
307.57,20904
308.83,10271
309.05,8498
308.81,6257
309.04,3384
308.93,7043
308.84,6014
308.92,3802
308.86,8700
308.86,3127
309.02,5369
308.815,5604
308.77,1559
308.68,2462
308.79,2876
308.65,946
308.68,2468
308.66,3855
308.675,5780
308.415,17033
312.07,31788
312.07,24918
312.645,12113
313.16,20536
313.15,18967
313.1,17192
312.915,6268
313,11537
312.94,11625
312.8,5281
312.71,3014
312.42,3652
312.46,2190
312.54,3217
312.69,2106
312.6,4556
312.74,10180
313.05,10755
313.09,39546
314.7,31249
313.94,15397
314.85,15156
315.63,9098
315.52,21122
315.71,4590
315.57,8622
315.68,7213
315.77,7520
315.79,6029
316.11,7219
315.79,18307
315.78,4885
315.86,3136
315.97,5859
315.93,3179
315.89,5961
316.02,6500
316.09,60676
313.83,12908
314.39,21118
314.4,21656
314.59,11053
314.37,10283
314.28,12451
314.2,48199
312.94,66370
311.86,41662
312.23,13071
312.01,7303
312.19,11554
312,26436
312.48,3921
312.71,6182
312.61,2609
312.6,5475
312.53,10329
312.19,24221
309.78,26485
310.07,19741
310.55,7599
310.95,9819
310.58,15547
310.42,5026
310.71,4972
310.55,3343
310.43,4262
310.35,4831
310.02,9329
310.11,7124
310.41,4140
310.32,8141
310.24,4474
310.55,5955
310.52,4605
310.5,15057
310.49,27314
307.97,10399
307.9,10895
307.3,9513
306.985,16673
306.81,15301
306.99,10963
306.54,8792
306.47,7387
306.7,3969
306.5,3241
306.66,3820
306.98,6506
307.09,5107
307.27,7683
307.44,5396
307.41,3637
307.51,10893
307.57,8635
307.54,27851
306.36,42547
304.13,31774
304.78,12224
304.97,5174
304.6,4103
304.9,4301
305.38,2098
305.16,2999
305.08,1930
305.21,1781
304.775,3451
304.95,4307
304.79,2203
304.9,2209
305.12,3788
305.19,8422
305.21,11825
305.2,16252
305.35,39696
305.42,12579
305.68,9208
305.71,17097
306.3,13739
306.53,9298
306.51,7754
306.19,8410
305.79,4398
305.89,2942
306.03,14166
306.045,7253
306.32,3359
306.42,5923
306.51,2242
306.67,2928
306.625,2125
306.28,4069
306.35,11357
306.18,19590
304.29,22426
304.19,21970
304.39,6445
304.16,4563
304.15,4410
303.64,22339
303.16,10921
303.1,9843
303.36,7050
303.46,2519
303.74,3803
303.84,2742
303.825,7397
304.185,23159
303.775,41612
303.06,24511
302.08,29998
301.55,25436
301.3,59541
304.35,24097
303.93,22946
303.57,9383
303.44,10786
303.46,9306
303.7,3978
303.36,4158
303.39,7501
302.95,7318
303.4,4283
303.34,2616
303.49,4564
303.36,6152
303.21,3261
303.35,6403
303.41,6496
303.42,4289
303.26,7500
303.15,21634
308.02,33239
308.255,37321
308.75,31630
307.7,20060
307.73,46153
308.535,33131
308.35,5074
308.4,7231
307.93,12648
307.725,14707
308.25,9926
308.22,12125
308.26,3884
308.38,14340
308.26,8662
308.6,5860
308.32,2873
308.43,32266
309.38,88846
310.92,29305
311.57,8442
310.9,10890
311.09,11573
310.65,11472
310.61,4651
310.75,7599
310.73,7909
310.95,5207
310.445,6092
310.4,549
310.48,3679
310.61,6335
310.63,2131
310.93,6220
310.86,9738
310.86,14823
310.85,11005
310.92,52753
311.16,9797
311.13,31894
310.95,43994
311.51,59317
311.77,17494
311.97,10089
311.64,5733
312.15,7635
311.56,11428
311.23,6958
311.34,2156
311.39,11542
311.49,4647
311.26,4101
311.19,4454
311.31,6342
311.26,4534
311.33,3882
311.25,24784
310,22357
310.495,10271
310.59,7445
310.82,5223
311.19,5894
310.92,6561
310.57,6783
311.03,6086
310.71,5104
310.835,6515
310.9,22538
310.615,20845
310.82,4375
310.71,5875
310.33,4302
310.37,6088
310.45,4873
310.53,7907
310.52,27797
311.8,50112
311.62,34405
311.73,8093
311.93,5423
311.95,7218
311.89,4099
311.82,4422
312.23,8260
312.15,2118
311.85,1752
311.94,3369
311.79,8103
312.14,6184
312.37,7191
312.14,10185
312.16,8003
311.92,7402
312.12,22944
312.76,39740
312.61,23074
313.06,42334
312.09,13560
311.97,6732
312.23,9422
312.43,8511
312.505,7449
312.64,3096
312.64,9702
312.94,6909
312.72,3674
312.83,5442
312.78,32691
311.44,296463
312.34,55070
312.34,25373
312.71,14668
312.99,21039
312.54,27919
308.86,37823
309.33,19235
309.01,15708
307.88,14620
308.16,7208
308.15,16229
308.58,14602
308.42,12581
308.36,6847
307.85,3712
307.94,7115
307.82,80578
308.95,23819
309.11,10970
308.72,6931
309.05,5034
309.05,10337
308.65,4633
308.81,30043
307.8,61236
308.02,24704
306.83,14873
307.16,7507
307.28,7170
308.05,23521
308.71,7744
308.43,6529
308.19,6852
308.4,5008
308.39,4979
308.47,4290
308.38,2516
308.46,1803
308.41,1291
308.26,2933
308.37,1966
308.13,6689
308.22,8864
309.45,9435
309.81,13365
309.96,3351
309.72,5702
309.54,1866
309.12,1843
308.99,5202
309.21,2175
309.37,2900
309.22,1703
309.23,3367
309.24,4604
308.8,1148
308.59,1581
308.62,1805
308.71,1623
308.81,1227
308.86,4179
308.99,29780
308.25,8741
307.695,23903
307.83,3305
307.71,7121
307.58,5725
307.3,3456
307.42,3190
307.48,11870
306.81,5700
306.85,1049
306.84,5024
307.24,3698
307.07,1193
307.27,718
307.2,2670
307.38,2542
307.37,3832
307.52,6787
307.42,21639
307.09,16218
307.22,9149
307.71,15476
307.74,15144
307.81,8046
307.87,4868
307.88,6349
307.74,2396
307.36,2237
307.36,1930
307.37,2817
307.27,6592
307.24,3035
307.06,3273
307.21,1370
307.25,2582
307.1,4843
307.13,7102
307.29,24862
307.4,16365
307.14,16400
307.11,11549
307.19,1652
306.85,3151
306.98,2720
307.06,2822
306.95,1658
306.8,796
306.89,3977
306.92,908
306.85,910
306.98,1028
306.91,457
306.82,1798
306.75,1128
306.77,2868
306.71,887
306.75,13114
307.34,5690
307.04,6273
307.08,4283
306.33,8662
306.15,4718
306.155,3068
305.99,4000
305.98,4221
305.58,2579
305.52,901
305.39,7533
305.49,1602
305.46,1505
305.5,1894
305.52,417
305.55,14179
305.535,10144
305.405,10538
305.23,18832
307.755,34242
308.01,14018
307.78,15269
308.12,11581
308.09,13904
307.69,8693
307.55,2116
307.67,1897
307.825,764
307.91,1192
307.99,2083
308.05,8086
308.05,955
308.09,6061
308.01,3938
308.05,3106
308.02,4976
308.355,4017
308.25,28302
307.88,10375
307.42,10163
307.71,7671
308.07,6587
307.825,4140
307.44,7684
307.855,2778
307.73,2166
307.45,2021
307.405,3406
307.37,2257
307.44,1613
307.34,1548
307.13,1252
307.33,1235
307.29,712
307.35,1912
307.49,2438
307.52,8595
306.97,19957
306.91,49344
309.78,49339
310.5,31502
310.61,15978
310.72,20653
310.85,30286
310.11,4980
310.39,1430
310.4,1542
310.43,2354
310.57,4871
310.63,7537
310.605,1189
310.44,2845
310.43,4614
310.44,4087
310.25,8131
310.22,28813
309.99,7606
310.35,8763
310.56,7345
310.53,2772
310.69,3179
310.66,2181
310.48,842
310.58,907
310.54,855
310.57,575
310.59,1010
310.67,2009
310.39,2178
310.39,5798
310.48,257
310.49,1610
310.3,4463
310.13,3204
310.1,12606
310.92,4489
310.79,6781
310.61,6065
310.72,2939
311.17,4285
311.22,37206
311.61,17676
311.84,5025
311.51,14700
311.65,1195
311.48,1462
311.59,5731
311.37,690
311.31,815
311.44,7374
311.58,10425
311.73,10746
312,6127
311.975,17030
311.34,2982
310.96,4141
311.35,4395
311.48,3496
311.79,5400
311.91,3089
311.99,1121
311.96,3126
312.13,5352
312.6,6460
312.71,1648
312.72,4265
312.62,2696
312.58,1681
312.59,1903
312.65,1054
312.51,3145
312.57,1926
312.56,6496
313.39,21925
313.62,18007
313.88,3707
314.13,4242
314.05,3399
313.63,8693
313.565,3031
313.93,3854
314.25,5629
314.26,4327
314.34,4729
314.28,6119
314.37,4428
314.58,2294
314.61,4131
314.63,15679
314.79,9808
314.76,5584
314.62,35799
315.27,24363
315.75,29862
316.28,18731
316.55,22312
316.87,32385
317.23,20542
317.33,17994
317.29,9764
316.98,6076
317.37,5391
317.64,6538
317.6,4866
317.13,9732
317.07,9605
317.08,11283
317.175,6750
316.94,4518
317.17,21082
317.355,68686
320.86,112919
321.39,158984
322.21,70947
322.57,48369
323.34,46123
323.44,23199
323.37,23926
324.13,25978
324.3,9778
324.84,13071
324.79,23259
324.72,5953
324.61,10438
324.88,14119
324.9,10491
325.1,20958
324.88,14921
325.67,35067
325.9,66136
327.15,17559
327.23,31272
327.69,73540
327.87,16060
327.63,23686
328.07,15991
328.01,6742
328.04,9398
328.19,11018
328.46,18089
328.89,8344
328.8,17117
329.01,14206
329.11,15467
329.365,37017
328.55,17417
328.61,9199
328.185,17447
328.06,46054
327.3,67982
326.06,55274
325.665,20160
326.15,21519
326.42,9877
326.47,11219
326.63,7176
327.07,9971
327.165,6573
327.01,3982
326.94,6946
326.91,6178
326.39,9315
326.09,6118
326.19,3502
326.47,8502
326.36,8788
326.65,7807
326.8,27182
329.5,52426
330.9,28776
330.395,45850
329.22,18638
330.515,20227
330.2,8065
330.64,14699
330.64,10959
331.2,13332
330.76,8199
330.96,8416
330.77,5912
330.83,3799
331,4737
330.92,2122
330.82,10051
331.03,8102
330.88,8949
330.74,61585
333.72,32593
334.41,21009
334.35,7457
334.61,27531
335.135,24270
335.31,20265
334.56,5444
334.99,4673
335.02,5519
334.875,9304
335.165,12876
334.61,4540
334.58,6112
334.39,7000
334.52,5230
334.61,12111
334.67,20627
334.4,41253
334.7,88655
337.33,37208
337.48,211176
335.82,84369
335.17,31874
335.51,36219
334.59,16342
334.985,22002
335.58,15875
335.6,7964
335.64,3624
335.59,12910
335.53,3731
335.3,8048
335.35,4997
335.4,2688
335.29,5008
335.09,7550
334.69,10810
334.5,38651
335.96,24904
336.15,22888
336.43,12999
336.41,9398
335.74,8891
335.73,25210
335.74,6678
335.41,3459
335.46,5757
335.26,3626
335.34,1795
335.3,4390
335.65,1517
335.74,3798
335.9,3166
335.565,2202
335.6,10929
335.14,10183
334.83,28769
333.73,10939
333.98,11911
334.55,8476
334.08,6177
334.07,3809
334.61,8170
334.5,7963
334.36,6535
334.69,2300
334.535,4683
334.625,3434
334.44,2771
334.49,1554
334.525,4542
334.465,6930
334.275,1631
334.35,5023
334.62,1734
334.7,17093
335.97,10504
336.05,12197
336.29,6600
335.92,6500
335.79,5678
335.37,4537
335.6,2239
335.5,3911
335.47,1825
335.69,3393
335.97,3070
335.985,6599
335.91,3944
335.84,1895
335.83,8263
335.82,4347
335.81,8600
335.63,9108
335.505,27426
337.11,12587
336.56,7215
336.79,3738
337.02,2486
337.24,10001
337.35,8130
337.63,18969
338.7,7870
338.88,15527
338.48,9026
338.68,6682
338.78,6263
338.73,3118
338.87,3060
338.7,2718
338.47,5147
338.48,12665
338.735,4196
338.835,46368
340.31,12611
340.065,22576
340.7,24180
340.08,10579
339.345,15710
339.295,12673
338.88,4675
339.35,4920
339.565,5810
339.5,12557
339.61,7985
339.54,9249
339.43,6052
339.42,10141
339.52,3579
339.565,4728
339.66,6572
339.66,16297
339.505,24376
338.75,6771
338.51,3069
339.04,3246
339.22,5245
339.135,4378
339.26,9547
339.23,831
339.215,1915
339.28,2616
339.35,1249
339.1,1168
338.69,4218
339.29,2083
339.71,44988
339.48,77928
337.27,75774
336.08,40260
336.35,26418
336.84,32619
334.99,86323
335.09,30541
334.77,15048
335.19,12579
334.8,13397
335.05,6748
334.985,4695
335.125,10483
335.42,6147
335.4,17794
335.52,1988
335.36,7668
335.34,1676
335.26,6471
335.09,3462
335.19,3133
335.02,7453
335.17,19626
335.31,37365
336.41,14724
337.17,10994
336.715,17114
337.38,15477
337.535,11941
338.11,20674
337.725,9844
337.985,9000
337.8,9097
337.71,3074
337.7,4449
337.97,6212
338.07,12780
338.605,9103
338.855,11526
338.935,6964
339.055,4629
339.08,14449
338.96,43272
342.38,39890
342.62,33366
342.255,13149
342.27,11664
342.935,15261
343.03,23437
343.66,5230
343.87,13534
343.94,6322
344.035,6682
344,4185
344.13,7822
344.78,8401
344.81,6432
344.77,7596
344.77,4768
344.98,15700
344.92,12113
344.85,56292
348.55,28672
348.19,40517
347.26,24179
347.31,7764
347.31,9337
347.825,11124
347.93,15537
347.9,5955
347.67,48517
347.12,21155
347.89,2320
348.03,32643
347.87,7498
347.815,2972
347.84,4791
347.78,101796
345.79,87856
345.42,23681
346.455,33030
346.56,30312
346.12,15987
345.83,11819
345.5,12889
345.36,10068
345.645,18065
344.94,9866
344.31,20681
344.46,5054
344.24,12115
343.83,12274
343.83,15359
343.68,4034
343.55,13434
343.22,9953
343.37,8314
342.58,9587
342.34,18499
342.94,34865
343.22,19717
343.62,16835
343.5,9088
342.79,13285
343.35,20175
343.9,13795
343.51,6625
343.73,22391
344.095,2298
343.925,3940
343.58,8763
344.08,13579
344.09,7588
344.33,18779
344.39,12911
345.54,17042
345.43,9215
345.39,12770
344.69,58886
345.51,9137
346.29,26167
347.67,28075
347.785,14916
347.815,14470
347.595,11533
347.78,7487
347.84,9350
347.22,6985
347.41,6164
347.53,7088
347.87,3125
348.18,6568
348.2,11832
347.77,6332
347.81,4223
347.74,11287
347.48,19862
346.94,38523
352.24,23021
351.69,20571
351.35,13637
352.165,5865
352.36,20672
352.09,19306
352.335,15464
352.45,12545
352.54,11678
352.52,7119
352.565,7086
352.08,9222
352.19,9808
352.44,15828
352.455,8379
352.11,9020
352.03,11559
352.295,14481
352.315,32318
351.76,16480
351.955,35861
354.18,11638
354.1,5166
354.77,17174
353.21,13525
353.25,10940
353.41,5096
353.71,2882
353.97,5001
354.04,2455
354.24,4616
354.14,5747
353.77,4870
353.75,11199
354.06,5664
354.19,7597
354.62,10988
354.915,63092
356.4,32173
356.37,23516
356.41,24483
356.875,100815
356.43,33668
355.55,34949
355.44,18433
355.98,16414
356.02,8647
356.29,10003
356.25,5541
356.33,10499
355.82,22272
355.27,22125
355.45,5529
355.63,47562
355.45,14329
355.71,14808
355.72,51931
357.42,31750
356.53,73951
355.75,82824
353.7,78704
353.29,53940
352.78,43370
351.67,24029
352.18,45233
353.5,23899
353.1,25007
353.78,21274
353.85,18602
353.67,8913
353.72,15545
353.87,9588
354.05,21850
354.33,22269
355.03,14041
354.815,24449
357.35,87818
357.48,79352
356.6,21838
356.54,24042
357.09,23710
357.07,27663
357.62,12295
357.8,40715
357.12,19650
357.24,11998
357.43,7046
357.58,19982
357.43,42543
357.245,17284
357.33,9720
357.83,21063
357.66,22010
357.675,15015
357.77,62590
362.47,38538
362.95,43479
363.4,45734
363.91,52148
364.01,38713
363.7,26008
363.89,33227
364.68,57093
363.56,26949
363.96,15544
363.92,22841
364.07,11507
363.865,15986
364.26,21879
364.2,5704
364.08,12367
364.28,23460
364.52,22898
364.71,39687
365.6,48449
366.16,37706
365.94,31877
366.47,34375
366.78,52913
367.14,24555
365.8,65887
365.11,42534
365.15,20629
366.2,17475
366.1,13000
366.55,17072
366.665,21613
366.27,14426
366.41,15312
366.32,10045
366.4,4678
366.27,10007
366.35,28898
370.99,33573
371.6,73155
371.97,38582
372.11,29205
372.54,70598
371.81,29622
372.46,16290
372.29,26866
372.99,29033
373.4,25805
373.34,15840
373,37142
372.6,16512
372.875,49292
372.06,23671
372.62,28048
372.73,142012
371.84,70217
371.5,131447
371.99,165110
369.53,110579
369.84,86480
369.16,62922
370.08,37311
370.52,42974
368.81,27598
369.34,33445
369.38,100002
366.95,80487
365.11,102667
364.53,64209
364,42115
363.28,63269
364.94,18631
364.36,17064
364.08,59243
365.4,40681
366.26,73305
367.555,52058
366.27,48029
366.76,37999
367.03,46747
367.21,95508
368.74,59320
369.51,57052
367.99,27636
366.115,10948
367.48,17893
366.49,19896
366.58,18438
367.13,12753
367.14,19919
368.08,29590
367.8,10783
368.13,35595
368.8,38855
369.2,110068
376.34,41778
376.72,26152
376.73,42573
377.13,34096
377.04,35420
377.215,14573
377.17,27887
377.78,51292
378.575,24078
378.02,31138
377.82,14657
377.86,16486
378.25,9961
377.6,11900
377.7,11460
377.68,11736
377.395,24830
377.5,33639
377.66,82785
379.08,38132
379.57,46575
380.05,19152
380.24,13456
379.79,16896
380.81,19542
381.01,18649
380.81,23662
380.31,26232
381,55355
380.91,23592
381.18,58309
381.93,21381
381.73,13285
381.42,33046
381.76,49496
381.77,46634
381.8,59977
380.83,83261
385.905,23049
385.74,59185
387.22,19222
386.09,21686
386.44,16309
386.57,35003
385.73,35772
385.5,10120
386.01,13883
385.75,9245
386.24,38220
385.72,18474
385.67,15611
386.29,26310
386.35,16454
386.42,13521
386.535,26270
387.43,37972
387.1,57338
391.24,53309
390.62,55090
392.14,39042
391.9,30141
392.23,47503
392.96,29293
392.95,25894
393.14,44540
394.18,77388
392.37,69832
394.06,83113
395.05,68729
395.17,39080
395.02,53110
393.84,44957
394.61,37627
394.74,60393
395.03,37242
394.98,181967
393.72,77896
393.1,128789
389.85,84433
391.925,44652
391.03,41591
389.76,26074
391.51,41675
389.86,33837
389.56,45473
388.22,39143
387,64075
386.655,52074
387.575,24795
388.45,32053
390.08,14378
390.35,14055
389.69,25923
387.81,42719
388.73,87239
396.75,68941
395.75,71378
397.89,89326
398.01,24375
398.82,82379
400.765,36111
400.105,53153
400.22,29057
400.19,33913
399.9,16885
400.17,32108
399.65,33186
399.77,37807
400.09,25202
400,79412
401.37,58703
401.19,64596
401.87,56314
401.76,139438
388.56,52796
384.09,47202
383.57,87779
379.01,70949
380.68,32368
380.58,16907
379.68,24882
380.96,19631
379.8,11714
378,15060
378.63,30790
378.05,36576
378.38,14439
378.59,10600
378.45,15923
379.5,20590
378.59,16440
377.82,13983
377.59,58253
375.68,46640
375.09,36315
374.18,30652
371.38,122260
369.435,53569
371.84,12538
371.08,12046
371.155,10297
371.6,13893
373.52,3804
372.96,5811
373.19,6883
373.21,15977
374.5,13447
374.7,12800
375.41,8878
375.35,14777
376.36,22724
377.74,31202
381.09,27879
381.12,31415
380.76,17162
381.18,9465
381.63,7972
381.33,10077
381.05,8805
381.05,5790
380.42,7767
380.84,3299
380.65,5864
380.36,4258
380.33,2530
380.69,5854
380.87,6562
380.87,4347
380.62,5890
380.13,14440
378.77,13562
378.275,9666
377.63,10694
379.705,9099
379.78,10942
378.88,6903
379.1,8420
379.82,20137
380.02,19384
380.28,17459
379.75,8569
380,5918
379.335,6393
378.79,4729
377.98,14648
378.05,9568
378.13,17413
378.15,10440
378.53,26752
378.33,49695
370.88,65328
370.05,97239
367.375,47157
366.89,31036
366.85,52000
366.275,21018
366.82,30362
367.14,22348
367.56,16221
367.31,16240
368.01,23287
367.16,33120
368.11,21867
368.59,25883
368.77,14080
368.26,23738
367.86,10658
367.92,22224
367.1,59547
360.87,55467
362.335,38708
362.49,38555
362.93,20094
363.39,39471
364.18,46765
364.67,35608
364.75,43165
364.61,38468
363.84,27618
364.21,30139
364.74,25778
364.8,34065
364.6,14271
364.29,31196
363.235,22069
364.08,49244
363.88,49264
363.92,76710
368.53,19346
369.22,27588
369.66,12284
369.25,17214
368.64,20913
368.81,12386
368.46,30696
367.345,20738
368.13,16093
367.52,28784
367.32,19639
367.23,16823
367.39,15141
367.625,33235
366.82,127577
363.64,91252
365.21,73379
364.91,106054
362.41,64551
365,54399
367.56,72658
368.55,48981
366.96,39598
367.775,23724
367.75,16241
368.01,27260
368.12,46848
367.53,16778
367.94,13673
368.03,15328
367.93,7560
368.57,24743
368.32,58066
368.61,33462
369.14,48071
369.53,35813
370.26,68622
370.165,106083
369.62,13742
369.58,14489
370.26,5624
369.56,3553
369.54,20267
369.44,14992
369.82,16340
369,123699
366.01,27604
366.87,14691
366.24,26246
366.44,11183
366.9,10436
367.78,7708
368.8,5582
368.5,7090
368.13,7542
367.24,15646
367.77,45360
368.86,19278
370.19,5457
370.555,22135
369.51,21800
368.71,31910
368.02,54761
368.22,24280
368.76,34779
368.94,7236
368.54,3704
368.555,19924
368.13,22642
368.69,5758
368.72,4162
368.26,6447
368.07,6239
368.49,13194
369.06,10157
368.83,44300
362.02,16132
364.05,11716
363.06,10239
364.91,3421
364.01,2836
365.365,3374
365,4518
365.2,3131
364.47,6019
364.39,6027
363.86,4269
363.275,9304
361.87,5154
362.16,7463
362.63,2671
362.55,17686
362.22,23379
361.78,31867
362.34,38310
366.25,10048
365.415,12313
365.39,12914
366.18,5188
366.02,6780
365.89,5758
366.36,12886
366.77,7886
366.28,20871
366.28,9848
366.3,12799
366.52,11158
366.2,9462
366.4,15236
366.37,15762
366.73,11278
366.88,20013
366.74,23870
366.88,36385
367.71,7875
367.27,15384
366.79,13939
365.95,6541
366.45,4219
365.98,4527
365.99,4640
366.18,5132
365.745,9622
365.59,8061
366.67,4275
366.52,11558
366.96,8261
366.75,13352
367.345,12325
367.08,15732
366.52,14210
366.35,16621
366.48,25818
366.69,20935
367.35,16609
366.97,11320
366.76,7838
367.1,34359
367.51,52850
370.23,13332
368.66,33496
367.505,25206
367.82,31768
368.55,21912
368.36,16475
368.46,22565
368.46,27880
368.57,30065
368.51,22216
368.44,31771
367.82,51392
368.16,77983
375.25,22604
375.85,76570
376.43,31200
375.95,26982
375.7,26263
376.35,40971
376.66,25801
376.83,20770
376.75,15764
376.85,24199
377.37,36135
378.01,30178
378.08,30917
378.18,39750
378.24,23899
378.35,19437
378.44,42817
377.89,51871
378.22,59603
379.76,45319
379.4,32173
378.5,33595
377.82,17931
377.72,27610
378.32,19500
378.39,24177
378.41,21638
378.63,16481
378.46,17924
378.48,19712
378.37,15757
378.16,11320
378.43,15671
378.82,23753
379,30455
379.35,26218
379.72,44503
379.81,66735
380.45,17899
380.5,70255
383.35,59283
384.35,31361
384.665,51483
384.92,42121
385.26,22945
385.99,58450
385.79,128493
386.78,76526
386.37,17585
386.31,36124
387.34,40127
387.03,44528
385.99,34641
386.06,27934
386.18,37034
386.01,34595
385.81,98250
387.23,88087
385.76,45416
386.45,39262
386.07,14365
386.56,16428
386.93,26236
386.28,18854
386.9,22599
385.76,11788
386.57,5308
386.42,10624
386.35,43989
381.61,21539
382.35,28738
382.42,36189
383.36,25412
382.91,29200
382.76,22091
383.305,43605
374.255,53300
375.36,21779
375.39,24281
375.01,15553
376.57,32570
376.9,16159
377.73,9068
377.68,6616
377.24,5779
377.67,8860
377.16,9229
376.075,14867
377.1,8218
377.04,7422
376.7,11354
376.47,17206
376.27,43787
375.54,58788
376.42,61123
374.73,13539
374.915,17525
373.62,3364
374.59,2922
373.77,16763
373.53,22857
374.37,7281
374.45,10108
375.02,2884
374.99,11645
374.65,4606
374.5,27823
374.27,15338
373.62,23453
373.82,55237
370.85,80274
368.92,24084
369.7,18942
370.45,62801
375.05,20797
374.21,11301
373.37,10437
373.64,13141
372.71,29248
373.44,5653
373.56,9585
374.005,7743
373.62,4564
374.68,9267
374.52,2909
374.34,3845
374.53,1277
374.66,4535
375.33,6775
375.075,2175
375.405,4428
374.84,6228
374.58,23199
378.56,5846
379.74,14402
379.77,9438
378.23,55623
376.72,23801
375.71,98006
374.53,50345
374.72,13928
373.94,17307
374.37,29745
375.18,4833
375.8,12085
375.28,3759
375.77,8746
374.855,6013
374.5,4627
374.8,5005
375.295,5678
375.1,21338
375.3,13677
376.56,21373
376.045,14152
375.63,4395
374.305,7452
374.61,4735
373.7,14359
372.51,6980
372.68,3029
373.01,3179
374.225,20082
373.44,4297
373.5,3675
373.21,1999
375,4073
375.31,1455
375.57,2909
375.2,5464
374.83,30769
373.78,4228
374.6,9752
374.44,15837
373.37,20458
374.28,28173
374.25,10319
374.895,16250
377.06,19360
375.53,22064
375.56,11170
375.86,8028
375.51,13924
375.12,8420
375.64,5046
376.02,5599
376.155,7402
376.07,10656
375.5,85233
373.65,153132
374.41,10559
375.47,9606
376.31,2559
376.325,2885
376.34,6479
376.64,8868
376.88,15569
377,2201
376.61,795
376.75,4478
376.46,5102
376.525,11319
378.255,11325
379.29,4247
378.77,4893
378.62,3540
378.97,15756
379.35,36517
380.05,50255
378.98,15633
379.45,13539
379.83,11938
379.73,4833
379.18,9874
380.61,3748
380.695,3168
380.52,31871
381.48,33132
381.94,15095
381.455,11152
381.23,4449
380.67,5382
380.22,10215
380.21,30619
379.755,107322
380.16,5747
380.34,5814
380.15,28008
381.93,18329
381.02,12281
382.24,11882
382.77,19283
383.16,13698
383.05,4910
383.15,6784
383.32,3768
383.38,5643
383.45,2059
383.41,7351
383.54,26247
382.825,10608
383.22,5802
383.56,4283
383.27,25966
382.97,9522
383.15,26966
383.3,45252
386.59,7570
386.21,3571
385.29,4636
386.105,5198
386.74,5544
386.93,8080
387.03,2905
387.09,5458
387.17,20504
387.45,38396
387.6,50
387.6,0
387.6,0
387.6,0
387.6,0
387.6,0
387.6,0
387.6,0
387.6,0
389.22,28838
390.24,17715
388.77,5830
389.42,8472
389.25,11248
389.3,17569
389.56,12483
388.6,4592
388.93,2180
389.79,1495
389.35,5669
389.78,6625
389.84,7717
389.99,3289
389.82,10141
390.13,2066
389.69,9273
389.61,12344
390.05,24647
388.385,5759
388.05,7993
385.82,20564
385.23,49740
383.37,10940
384.135,11458
385.14,11187
385.25,5602
385.53,2818
385.66,889
385.86,12360
385.73,1963
385.05,13535
385.41,20809
385.86,1438
386.01,11671
386.065,1347
386.03,4888
387.2,25731
389.38,9755
387.33,4736
388.32,1914
388.7,3067
387.66,2535
387.56,5651
388.34,9118
386.35,3937
387.14,2405
387.45,11124
387.29,7649
386.42,44962
386.525,4592
386.16,7355
386.62,8828
387,11673
387.005,3843
387.27,5932
387.22,17920
386.37,4544
386.34,17486
386.63,3232
386.9,4798
386.97,5229
387.62,6022
387.04,7829
387.59,1619
387.38,771
387.37,1456
387.65,2747
387.375,1241
387.31,1544
386.97,966
386.45,998
387.07,2706
386.99,1594
386.99,14963
386.725,14502
389.27,9777
390.29,8209
390.16,16044
391.5,12975
390.4,19472
386.74,67456
387.38,21075
387.475,11391
387.82,12560
387.29,3710
387.83,7498
387.68,4400
387.54,3493
386.87,11172
386.815,6574
386.83,8755
386.79,8643
386.705,15193
386.44,21116
386.62,40505
385.73,42402
385.11,10879
385.27,8259
384.43,8679
385.32,8799
385.73,4131
385.25,2721
385.32,6705
385.36,3637
385.81,3511
385.22,5793
385.44,6242
385.03,4453
385.13,11595
385.05,3793
385.03,7472
385.32,11306
385.69,35513
386.13,16911
386.32,4418
386.28,6198
386.72,3413
387.47,18440
387.3,9208
387.9,2829
387.345,6709
387.01,7264
386.95,4482
386.4,3556
386.83,1915
386.7,1886
387.1,5902
387.21,3458
387.13,9613
387.6,4995
387.33,6316
387.33,16274
385.875,8468
385.53,8716
385.505,7216
385.815,4978
385.705,5663
386.04,9883
386.345,17636
386.61,7341
386.41,12414
386.35,4046
386.28,2713
386.035,14382
385.47,7146
385.88,28597
387.3,27432
386.6,21411
387.695,14657
389.21,10442
389.225,39077
389.79,30220
388.89,11116
389.85,4301
390.47,23938
391.46,21268
391.72,8545
391.56,14413
393.01,23552
393.63,4823
393.16,4024
393.43,12735
393.835,3868
393.56,5845
392.245,15942
392.82,12817
393.24,16391
393.01,13138
392.31,27302
392.98,41796
399.675,27340
399.55,16019
397.82,62335
396.62,41102
394.49,44838
393.785,40764
392.4,64652
393.44,11067
393.89,15855
394.56,12459
395,6558
395.57,3685
395.28,8603
394.89,9600
395.425,3241
395.09,14848
395.18,15640
395.41,24719
395.045,48757
398.45,11355
397.65,22850
396.73,20078
397.26,4767
397.095,17390
395.82,20729
394.83,22149
395.25,7288
395.1,7804
395.73,8707
395.8,6453
395.7,5048
396.21,4379
396.63,4427
396.74,8327
396.35,5770
396.69,6676
396.11,22355
395.71,18616
398.05,11384
397.7,12857
396.9,9052
397.66,3800
397.2,10363
396.145,7894
394.81,6418
395.52,5368
395.77,5306
395.84,3306
395.65,3036
395.435,5686
396.13,4826
396.3,4561
396.17,7302
396.19,1353
396.41,10049
396.21,8549
396.23,8201
398.56,14613
398.94,13719
398.8,32076
398.64,22365
398.53,8183
397.715,14304
397.91,8313
398.46,6573
398.7,7629
399.13,4064
399.56,8603
398.98,14538
398.78,8772
398.73,1290
398.91,2565
399.07,4949
398.76,15558
399.06,22232
399.22,37150
397.46,15433
398.41,4088
397.93,6271
399,2848
398.9,25312
402.04,11834
401.67,19769
400.96,40619
398.31,26130
398.87,10268
398.315,4587
398.4,801
398.64,5252
398.2,4799
398.29,3825
398.29,5478
397.59,11038
398.07,9603
398.62,12725
398.7,7898
398.38,7750
399.41,11260
399.265,13163
399.97,16445
399.6,4438
399.64,3294
400.015,2615
400.05,6516
400.16,8135
400.38,3813
400.35,3090
399.875,3892
399.87,11042
399.755,4860
399.79,4704
399.63,9434
399.37,11436
399.19,44331
406.24,45177
406.44,11007
406.185,15765
406.96,36175
407.465,16691
408.24,15845
408.01,16160
408.13,14215
408,9860
408.1,10672
408.21,17101
408.11,9090
407.78,4789
407.87,7286
407.49,4864
407.605,7655
407.78,19881
407.73,12261
407.84,46832
410.01,26387
408.645,22331
408.91,11614
409.67,15886
409.84,7232
410.32,7968
410.28,24545
411.32,9486
411.34,6427
411.66,14727
411.345,13392
411.53,3856
411.37,7363
412.3,15471
412.62,8877
412.88,19154
412.88,10981
413.17,11992
412.77,43685
411.05,18349
410.2,8058
410.72,9160
409.94,10120
409.98,4476
410.57,1495
411.3,4781
411.64,10977
412.16,10380
411.76,17159
411.76,0
411.76,0
411.76,0
411.76,0
411.76,0
411.76,0
411.76,0
411.76,0
411.76,0
416,9220
415.95,7883
416.34,25756
417.46,28713
418.09,14391
417.75,7078
417.56,3700
417.17,8941
416.23,18915
415.57,10680
415.43,3450
415.61,6979
415.975,7143
416.32,2394
417.04,4103
416.03,3712
415.91,9525
416.48,20784
416.385,50690
401.85,55146
400.835,31629
398.29,36252
397.965,25388
397.695,14144
398.16,6742
399.18,11298
399.24,10525
398.1,6164
396.9,12151
398.01,11143
398.02,7037
398.27,2719
398.29,10027
398.19,6702
398.49,12532
398.8,17948
399.15,16877
398.18,54710
402.13,23739
401.27,18257
402.17,8769
401.82,8710
400.9,10053
401.46,4507
401.15,4626
402.44,5698
402.04,2338
401.85,1914
401.6,4416
401.46,2009
401.205,4503
401.195,2810
401.23,5211
401,14358
399.79,14451
399.53,5167
400.185,43507
398.45,6074
399.37,5530
398.31,3933
398.19,6317
398.335,5723
397.77,4383
397.2,3050
397.21,4508
397.04,4893
397.485,2622
397.09,2411
397.67,2174
397.375,2475
397.01,2439
396.76,8703
396.07,3070
395.89,6029
396.68,10769
396.76,48809
400.01,15523
399.99,12658
399.02,6668
399.345,4013
398.62,4789
397.19,6130
397.45,18941
397.68,14516
398.1,7307
397.55,8340
397.43,16702
397.16,10900
396.8,10677
396.9,11680
397.32,11898
397.65,6316
397.01,6824
397.48,10629
397.99,20711
407.16,38927
408.35,55396
409.3,37864
408.11,10064
409.11,17740
408.85,21264
408.67,32283
408.46,12936
408.7,19247
408.67,9445
408.58,9161
408.67,11262
408.64,7448
409.04,21869
408.28,9837
408.75,12980
408.22,10704
408.71,9611
408.295,50149
411.895,32081
412.67,33334
411.36,36317
410.97,21954
411.71,22130
411.96,16575
412.56,19959
412.6,13269
412.74,8186
412.5,11998
412.725,21282
413,20026
412.42,11558
412.75,6529
412.22,17115
412.11,13346
412.02,10004
412.53,9582
412.64,46232
408.29,5155
408.49,13421
406.77,6635
408.73,4182
408.76,2938
409.34,9555
410.2,12375
410.495,1473
410.16,1232
409.8,1335
409.025,717
409.15,4003
409.85,1204
409.53,742
409.05,540
409.37,667
409.89,977
410.145,3841
409.835,13932
407.19,12321
407.25,30978
408.92,18087
409.315,5152
409.37,11301
409.23,2799
410.19,4143
410.285,9341
409.935,3224
410.11,1439
410.21,4641
409.245,1173
409,1876
409,2341
408.92,2078
409.06,3462
409.37,9174
409.93,19703
411.2,23275
413.28,10710
413.155,11736
413.47,5744
415.11,7259
414.875,10574
414.27,4682
414.11,2521
414.46,7320
414.15,3013
414.04,5470
412.19,3435
412.79,10078
414.05,63235
413.45,1388
413.57,2939
413.67,2182
413.555,2130
414.45,5729
414.11,26518
424.005,15396
423.19,18510
424.17,7672
425.11,14395
424.92,12549
425.57,17320
424.11,9403
424.53,4073
424.44,2599
424.11,3294
424.55,2872
423.15,6560
423.81,4558
423.925,4390
424.215,4612
424.405,9145
423.965,4663
423.07,2136
423.025,52430
424.42,18203
425.66,11983
423.42,6398
423.64,2307
424.76,6610
423.36,9105
423.53,6258
424.31,3904
423.94,3731
423.785,5320
422.07,13215
421.54,14037
422.88,8974
422.29,10690
422.2,4664
422.73,6540
422.605,8411
422.46,13633
420.69,22342
424.57,22347
424.18,24889
424.86,15544
424.81,18703
424.64,5961
424.85,27639
424.41,16528
424.44,9663
424.08,5520
423.62,7225
424.2,8302
425.35,6178
425.54,10002
426.37,6580
426.46,5074
426.55,10322
426.51,14972
426.2,15285
425.99,26096
423.73,17030
423.61,20828
424.13,4678
423.93,7796
424.11,4267
424.62,4852
423.325,4154
423.4,1912
423.87,474
424.03,1569
424.47,1618
424.51,1112
424.26,2081
424.48,1342
424.535,1332
424.205,1767
424.25,4840
422.96,5066
423.49,13217
423.44,8794
423.69,12136
423.63,69165
418.25,18730
420.155,7826
422.1,11835
422.4,5880
422.07,2911
421.39,8024
421.43,2947
421.36,1088
421.855,5758
422.27,9252
421.23,4179
421.2,3177
422.06,2351
422.06,2579
421.975,2638
421.55,20082
435.595,27935
435.75,32737
435.42,40960
434.54,25791
435.47,22381
435.76,12648
436.08,11381
436.85,12367
437.045,14949
436.98,12764
437.555,4568
438.01,4235
437.41,7378
437.6,5110
438.125,3696
437.7,2423
437.43,6778
437.18,4987
436.7,30148
447.805,34940
446,29228
444.11,50750
444.78,20452
445.28,14319
444.21,13750
445.6,28032
444.04,18618
443.47,16201
442.65,30111
443.57,7869
443.1,15103
444.1,16865
445.89,13726
445.7,92316
438.77,60754
439.22,25926
440.82,27186
441.88,55010
445.2,25674
444.275,11053
445.16,10047
446.7,13374
448.01,8264
448.36,10770
448.67,5577
448.49,6081
448.69,11934
449.74,9092
450.515,7184
451.46,4841
451.525,5920
451.88,9708
452.36,7647
451.89,6666
451.5,11690
452.85,14291
452.235,23697
454.52,23614
454.43,23472
454.95,17122
455.54,31178
456.04,13281
457.69,10498
457.95,11013
457.86,14622
458.43,14487
458.54,15523
456.825,14338
457.86,11186
457.06,18352
456.75,8919
457.65,12370
457.36,22863
458.24,17928
457.895,15966
458.085,35682
467.865,55704
468.45,70673
467.81,29828
467.02,22001
467.95,38162
468.58,28329
465.95,19783
467.9,23757
468.07,11387
468.02,19504
468.86,44040
467.595,14181
465.86,27773
465.9,23683
463.435,29983
462.72,20797
462.29,11090
463.98,28855
463.38,58044
466.06,27219
464.46,19814
466.12,5989
467.1,7405
468.065,12698
468.77,5949
468.485,1597
467.545,2848
467.38,716
467.28,8838
467.465,927
467.135,1491
467.74,2295
467.51,3865
467.88,1230
467.89,3117
468.58,39040
472.53,28813
472.83,51239
485.49,38785
486.07,89199
483.35,19326
484.83,24819
485.26,11936
486.13,24323
485.56,15797
487.18,18409
486.59,14132
485.79,24253
486.96,17516
488.28,35412
485.06,17553
485.33,26867
486.91,18410
487.505,28543
489.64,35808
490.89,48251
494.47,192562
508.42,153990
504.985,224293
489.98,216223
478.075,94407
475.7,61799
483.905,98378
482.4,44601
484.08,40683
490.65,61718
492.385,80191
490.86,49708
491.88,106403
492.34,27591
490.62,74165
488.915,60682
488.22,55540
487.12,41093
487.88,41321
491.54,78857
467.83,58057
462.53,67549
464.26,73721
465.05,51293
464.21,48571
460.67,72844
457.12,38066
458.2,105300
450.815,92035
449.42,180253
445.75,75851
437.43,162366
432.04,187547
448.61,76232
448.38,61460
451.6,45577
453.465,48900
450.62,49952
447.11,129643
439.365,39897
433.77,57547
432.92,37353
432.34,35378
424.59,63117
430.935,23067
430,18744
428.48,20855
429.325,16859
429.23,4980
428.52,16215
425.06,18215
428.34,15510
427.83,7025
425.97,9099
429.15,15716
430.64,13255
429.44,15207
429.215,73176
452.34,40221
451.82,32233
452.79,9020
452.18,16961
453.3,22562
456.95,18763
458.43,26430
455.71,22378
456.45,6669
454.98,10339
453.8,6986
454.16,24822
450.86,5390
450.43,20098
452.78,10336
453.99,23054
452.38,10826
453.37,11770
455.4,24153
457.935,8094
457.735,14296
457.41,14163
451.49,6616
452.13,11401
451.62,7446
451.17,10079
450.21,3492
451.6,15322
451.37,5793
449.66,3789
450.31,2835
451.895,1597
452.99,5911
453.92,2645
453.94,4075
454.39,3121
452.6,5274
454.81,17807
445.94,15915
445.38,18460
444.82,22777
443.67,14036
442.69,15305
444.5,11699
446.3,13829
448.47,4810
447.39,5534
446.88,1909
447.79,1335
446.2,1043
446.51,1985
446.54,5581
445.77,2712
443.69,4163
443.735,5436
443.09,4224
442.37,16967
453.38,10848
455.005,18709
454.62,5072
454.59,6583
454.37,4063
453.76,4477
454.46,3268
455.03,5024
455.655,1687
455.36,534
455.99,1463
456.11,7506
456.15,774
455.99,1444
455.92,3404
454.96,2021
455.54,4470
455.245,8357
454.64,29839
462.42,10485
463.29,7177
462.4,10227
464.43,11197
464.96,12219
465.86,10793
466.53,5269
466.38,3508
465.93,2405
465.7,6311
463.805,741
464.57,4298
464.89,6743
465.45,2036
465.815,4387
466.52,3858
466.44,3096
466.77,8630
466.75,19887
465.265,13745
463.01,13374
463.3,8383
460.265,10592
461.32,8031
461.2,7286
461.17,2172
461.75,1945
462.68,3136
462.53,2081
461.885,1952
460.76,3275
460.9,3388
460.74,1960
461.38,2671
462.01,2135
462.1,3893
462.62,5873
462.34,14669
464.03,15466
465.01,14870
465.57,19599
463.84,10814
464.94,12622
464.71,11293
466.53,4261
466.5,5703
467.35,5035
467.22,7990
468.1,7564
466.37,5683
467.31,5219
467.24,6905
467.96,5518
467.25,8491
467.19,11106
467.57,6855
467.31,25467
464.91,16748
463.31,16770
465.4,13330
465.92,10911
464.93,92807
452.86,115512
455.51,62737
455.07,22487
455.7,25703
456.57,13753
453.6,21756
450.81,22887
453.5,11573
453.59,8845
453.98,11408
454.44,7741
454.32,6011
453.42,23402
451.91,39340
458.18,19279
459.96,12742
459.54,7795
460.17,8747
457.44,10980
460.26,41795
461.07,7741
460.49,5837
460.54,5340
461.37,3088
461.69,6123
461.84,4558
462.31,5173
462.58,5419
463.48,5808
463.05,4653
461.9,6389
462.41,7251
462.18,23558
448.02,39481
446.59,26668
447.845,19025
447,15443
448.37,21043
449.07,11918
448.33,8139
447.37,9512
446.78,3179
447.01,9456
447.2,4200
448.61,6407
449.56,11412
450.09,4053
449.42,14216
448.94,3038
448.39,4740
447.96,6252
448.24,13276
458.11,26943
458.76,30959
460.13,18612
459.58,5859
459.28,3831
459.15,6030
459.64,7329
459.61,3775
459.31,1878
458.93,2312
459.47,3586
459.1,9277
458.235,8659
458.19,11461
458.965,22313
457.6,4847
457.65,4118
457.58,6880
458.01,18372
458.01,12604
459.99,12780
459.56,13791
460.87,6257
460.7,8825
459.54,12918
459.74,8037
459.02,2928
459.265,4859
458.9,5775
457.89,3431
457.75,2777
457.38,4423
457.745,5745
458.37,3555
457.59,7274
458.61,4118
458.85,4190
459.18,9357
463.97,15244
464.68,51299
462.73,18915
462.79,11541
463.36,9876
463.89,10377
465.55,15980
465.585,9416
465.09,9968
465.74,4112
466.17,8574
465.51,14905
465.98,9756
466.12,16575
466.34,9780
466.2,12105
466.81,10926
467.14,14393
467.44,41403