233.99,12479
233.835,5515
233.615,9733
232.94,6861
232.845,10220
232.97,5540
232.58,10434
232.9,7585
233.295,8319
233.29,6715
232.94,5290
233.05,3163
233.27,5032
233.17,2951
233.04,7985
233.21,6313
233.285,2229
232.815,4164
232.55,4168
231.885,3565
231.71,4135
231.79,4992
231.97,3623
231.935,5365
231.73,8084
231.76,6532
231.46,5279
231.32,8523
231.3,9897
231.56,7675
231.485,7274
231.205,2608
231.25,4404
231.035,5755
231.085,5654
231.41,6406
231.29,5485
231.49,2112
231.405,2299
231.75,2615
231.92,2831
232.205,2098
232.17,1851
232.31,2600
232.38,1491
232.205,4341
232.585,1901
232.39,1944
232.09,861
232.37,931
232.25,832
232.6,2246
232.63,1953
232.67,1601
232.6,1815
232.26,1449
232.57,3636
232.84,2454
232.91,4809
232.83,1587
232.76,3486
233,3622
232.94,1561
233.005,3484
233,2730
233.23,3545
233.16,2157
233.13,2700
233.22,4464
233.475,8392
233.535,2484
233.57,1300
233.655,2536
233.915,4832
234.12,6091
234.17,10890
233.985,3726
234.035,2672
234.17,3683
234.21,3114
234.36,2117
234.12,1399
234.265,1440
234.195,2152
234.14,2096
234.12,3185
234.19,3122
234.17,2493
234.35,3556
234.345,4247
234.22,3683
234.69,6849
234.78,11051
234.45,3325
234.86,4811
235.12,2373
235.17,1806
235.18,1671
235.04,1367
235.04,2752
235.04,3667
234.95,2934
234.98,1734
234.92,4870
234.71,2366
234.78,2045
234.76,2342
234.88,3972
234.705,1454
234.72,5217
234.79,3835
235.16,3782
235.01,3133
235.03,1746
235.11,2704
235.02,4431
235.015,2529
234.86,3239
234.97,1646
234.88,2404
234.82,1344
234.64,2303
234.74,1420
234.66,5693
234.51,3879
234.75,4502
234.44,3724
234.5,2642
234.56,776
234.48,1513
234.51,1012
234.635,1643
234.75,2229
234.77,2839
234.66,2488
234.84,4179
234.9,3648
234.98,2623
234.99,3213
234.9,1167
234.845,2904
234.88,3225
234.88,1486
234.81,5207
234.59,4524
234.69,1809
234.695,2321
234.685,2156
234.83,4185
235,2420
234.91,3870
234.835,1452
235.09,3088
235.03,1137
234.94,1431
235.01,2515
234.97,939
235.035,388
235.05,1374
235.19,3655
235.22,3579
235.17,3723
235.3,2265
235.13,950
235.29,838
235.36,3466
235.26,2970
235.25,1666
235.11,1644
235.14,992
235.03,3151
234.96,6345
234.95,1380
234.88,1048
234.905,1633
235.14,1932
235.04,1067
235,2071
234.87,2142
234.93,2319
235.02,376
235.15,699
235.11,1488
235.3,819
235.29,2647
235.29,957
235.14,856
235.185,903
235.05,1305
235.13,675
235.1,1567
235.065,2435
235.13,534
235.04,660
235,840
235.01,1462
235.19,1923
235.105,686
235.15,2497
235.15,0
235.2,2116
235.26,1029
235.32,547
235.25,673
235.175,4621
235.19,3229
235.16,1758
235.19,1004
235.29,1439
235.27,1667
235.25,714
235.48,1656
235.53,1782
235.58,6231
235.53,1666
235.59,2936
235.69,2935
235.58,763
235.59,2513
235.425,1743
235.475,1237
235.4,1800
235.32,2156
235.255,1709
235.25,1475
235.055,2247
235.03,2226
234.985,1721
235.06,2347
235.11,324
235.12,2672
235.195,2197
235.2,648
235.365,1357
235.24,1093
235.26,1052
235.24,492
235.32,2147
235.27,641
235.22,4727
235.19,2471
235.21,1985
235.16,1215
235.205,543
235.21,2612
235.15,1114
235.11,497
235.02,1852
235.055,1935
235.05,1536
234.915,1834
234.9,820
235.02,837
235.09,1295
234.84,1729
234.89,1158
235.02,1055
234.94,1501
235,3703
235.025,1854
234.89,3365
234.85,1686
234.79,1673
234.875,1974
234.93,2115
234.955,2300
234.92,1096
234.955,2846
234.93,2201
234.84,1501
234.86,1958
234.945,1520
234.91,1632
235.03,1891
235.105,3033
235.06,2087
235.085,3781
235.115,1844
235.05,1387
234.87,1055
234.915,2062
234.84,2111
235.01,2213
235.08,3879
235.07,2004
234.99,2242
234.945,1984
235.03,1565
235.015,605
234.99,1192
235,580
234.995,654
234.96,1625
235.02,1457
235.05,966
235.12,3713
235.2,9923
235.08,1107
235.06,1600
235.085,1170
235.02,1720
234.98,3061
234.825,2536
234.86,2165
234.83,1884
234.805,3099
234.78,5714
234.7,4892
234.845,1495
234.705,2960
234.57,1081
234.63,1530
234.64,1476
234.65,1313
234.55,1233
234.56,1343
234.57,2289
234.53,2156
234.54,2973
234.52,584
234.49,1656
234.57,1809
234.52,1189
234.415,3070
234.43,1893
234.37,5573
234.49,2170
234.4,2790
234.34,2437
234.29,4777
234.225,5856
234.34,3589
234.325,3222
234.465,2179
234.555,4283
234.52,3016
234.5,3236
234.38,2509
234.37,10479
234.42,720
234.47,2359
234.5,2975
234.56,2540
234.6,1851
234.63,3572
234.62,3280
234.65,2936
234.61,1088
234.6,2984
234.635,1383
234.7,4507
234.71,3376
234.69,4097
234.64,2039
234.56,2223
234.495,2161
234.26,3484
234.17,1456
234.16,3912
234.09,4483
233.91,4020
233.91,5826
233.76,5121
233.985,4204
233.95,2821
233.93,5111
233.88,6300
233.72,3428
233.78,3902
233.8,4444
233.73,4315
233.67,3110
233.7,3477
233.735,4602
233.91,3699
233.955,2526
233.995,6383
233.96,4901
233.98,2899
234.11,5591
234.24,4628
234.11,13143
234.095,8008
234.11,3102
234.14,3678
234.05,4834
234.115,8022
234.21,6548
234.235,8810
234.22,17248
234.92,13022
236.335,12317
236.195,4019
236.315,4477
236.34,9245
236.12,15213
235.7,12820
235.06,6012
234.9,5893
235.02,2233
235.28,6189
235.36,5516
235.92,1732
235.865,5333
236.01,3153
236.03,4908
236.11,5114
235.93,2860
236.13,4410
236.47,4558
236.25,6864
235.89,16157
235.61,6044
235.665,6231
235.895,9265
235.875,2782
235.91,8215
236.2,6571
236.25,7904
236.35,3931
236.415,5548
236.345,3815
236.4,9413
236.73,3694
236.895,5298
237.045,4875
236.95,2838
236.85,3624
236.83,3115
237.09,4994
237.13,5392
237.15,4074
237.31,5503
237.38,3229
237.29,5078
237.695,6197
237.71,4692
237.61,2158
237.47,1702
237.14,1855
237.055,1157
237.54,1537
237.72,3210
237.98,1797
237.98,3645
238.15,3628
238.13,2628
237.86,3192
237.88,4207
237.86,3624
238,7727
237.765,3108
237.73,1166
237.55,991
237.72,1424
237.85,1293
237.71,696
237.8,1050
237.75,2032
237.625,2508
237.8,4830
237.84,3671
238.05,1936
238.005,2473
237.88,2500
237.775,3144
237.885,1472
238.06,1882
238.135,2993
238.22,3141
238.375,2628
238.36,1586
238.51,7287
238.8,6841
238.83,5208
239.17,4286
239.45,3968
239.77,11487
239.685,3601
239.665,7732
239.975,5234
240.13,4951
240.36,4978
240.11,7076
240.15,7505
240.25,5442
240.05,6483
239.825,4185
239.87,1233
239.89,3994
239.865,2929
239.73,3834
239.41,3806
239.35,6002
239.385,5087
239.515,4581
239.14,1826
239.14,1291
239.41,2127
239.37,2331
239.46,1646
239.41,2147
239.265,1237
239.335,1408
239.05,5569
239.24,992
239.17,2130
239.31,6242
239.19,3668
239.09,1222
239.215,2752
239.01,2548
238.98,3333
238.98,2897
239.13,2257
239.28,2895
239.43,4109
239.56,2093
239.92,2196
240.075,2419
240.07,2834
240.175,6516
240.145,3463
240.04,3049
239.97,2222
239.88,1483
239.56,5065
239.84,4234
239.895,1288
239.9,2781
240.11,1284
240.17,2178
240.21,1349
240.275,679
240.09,3715
240.06,4942
240.085,4886
240.12,4547
240.2,2824
240.155,2814
240.01,1222
240.06,2533
240.1,1368
240.02,2269
240.05,1864
239.83,1645
239.74,1367
239.89,1304
239.87,3389
240.03,10766
239.965,693
239.95,4889
239.88,2266
239.93,1124
239.915,3202
240.01,683
239.875,2139
239.815,5102
239.8,2426
239.8,1063
239.9,686
239.8,1008
239.79,1474
239.895,922
239.88,2415
239.85,2789
239.82,2402
239.97,2167
239.91,1490
239.87,6075
239.825,1238
239.705,2232
239.81,5362
239.69,6744
239.7,1007
239.64,1925
239.775,1805
239.675,2927
239.95,2353
239.68,4571
239.71,3887
239.625,10117
239.59,7408
239.325,6451
239.3,11008
239.19,4427
239.29,7261
239.16,2899
239.35,3040
239.31,4321
239.32,4082
239.17,2797
239.015,4826
238.86,4210
238.905,2246
238.99,3545
239.12,2056
239.125,1984
239.11,1448
239.145,1811
239.175,4261
239.365,2996
239.29,3869
239.31,6801
239.64,4043
239.62,5497
239.51,1687
239.605,1227
239.6,1338
239.68,3184
239.67,3338
239.61,1787
239.58,1098
239.45,639
239.36,509
239.39,902
239.38,1860
239.45,1182
239.5,1899
239.62,1482
239.42,2030
239.455,445
239.42,1823
239.51,1034
239.48,1854
239.46,2302
239.54,1415
239.625,1527
239.605,1040
239.51,1817
239.44,2207
239.515,1044
239.49,1363
239.48,9603
239.35,7491
239.23,750
239.3,1674
239.33,840
239.37,2834
239.555,898
239.4,1485
239.24,301
239.2,759
239.16,1357
239.06,974
239.04,839
239.05,4284
239.06,2139
239.07,1282
239.055,768
239.17,1796
239.15,1927
239.1,566
239.09,835
239.06,2872
239.08,808
239.21,607
239.15,1574
239.16,1467
239.155,1216
239.24,1521
239.16,2590
239.1,2041
239.3,2734
239.48,2248
239.45,844
239.615,1223
239.605,2504
239.53,1227
239.575,2025
239.57,877
239.52,1309
239.49,2617
239.47,1051
239.44,1111
239.42,2650
239.45,4156
239.5,1490
239.535,531
239.57,1813
239.68,6684
239.79,827
239.89,4606
239.83,2241
239.69,2165
239.63,1900
239.75,1403
239.8,805
239.76,705
239.61,997
239.47,1216
239.5,3274
239.52,1736
239.65,3571
239.67,3241
239.65,3065
239.74,1735
239.62,691
239.51,1752
239.53,1661
239.51,422
239.42,1008
239.33,1506
239.46,2262
239.555,1485
239.645,1033
239.66,786
239.7,1619
239.525,316
239.57,637
239.53,1241
239.69,605
239.78,1400
239.76,2188
239.695,679
239.75,2789
239.92,1721
239.85,711
239.92,886
239.89,1274
239.91,3628
239.88,851
239.95,936
239.84,1300
239.6,1333
239.56,1034
239.58,1042
239.52,1284
239.56,1352
239.46,999
239.32,1522
239.24,1981
239.07,764
239.12,3992
239.16,1574
239.135,3365
239.31,4818
239.35,746
239.43,2278
239.495,1546
239.42,2742
239.36,3029
239.43,3607
239.37,3709
239.34,2189
239.355,5156
239.445,2713
239.32,2188
239.365,3094
239.33,4975
239.29,4927
239.37,3583
239.21,2962
239.04,3266
239.12,2876
239.11,3148
239.095,2909
239.08,4478
239.11,3776
239.12,2516
239.045,2725
239.25,3236
239.175,1810
239.17,4320
239.21,3203
239.14,5542
238.93,10589
238.74,11216
238.73,11226
238.91,3704
238.98,9118
238.96,3584
238.655,6540
238.76,7710
238.825,8186
238.81,12457
239.22,10161
239.27,15302
239.26,21585
239.3,31417
239.86,13777
240.57,5566
240.44,5894
240.3,11500
239.45,7730
239.125,2457
239.325,2418
239.41,2096
239.4,4934
239.52,5618
239.36,11089
238.915,10197
238.4,9826
238.1,7563
237.72,3548
237.82,3834
237.77,3470
238.33,12497
238.615,2991
238.175,2672
238.14,5184
238.14,2296
238.84,2639
238.81,2279
238.88,6341
238.45,9015
238.65,13893
238.875,2872
238.72,4386
238.64,3629
238.28,3451
238.435,2361
238.75,2874
238.66,1184
238.44,1218
238.58,1739
238.62,1313
238.58,3768
238.73,2186
238.76,2389
238.715,3039
238.5,6440
238.58,4820
238.54,4519
238.82,3315
238.79,4044
238.76,2056
238.905,2066
238.995,1602
239,3834
239.365,1932
239.405,3159
239.48,1824
239.425,2064
239.35,9047
239.52,5790
239.56,1249
239.14,2276
239.22,2253
238.99,1566
238.95,2312
239.11,2321
239.24,2028
239.315,4028
239.3,6516
239.5,7366
239.69,1649
239.71,1463
239.76,2282
239.745,2154
239.53,1427
239.39,811
239.275,3179
239.39,2334
239.27,2086
239.39,1912
239.5,5823
239.8,8524
239.85,10017
239.865,5329
239.815,5074
239.655,4264
239.8,4093
239.875,1634
239.775,2072
239.52,1041
239.605,1419
239.68,1926
239.56,2120
239.535,2711
239.44,3501
239.54,1388
239.65,2541
239.51,1991
239.41,1320
239.42,1553
239.435,2222
239.49,1238
239.44,1042
239.56,12247
239.945,6474
239.91,2997
239.955,4977
239.65,3242
239.44,1412
239.4,1108
239.19,1910
239.07,2306
239.235,3207
239.02,2506
239.07,3123
238.98,1767
239.26,2429
239.495,4643
239.61,13366
239.73,15730
239.87,6602
239.73,5905
239.91,3353
239.815,2414
239.95,1419
239.85,2263
239.99,566
239.9,1908
239.58,1150
239.45,701
239.365,3329
239.52,2714
239.66,1846
239.595,4913
239.58,6919
239.565,1220
239.53,1326
239.46,1243
239.5,977
239.46,2382
239.59,1666
239.59,1727
239.5,3783
239.55,1647
239.51,2415
239.44,1614
239.54,1823
239.51,2707
239.55,1282
239.56,1907
239.53,3893
239.76,2304
239.59,2753
239.59,4382
239.65,3990
239.78,4122
239.85,6963
239.92,3296
239.91,756
239.945,1541
239.9,963
239.92,4643
240,4956
240.08,3240
240,11608
239.84,9308
239.945,4062
240,3581
240.025,1622
239.935,2111
239.91,2033
239.87,1524
239.93,859
239.87,1854
239.71,3328
239.74,1783
239.61,750
239.715,7063
239.65,1101
239.64,1233
239.77,1447
239.68,1600
239.7,683
239.64,2580
239.6,1113
239.57,1974
239.53,750
239.56,1142
239.4,492
239.45,2967
239.05,3176
239.2,1626
239.19,1089
239.195,5234
239.205,4552
239.26,2612
239.25,3114
239.28,1677
239.25,1414
239.32,4086
239.145,1320
239.11,10389
238.97,3109
239.03,2922
239.01,4295
239.025,3173
238.94,2535
238.95,2234
239.015,2980
238.96,3975
238.9,2949
238.93,2504
239.02,1176
239.01,4250
239.02,4641
239.09,1465
239.3,2406
239.32,1831
239.33,1572
239.28,2783
239.12,863
239.155,1253
239.15,1358
239.18,1567
239.13,2405
239.095,3203
239.05,2122
239.07,1403
239.07,1150
239.045,780
239.015,2026
239.05,2248
239.18,1906
239.24,2505
239.15,726
239.225,2702
239.15,2352
239.03,3981
239.15,1934
239.22,1987
239.19,1415
239.13,2878
239.06,351
239.12,757
239.095,3771
239.17,1250
239.165,2586
239.23,1171
239.14,1395
239.125,3028
239.11,2477
239.04,4245
239.16,3518
239.32,8654
239.16,12426
239.335,10915
239.18,4560
239.01,2300
239.02,1324
239.035,3095
238.96,4687
238.96,1377
238.965,1428
238.96,10175
238.965,1170
238.965,671
239.09,680
239.07,942
239.13,1368
239.16,244
239.18,1112
239.14,866
239.12,2028
239.17,979
239.17,2427
239.27,625
239.19,878
239.08,707
239.07,1494
239.08,608
239.11,2538
239.14,2164
239.2,671
239.23,730
239.215,577
239.25,2004
239.27,1446
239.29,596
239.25,851
239.22,2060
239.275,140
239.33,2751
239.34,1031
239.31,3581
239.52,865
239.44,1556
239.41,2216
239.46,1463
239.39,2065
239.39,515
239.49,1165
239.48,1165
239.45,2883
239.43,2676
239.44,1373
239.42,1070
239.32,10635
239.4,545
239.35,621
239.3,1107
239.355,1187
239.28,1677
239.23,1733
239.28,1192
239.25,1432
239.22,1434
239.235,2496
239.22,1264
239.235,1209
239.22,658
239.1,757
239.05,1352
238.985,577
238.93,1303
239.08,1891
239.06,4420
239.015,1232
239.14,523
239.105,1254
239.16,1126
239.24,1580
239.4,1814
239.3,1855
239.415,2519
239.28,5335
239.44,6746
239.63,5267
239.62,550
239.75,2155
239.81,4403
239.88,2078
239.72,1080
239.65,5724
239.81,3552
239.71,3894
239.61,7845
239.69,2585
239.62,5389
239.605,1596
239.54,1243
239.35,1085
239.38,1108
239.38,10747
239.37,2737
239.45,3041
239.25,1697
239.23,3607
239.265,2541
239.325,646
239.4,1364
239.34,995
239.35,1386
239.31,708
239.27,1393
239.23,2596
239.38,2125
239.35,2390
239.35,3016
239.49,2451
239.49,1108
239.455,2805
239.54,5973
239.5,3859
239.395,2477
239.38,4162
239.44,3803
239.45,4311
239.39,5610
239.39,4285
239.41,5406
239.31,6478
239.37,3914
239.305,4713
239.3,4922
239.28,10880
239.04,4537
238.995,3270
239.02,6797
238.89,11874
238.42,22316
238.275,10571
238.425,28262
238.485,38247
238.39,83119
239.65,15259
239.345,4713
239.34,10154
239.34,7727
239.03,5274
239.12,9730
238.84,14088
238.455,2492
238.38,5140
238.33,6991
238.75,2938
238.88,4189
239.04,5917
239.515,5383
239.37,6041
239.57,6758
239.89,4374
239.43,6162
239.37,3605
239.4,4121
239.4,3742
239.645,5530
239.56,6576
239.405,7012
239.395,2752
239.82,3889
239.51,4809
239.27,6124
238.99,6456
238.93,3629
238.775,7655
238.96,8074
239.32,6995
239.09,8440
239.54,5343
239.3,18438
239.25,15613
239.44,7142
239.735,4995
239.52,5533
239.94,4927
240.13,2301
240.12,4462
240.38,5222
240.415,9137
240.51,8459
240.8,3496
240.705,5071
241,15701
241.26,5581
241.47,10769
241.38,5762
241.18,3932
241.23,7555
241.36,10684
241.71,3468
241.76,5775
241.8,6011
242,8918
242.14,3896
242.01,4844
242.16,8701
242.64,7511
242.61,7702
242.55,5819
242.41,6318
241.94,6109
242.13,5364
242.03,1986
242.08,3584
242.02,2889
241.81,3518
241.64,4380
241.61,2226
241.56,4253
241.58,5906
241.6,5400
241.68,3073
241.66,1744
241.625,4516
241.78,7373
241.795,3699
241.86,2756
241.54,1907
241.225,2389
240.86,2060
240.88,4679
240.84,1555
240.87,3766
240.89,1514
241.03,2274
241.11,7060
241.13,2811
241.165,5778
241.1,8520
241.385,8190
241.61,4660
241.655,1413
241.97,3244
241.915,3576
242.08,6355
241.83,2467
242.16,3761
242.155,1768
242.215,4713
242.25,3274
242.2,3265
242.04,3167
241.81,1977
242.08,2988
241.91,1755
242.14,1991
241.89,2091
241.87,1410
241.935,1580
241.97,1996
242,2222
241.81,2695
241.82,4301
241.83,3138
241.78,2904
241.95,1892
242.04,1693
242.11,1739
242.01,4563
241.98,3713
241.98,3812
242.02,2053
242.09,1743
241.99,2377
242,2364
242.13,2604
242.22,2320
242.14,3495
242.21,2693
242.205,1268
242.3,11280
242.355,4796
242.445,2023
242.46,3470
242.26,1789
242.18,1384
242.07,3693
242.25,3278
242.47,9334
242.475,6961
242.74,6193
242.85,6983
242.63,2749
242.46,3357
242.42,2843
242.31,5301
242.15,4323
242.045,3090
242.19,1832
242.03,1481
241.885,2543
241.87,949
241.8,3567
241.98,1651
242.11,3337
242.15,2215
242.16,2876
242.24,1865
242.09,1321
242.13,730
242.15,3669
242.12,1454
242.055,960
242.01,1001
242.07,1364
241.92,879
241.98,2143
241.945,3693
242.01,673
241.97,2924
242.23,2613
242.13,1936
242.255,6070
242.43,4230
242.36,4759
242.125,2766
242.085,794
242.14,1536
242.32,4078
242.24,4393
242.25,2982
242.16,3834
241.99,7079
241.955,3664
241.78,2611
241.97,989
242.15,3074
242.015,2534
241.95,3879
241.97,1327
241.87,1282
241.895,3771
241.93,2929
242.07,2656
241.97,3528
242.08,3663
241.95,3003
242.15,1518
242.1,4178
242.19,4131
242.28,4716
242.32,1714
242.22,1972
242.21,2942
242.34,3501
242.19,1300
242.05,2069
242.12,1543
242.03,1009
241.99,2110
241.79,2337
241.84,2060
241.77,510
241.81,4237
241.88,2240
241.84,941
241.93,3278
242.22,2329
242.19,1556
242.36,3237
242.415,2557
242.5,1015
242.59,1216
242.63,1302
242.62,3452
242.76,3128
242.775,808
242.77,3577
242.9,2379
242.88,1391
242.9,5297
243,8486
243.04,4435
243.04,4317
243.1,6737
243.36,8291
243.45,11166
243.56,4403
243.47,3061
243.52,5286
243.55,2523
243.7,2249
243.54,2584
243.725,6419
243.58,5536
243.72,4327
243.325,9049
243.07,1907
243.05,900
243.09,1472
243.19,1500
243.17,1523
243.43,3820
243.41,2406
243.37,2148
243.47,1010
243.46,1545
243.53,3779
243.7,3941
243.47,1200
243.445,4443
243.32,306
243.45,1294
243.43,6487
243.555,2573
243.465,13052
243.56,8630
243.635,6104
243.3,4929
243.325,2412
243.325,2029
243.21,2996
243.175,3354
243.26,2930
243.28,6126
243.25,2362
243.475,1395
243.39,2319
243.51,6485
243.63,6089
243.69,1507
243.51,2880
243.52,2372
243.53,2444
243.525,1892
243.4,2282
243.44,1098
243.415,2091
243.41,1064
243.46,6188
243.49,2289
243.62,6473
243.85,3958
243.91,6605
243.87,10377
243.92,6184
243.73,2090
243.77,3121
243.78,1873
243.79,4740
243.86,2852
243.89,6954
243.94,3396
244.12,4994
244.24,5870
244.08,2010
243.86,2537
243.975,1305
243.93,3231
244.07,1988
244.19,3117
244.01,3097
244.24,3610
244.355,2430
244.52,5990
244.53,5701
244.78,7041
244.54,5884
244.58,5695
244.27,3062
244.15,5793
244.11,4870
244.15,2419
244.075,3312
244.13,5346
244.22,4159
244.245,12450
244.375,15545
244.43,4983
244.32,4556
244.37,3335
244.435,5402
244.335,1426
244.32,3827
244.24,2265
244.23,6301
244.375,5049
244.495,5429
244.635,5678
244.41,2784
244.385,6875
244.225,5648
244.34,5651
244.25,4829
244.29,5436
244.3,4409
244.2,6079
244.19,2662
244.165,4473
244.125,5346
244.005,10797
243.995,9743
243.945,4878
243.925,10260
244.025,15417
243.93,5016
244.24,10441
244.375,5512
244.415,6723
244.6,2157
244.67,6112
244.69,7258
244.7,7512
244.695,3020
244.67,3562
244.74,4389
244.67,9134
244.72,3250
244.655,8899
244.57,5465
244.63,8442
244.505,7975
244.63,6921
244.75,6345
244.77,6287
244.765,8983
244.75,13674
244.58,7940
244.68,10884
244.615,20902
244.69,21715
244.655,25506
244.75,20096
244.675,24775
246.375,25934
246.7,5198
246.55,4635
246.605,7763
246.71,6534
245.98,4702
245.49,13941
245.82,5099
245.89,5470
245.43,7522
245.23,6440
245.6,11931
245.775,5027
245.88,5842
245.81,5295
246.18,5265
246.255,10595
245.52,4443
245.43,11201
246.08,4659
246.4,4628
246.45,2317
246.58,4102
246.78,6006
246.99,6719
247.02,8794
247.375,8660
247.22,12491
247.46,14354
247.235,6581
247.275,9051
247.335,9146
247.7,8545
247.605,9175
247.69,6495
247.515,4988
247.43,9708
246.96,8728
246.73,5404
246.48,6436
246.555,2443
246.01,3597
245.8,5401
245.67,5042
245.75,3889
245.535,4432
245.56,7483
245.65,4088
245.29,4281
245.39,4380
245.36,4093
245.5,2247
245.575,3535
245.55,4857
245.62,1899
245.31,6880
244.885,6067
244.79,2655
244.81,3398
244.93,4755
244.95,4445
244.87,5181
244.515,1833
244.51,4484
244.52,5487
244.34,3732
244.46,3644
244.58,5198
244.25,2266
244.36,5212
244.15,6161
243.965,17959
243.66,5306
243.99,4413
244.06,4702
243.67,5344
243.995,3303
243.96,9170
243.61,8396
243.45,5818
243.53,3319
243.53,3999
243.42,1258
243.43,3222
243.53,1688
243.56,2612
243.57,2260
243.31,7495
242.93,4921
242.945,3333
243.11,5842
243.15,3128
242.97,4162
242.89,2958
242.85,3815
242.97,2582
242.91,5716
243.195,1883
243.24,1150
243.2,2900
243.11,1769
243.11,1305
243.15,2483
242.96,4608
242.98,3010
243.18,2833
243.125,2296
243.025,15671
243.16,4836
243.11,1460
242.87,1644
243.03,4627
242.84,4244
242.73,4288
242.73,4543
242.84,1693
242.635,4108
242.67,9903
242.95,2063
243.08,2876
243,5037
242.44,2373
242.27,3018
242.44,2615
242.41,3876
242.32,1664
242.23,2765
242.455,2498
242.525,1806
242.41,3182
242.4,3728
242.38,5851
242.36,3182
242.1,7701
242.04,6116
241.985,5396
242.11,6666
242.19,4268
242.12,7204
242.19,3281
242.155,6732
242.27,5599
241.865,3850
241.84,4407
241.635,3671
241.69,4378
241.86,20043
241.89,1022
242,2829
241.96,1297
241.83,1914
241.98,9328
241.97,2365
242.23,2269
242.225,3972
242.04,3029
241.94,1062
242.19,1598
242.295,6635
242.22,3930
242.26,2315
242.31,3588
242.52,2414
242.73,2228
242.69,751
242.74,695
242.6,1481
242.69,6271
242.68,1714
242.64,1589
242.85,1247
242.91,1970
242.85,5224
242.64,3683
242.595,3038
242.565,1102
242.49,628
242.44,2434
242.445,2025
242.47,1144
242.425,2556
242.28,2248
242.3,3210
242.275,3860
242.22,1010
242.26,2637
242.33,4593
242.35,1361
242.33,490
242.325,1104
242.32,8688
242.3,1870
242.41,3602
242.51,4226
242.73,2492
242.67,1076
242.67,2665
242.91,3363
243.01,2265
242.99,2137
243.02,902
242.92,2030
242.92,933
242.92,2835
243.21,5087
243.215,7281
243.16,1535
243.12,1840
242.9,1851
243.11,1268
243.01,2604
242.94,2412
242.8,3617
242.81,2514
242.905,1329
243.09,2217
242.965,1006
242.93,1040
242.95,1315
243.04,1548
243,890
242.91,1286
242.95,2175
243.2,2701
243.26,3258
243.26,2597
243.19,2362
243.25,1951
243.22,1372
243.16,1802
243.16,3479
243.2,2650
243.14,2227
243.09,1369
243.04,2903
243.02,2352
242.96,1354
242.95,1592
242.91,1720
243.01,2276
242.96,3135
242.955,2935
242.89,558
242.885,1604
242.86,1136
242.85,3146
242.82,3661
242.7,3537
242.645,1588
242.665,1701
242.64,2207
242.865,2404
242.825,1237
242.85,518
242.885,2143
242.89,3116
242.84,1672
242.79,1530
242.82,1249
242.93,1940
242.875,6758
243.045,1701
243.005,1830
242.96,2165
242.975,1644
243.09,2989
243.05,2717
243.01,2038
243.06,4887
243.08,4719
242.91,6252
243.18,4060
242.75,9569
242.43,3373
242.52,3388
242.6,1649
242.485,1963
242.49,2794
242.55,2921
242.65,5070
242.64,3788
242.75,5636
242.88,3379
242.74,3562
242.68,3089
242.67,5146
242.65,3248
242.65,3242
242.69,2771
242.73,2404
242.75,3016
242.675,2265
242.58,3255
242.9,3351
243.055,3622
243.07,3383
243.01,2261
243.11,1053
242.92,2071
242.915,5683
242.24,15348
243.09,6558
243.01,6032
242.91,4680
242.69,8829
242.44,2694
242.52,1491
242.66,4256
242.4,1086
242.395,1880
242.25,3221
242.26,2522
242.43,2054
242.41,3380
242.42,1294
242.5,3534
242.79,3211
242.83,3255
242.95,2893
243.14,1818
243.005,1372
243.01,1756
243.06,1689
243.08,2084
242.94,4323
243.12,4240
243.01,2094
243.02,3308
243.07,1828
243.16,2129
242.83,2476
243.01,3647
242.94,5210
243,1881
242.85,3072
243.16,6915
242.93,3931
242.91,4124
243.015,2516
242.945,2816
243.14,2847
243.21,2786
243.18,2021
243.35,4000
243.42,5907
243.09,2175
242.97,2212
243.01,2864
243.18,3406
243.35,2691
243.56,1531
243.34,3559
243.425,1031
243.51,6542
243.29,3649
243.565,4029
243.38,4342
243.28,3807
243.37,2239
243.22,2775
243.1,3504
243.27,1831
243.23,3167
243.29,2152
243.27,3179
243.125,5228
243.235,3398
243.17,2390
243.15,4814
243.1,5036
243.22,2673
243.18,3348
243.18,3812
243.17,929
243.16,3909
243.27,5382
243.42,2058
243.315,4686
243.475,8004
243.58,8899
243.495,8089
243.71,7673
243.65,4500
243.68,6422
243.77,9387
243.62,8429
243.32,8185
243.185,14769
243.19,9863
243.235,19618
242.775,31062
242.48,3930
242.415,12892
242.73,15916
242.42,5612
242.38,39388
242.14,46456
241.35,6974
241.84,8666
241.905,6782
242.16,6327
242.26,7554
242,10203
241.88,10235
241.17,18742
240.72,16175
240.87,13472
240.72,7793
241.195,5644
241.005,15545
240.39,12097
240.31,19119
239.94,10725
239.7,5582
239.16,10591
239.14,18929
239.15,5310
239.26,8216
238.955,6584
238.63,5066
239.1,9622
238.3,9241
238.14,16097
238.03,8267
237.78,16875
238.16,10728
238.45,4623
238.78,4074
238.98,8125
239.36,7270
239.2,4961
239.285,8057
239.8,4606
239.71,2583
239.425,3051
239.08,3410
238.85,3473
238.795,3047
238.89,3019
239.4,1925
239.06,1662
239.44,7716
239.41,1703
239.575,3016
239.57,14925
239.455,5268
239.7,1590
239.505,5653
239.07,2806
238.97,4486
238.77,4917
238.56,2729
238.43,4641
238.39,10308
238.27,4156
238.44,6573
238.12,5366
238,8085
237.86,7294
238.015,12527
237.945,9950
237.655,9455
237.59,5229
237.47,6463
237.37,3627
237.4,12219
237.58,4964
237.52,3582
237.65,3894
237.44,3266
237,1721
236.995,8470
236.85,3291
237.08,3813
237.05,6041
236.95,6768
237.15,3193
237.465,3515
237.65,3892
237.235,8166
237.12,3119
237.215,5345
236.99,2489
236.91,4419
237.09,3405
236.96,3735
237.23,3653
237.1,12017
236.95,9002
236.895,4317
237.09,1683
237.27,3931
237.34,5925
237.29,3832
237.635,5473
237.66,9847
237.65,4485
237.93,9023
237.99,10018
238.03,3142
238.19,5002
238.13,5114
238.03,8441
237.97,1936
238.14,2970
238.1,3064
238.34,7475
238.185,5088
238.115,10702
238.14,4291
237.9,4384
237.99,2279
237.82,2199
238.18,2675
238.07,1850
237.995,3027
238.06,3634
238.09,1867
238.1,801
238.15,1807
238.27,2172
238.32,3186
238.445,2376
238.59,2595
238.66,10433
238.935,7179
238.93,4153
239.06,6433
239.24,7951
239.055,4255
239.09,6142
239.16,2522
239.085,13197
239.08,11221
239.05,3859
239.08,3299
238.93,3147
239.02,5921
238.96,2491
238.99,1488
238.995,2498
239.11,1105
239.19,3732
239.2,3995
239.14,4212
238.97,4043
238.98,2172
239.18,1473
239.26,4796
239.05,1376
238.99,1086
238.97,1919
239.08,1973
239.28,2833
239.58,2034
239.62,3580
239.83,2206
239.66,3436
239.715,2793
239.72,442
239.67,2105
239.63,1909
239.61,2169
239.57,1536
239.605,1285
239.92,2062
239.74,2032
239.72,1897
239.82,1052
239.96,2464
240.01,2576
240.03,4145
240.18,3125
240.05,1641
240.01,1063
240.18,2226
240.16,1440
240.27,898
240.37,1090
240.22,2418
240.05,1341
239.99,603
239.98,930
239.67,963
239.74,1684
239.88,2192
239.53,1205
239.45,1663
239.46,3414
239.46,9364
239.31,7487
239.33,7394
239.05,4539
238.78,4979
238.53,8172
238.42,6971
238.415,3328
238.59,4164
238.43,4497
238.395,2363
238.52,6105
238.585,5292
238.475,1925
238.68,4230
238.98,4496
239.19,687
239.305,1212
239.335,1363
239.18,1363
238.985,2405
239.23,6720
239.24,1878
239.165,4317
239.235,1896
239.2,2728
239.15,2522
239.04,6239
239.21,4897
239.27,3602
239.28,3770
239.38,4891
239.37,3900
239.36,2941
239.72,2704
239.67,2366
239.57,3145
239.575,1762
239.44,2358
239.42,4363
239.56,8859
239.59,2890
239.5,8788
239.62,3009
239.87,2855
239.82,3647
239.88,3776
239.99,2008
240.15,1597
240.07,3778
240.01,2178
240.09,5159
239.93,744
239.77,3398
239.46,1884
239.53,1809
239.41,3300
239.08,1565
239.06,1966
239.095,1872
239.13,3301
239.11,904
239.04,2120
239.06,3118
239,1884
239.03,1787
239.03,1357
239.13,1579
239.04,3254
238.98,2589
239.11,1801
239.14,1855
239.2,3329
239.28,3234
239.355,1345
239.27,1418
239.14,2896
239.13,7416
239.13,3231
239.13,7445
239.03,3468
239.08,4012
239.035,3275
239.135,16165
239.095,2482
239.19,2173
239.09,2935
239.16,6297
239.27,3393
239.58,1515
239.64,1115
239.65,522
239.67,1411
239.69,1422
239.755,2828
239.5,1742
239.65,1707
239.55,1134
239.46,769
239.49,861
239.55,840
239.53,1931
239.05,3695
239.24,1020
239.25,928
239.14,579
239.11,966
239.02,3825
239,1991
239.04,1556
239.06,929
239.09,1222
239.17,2843
239.07,1807
239.13,2305
239.11,1371
239.17,1959
239.18,788
239.17,2794
239.04,952
239.07,1556
239.075,3164
239.01,2117
239.025,459
239.025,2667
239.035,1856
239.245,881
239.24,1106
239.27,114
239.32,2195
239.19,907
239.19,2242
239.19,1214
239.39,1731
239.39,1802
239.42,1636
239.41,6150
239.4,881
239.49,1379
239.56,2847
239.56,0
239.54,1774
239.54,5936
239.5,791
239.62,1435
239.7,1387
239.715,2240
239.73,3915
239.68,3365
239.58,4174
239.63,2060
239.65,2752
239.71,1843
239.92,3828
240.15,707
240.09,1737
240.12,2325
240,2949
240.055,964
239.94,1548
239.94,1734
239.98,2420
239.99,1550
239.91,5483
239.92,13836
239.8,13307
240.3,13208
240.43,9709
240.94,8416
240.955,10776
241.11,6792
241.09,9439
240.94,6087
240.99,3807
241.17,1864
241.23,3637
241.315,4057
241.13,7835
241.15,11717
241.135,2857
241.1,6934
241.27,5332
241.5,6507
241.42,3166
241.49,8560
241.59,5002
241.66,7347
241.7,8694
241.73,9524
241.95,12168
241.87,20467
239.945,30274
239.52,12726
238.82,16199
239.37,11178
239.94,11952
240.38,8159
240.92,5365
241.11,12163
241.32,12335
241.26,10696
241.355,7930
241.45,9216
240.8,7394
240.49,6894
240.23,3338
240.495,3724
240.81,5303
240.71,5457
241.22,3078
241.505,7126
241.55,6407
241.68,7243
242.24,8659
242.15,7447
242.16,8112
242.345,7577
242.19,11652
242.18,8874
241.76,8083
241.8,10789
241.35,6396
241.48,11091
241.63,6668
241.325,9904
241.095,5521
241.34,7068
241.76,3843
242.39,10320
242.735,3060
242.47,11802
242.37,6222
242.485,12745
243.115,7531
243.06,4623
242.78,4413
243.09,4022
242.88,12915
242.775,9345
242.99,13083
242.63,3958
242.55,5531
242.68,4447
242.64,12426
242.64,7969
242.53,4611
242.65,7460
242.7,10714
242.43,7585
242.57,6957
242.65,5552
242.3,8687
242.035,8856
241.93,5274
241.8,7474
241.91,4641
241.93,10677
242.66,4357
242.2,3724
242.26,9700
242.365,4895
242.185,7087
242.15,2252
242.35,3541
242.55,4125
242.61,3948
242.78,4337
242.76,2722
243.05,3487
242.79,2579
242.575,1220
242.485,2338
242.33,2695
242.35,2284
242.23,1704
242.05,3241
242.165,4664
241.7,2754
241.81,1509
242,3424
241.93,3298
241.87,4685
241.91,1629
241.82,4017
241.89,4215
241.87,3622
242,5539
241.83,6033
242.13,6482
241.62,4229
241.545,3522
241.58,3397
241.53,4207
241.48,5256
241.63,3927
241.57,4130
241.61,10994
241.235,4846
241.22,4492
241.11,7151
241.045,5827
240.8,7896
240.82,8884
240.34,5992
240.45,7063
240.13,6852
240.16,12434
240.19,4859
240.225,3508
240.635,6298
240.6,4102
240.64,3576
240.77,3001
240.73,3749
240.83,4323
240.46,1869
240.4,5567
240.75,2815
240.545,3612
240.91,2617
241.01,3750
240.61,2032
240.9,2830
240.76,3752
240.99,2256
241.23,6905
241.345,5751
241.35,6172
241.59,3106
241.32,3738
241.38,2995
241.24,2578
241.09,3509
241.26,2226
241.24,2647
241.28,4648
241.225,3293
241.45,3209
241.315,2390
241.12,4084
240.96,3208
240.9,2001
240.72,4211
240.96,3520
240.81,3412
240.58,2696
240.45,3163
240.44,2926
240.29,3771
240.25,11750
239.95,11153
240.11,4654
240.22,3285
240.08,4322
240.19,1870
240.25,2850
240.26,1833
240.44,3399
240.23,7444
240.565,3077
240.57,5633
240.68,5379
240.61,1958
240.84,3373
241.07,3154
240.83,1942
240.92,2133
240.92,8822
241.1,4203
240.72,2992
240.75,3060
240.64,2641
240.83,1858
240.75,1875
240.86,4744
240.62,3913
240.43,7042
240.2,4542
240.295,3170
240.32,3142
240.47,1468
240.27,3370
240.18,3285
240.21,4445
240.09,2310
240.24,4641
240.31,5166
240.36,2342
240.29,2294
240.24,3265
240.2,4967
239.99,3730
240.04,3566
240.28,3033
239.88,1839
239.84,987
239.87,1366
239.97,2749
239.93,3444
239.97,3151
239.59,7328
239.33,4103
239.335,3745
239.57,6335
239.43,2807
239.3,3032
239.21,5524
239.46,6752
239.08,9304
239.09,4181
239.015,2603
239.04,3112
239.045,3419
238.835,3905
238.855,5973
238.88,4726
238.93,3361
238.69,3526
238.61,5502
238.64,4977
238.49,5158
238.33,5095
238.05,7111
238.03,7931
237.85,9880
238.02,5534
238.35,3167
238.51,4019
238.59,7026
238.83,6726
238.51,7590
238.65,10833
238.73,9677
238.82,3039
238.56,4578
238.59,6676
238.42,5095
238.5,8091
238.78,11017
238.96,10364
238.82,5487
238.97,37180
239.09,3807
239.12,2582
239.28,5559
239.25,6576
239.23,9168
239.47,5029
239.44,3517
239.61,3255
239.67,6017
239.73,6971
240.13,4830
240.23,4884
240.26,6584
240.36,3474
240.54,2627
240.46,5013
240.52,2274
240.51,4405
240.63,5524
240.57,4275
240.715,5142
240.78,6201
240.715,3721
240.76,3253
240.82,2688
241.02,3761
241.21,2524
240.99,2633
241.15,2236
241.03,2123
241.03,2612
240.95,4914
240.87,3917
240.78,2026
240.72,2706
240.745,1889
240.6,3224
240.48,4900
240.46,2641
240.42,4544
240.55,3121
240.63,3970
240.35,2211
240.5,2559
240.54,1470
240.43,1933
240.56,2096
240.48,5011
240.56,5300
240.18,7587
239.82,11213
240.12,2015
240.26,4985
240.52,5207
240.72,8024
240.61,9156
240.67,1840
240.7,3325
240.67,4239
240.6,3280
240.63,1733
240.645,4028
240.665,2347
240.605,2048
240.33,2451
240.155,2342
240.095,2699
240.025,3222
239.91,5191
239.85,3942
239.99,1781
240.14,2743
240.33,4623
240.35,2886
240.385,2446
240.45,2083
240.44,2094
240.2,2588
239.96,2863
239.76,3997
240.01,5589
240.145,1219
240.06,3896
239.95,1484
240.03,2101
240.02,1607
239.73,2093
239.67,4152
239.78,2755
239.95,3201
239.855,3697
239.85,2124
239.8,2799
239.99,2033
239.91,2276
239.75,3813
239.9,2370
239.9,5410
239.95,4153
239.93,5833
239.75,5859
239.62,5053
239.85,7696
239.875,4765
240.07,14567
240.15,9507
239.94,6315
239.91,4897
239.78,6605
239.96,8871
240,5800
240.08,7280
239.905,17165
240.01,6185
239.77,8984
239.755,7769
239.63,6289
239.28,3267
239.34,5086
239.4,6699
239.33,7573
239.45,8923
239.49,7492
239.62,11934
239.75,11797
239.9,7856
239.85,7765
239.94,5624
239.83,8930
239.69,13261
239.38,9591
239.4,7674
239.18,10799
238.79,17953
238.11,25200
239.03,15330
239.02,31262
239.07,15908
239.26,26998
238.38,13317
239.93,10553
240.325,5864
240.47,7253
240.74,4607
240.245,12222
239.92,4253
240.76,5016
241.14,6788
241.275,5743
241.21,3450
241.04,3475
240.87,3370
240.72,3489
240.745,7819
240.91,4387
240.995,4197
241.205,3616
241.29,4311
241.72,14366
242.195,8242
242.835,11058
242.79,6207
242.92,9627
242.7,2763
242.69,4568
242.955,5495
243.07,3033
242.96,4847
243.105,7279
243.39,4456
243.51,3128
243.14,6874
243.61,4290
243.8,8987
244.09,10944
244.24,7757
244.06,7304
244.5,14204
244.215,11948
244.21,5840
244.25,4556
244.445,8217
244.73,4462
244.76,5604
244.73,9598
244.77,11776
244.25,10946
244.42,8672
244.585,12216
245.15,7704
244.95,6213
245.39,10881
245.545,10414
245.44,2995
245.3,8088
245.3,9184
244.69,7924
244.27,9157
244.275,4025
244.72,3782
244.16,6492
244.34,4038
244.11,4535
244.05,5255
244.38,6283
244.45,3237
244.64,4455
245.09,3603
245.22,3508
245.03,4668
245.03,1745
244.78,1837
244.62,2771
244.55,3456
244.4,3790
244.25,854
244.265,1236
244.495,1637
244.5,2356
244.305,1976
244.39,1569
244.47,2019
244.45,2558
244.43,2358
244.21,3102
243.885,1622
243.81,2046
243.86,3491
243.79,4081
243.835,1811
243.46,2858
243.665,6247
243.54,4259
243.585,3659
243.44,2864
243.3,2439
243.82,2100
243.92,2332
243.97,1906
244.08,2145
243.98,995
243.88,1474
243.875,3061
243.8,1291
243.84,2771
243.975,2081
244.015,2100
243.92,6018
244.27,7663
244.17,2569
244.37,2988
244.38,1917
244.39,2276
244.54,2690
244.49,2087
244.48,1888
244.38,1905
244.27,1646
244.43,2823
244.49,2452
244.79,2666
244.77,1743
244.83,964
244.92,1775
244.92,2171
244.77,1693
244.66,1056
244.81,1692
244.77,2231
244.58,2320
244.525,2305
244.57,9226
244.5,5193
244.69,2750
244.6,3114
244.58,1944
244.575,804
244.525,1294
244.52,2239
244.59,2087
244.465,5340
244.76,8091
244.78,923
244.735,1789
244.71,2149
244.82,675
244.83,1520
244.795,1101
244.94,2646
244.93,3216
245.05,1912
245.245,1335
245.33,535
245.23,1131
245.3,1734
245.2,3365
245.06,4514
244.895,3039
245.04,2595
245.26,1967
245.23,1744
245.13,2546
245.03,573
245.06,9966
244.92,6423
244.66,1505
244.7,825
244.81,1503
244.88,939
244.94,1316
244.73,295
244.78,1674
244.78,1143
245.07,2850
244.96,737
244.95,1082
244.92,2351
245.1,2364
244.99,1651
245.005,1887
245.035,1692
245.02,1469
245.02,1609
245.055,1400
245.09,4303
244.87,1169
244.79,1680
244.89,862
244.98,692
245,753
245.01,1033
245.01,970
244.91,624
245.09,3038
245.06,1656
245.1,1045
245.13,2990
245.155,3000
245.13,2857
245.03,3068
244.99,840
245.08,1017
245.075,2102
244.9,676
244.92,1360
245,978
244.95,1127
244.88,549
244.84,1142
244.76,966
244.75,803
244.76,1716
244.82,1688
244.73,2621
244.67,2126
244.725,1616
244.65,2828
244.63,3218
244.77,3677
244.71,512
244.62,1126
244.59,1247
244.58,1747
244.59,2249
244.59,4083
244.46,5458
244.35,1691
244.43,4355
244.285,2245
244.15,1711
244.16,3341
244.13,4000
243.88,2825
243.99,3801
243.88,3126
243.86,3226
243.72,1191
243.68,3095
243.6,1416
243.59,2978
243.68,2708
243.96,3017
243.88,3901
244.09,3405
244.115,5207
244.085,1977
243.975,1351
243.92,1672
243.74,1596
243.65,769
243.62,2000
243.685,1818
243.635,1523
243.62,2706
243.625,4976
243.93,2235
243.905,1464
243.885,1919
243.815,2235
243.86,1657
243.805,2970
243.845,1242
243.855,3680
243.89,3190
243.6,4142
243.585,3746
243.695,3043
243.695,3739
243.76,4842
243.73,3939
243.56,2188
243.53,4390
243.55,1296
243.57,4792
243.505,2360
243.53,7384
243.52,5654
243.64,3630
243.76,2179
243.91,3586
243.79,2470
243.765,2478
243.805,2868
243.89,1842
243.825,2520
243.85,648
243.79,1822
243.73,3175
243.72,1894
243.8,1685
243.72,2033
243.74,2222
243.82,1146
243.89,603
243.89,4036
243.86,1749
243.665,1466
243.69,1591
243.615,2880
243.45,2485
243.57,2294
243.5,3141
243.48,3489
243.58,8035
243.59,8392
243.51,1570
243.58,4380
243.66,3363
243.62,5693
243.59,3183
243.72,3794
243.73,3812
243.74,1713
243.755,2807
243.86,4075
243.91,2647
243.765,2898
243.8,1870
243.735,4703
243.59,1824
243.475,2016
243.455,900
243.455,2570
243.43,3233
243.35,2260
243.34,1905
243.45,1960
243.62,2493
243.6,12206
242.96,3948
243.31,2545
243.48,1767
243.45,2092
243.29,1809
243.34,1855
243.31,2158
243.34,3424
243.26,2712
243.35,1484
243.365,825
243.385,3022
243.37,2614
243.4,2207
243.2,1837
243.2,2369
243.21,2078
242.99,3324
243.18,3636
243.21,5649
243.315,4101
243.16,6512
243.11,2685
243.115,4584
243.21,3581
243.22,3295
243.12,1473
243.23,1092
243.05,1919
242.955,2939
242.99,4659
242.84,2212
242.8,2322
242.76,4181
242.78,2351
242.69,2286
242.77,2890
242.62,1819
242.67,4503
242.79,3978
242.795,10928
242.78,7612
242.85,3321
242.75,5648
242.95,6096
243.29,5106
243.32,8495
243.26,6477
243.15,6872
243.1,7418
243.125,10637
243.16,11053
243.08,12751
242.975,12552
243.03,17920
243.02,7939
243.07,10170
243.13,14689
243.21,14726
243.075,23156
245.125,36016
245.825,17217
244.17,13792
244.48,12270
244.51,18227
244.645,20943
243.83,9629
243.73,6204
243.31,10205
243.31,7854
243.475,11134
244.34,13859
244.54,15227
244.775,15935
243.65,3824
243.63,3846
244.2,5998
244.76,6610
244.41,3755
244.24,8218
244.19,8989
243.855,4162
243.62,10054
243.335,3186
243.22,5750
242.66,8906
242.23,9730
241.84,8946
241.53,10587
241.32,22063
241.05,10933
240.76,6177
240.72,4357
240.595,12001
240.36,9833
240.12,9569
240.02,7282
239.96,7873
239.445,13466
239.55,7971
239.32,5069
239.285,14202
238.95,12161
238.685,12039
238.56,8320
239.08,9478
239.22,11941
238.925,6362
239.2,12758
239.355,15235
239.79,7345
239.85,9051
239.12,15479
238.805,8347
238.69,18381
237.79,19905
238.095,19907
238.185,15811
238.785,5355
239.115,4298
239.09,5724
238.49,7962
238.41,6202
238.67,9129
238.46,11861
237.92,7825
237.63,3238
238.14,3889
238.82,4391
239.1,4508
238.905,4610
238.95,3516
238.8,2417
238.79,3790
238.755,2342
238.81,4240
238.76,6593
238.98,10710
239.32,3334
239.26,4971
239.4,5427
239.62,5077
239.32,2888
238.885,5053
238.78,7238
238.98,4024
239.04,5056
239.17,4946
238.76,8797
238.08,4992
237.81,10970
237.69,10681
237.36,1931
237.31,4214
237.43,7112
237.24,4315
237.38,2462
237.44,10331
237.15,3287
237.67,3983
237.675,2908
237.53,2411
237.745,2310
238.245,2887
238.3,3602
238.24,6299
238.15,2911
238.36,2546
238.3,3163
238.285,1521
238.09,4636
237.78,1309
237.75,2930
237.3,2449
237.275,4833
237.33,5607
237.42,4747
237.63,2795
237.68,3413
237.595,13168
237.59,4421
237.335,1035
237.185,2026
237.35,4036
237.105,2656
236.955,4684
237.075,2425
237.165,2448
237.3,1776
237.145,3893
237.02,3962
237.345,4791
237.19,3732
237.275,3894
237.19,4199
237.195,1817
237.18,3705
237.17,6315
237.485,7007
237.32,2366
237.15,4424
236.71,4687
236.56,2478
236.87,3605
237.14,1954
236.965,2917
237.14,3744
237.32,2496
237.235,1295
237.17,1415
237.19,3965
237.29,3217
237.15,2438
237.215,2659
237.29,2383
237.295,1176
237.36,2223
237.72,2244
237.69,2740
237.83,3298
237.78,1337
237.72,1361
237.73,5720
236.85,4264
236.8,2245
236.94,880
236.95,1203
237.07,1674
237.14,6335
237.615,2704
237.47,2526
237.22,3608
237.44,2312
237.53,1250
237.6,4245
237.7,3790
237.74,1562
237.51,2172
237.46,2834
237.45,2706
237.36,3291
237.17,5390
237.36,2361
237.36,3574
237.475,3100
237.45,2551
237.57,5354
237.53,4087
237.25,4431
237.23,5329
237.1,5906
236.89,5825
236.865,2294
236.73,5111
236.63,4956
236.83,2302
237.22,5263
237.33,2807
237.84,2591
237.88,2018
237.885,1780
237.95,3898
238.07,1737
237.98,3127
238.14,5123
238.07,4740
238.05,6257
238.08,4255
237.82,3356
237.73,3653
237.68,7229
237.73,4083
237.45,4534
237.26,3466
236.93,2586
236.9,4452
236.93,3530
236.95,5826
237.42,1841
237.41,744
237.21,1822
237.1,863
237.06,1804
236.71,2929
236.4,5594
236.48,1059
236.61,2044
236.94,987
236.91,4073
237.2,571
237.14,4093
236.565,2282
236.66,1719
236.63,1610
236.55,1511
236.495,726
236.5,1582
236.56,4977
236.66,3586
236.75,1968
236.85,1916
236.91,2070
236.99,1585
236.82,928
236.77,1466
236.755,2153
236.56,1706
236.46,1720
236.43,3594
236.71,2579
236.42,2649
236.29,2672
236.39,3171
236.1,4288
236.38,5251
236.325,2824
236.22,762
236.18,1174
236.225,2656
236.02,2094
236.12,1592
235.94,3754
235.945,2534
235.97,3955
235.69,3612
235.79,5335
236.02,2136
235.965,3116
235.93,3106
236.17,4648
235.88,2810
235.9,2641
235.7,2517
235.665,2035
235.65,3090
235.61,4125
235.74,2207
235.67,2443
235.64,2782
235.76,4732
235.81,5126
235.985,5310
236.18,6801
236.39,6985
236.52,4353
236.65,5162
236.705,2889
236.75,2251
236.59,3678
236.71,1869
236.83,3439
236.79,2544
236.88,3301
236.59,2894
236.74,2633
236.45,4637
236.01,4798
236.12,2304
236.17,3492
236.45,3163
236.26,5340
236.07,2286
236.01,3359
236.225,1999
236.195,3325
236.02,4407
236.24,2518
236.23,6497
236.145,7602
236.27,1704
236.165,2141
236.39,2856
236.55,2231
236.61,2171
236.65,2803
236.51,18275
236.41,1591
236.16,4498
236.115,6535
236.34,6256
236.31,7897
236.48,7913
236.195,5396
236.27,8057
236.56,1555
236.81,3832
237.15,6406
237.36,3619
237.41,2981
237.21,3590
237.055,761
236.91,3578
236.75,1691
236.74,2863
236.8,3069
236.72,2143
236.81,2361
236.81,4161
236.86,3012
236.665,5242
236.68,5889
237,3978
236.98,3608
236.75,3809
236.9,15073
236.935,2989
236.78,4786
237.04,4241
237.285,10698
237.58,1878
237.46,2088
237.26,4291
237.325,3994
237.39,8544
237.495,10601
237.62,4954
237.64,10765
237.6,2918
237.69,4722
237.3,5568
237.415,5660
237.77,3102
237.85,5727
237.955,3368
237.92,3702
238.03,4590
237.98,1879
237.95,3069
237.94,5593
238.2,4197
238.13,3372
237.85,4190
237.675,3843
237.79,3786
237.87,6707
238.05,12396
238.35,7038
238.42,8468
238.38,7140
238.31,9874
238.54,23602
238.46,12612
238.29,9976
238.24,11718
238.07,19126
238.45,27994
238.78,20269
238.55,32717
238.63,27433
238.76,32701
238.765,14538
238.08,9053
236.53,5420
237.03,20854
236.95,15052
236.855,12646
237.81,17875
237.575,18114
237.555,15337
237.885,7123
237.86,9851
237.665,5789
238.29,7966
238.48,2082
237.9,3345
237.68,8962
237.04,6760
237.13,3740
237.51,4308
237.53,8708
237.595,4630
237.095,5996
237.01,16707
236.94,5673
237.26,7832
237.55,5748
237.36,4620
236.97,13085
236.33,22040
235.34,5204
235.035,7515
234.85,6087
234.73,8237
234.69,7322
234.67,5716
234.69,10620
235.11,8794
234.97,15067
235.39,3387
235.35,3490
235.83,3401
236.215,3233
236.79,6151
236.39,6309
236.71,4728
237.035,6939
237.47,6777
237.64,8643
237.455,11791
237.54,4658
237.26,7178
237.35,8638
237.68,3816
237.33,6739
238.01,3620
237.88,6211
237.77,3895
237.46,4316
237.41,3241
237.425,3076
237.45,2035
237.29,5892
237.46,5187
237.545,4952
237.405,4472
237.38,3338
236.835,8084
236.95,4413
237.01,6265
238,5328
237.58,6235
238.02,5245
237.775,3283
237.765,5624
237.83,1315
237.51,12410
237.455,2760
237.395,1519
236.99,6488
237.105,1791
237.23,1504
237.49,712
237.51,1077
237.71,3274
237.72,1733
237.95,3688
238.16,1468
237.645,4711
237.55,5801
238.26,2816
237.97,1690
237.76,2395
237.48,2283
236.91,4026
236.81,4942
236.55,5145
236.55,1515
236.835,1941
236.575,3028
236.68,2140
236.825,4677
237.1,2184
236.9,4929
237.46,1437
237.23,1792
237.15,3172
237.115,2518
236.79,1950
236.65,3201
236.54,5015
236.145,4898
236.565,2180
236.17,7013
236.415,4039
236.575,3410
236.95,2493
236.86,4218
236.94,3778
237.03,2995
236.745,4143
236.85,1528
236.82,795
236.83,1459
236.985,2237
236.725,1894
236.66,3820
236.75,1069
236.41,2252
236.475,1294
235.925,2121
235.97,1534
235.43,3333
235.25,4115
235.12,3059
234.9,4502
234.745,4135
234.645,10386
234.48,6981
234.45,14753
234.145,6383
234.36,2855
234.12,7853
234.13,6367
234.31,3697
234.075,7641
234.41,8563
234.595,7720
234.88,4574
234.925,1766
234.89,2594
234.85,10229
235.06,3446
235.08,4254
234.715,8068
234.78,9853
234.76,3736
234.43,3356
234.32,4587
234.48,1286
234.65,3322
234.72,2375
234.26,1885
234.41,1473
234.46,2117
234.54,916
234.56,6628
234.815,4607
234.77,1748
234.795,4319
234.805,8905
234.69,8135
234.99,4489
234.62,4160
234.4,2667
234.74,954
234.795,2511
234.61,2308
234.32,11510
233.75,2353
233.54,4523
233.21,6162
233.22,4345
233.61,3800
233.3,1673
233.55,2431
233.45,1871
233.135,5209
232.915,1720
232.75,4681
232.805,2919
232.62,5290
232.57,8287
232.71,3801
232.31,2873
232.26,2437
232.63,2957
232.57,6038
232.78,5948
232.65,3287
232.42,5174
232.335,7201
232.205,4260
232.42,2796
232.65,1711
232.82,2595
233.14,2647
233.37,3342
233.255,1975
233.68,2220
233.6,2361
233.61,2936
233.65,8767
233.21,7865
232.96,4797
232.84,6590
233.03,9433
233.035,7087
233.1,15680
233.11,4760
233.02,4132
232.54,2456
232.675,2388
232.65,1665
232.47,4339
232.95,1862
232.91,2739
232.76,2033
232.755,848
232.8,4450
232.92,3676
232.89,4477
232.88,7224
233.01,2173
233.25,9499
232.97,4532
233.31,2726
233.48,2264
233.55,6188
233.59,3235
233.7,1813
233.48,4991
233.195,1789
233.33,631
232.79,1726
232.925,2115
233.23,18639
233,2501
233.055,1807
232.99,815
232.995,1373
233.01,1722
232.97,497
232.91,6823
233.23,1497
232.95,674
232.76,1000
232.64,5750
232.91,2618
232.66,1266
232.64,3137
232.51,4407
232.095,2968
231.94,3538
232.36,6011
232.21,7669
232.175,15183
232.61,3210
232.64,7021
233.1,4310
233.31,2751
232.975,4681
232.8,2773
232.89,2561
233.29,3871
233.15,5765
232.71,4750
232.68,2054
232.475,2085
232.54,4405
232.755,1349
233.125,1751
233.025,4590
233.13,6198
233.05,4102
232.76,2806
232.8,1193
232.68,3528
232.83,2128
232.82,10761
233.19,7353
232.91,3416
232.87,2674
232.47,4368
232.24,3729
232.21,6469
232.38,4606
232.2,5107
232.31,2882
232.46,2142
232.63,977
232.645,4128
232.73,3499
232.85,2527
232.795,5660
232.87,5182
232.965,7533
232.81,3632
232.76,2541
232.91,962
232.79,1104
232.74,2581
232.78,1108
232.84,3037
232.93,3240
232.885,2967
232.91,2636
233.08,2018
233.39,3257
233.3,8005
233.625,7353
233.5,2746
233.59,3117
233.88,15014
234.28,6996
234.43,5053
234.25,2915
234.4,4164
234.34,2010
234.62,3394
234.67,2663
234.77,7996
234.54,6134
234.18,3908
233.9,3050
234.23,2274
234.2,2051
234.23,1213
234.22,2581
233.995,2599
234,5657
234.02,3467
233.54,3446
233.38,3095
233.41,4202
233.66,3600
233.67,3254
233.72,3862
233.51,6699
233.65,4505
233.82,3888
233.88,3055
233.78,3379
233.89,3766
234.07,4296
234.05,5246
233.97,3074
233.94,1994
234.01,3862
233.89,3995
233.82,3889
233.8,2086
233.92,4495
233.92,1529
233.96,4019
234.19,5991
234.41,3414
234.3,4796
234.465,4967
234.715,5359
234.58,5220
234.62,5131
234.7,7003
234.34,8106
234.11,3378
234.07,4658
233.96,4678
233.87,13109
233.8,3236
233.96,6480
233.74,5798
233.74,10321
232.91,8826
232.79,9805
232.815,7978
232.8,13675
232.68,12506
232.86,12548
232.89,14643
232.98,16922
233.13,33564
225,49077
222.73,37375
221.84,42991
223.1,47735
222.945,65257
224.96,29975
224.685,12914
224.81,21843
224.66,34000
224.54,14397
224.72,19256
225.27,12141
224.96,17279
224.7,18411
224.765,27557
224.9,13405
224.94,17842
225.35,11108
224.76,8969
224.65,10279
225.3,9364
226.13,5699
225.84,10311
225.93,6415
225.38,7630
225.58,12173
225.3,10116
224.62,16161
224.04,14451
223.47,9956
223.98,31779
222.92,14328
222.21,30196
222.45,9889
222.16,18700
222.285,17246
221.85,12867
221.82,19289
222.07,20765
222.56,19532
222.2,13350
221.805,21555
221.275,17524
220.955,22947
220.915,22801
220.74,27300
220.9,34915
221.58,24174
222.025,10730
222.33,22883
222.435,17126
222.285,17213
221.625,19631
221.635,10854
221.84,30807
222.32,12501
221.955,6689
222.07,5906
222.12,9253
222.25,5530
222.335,9517
222.665,5751
222.26,6768
222.265,11159
221.94,4597
221.76,6840
221.87,6119
221.975,3999
222.4,4434
222.79,2808
223.06,4784
222.94,7991
222.74,6993
222.84,6592
222.25,6098
222.44,5220
221.915,6477
222.17,5174
222.44,4547
222.385,7568
222.45,5385
222.54,2732
222.92,6612
222.67,6165
222.93,2923
222.76,1529
222.83,5600
222.46,2310
222.34,3983
222.68,2680
223.06,2191
223.2,1354
223.21,3120
223.24,3643
222.665,3372
222.635,2755
222.365,7405
222.32,3705
222.31,3066
222.15,3262
222.195,3310
222.7,6928
222.87,3864
222.72,4506
222.395,3380
222.31,6660
222.925,4079
223.045,8720
223.38,3484
223.44,2693
223.46,9598
223.62,4125
223.55,5380
223.94,3179
223.47,8684
223.63,6202
223.45,8662
223.48,7654
223.57,9866
223.62,8240
223.7,11260
223.7,7026
223.49,8787
223.54,8963
224.36,12050
224.655,5373
224.695,5358
224.55,2538
224.59,2879
224.91,3567
224.645,1593
224.63,4033
224.64,3318
224.6,6090
224.56,17092
224.525,7280
224.33,3767
224.39,2763
224.2,3139
224.09,3508
224.65,2640
224.74,4514
224.73,3550
224.8,3537
224.765,2301
224.87,2180
224.73,2134
224.92,1176
224.755,5854
224.79,4903
224.88,2163
224.58,9277
224.5,5288
224.35,3968
224.2,5627
224.315,3516
224.64,9148
224.525,2721
224.46,3300
224.37,3044
224.31,2875
224.375,1388
224.31,4241
224.05,5803
224.33,1836
224.51,1747
224.38,3234
224.46,2256
224.48,1274
224.54,2350
224.405,5686
223.865,7805
224.08,1975
224.14,3072
224.3,4486
224.79,5084
224.99,3362
224.825,5224
225.075,4212
224.89,2107
224.745,5686
224.605,6098
224.6,6182
224.72,4844
224.59,7899
224.35,10076
224.53,6343
224.84,7386
224.725,2944
224.785,6158
224.52,8038
224.98,7428
225.03,2890
224.97,3262
224.99,4060
225.11,10120
225.195,6372
225.48,8525
225.28,5509
224.94,7400
225.16,5202
225.145,17828
224.875,9796
225.08,6524
225.08,2720
224.82,6288
224.79,2509
224.95,3587
224.945,5018
224.77,3692
224.995,6508
225.25,6436
225.38,7026
225.16,8374
225.38,3195
225.215,3912
224.92,1576
225.045,2630
224.99,1143
224.925,4205
224.86,5437
224.65,5945
224.74,4865
224.785,5441
224.61,3200
224.5,3759
224.26,4992
224.295,7470
224.195,9048
224.195,8763
224.02,9049
223.56,11419
223.47,4441
223.2,16506
223.34,2092
223.455,4955
223.43,4514
223.7,10236
223.46,11942
223.475,7481
223.425,9991
223.61,6208
223.745,1984
223.665,2909
223.67,2864
223.59,3778
223.45,3430
223.46,3789
223.63,3265
223.41,3381
223.42,3185
223.63,3936
223.74,2051
223.965,1722
223.725,3113
223.66,1976
223.68,4238
223.56,2220
223.56,2896
223.685,7973
223.515,3654
223.31,5259
223.405,3640
223.2,5088
223.12,7349
223.01,3156
222.865,3896
223.07,2305
223.03,4199
223.065,12929
223.095,8062
223.125,3164
223.07,5464
223.16,6542
223.305,5924
223.08,6312
223.45,1877
223.7,2347
223.44,3099
223.67,5080
223.615,2837
223.865,2989
224.21,2753
224.41,2075
224.32,3813
224.13,6796
224.06,2867
224.19,5804
224.3,4206
224.18,2278
224.065,7172
224.06,2996
224.14,2873
224.08,3471
223.97,5150
223.8,7741
223.39,5713
223.495,8647
223.375,10689
223.42,12621
223.05,12226
222.76,5366
222.53,6421
222.14,17941
222.16,21323
222.3,6335
222.27,7252
222.02,12432
222.32,8287
222.315,8628
222.24,4523
222.24,2174
222.35,1859
222.29,2055
222.37,3285
222.335,5524
222.5,2087
222.37,2895
222.34,3992
222.265,9760
222.4,5774
222.23,6257
222.23,3429
222.19,3979
222.29,4210
222.33,3530
222.175,3044
222.09,2989
222.145,4079
222.365,3659
222.535,8147
222.4,6665
222.55,3263
222.66,3363
222.52,6727
222.75,6175
222.71,3664
222.94,10615
223.46,5497
223.48,9621
223.38,5465
223.29,3677
223.35,8183
223.25,5164
223.22,2866
223.095,5210
222.64,6868
222.73,6388
222.82,9384
223.005,3993
222.795,6987
222.665,5612
222.59,6712
222.71,3391
222.81,7027
222.93,8421
222.67,4444
223.02,6966
223.055,4945
222.95,7252
223.05,6733
222.98,5927
222.68,9410
222.64,4868
222.99,6418
222.545,11347
222.35,8053
222.39,4194
222.24,3799
222.41,10991
222.58,5935
222.65,6731
222.7,14906
222.91,14388
222.35,5123
222.355,10169
222.21,6980
222.34,6796
222.3,7128
222.13,8694
221.95,10030
221.82,12611
221.67,16406
222.04,17966
222.15,19393
222.42,19478
223.055,19782
223.18,23185
223.135,38388
222.82,84489
202.62,141862
201.88,60176
201.32,63152
202.68,70498
202.55,48095
202.865,42974
201.34,34074
201.835,26028
202.66,40563
202.16,33501
202.33,75809
203.74,41101
202.59,73814
201.8,20254
202.625,24636
204.1,26310
203.41,33294
203.645,15243
204.6,17227
204.6,33381
203.39,40384
202.835,32001
204.3,34142
203.54,31296
202.76,54482
203.03,31304
202.38,32019
201.93,48142
202.5,46989
202.67,44303
202.32,45705
202.57,30941
202.56,34076
202.63,38883
202.195,22279
202.09,23065
202.32,25280
201.935,39150
202.005,27520
202.08,21047
201.975,26150
202.14,42672
202.21,21372
202.255,17187
203.15,40285
204.21,44780
204.51,91300
203.615,33145
203.94,25419
204.23,30999
204.41,19657
204.955,27340
204.04,12572
204.54,11383
204.255,23949
204.3,21788
204.82,36174
204.84,34969
204.7,61261
204.785,39335
204.86,30868
205.085,25149
204.92,34119
204.84,26183
205.12,30977
204.635,19912
204.715,37554
204.72,18946
204.78,21372
204.92,12786
205.04,18426
205.895,24505
205.86,18397
205.9,43935
205.82,18227
206.17,16474
206.165,38875
206.08,19294
206.46,35403
205.7,53896
205.87,43206
205.28,39401
205.12,38581
204.76,28269
204.235,16044
204.005,25799
204.955,24901
204.86,28688
204.62,36640
204.23,14587
204.075,11761
204.14,9116
204.45,9632
204.59,12291
204.915,8250
205.245,13260
204.96,19006
205,9285
205.375,13139
204.82,14398
204.7,11671
204.81,18983
205.135,10185
204.815,16076
204.945,17197
204.95,16873
204.94,19420
204.39,8158
204.33,12301
204.59,10568
204.71,11765
204.905,12173
205.41,27405
205.67,20043
205.56,7641
205.675,7942
205.26,8604
205.09,10375
204.76,9370
204.85,19877
204.86,11281
204.715,13851
204.9,32745
204.875,16936
205.41,9317
205.42,7341
205.645,5609
205.565,6277
205.46,7520
205.41,11452
205.135,13331
205.44,39815
206.31,15540
206.18,7165
205.88,35284
205.19,53698
205.48,16661
205.65,14824
205.45,27513
205.175,39122
205.5,11159
205.49,7539
205.475,12106
205.66,8137
205.54,7619
205.37,36683
205.36,22021
205.325,16565
205.28,15451
205.175,15026
205.21,26400
204.61,9528
204.95,17578
204.985,7448
205.27,11465
205.31,8514
205.17,7761
205.41,18865
205.69,11750
205.42,10994
205.495,12284
205.64,15304
205.84,9135
205.69,30760
206.31,12716
206.13,30387
206.77,32345
206.73,22385
207.125,46140
207.27,18126
207.105,14347
206.97,18241
206.87,9456
206.78,19039
206.28,20410
206.48,7305
206.51,9217
206.81,12868
207.08,25697
207.69,21172
208.06,14039
208.3,13485
208.72,11442
209.3,21436
209.68,10694
209.41,7698
209.735,11892
209.07,17274
209.05,22314
208.29,10486
208.26,9017
208.29,11466
208.885,5639
208.08,7979
208.83,9119
209.12,7374
209.375,6799
209.15,3988
209.06,9789
209.28,7399
209.3,6973
209.78,25061
210.21,16187
210.36,7295
210.785,18377
210.57,10551
210.06,17296
210.47,6916
210.47,10811
210.45,13598
210.805,7803
211.08,22184
210.94,31422
210.75,8975
210.595,11021
210.43,7053
210.675,9263
210.9,8664
210.78,16049
209.49,11056
209.84,12081
210.36,8963
209.44,11131
209.51,16523
209.21,10697
209.075,19833
208.73,21846
208.37,10971
208.465,12882
208.52,8187
208.23,13339
208.41,7399
208.44,5204
208.4,7127
207.91,6127
207.81,7256
207.46,10507
207.4,13094
207.26,15829
207.29,15390
207.235,14593
207.345,11363
207.15,8445
207.23,17376
207.395,12052
207.175,16444
207.67,8099
207.63,7805
207.48,17548
207.455,5236
207.21,7087
207.44,7852
207.3,4291
207.28,6904
207.29,12749
206.985,11434
206.85,11779
206.935,8711
207.35,8110
207.1,6620
207.31,8046
207.53,7160
207.58,4022
207.49,6970
207.45,4974
207.61,8609
207.32,8635
207.1,10227
207.06,17664
206.77,6287
206.44,7926
206.35,7143
206.36,20298
206.365,13934
205.84,8570
206.41,8909
205.93,9238
206.04,5976
206.21,8451
206.02,9047
206.2,8494
206.66,6662
206.75,7694
206.96,13590
207.065,10601
206.495,8060
206.49,6589
206.22,8652
206.34,5507
206.61,11074
206.77,8980
206.46,7171
206.605,7179
206.6,7651
206.83,8525
206.44,12804
206.655,7198
206.54,6970
206.68,9589
206.95,11010
207.4,9619
206.86,9075
206.88,5703
207.01,7596
207.33,12009
207.24,5825
207.48,4469
207.32,5962
207.34,6988
207.62,8118
207.53,4614
207.27,9304
207.15,11094
207.38,10890
207.41,7993
207.28,7297
207.16,6706
207.05,7269
206.83,7700
207.11,9116
206.95,6375
206.635,6143
206.36,10646
206.345,8086
206.32,6697
206.18,13843
206.18,9629
206.175,10916
205.69,9568
205.72,9385
205.66,8828
205.555,5506
205.56,5852
205.425,27874
205.6,13605
205.665,9229
206.13,6745
206.03,6699
206.1,10416
206.29,12092
206.36,10657
206.545,22706
206.54,11110
206.775,8805
206.94,6053
206.93,5869
207.2,6319
207.35,9430
207.18,8471
207.9,14010
207.74,6999
207.74,13076
207.82,14551
208.095,6719
207.78,10064
207.595,10699
207.825,12893
207.72,8950
207.975,9921
208.16,7013
207.69,9329
208.04,7805
207.94,7967
208.16,5843
208.07,4142
207.985,7478
208,5895
208.01,6619
208.35,6057
208.25,21526
208.01,17138
208.06,12333
208.115,9142
208.23,12573
208.72,11636
208.91,13357
208.74,17689
208.78,14291
208.855,12269
208.925,16832
209,38336
209.55,27694
209.93,21312
209.845,50431
210.36,62859
211.37,82049
210.33,117480
210.73,56672
210.37,42773
210.47,75702
208.97,28720
205.9,42361
205.3,21085
204.395,28326
204.32,48060
203.97,40736
204.2,35707
203.83,17761
204.31,42243
204.95,49320
205.89,25985
206.23,16229
205.765,19242
206.11,23232
206.25,14313
206.79,17445
206.12,10943
206.33,11840
206.2,7552
206.84,14841
205.66,8155
205.235,10712
205.215,16731
205.11,14975
205.4,17553
204.42,12518
204.73,10374
204.825,12818
204.73,14978
204.89,8485
204.76,10558
205.02,9552
205.75,12967
205.57,8047
205.7,8106
206.15,8822
206.11,15999
206.19,15909
206.44,14157
206.32,9462
206.79,8556
206.6,9778
206.67,7549
206.83,5428
206.925,12759
206.78,13842
206.84,19195
206.88,24738
206.665,7797
206.685,7199
206.78,5765
206.875,11693
207.03,6871
206.59,7408
207.145,11012
207.09,3665
206.84,6029
206.68,6804
207.05,7041
206.875,8895
207.15,9075
207.435,10944
207.48,6431
207.76,9864
207.9,8484
208.25,8658
208.335,6583
208.21,8821
208.33,12346
208.48,15443
208.23,7520
208.52,10710
208.42,4557
208.255,5180
208.21,6295
208.1,6466
208.615,8287
208.6,6174
208.495,4270
208.76,5675
208.88,9524
209.19,4810
209.105,4149
208.61,5225
208.735,6146
209.02,4404
209,5347
209.09,7330
209.38,8413
209.23,6567
209.02,9948
209.3,13349
209.445,21055
209.79,24404
209.415,14338
209.71,9511
209.76,9453
209.595,7761
209.57,8829
209.755,10911
209.855,5940
210.11,5456
209.93,6767
210.025,7522
209.58,5789
209.87,4082
209.72,4038
209.505,12576
209.83,7608
209.735,7374
209.45,10212
209.31,7140
208.795,8925
209.07,5039
209.02,6670
209.36,11139
209.215,29572
209.71,10052
209.695,6485
209.715,8970
209.605,11301
209.45,7532
209.455,3394
209.405,8242
209.675,7188
209.94,6613
209.745,7508
209.815,8553
209.935,4567
209.925,3367
209.795,5311
209.81,4642
209.84,7783
210.23,15665
210.26,6306
210.05,82308
210.475,11205
210.305,8237
210.08,13433
210.17,10524
210.26,8224
210.29,12977
210.87,7451
210.99,7246
211.02,6866
211.07,8682
211.18,6233
211.25,7672
211.43,60842
212.005,13082
211.73,23317
212.285,8083
212.425,25876
212.6,13011
212.545,17446
212.43,19580
212,9714
212.235,5708
212.375,5412
212.08,7866
212.14,6805
212.05,7867
212.08,11526
211.75,10621
211.105,5699
210.52,9344
210.41,33201
210.63,12570
211.04,14579
210.84,7124
210.32,14403
209.88,10567
209.4,4230
209.72,8867
209.69,12221
210.02,3234
210.03,4923
210.08,5560
210.51,7843
210.2,6706
210.315,8297
210.27,8919
210.12,4061
210.28,4381
210.245,4907
210.07,7755
209.975,4339
210.045,4624
210.04,3739
210.075,4179
210.08,3255
209.98,7378
209.75,4006
209.69,5528
209.895,3916
209.61,3491
209.695,2463
209.75,4015
209.67,2415
209.74,2718
209.63,1839
209.53,2224
209.56,4665
209.58,2295
209.815,2688
209.91,2297
210.1,2867
210.01,541
210.055,2467
210.07,5892
210,4047
209.835,4693
209.86,1896
210.39,2768
210.73,23985
210.91,7429
210.44,2931
210.61,3123
210.66,2997
210.825,5103
210.975,7719
211.12,5067
211.08,3249
211.07,4241
211.18,6139
211.135,4464
210.925,5979
210.89,6981
210.9,3921
211.09,2365
211.31,2684
211.155,16483
210.83,8656
210.99,3457
211.34,2419
211.06,4987
210.86,2719
210.795,2823
210.66,1498
210.57,1186
210.45,2851
210.25,3051
210.365,1910
210.47,3572
210.64,1520
210.69,2790
210.53,2034
210.46,478
210.505,3611
210.62,2625
210.5,1259
210.37,1292
210.38,763
210.22,1813
210.465,1991
210.625,3621
210.345,3774
210.21,3582
210.205,2417
210.095,1632
210.07,1234
210.13,3038
210.2,1518
210.115,4474
209.65,4327
209.7,4285
209.855,2771
209.92,1411
210.02,3271
209.78,5401
209.81,4144
209.82,2344
209.84,1677
209.98,1510
209.905,4586
209.96,2631
209.58,4406
209.74,18183
209.56,7172
209.45,3312
209.44,3454
209.5,3351
209.64,5123
209.6,2950
209.715,2076
209.64,1655
209.62,1386
209.34,2513
209.28,3386
209.26,2558
209.325,2506
209.275,3822
209.14,2498
209.205,2631
209.16,3877
209.185,2109
209.165,5084
209.295,2093
209.33,1844
209.39,3076
209.19,2580
209.25,4181
209.215,2725
209.25,7104
209.305,2454
209.205,12921
208.705,6140
208.83,5629
208.955,4046
209.03,7679
208.99,5097
208.9,4718
209.085,10891
208.835,1842
209.03,2079
208.96,5375
208.915,4528
209.07,15561
208.9,7199
208.785,5595
208.845,12932
208.685,11272
208.765,7499
208.79,12733
208.695,5732
208.535,14773
208.79,5015
208.99,5713
209.14,5450
209.155,4916
209.08,8388
209.07,3404
209.145,2227
209.23,4344
209.135,2339
209.225,3022
209.38,1850
209.3,2976
209.31,1804
209.335,1737
209.16,3295
209.24,2728
209.19,2700
209.305,1704
209.355,3325
209.33,1915
209.31,1686
209.42,2143
209.35,3174
209.105,5328
209.025,6098
208.97,5918
208.9,3140
208.89,4551
209.03,4078
208.55,5196
208.71,4766
208.805,3762
208.945,7871
208.805,3955
209.025,7699
209.19,8582
209.165,9893
209.09,13769
209.165,14432
209.3,10810
209.14,5970
208.93,6834
209.18,6467
209.18,3664
209.09,6180
209.07,4567
209.12,7788
209.415,8081
209.365,5841
209.43,8393
209.43,6977
209.505,13884
209.445,4706
209.085,8873
209.035,17849
209,16428
209,8883
208.965,10504
209.105,18884
208.77,17028
208.845,24760
208.85,20005
208.76,23755
208.97,34266
208.775,53686
208.125,31545
208.96,21802
208.78,12808
208.96,13393
209.06,34817
209.01,19394
207.96,17435
207.75,17128
207.18,17669
207.695,18098
207.605,9192
207.165,12983
207.33,15449
206.895,31435
206.68,36421
206.42,8679
206.63,16263
206.76,7705
206.665,11443
207.155,4132
207.865,8240
207.51,6440
207.985,6559
208.42,6471
208.735,6518
209.145,4355
209.2,4084
209.65,6338
209.675,8231
209.91,13483
210.055,5363
210.36,6682
210.46,4653
210.93,12240
210.61,8921
210.895,18267
211.4,8944
211.89,5561
211.96,5834
212.16,33449
212.05,8119
212.11,7886
211.425,10795
210.55,5628
210.755,5590
210.8,7881
210.81,10425
210.84,3206
211.39,3601
211.34,4049
211.54,2768
211.675,3982
211.43,6318
211.5,6826
211.305,3579
211.61,3070
211.87,3870
211.76,2506
211.9,7969
211.73,8913
211.98,10302
212.16,8815
212.55,7143
212.27,7654
211.93,5584
211.635,4649
211.91,14410
211.675,5575
211.71,5799
211.72,7169
211.65,9128
211.54,11080
211.42,7568
211.51,5768
211.68,6732
211.66,3912
211.4,3536
211.29,7720
211.215,3581
211.2,3077
211.325,9785
211.1,4176
211.3,8811
211.22,2472
211.21,2471
211.145,4803
210.87,1956
211.04,5631
211.015,2694
210.8,4817
210.77,5960
210.8,9738
210.88,4963
211.105,3554
210.91,4875
210.795,5300
210.5,5058
210.46,3683
210.74,4380
210.26,3209
210.33,3462
210.39,3455
210.345,1791
210.275,2648
210.13,9132
210.44,3941
210.36,2803
210.51,2929
210.35,14014
210.29,10139
210,7481
210.11,6822
209.89,11929
210.32,3277
210.11,11595
210.19,4619
210.31,16704
210.41,9217
210.15,6926
210.06,11152
210.005,7160
210.03,5393
209.94,1775
209.94,4873
209.965,2136
210.1,3269
209.94,10979
209.96,4534
210.09,2187
210.02,10808
210.065,4961
210.14,3384
210.01,8272
210.21,1980
210.375,3020
210.43,6678
210.55,4454
210.46,3529
210.45,3770
210.26,5695
210.16,8985
210.29,3705
210.28,11729
210.425,5478
210.18,7776
210.18,6128
210.14,4479
209.93,2849
209.97,3627
209.61,5287
209.72,2729
209.57,2846
209.64,1563
209.59,2254
209.52,4010
209.62,1786
209.51,1660
209.64,3726
209.8,2073
210.02,2469
210.03,2125
210.19,1786
210.13,1032
210.18,2014
210.23,1920
210.07,4528
210.25,1271
210.21,1363
210.12,3716
210.08,2560
210.01,4226
210.06,4363
209.835,4221
209.89,1710
209.89,3846
209.98,1435
210.11,1730
210.02,2668
209.87,2490
209.98,547
210.06,2172
210.23,1929
210.42,2002
210.28,1576
210.25,2590
210.16,848
210.16,3534
210.375,2290
210.26,2207
210.05,2137
210.14,3798
210.31,3037
210.05,7334
210.05,6515
209.96,3470
209.85,4486
209.9,5116
209.94,2721
209.95,3833
209.84,3605
209.85,4431
209.75,2945
209.73,5035
209.47,6482
209.35,2674
209.3,9358
209.24,3521
209.18,5273
209.095,4392
209.18,4893
209.18,2273
209.34,1364
209.36,3185
209.32,2109
209.08,2841
209.1,2605
209.27,3753
209.21,2512
209.1,4975
208.885,4227
208.77,3052
208.94,2648
208.8,3261
208.65,6474
208.58,5756
208.59,10114
208.18,5903
208.13,4415
208.13,5958
208.365,5217
208.31,2248
208.325,5035
208.66,2788
208.5,5552
208.405,10569
208.2,4449
208.115,3944
207.97,6520
207.95,4180
207.75,4946
207.75,4068
207.825,3861
207.82,3754
207.7,8692
207.445,11539
207.77,6796
207.855,2383
207.965,4940
207.99,2948
207.95,3233
208.22,3563
208.18,1898
208.2,5979
208.22,4071
208.385,5431
208.37,2948
208.22,1491
208.43,3196
208.38,2120
208.21,4056
208.37,1841
208.39,2316
208.34,1386
208.24,5796
208.03,2077
208.48,4096
208.69,5888
208.54,1424
208.59,1321
208.68,5600
208.59,2577
208.68,2706
208.53,1873
208.44,1415
208.28,2203
208.18,5933
207.97,4124
208.04,1891
208.1,2703
208.22,5838
208.34,2913
208.27,1908
208.31,2336
208.395,2590
208.45,1005
208.27,1872
208.23,3846
208.21,2257
208.23,1115
208.31,1498
208.495,2079
208.46,2282
208.46,1517
208.44,1249
208.415,1110
208.38,1844
208.39,4035
208.25,2318
208.26,1006
208.24,3207
208.21,2986
208.31,3866
208.14,3049
208.12,4327
207.95,3301
207.97,4594
208,3605
207.94,2892
207.78,5304
207.83,8320
207.89,4472
207.85,5381
207.695,4418
207.65,10163
207.59,2340
207.68,3164
207.79,4583
207.77,4685
207.8,1779
207.92,5733
207.79,3506
207.85,4435
207.91,1860
207.92,569
207.91,8812
207.89,3355
207.98,1868
207.96,2490
207.955,5127
207.9,1777
208.01,2492
208.01,2304
208.05,9880
207.93,4071
207.79,3584
207.76,3801
207.56,3717
207.61,1520
207.72,2509
207.78,4019
207.67,3692
207.59,4259
207.53,3964
207.5,4462
207.445,4085
207.55,4151
207.75,1512
207.715,2907
207.79,2664
207.81,1790
207.84,1585
207.88,1415
207.88,3167
207.87,1666
207.84,2959
207.77,3623
207.76,1886
207.8,4882
207.77,2361
207.71,4890
207.67,5499
207.83,3472
207.69,2328
207.67,4729
207.49,3287
207.51,17987
207.54,4303
207.43,3988
207.36,9366
207.18,14811
207.11,8290
207.12,5127
207.15,5122
207.2,3969
207.08,5952
207.03,9941
207.16,4910
207.3,15519
207.3,5830
207.26,7043
207.14,5439
207.26,6564
207.15,8832
207.28,7907
207.18,8645
207.04,11860
206.94,23942
207.06,27756
207.055,49759
208.03,21335
207.93,7752
207.46,3917
207.24,5412
207.235,8511
206.54,9064
206.14,23048
205.95,20223
206.44,11407
206.245,13609
206.03,22045
205.82,23159
205.73,25065
205.41,19874
205.045,19594
204.77,15325
205.355,21462
205.19,15012
205.51,20860
205.75,20627
205.54,20822
205.46,27283
205.91,18613
205.66,12650
205.79,11854
205.99,22833
205.775,11586
205.61,20170
205.35,6492
205.465,5991
205.54,7633
205.515,8671
205.86,13316
205.77,9454
206.18,6885
206.075,8812
205.79,7806
205.71,4002
205.82,9644
205.555,10632
205.58,20607
205.665,9840
205.22,8111
204.985,11984
204.72,15603
205.35,10912
205.14,7037
205.065,4684
205.55,11467
205.49,5230
205.45,6211
205.34,11537
205.3,10306
204.94,17199
204.535,21733
204.37,12781
204.59,11575
204.56,11688
204.88,8401
205.21,6198
205,6550
205.25,5322
205.71,8425
205.855,3992
205.78,5637
206.13,6193
206.24,4555
206.36,7957
206.3,5161
206.24,3641
206.36,5353
206.45,6813
206.33,8689
206.19,4457
205.96,2500
205.95,9096
206.1,3481
205.86,3493
205.85,6441
205.57,11039
205.705,1528
205.56,3882
205.77,3902
206,4089
206.14,8986
206.09,3131
205.85,1835
205.95,5431
205.65,2631
205.63,3297
205.6,6518
205.18,2000
205.36,2558
205.13,2008
205.125,5023
205.375,4578
205.19,3496
205.02,3213
205.03,4783
204.845,1862
204.725,3955
204.845,4891
204.875,4295
204.935,3759
205.025,2533
205.1,2215
205.05,1618
205,5327
205,7059
204.88,1961
205,5400
204.835,4392
204.83,3525
204.9,4006
204.815,4966
204.69,5784
204.56,3023
204.47,3321
204.34,7800
204.395,2522
204.355,2544
204.51,2378
204.32,3737
204.15,6430
204.13,7345
204.03,25893
203.73,6536
203.62,7086
203.66,9359
203.635,7708
204.21,6469
204.2,6397
203.85,3906
203.71,3377
203.71,3042
203.88,5090
203.86,3834
203.73,2617
203.5,2490
203.49,4868
203.31,8250
203,13050
203.1,6243
203.095,7584
202.81,10242
202.765,11764
202.7,13507
202.6,4328
202.59,5176
202.9,8549
202.565,3522
202.63,7181
202.72,4521
202.7,4657
202.82,2920
202.77,7125
202.7,5513
202.79,29088
202.725,16177
202.76,8739
203,3162
202.905,5763
202.895,5570
203.1,2701
203.05,2745
203.015,1912
203.04,4866
203.235,3608
203.2,3906
203.35,10140
203.3,3676
202.94,11235
203,24867
203.1,14651
203.045,13045
203.235,8452
203.41,5978
203.675,3227
203.48,1678
203.49,3010
203.5,4028
203.6,2311
203.39,2170
203.46,6068
203.36,3979
203.4,4282
203.12,4102
203.21,4708
203.225,1902
203.35,2330
203.55,2949
203.65,3133
203.75,1355
203.88,3272
204.01,3693
204.05,10234
204.09,5036
203.84,1706
203.77,3591
203.84,2558
203.91,2326
203.75,3200
204.01,2500
203.985,2031
203.94,3079
203.975,1408
203.87,4636
203.76,2476
203.745,7496
203.565,5374
203.75,3085
203.6,5815
203.28,6933
203.41,3977
203.5,2550
203.58,7536
203.58,3681
203.54,5925
203.69,2928
203.74,6688
203.625,1927
203.85,1243
203.815,1244
203.71,2244
203.76,2506
203.8,2823
203.7,2619
204.055,1213
204,2373
203.935,3152
203.825,948
203.9,2487
204.01,2318
204.005,1625
204.06,1570
203.94,1685
203.965,1882
204.03,2077
204.09,2775
204.09,3294
204.33,5875
204.51,2877
204.49,3885
204.53,2823
204.505,2548
204.545,2262
204.415,2300
204.525,2064
204.57,2019
204.64,2368
204.69,1646
204.55,2852
204.415,1395
204.62,1948
204.71,878
204.76,1979
204.72,1242
204.78,1390
204.66,669
204.64,3333
204.78,2197
204.545,2977
204.595,1341
204.73,1156
204.84,1566
204.95,3528
205.075,4102
205.14,3944
205.05,3655
204.745,2261
204.76,3769
204.71,4404
204.49,3120
204.5,1294
204.43,2228
204.405,3965
204.43,1973
204.49,2594
204.595,2626
204.62,5551
204.47,1813
204.55,4031
204.67,2272
204.8,2405
205,2575
205.02,4743
205.01,5282
204.97,2656
204.99,1991
204.945,1418
204.98,1860
205,2693
205.12,7921
204.875,9766
204.69,11350
204.85,3152
204.765,3993
204.79,4014
204.82,5905
204.95,3260
205.125,2812
205.195,5103
205.08,2468
205.05,1446
205.09,1953
205.07,7272
204.965,2111
205.105,1254
205.06,2005
205.03,2820
204.83,1634
204.925,2177
204.87,4793
204.815,1763
204.88,1344
204.9,4705
204.6,1373
204.84,2589
204.87,1700
204.91,905
204.725,2319
204.715,2415
204.71,4241
204.7,1343
204.81,1726
204.91,971
204.895,1750
204.95,2367
204.94,1442
204.785,1717
204.74,1518
204.69,1939
204.635,4230
204.74,759
204.715,1233
204.655,1786
204.72,5061
204.43,1649
204.48,7015
204.64,3707
204.34,4559
204.375,1578
204.62,5400
204.62,2007
204.62,3120
204.65,2384
204.84,3322
204.73,2546
204.645,2296
204.565,1988
204.55,2050
204.48,6297
204.28,7612
204.035,7754
203.97,8672
203.94,4414
203.915,3638
204,5667
203.775,3319
203.845,3302
203.895,3765
203.97,8707
203.9,2905
203.91,2752
203.95,1393
203.9,2959
203.89,4866
203.94,4729
204,3191
204.1,4131
204.24,2562
204.35,4861
204.42,3767
204.37,1115
204.36,6103
204.37,5596
204.48,2068
204.495,5769
204.45,5601
204.56,3962
204.62,6130
204.18,5811
204.125,6551
204.24,4854
204.395,9217
204.28,10224
204.175,7814
204.2,13274
204.345,19870
204.27,25965
203.61,35480
202.69,14224
203.06,15795
203.115,14172
203.53,66502
202.61,13091
202.98,11017
203.11,17414
203.185,7032
202.63,20676
203.135,17254
203.21,10572
202.71,11435
202.62,10846
202.56,32829
202.48,15331
202,18326
202.25,6173
202.14,13957
202.79,20568
202.75,47102
202.25,8637
202.07,9028
202.23,9175
202,11854
202.21,5291
201.855,15554
201.9,6771
201.895,6909
201.74,7155
201.73,5281
201.61,6891
202.06,8016
202.24,4349
201.95,9833
201.72,6556
201.62,7597
201.79,4442
201.62,6939
201.26,7386
201.17,7864
201.4,8614
201.22,7891
201.76,6971
201.59,9270
201.83,9052
201.68,8076
201.86,6747
201.92,7044
201.75,5981
201.58,5322
201.81,4238
201.73,9366
202.1,3776
201.97,2572
202.19,4921
202.09,5824
202.33,2673
202.3,5770
202.2,3729
202.33,6657
202.38,3489
202.17,3774
202.015,7519
201.71,8315
201.43,6765
201.21,13409
201.155,7133
201.01,7511
201.07,13197
200.71,6961
200.68,13045
200.335,16882
200.37,22345
199.81,45778
199.66,14261
199.98,17859
199.6,15076
199.74,11935
199.34,9873
199.4,14177
199.07,14804
199.41,15835
199.23,25296
199.23,28714
199.09,25142
198.64,12944
198.75,18174
198.44,13435
198.36,9517
198.37,14180
198.27,15384
197.96,8661
198.04,15241
198.115,7565
197.89,13967
197.68,7976
197.66,9979
197.7,15096
197.8,9342
197.89,11615
197.91,8978
198.29,6145
198.2,6047
198.03,9488
198.4,7148
198.135,16458
198.33,8282
198.34,8986
197.93,8069
198.1,4977
197.89,5145
197.78,5765
197.89,7629
198.005,5421
197.92,7664
197.82,6483
197.82,10212
197.98,4207
198.02,5848
197.8,6520
197.83,10357
197.91,12680
198.21,9384
197.915,10955
198.12,21974
198.5,13097
198.75,9007
198.545,5977
198.22,9454
198.32,7851
198.1,5340
198.055,37218
198.04,8495
198,7324
197.96,4320
197.93,9141
197.99,18014
197.92,6218
197.975,5874
198.04,4201
197.87,6714
198.025,5035
198.12,3978
198.215,3279
198.18,7200
198.395,1716
198.31,3861
198.395,4330
198.46,2497
198.685,20227
198.475,7120
198.5,4727
198.91,3983
198.81,5305
198.765,7036
198.495,9051
198.79,2624
198.95,3898
199.01,4905
199.29,6254
199.22,4464
199.115,2291
199.08,4388
199.115,5764
199.205,5440
199.07,3873
199.33,4772
199.16,2005
199.23,2115
199.25,3730
199.525,2486
199.285,2937
199.36,3247
199.355,5410
199.325,7847
199.43,3542
199.35,6779
199.48,4665
199.58,12952
199.52,2647
199.63,2266
199.545,6015
199.65,9534
199.91,3568
199.92,7516
199.975,7825
199.825,5926
199.94,3360
199.97,9612
199.69,4633
199.54,4902
199.49,6574
199.74,3991
199.84,10956
199.905,5813
199.93,3295
199.98,3042
199.92,2372
199.64,3346
199.76,4240
199.74,3439
199.675,3286
199.81,9790
199.56,8504
199.71,4792
199.58,11138
199.52,2193
199.57,6549
199.41,13931
199.4,5887
199.36,6799
199.48,8270
199.39,4331
199.19,4893
199.26,12819
199.24,8525
199.3,11824
199.56,9165
199.505,10739
199.4,6260
199.44,12294
199.61,8964
199.465,2563
199.35,2736
199.29,7021
199.465,4399
199.38,1643
199.34,2378
199.45,4927
199.34,5161
199.62,3343
199.44,4511
199.59,5091
199.625,4812
199.34,5163
199.405,3050
199.47,2278
199.26,6807
199.18,4036
199.345,1693
199.19,2820
199.19,2852
199.19,4180
199.32,3061
199.205,4658
199.18,3219
199.1,3028
199.31,5347
199.355,2778
199.365,4389
199.285,5143
199.52,6960
199.46,4253
199.48,4959
199.46,4277
199.26,1625
199.32,3178
199.3,3652
199.31,3793
199.17,6005
199.37,2045
199.68,3715
199.62,4779
199.79,4397
199.77,4104
199.78,3951
199.84,3741
199.93,4572
199.84,2578
199.8,1669
199.93,3989
199.77,4499
199.71,2865
199.59,5157
199.38,4680
199.315,4393
199.33,2778
199.43,8469
199.48,4578
199.41,5353
199.24,5026
198.915,7223
198.98,3612
199.195,5304
199.335,2780
199.44,4883
199.535,7058
199.67,1456
199.68,4313
199.68,6197
199.675,5367
199.56,9036
199.37,9185
199.55,2868
199.51,5370
199.39,10317
199.39,2797
199.145,3888
199.02,4666
199.125,4202
199.19,2851
199.19,4722
199.26,4968
199.31,2667
199.21,7037
199.335,3454
199.2,3048
199.255,4003
199.28,5384
199.27,6132
199.09,3004
199.37,3302
199.33,4066
199.065,18898
199.14,3822
199.21,1640
199.155,2570
199.045,4771
198.99,9926
199.17,3850
199.18,5640
199.09,2846
199.04,4166
198.985,3008
198.9,2346
198.935,7204
199.01,3115
198.93,3337
198.86,6302
198.9,6107
198.89,7825
198.91,3087
198.73,6483
198.63,11836
198.83,7042
198.69,8505
198.64,2785
198.61,6720
198.59,4338
198.63,7403
198.46,9359
198.59,3757
198.65,3841
198.82,3508
199.005,2030
198.795,2188
198.955,3144
198.87,3841
198.83,4886
198.78,11711
198.61,2447
198.75,2146
198.71,1409
198.65,3955
198.44,3077
198.475,7552
198.45,5135
198.41,3381
198.44,3810
198.45,3882
198.395,6365
198.41,5613
198.305,5243
198.55,4085
198.56,3253
198.6,3078
198.51,3071
198.69,5238
198.69,6236
198.68,4070
198.93,4607
198.85,6774
198.96,5297
198.75,6910
198.84,4954
198.73,6032
198.73,6340
198.67,7293
198.69,8426
198.73,11702
198.72,7377
198.625,9228
198.72,8556
199.08,7848
199.2,11955
199.34,12906
199.22,15093
199.4,28441
199.56,41449
198.89,23905
199,9460
198.47,6158
199.025,17105
198.8,5284
198.1,19166
198.235,18431
198.335,7957
197.94,8011
198.28,11114
198.11,9148
198.48,12902
197.945,6499
197.65,6721
198.19,7567
198.59,11761
198.88,6643
198.85,8429
199.2,7544
199.025,7364
198.995,6512
198.89,11837
198.74,2617
198.89,4251
198.9,2869
198.89,13612
198.99,10618
198.46,15711
197.97,3130
197.95,4085
197.85,17131
198.56,5124
198.37,4224
198.48,3136
198.02,2685
197.91,7825
198.04,10504
198.33,15230
198.15,5723
198.165,8289
198.33,7459
198.235,9308
198.51,12469
198.365,3696
198.33,3126
198.04,4641
198.09,5524
197.89,11458
198.02,4582
198.29,5714
198.24,3644
198.505,3843
198.22,4271
197.905,2727
197.9,4155
198,5093
198.23,4092
198.53,6650
198.54,13130
198.775,4373
198.76,10541
198.795,8453
198.94,7030
199.125,8072
199.255,7284
199,12542
199.13,6804
198.97,4925
198.735,10922
198.07,8216
198.115,8214
198.115,6227
197.99,6535
197.875,10900
197.9,6078
197.36,12098
197.495,10321
197.68,15356
197.77,9644
197.9,2025
198.18,3783
198.19,6048
198.64,6265
198.75,5212
198.52,9111
198.58,22135
199.125,4350
198.76,2655
198.95,2921
199.05,3983
198.95,2781
199,4353
198.82,5092
198.54,9510
198.76,1484
198.94,2042
199.24,4087
199.38,5576
199.36,16329
199.78,17873
199.725,8478
199.64,9141
199.62,5027
199.245,4185
199.21,3655
199.42,3816
199.45,3384
199.125,3992
199.205,1584
199.065,5572
198.935,7755
199.02,8400
199.22,6123
199.03,6854
198.94,2684
199.11,1730
199.12,2433
199.43,4147
199.86,4835
199.63,3161
199.84,4568
199.9,9564
199.99,10725
200.34,9602
200.405,16303
200.28,13822
200.3,5580
200.51,6901
200.26,3606
200.405,2738
200.41,3232
200.32,4150
200.11,3695
200.08,5519
200.6,5240
200.775,6845
200.91,2427
200.97,6294
201.11,5738
200.77,2752
200.68,4699
200.675,1530
200.58,3931
200.48,3058
200.545,3165
200.43,2681
200.425,5497
200.66,3332
200.46,5965
200.53,4083
200.38,6916
200.44,10180
200.55,4516
200.42,7505
200.55,6086
200.4,1134
200.45,3448
200.37,2697
200.27,1190
200.205,2171
200.12,6536
200.33,3136
200.37,2778
200.47,3462
200.53,3999
200.515,2931
200.52,4860
200.55,8155
200.615,6927
200.33,5615
200.46,9705
200.555,2194
200.6,1948
200.7,3144
200.68,3104
200.62,5423
200.59,1333
200.685,5880
200.93,855
200.915,3841
200.825,3152
200.865,2403
201.1,1089
201.07,1692
200.96,2448
200.95,3167
200.88,2293
200.89,3634
200.79,5610
200.73,4445
200.77,6567
200.73,2383
200.455,3627
200.11,2402
200.27,2456
200.135,2378
200.15,3130
200.305,2034
200.135,1207
200.305,3098
200.43,2033
200.3,1686
200.37,1361
200.47,2282
200.42,1625
200.34,2270
200.35,2994
200.45,693
200.37,1111
200.43,3578
200.275,3858
200.19,4352
200.035,1587
200.065,5044
200.105,2203
200.095,6632
199.75,3175
199.87,4329
199.825,1531
199.94,5569
200.01,2157
200,3594
199.97,2689
199.89,1382
199.965,2948
199.98,3651
199.94,2768
200.09,2320
200,3691
200.19,2700
200.02,1760
200.11,3346
199.995,7361
199.98,8712
200.09,1300
199.965,4102
199.765,3301
199.69,2879
199.95,1710
200.14,2099
200.1,2783
199.99,773
200.135,682
200.12,830
200.13,2046
200.1,1281
200.045,1239
200.03,2921
199.965,3525
200.09,5509
200.04,2510
199.825,2920
199.67,1331
199.655,1412
199.905,4812
199.81,1117
199.92,1954
200.15,1471
200.21,2150
200.17,1238
200.03,1529
199.915,955
199.96,1555
199.82,4247
199.945,2511
199.88,1731
199.93,1422
199.865,3027
199.835,3590
199.65,3830
199.69,2404
199.675,2023
199.72,3103
199.6,3157
199.48,5312
199.49,2874
199.625,4914
199.89,1317
199.85,1500
199.94,745
199.89,1675
199.88,1076
199.865,506
199.935,1680
199.73,1912
199.715,1396
199.68,1976
199.7,6023
199.85,1452
199.9,973
199.925,2276
200.04,2041
200.01,2186
200.1,2255
200.05,3123
199.93,2548
199.97,1940
199.66,1533
199.74,1744
199.7,2914
199.62,2796
199.78,2445
199.77,3237
199.865,1225
199.78,1679
199.85,676
199.82,1250
199.91,1528
199.895,1634
199.8,2519
199.825,1567
199.6,4839
199.61,2951
199.74,2054
199.66,3444
199.8,2332
199.9,1065
199.875,1376
199.78,1409
199.63,3188
199.71,1767
199.6,6501
199.38,2863
199.27,3129
199.17,2441
199.25,2658
199.285,1267
199.25,1361
199.19,6973
198.815,2648
198.92,1908
198.91,1313
198.975,2293
198.85,1507
198.9,1307
198.95,1727
198.85,1634
198.86,2312
198.86,4446
198.65,2055
198.715,3488
198.715,4154
198.865,5520
198.67,3876
198.715,3111
198.51,4279
198.7,1905
198.71,6826
198.8,2062
198.82,6664
198.93,3332
198.945,6728
198.85,2971
198.8,3774
198.75,4334
198.71,3554
198.5,2978
198.43,3141
198.36,3610
198.23,4347
198.34,6570
198.095,6206
198.225,2581
198.08,2876
198.04,8552
198.01,2185
198.13,4687
198.03,7210
197.98,3425
198.22,3882
198.05,4756
198.25,5657
198.19,3691
198.13,5693
198.13,5892
198.3,4429
198.37,4463
198.41,6697
198.36,7444
198.49,7650
198.5,5174
198.385,17857
198.43,8002
198.41,10144
198.62,6505
198.79,11549
198.575,26713
198.525,21837
198.76,9734
198.845,25073
198.22,59165
197.66,29833
199.395,25974
199.47,22095
199.84,29826
200.005,27997
200.09,10406
200.05,20880
199.88,32341
200.08,12468
199.38,8564
199.61,8377
198.57,26706
198.64,16225
197.91,13541
197.45,15997
196.73,20723
196.98,16948
196.66,16367
197.2,8984
197.36,19164
196.71,8803
196.56,12404
196.25,13614
196.19,10604
197.11,8028
197.05,9505
197.555,11828
198.05,9565
197.865,7328
197.78,17454
198.19,7585
198.25,5832
198.25,9295
198.57,3724
198.4,13572
198.505,11776
198.53,4887
198.23,5138
198.21,3755
198.42,11227
198.745,7003
198.445,10870
198.61,6041
198.18,6299
198.07,10674
198.16,9971
198.55,7661
198.56,7244
198.77,15256
198.82,6877
198.54,5943
198.58,9148
198.57,8401
198.65,4792
198.62,8071
198.53,4655
198.71,9350
198.905,7025
199.08,6920
198.95,5337
198.96,8597
198.745,6875
198.805,6173
198.57,5416
198.84,9211
198.85,4470
199.175,7708
198.98,7485
198.97,4908
198.815,6633
199.11,7791
199.09,12185
199.2,13756
199.42,7655
199.525,10720
200.04,9786
199.93,6662
200.15,10099
199.92,7274
200.29,8973
200.28,19160
200.33,5358
200.1,7836
200.06,6444
200.29,3820
200.45,6592
199.89,8196
199.84,6249
199.95,7087
200.14,7139
200.14,13170
200.5,8683
200.4,7764
200.52,6858
200.21,5659
200.43,4686
200.23,6651
200.24,7049
200.705,5894
200.71,7399
200.79,4162
200.78,2808
200.88,7026
201.235,5929
200.91,13709
200.855,27299
201.13,13494
201.13,7684
201.29,9185
201.53,7496
201.46,7235
201.49,5762
201.555,3990
201.29,6359
201.45,10497
201.52,8450
201.56,3474
201.39,5785
201.47,4803
201.08,4283
200.84,6892
200.935,12675
201.1,4791
200.71,9440
200.78,3156
200.87,10526
200.92,5851
201.035,4498
201.165,5925
201,3838
200.8,4367
200.95,2661
201.035,8408
200.85,2466
200.74,4350
200.57,3517
200.605,4666
200.99,4094
201.03,2149
201.01,2878
201.25,3014
201.345,2848
201.46,4377
201.31,1723
201.615,4021
201.59,3439
201.5,4165
201.225,2601
201.35,1779
201.3,8117
200.91,8042
200.9,2945
200.88,1441
200.99,4693
201,4360
200.85,2476
200.78,4526
200.91,3619
200.82,6055
200.67,4433
200.475,5140
200.165,21156
200.05,7729
200.11,5200
200.125,2972
200.09,3716
199.92,6363
200.04,6901
200.23,1035
200.165,2657
200.085,2643
200.01,7890
199.67,5190
199.73,4154
199.955,2442
200,3403
199.97,3777
200.005,2574
200.04,5648
200.47,3993
200.24,5751
200.18,5745
199.965,1272
200.08,5104
200.01,1869
200.13,1460
200.05,2835
200.08,1760
200.02,3941
199.93,3827
199.78,7988
199.79,4405
199.81,8510
199.53,7098
199.26,11354
199.2,12781
199.275,7882
199.155,6100
199.415,8221
199.45,4945
199.35,2821
199.37,3395
199.11,4418
199.05,3562
199.03,1614
199.145,3404
199.28,2451
199.55,1234
199.44,2907
199.64,4255
199.55,2911
199.67,2486
199.52,2731
199.63,3113
199.6,4609
199.44,2807
199.325,3256
199.235,2932
199.27,1934
199.24,4874
199.105,3087
199.28,3475
199.31,3541
199.495,3921
199.39,3712
199.205,2916
199.26,2070
199.255,4149
199.62,3676
199.51,5256
199.76,3623
199.92,6548
200.22,3493
200.135,3311
200.03,1374
200.12,1423
199.94,5268
200.14,3438
200.32,3155
200.32,4578
200.215,3613
200.24,5260
200.38,1635
200.47,4471
200.575,4900
200.55,5831
200.705,4612
200.67,3857
200.76,5395
200.91,11318
201.215,5465
201.095,4213
201.11,1000
201.14,1515
201.11,2582
201.105,4842
201.07,4045
201.065,7208
200.78,4498
200.83,1604
200.71,3338
200.84,3640
201.09,2649
200.955,2615
201.15,7364
201.22,2778
201.31,6674
201.22,5753
201,2739
200.96,3392
200.86,4976
200.83,6672
200.985,7013
201.09,3092
201.105,2767
201.13,3916
201.08,3926
201.18,7368
201.1,6464
201.055,4352
200.9,6156
201.09,4059
201.085,4947
201.07,4781
201.18,4287
201.28,6152
201.23,2479
201.41,2636
201.36,2530
201.36,3012
201.29,4051
201.34,3378
201.25,14280
201.23,5421
201.22,3261
201.16,4652
201.12,5251
200.99,4197
200.89,3559
200.9,1901
200.985,2269
201.125,3144
201.08,3545
201.035,4275
201.04,3648
201.07,3653
201.16,4213
201.1,3791
201.11,4471
201.165,6001
201.28,3288
201.375,2895
201.26,1869
201.27,1929
201.24,2096
201.18,2665
201.2,3051
201.19,4520
201.17,1182
201.13,3141
201.1,3424
201.03,5547
200.985,5643
201,3078
201.05,5175
201.08,8979
201,5318
200.95,7224
200.77,7663
200.86,5266
201.15,2405
201.15,2468
201.11,3671
201.01,2254
201.15,4013
201.21,3884
201.21,3064
201.12,3994
201.1,3013
201,4477
201.13,4422
201.01,4510
201.09,4521
201.11,5491
201.19,6083
201.12,3761
201.1,1557
201.1,2277
201.02,4285
200.85,3558
200.785,2316
200.765,2061
200.755,5376
200.7,5749
200.735,6270
200.74,2925
200.87,9629
200.63,7377
200.58,7178
200.575,7606
200.5,3513
200.46,2144
200.46,2229
200.435,3808
200.4,5235
200.55,6844
200.66,3990
200.58,3949
200.47,4012
200.45,3943
200.55,4203
200.62,5943
200.73,4544
200.75,5165
200.75,3840
200.66,3542
200.78,8606
200.77,8210
200.975,12474
201.11,15120
200.86,11377
200.7,10027
200.77,10012
200.91,10404
201.04,9234
201.11,10737
201.22,14948
201.18,22355
201.16,27140
202.07,40534
203.51,17696
202.855,7232
203.21,11455
203.74,20856
203.625,41281
204.385,34556
203.735,26987
203.775,11356
204.475,24412
204.345,18792
204.375,10019
203.965,11177
204.445,7210
204.84,12831
204.53,15198
204.935,8747
203.89,10496
204.04,9638
203.915,6815
203.56,12297
203.685,5760
203.84,6483
204.38,5612
204.44,9489
204.83,9036
205.14,4769
205.34,7596
205.23,9177
205.4,7629
204.77,9842
204.66,6728
204.64,4317
204.68,2757
205.005,5683
205.195,6713
205.64,6966
205.67,4989
205.635,4187
205.625,9934
205.53,7827
205.425,4793
205.495,6216
205.52,2894
205.8,3437
205.76,9730
205.69,3473
205.435,2357
205.555,7210
205.57,3184
205.52,3203
205.63,5341
205.89,26726
205.82,10139
205.72,13081
205.7,4826
205.88,6839
206.07,2746
206,4374
205.73,2942
205.78,4668
205.795,4721
205.76,2931
205.71,4205
205.86,5419
205.71,3657
205.89,3807
205.92,5481
206.075,5315
206.17,5220
206.04,5952
206.15,4917
206.35,4969
206.48,7228
206.52,2616
206.46,6662
206.365,2775
206.345,4201
206.2,5538
206.51,4186
206.355,2057
206.38,3832
206.535,4255
206.46,4195
206.62,2856
206.77,4584
206.765,2534
206.78,2136
206.79,6086
206.55,4012
206.47,3207
206.29,7075
206.24,3685
206.25,5662
206,7782
206.31,6952
206.295,3406
206.28,2840
206.335,6761
206.29,13095
206.28,2827
206.41,2554
206.56,2924
206.645,10415
206.52,9801
206.78,4230
206.845,6242
206.77,6243
206.715,4173
206.61,5564
206.5,2676
206.365,6573
206.39,5882
206.25,5407
206.265,7658
206.22,3982
206.1,2438
206.07,3112
205.96,5943
205.92,5116
205.9,4898
205.94,5911
206.18,2183
206.14,3684
206.025,2737
205.98,1932
206.06,1984
205.96,2982
206,1782
205.92,2598
205.85,1813
205.79,2005
205.87,3719
205.805,3385
205.82,2017
205.82,3051
205.86,1133
205.88,2806
205.9,1572
205.8,1627
205.81,2473
205.79,3610
205.745,6220
205.69,3077
205.64,2627
205.64,2926
205.595,3046
205.62,2990
205.55,3020
205.59,2195
205.56,2126
205.56,2430
205.65,2662
205.7,2724
205.75,2607
205.875,2713
205.99,2664
206.175,3341
206.18,2400
206.04,2113
205.975,2983
206.035,18686
206.01,10727
205.94,2715
205.99,2246
206.04,2884
205.975,5680
205.985,3034
206.1,8123
206.04,1029
206.12,1558
206.18,2355
206.12,2394
206.07,1534
206.085,2279
206.03,3053
205.86,1976
205.76,727
205.84,1733
205.785,1091
205.79,494
205.82,2984
205.93,1732
205.9,1727
205.82,1316
205.77,7564
205.76,4186
205.73,3193
205.75,7471
205.8,3224
205.94,1507
205.94,1289
205.945,1290
205.91,2431
205.935,534
205.94,2898
205.82,4936
205.705,5474
205.67,3350
205.815,2315
205.835,627
205.86,1646
205.88,4499
205.93,2643
206.11,2537
206.06,1864
206.06,2270
206.055,3633
206.05,2683
205.93,4360
206,1488
206.14,2192
206.31,1599
206.36,2214
206.37,2181
206.26,1091
206.31,2436
206.245,1536
206.19,2209
206.1,2669
206.085,2812
206.075,2620
205.975,2361
205.96,2818
205.85,3189
205.86,1582
205.81,2453
205.835,3192
205.92,1104
205.99,2174
205.91,1402
205.92,3821
205.87,1044
205.91,1776
205.81,4119
205.775,2866
205.75,944
205.73,3470
205.67,2116
205.67,2716
205.68,4078
205.67,1212
205.68,2696
205.705,1796
205.715,2675
205.8,1992
205.83,2570
205.84,4193
205.79,2063
205.67,826
205.62,1191
205.57,1438
205.48,3577
205.2,2818
205.08,2635
205.2,1766
205.265,2219
205.18,4005
205.175,1775
205.33,1993
205.34,2058
205.245,2413
205.25,2906
205.26,7220
205.46,2941
205.55,1779
205.61,1318
205.51,878
205.635,1638
205.67,3015
205.485,2870
205.46,5307
205.48,4946
205.45,13689
205.52,4930
205.655,4397
205.62,1430
205.54,624
205.6,1192
205.8,2107
205.865,2930
205.87,4822
205.87,1764
205.76,1605
205.81,1149
205.68,2524
205.665,1302
205.675,1355
205.6,1170
205.73,1095
205.74,970
205.75,1756
205.82,2913
205.86,1906
205.76,1350
205.62,2223
205.66,6706
205.53,1877
205.35,2010
205.265,1124
205.38,3971
205.1,3442
205.03,2615
205.05,2261
204.96,2191
205.02,2072
204.98,4474
204.79,1744
204.75,2428
204.76,2693
204.74,3938
204.87,3093
204.965,3381
204.63,2781
204.6,1450
204.57,2253
204.74,813
204.84,2337
204.865,2710
204.71,2089
204.635,2516
204.62,1914
204.705,2178
204.55,3410
204.575,2099
204.5,2893
204.57,2898
204.53,2702
204.305,5942
204.27,2604
204.43,4198
204.49,4607
204.615,2860
204.68,1710
204.68,6094
204.51,2665
204.53,931
204.53,1947
204.585,1680
204.48,1909
204.395,1937
204.495,1488
204.425,1486
204.38,1473
204.47,1403
204.49,2146
204.17,1398
204.22,1272
204.28,3363
204.47,1950
204.42,2603
204.32,1387
204.37,1439
204.34,4114
204.435,2308
204.46,3409
204.41,2436
204.55,2428
204.49,2960
204.46,1299
204.41,3972
204.69,2604
204.71,3341
204.67,3453
204.69,3855
204.8,5042
204.79,3664
204.85,2881
204.865,4875
204.865,8454
204.875,5691
204.81,6313
204.88,11189
205.07,10414
205.18,4763
205.305,9869
205.16,4350
205.185,3770
205.08,3636
205.14,7467
205.16,10866
205.17,3606
205.25,5577
205.14,7393
205.165,7432
205.165,24209
205.16,11513
205.185,19301
205.085,24384
205,30066
203.8,8532
204.615,6331
204.205,4426
204.65,4307
204.79,2890
204.39,6810
203.79,3907
203.775,1936
203.38,1565
203.34,2252
203.13,8120
203.33,912
203.085,4089
203.11,5519
203.42,4556
203.61,3783
203.28,2099
203.78,3242
203.65,2749
203.91,1867
203.96,6433
204.36,2786
204.38,1257
204.45,2857
204.475,4314
204.525,2911
204.95,3070
205.11,5507
204.915,3321
204.68,2721
204.08,6932
204.49,2734
204.59,6527
204.66,2737
205.03,19925
205.26,3979
204.91,3939
204.555,2719
204.61,2001
204.73,1587
204.69,2203
204.81,1881
204.63,2544
204.55,2041
204.55,3945
204.5,2316
204.575,2303
204.74,3816
204.69,2927
204.29,1686
204.35,3236
204.665,1933
204.19,2366
204.36,2552
204.25,927
204.3,7481
204.31,1515
203.94,2240
203.94,1560
203.78,1934
203.69,3269
203.91,5636
203.97,2561
204.03,2085
204.15,2754
204.18,2409
204.04,1606
203.975,1073
204.04,1299
204.305,2263
204.19,2091
204.14,1175
203.9,1731
204.01,9252
204.015,4466
204.31,1839
204.135,2086
204.26,4100
204.4,1620
204.415,1457
204.35,1196
204.16,2271
204.09,2480
204.19,4840
203.95,3576
203.84,5114
204.155,2932
204.41,4679
204.46,2115
204.52,4856
204.54,10049
204.695,4046
204.9,7122
204.705,4055
204.76,1837
204.71,3619
204.59,3457
204.64,4806
204.555,2598
204.78,2384
204.91,4220
205.04,3357
204.81,10185
205.105,3822
205.175,1352
205.195,3177
205.335,3026
205.22,4330
205.44,6321
205.335,1652
205.32,9958
205.4,3693
205.365,1784
205.36,2532
205.48,4896
205.575,6564
205.19,2242
205.32,3207
205.3,8532
205.29,3872
205.28,3793
205.32,1378
205.46,4147
205.27,5054
205.175,3191
205.185,4702
204.94,4678
205.235,4761
205.29,2302
205.33,2315
205.35,1928
205.28,3893
205.245,2728
205.27,2523
205.315,5914
205.08,7412
205.21,2437
205.18,2256
205.21,3756
205.065,4411
204.76,5635
204.735,2872
204.63,1817
204.625,4836
204.79,8432
205.065,2249
205.08,2299
204.99,3149
204.93,3354
205,3119
205.14,2036
205.18,4527
205.14,5648
204.98,4303
204.92,3175
204.935,4099
204.97,4140
204.945,5958
205.13,4214
205.1,3581
205.055,3453
205.17,3343
205.095,10134
204.785,4240
204.805,2783
204.82,2539
204.63,691
204.775,2544
204.915,1323
204.9,1442
204.94,2261
205.17,1798
205.14,1044
204.89,970
204.95,1851
204.82,1142
204.77,1328
204.6,2074
204.41,681
204.49,366
204.48,1891
204.475,3566
204.5,1449
204.525,2448
204.44,1956
204.45,1181
204.64,636
204.585,1580
204.585,0
204.42,1039
204.32,1064
204.39,1300
204.42,1294
204.36,2074
204.22,2431
204.16,2894
204.235,692
204.17,3534
204.075,2585
203.96,2357
204,2169
203.975,2894
204.055,1502
203.87,1134
203.93,1056
203.96,688
203.98,1137
203.96,852
203.85,1048
203.895,1941
203.88,726
203.98,945
203.85,1420
203.88,1659
203.96,2170
203.915,1200
203.95,1065
204.05,1427
204.06,607
204.13,771
204.185,884
204.18,1914
204.08,1774
204.085,297
204.12,1528
204.215,797
204.225,1591
204.01,2984
203.97,862
203.94,2091
203.865,1987
203.84,340
203.76,1187
203.8,1923
203.94,985
203.89,1637
203.92,826
203.9,771
204.04,964
204.11,930
204.155,835
204.24,2261
204.235,2664
204.25,2621
204.145,3333
204.2,5066
204.21,1753
204.25,2728
204.195,2795
204.15,2800
204.23,2040
204.23,3022
204.13,861
204.06,1353
204.2,784
204.16,1657
204.27,3008
204.35,798
204.44,1185
204.43,1360
204.51,608
204.57,2163
204.53,2319
204.63,1337
204.57,575
204.62,1124
204.68,1574
204.75,578
204.72,1911
204.87,1667
205.05,911
204.99,1852
204.99,4123
204.97,1902
204.935,1385
204.9,1088
204.92,1580
205.01,1681
205.06,2858
205.07,3309
204.99,1747
204.99,3291
204.94,3461
205.03,2067
204.965,3432
204.975,2398
204.925,3127
204.9,2926
204.87,3475
204.85,2126
204.955,5041
205.02,3372
204.915,5029
204.955,4588
204.99,3142
204.93,1571
204.925,2005
204.64,3091
204.55,1005
204.46,4320
204.35,3065
204.38,4095
204.39,5546
204.5,1469
204.42,1793
204.455,2597
204.43,2901
204.26,2672
204.2,5214
204.145,2538
203.935,3311
203.98,7057
204.1,2097
203.995,3947
203.99,3047
203.99,2892
204.09,2191
204.03,1886
203.965,257
204.01,533
204.01,1889
204.115,775
204.22,1610
204.02,1029
204.02,2421
204.12,1192
204.285,4241
204.36,3607
204.22,4197
204.19,5596
204.07,6177
204.14,10270
204.135,3502
204.17,3683
204.31,3707
204.28,1113
204.165,2194
204.145,1037
204.2,1662
204.15,3432
204.185,4319
204.12,4688
204.1,1777
204.2,3509
204.12,1285
204.14,1296
204.04,1945
204.1,2094
204.06,1277
204.19,1549
204.43,2829
204.38,2153
204.33,645
204.345,984
204.26,2346
204.25,1119
204.21,728
204.215,2753
204.18,6551
204.12,4359
204.25,3154
204.33,3223
204.28,2450
204.35,4503
204.32,1723
204.335,3451
204.33,2862
204.37,6126
204.25,2990
204.23,3319
204.26,3527
204.315,3666
204.31,5271
204.47,2758
204.46,2306
204.455,6917
204.46,11047
204.765,4203
204.78,4178
204.84,4497
204.86,7068
204.93,8226
204.76,7071
204.78,7716
204.75,9523
204.69,12147
204.64,15003
204.655,13864
204.825,18369
204.865,27155
204.745,15350
204.95,10089
204.735,5556
205.665,7737
206.18,6750
206.28,8459
206.265,16728
206.255,9309
206.1,8152
205.72,3946
205.82,3876
205.99,2426
206.52,6706
206.78,5855
206.6,1867
207.08,4176
207.27,7751
207.47,6719
206.8,7244
206.68,4185
206.17,4383
205.96,4079
205.88,4315
205.89,3118
205.95,3670
205.905,3211
206.07,1761
205.905,4445
206.165,3486
205.84,8225
206.21,6230
206.585,8457
207.74,10057
208.11,10080
207.99,26924
209.4,28858
209,27650
208.54,12469
208.535,7658
209.38,11788
209.43,11050
210.04,12117
210.15,20457
209.94,19491
209.88,20686
209.935,19087
209.5,16850
208.78,7901
209.14,15350
209.32,4466
208.75,1966
208.95,3726
209.25,4787
209.46,8706
209.21,3858
209.37,8133
209.05,7621
209.29,5807
208.8,7868
208.56,8738
208.405,12769
208.41,10591
208.98,15967
208.33,12973
207.97,9157
208.24,2924
208.18,5143
208.45,6050
208.885,9210
208.965,7843
209.08,12611
208.63,8315
209.19,7159
209.29,14337
209.34,10043
209.59,8640
209.72,9734
209.65,11213
209.99,13740
210.18,7987
210.315,12005
210.25,6889
210.12,4160
210.37,7510
210.31,6014
210.29,4071
210.3,9156
210.52,6969
210.44,4774
210.72,7892
210.895,8414
210.57,5717
210.82,7673
210.945,7492
210.65,4110
210.4,7070
210.15,3505
210.15,4862
209.95,4091
209.8,2836
209.68,6767
209.34,5000
209.43,4744
209.69,3576
209.44,4490
209.4,6162
208.94,3987
208.97,6801
208.61,9155
208.72,8544
208.73,5000
208.74,4341
208.51,11324
208.47,6949
208.7,3832
208.23,5545
208.27,2816
208.35,3071
208.17,8242
208.245,7765
208.05,4528
208.23,3771
208.24,9506
208.71,5084
208.52,3157
208.4,7987
208.25,7515
208.43,3225
208.4,2505
208.66,2442
208.83,1373
208.97,1575
208.98,1288
209.08,1374
209.235,4628
209.22,3684
209.34,2969
209.47,3775
209.51,4106
209.505,3371
209.53,3234
209.41,2414
209.175,3041
209.4,3626
209.5,3168
209.55,1279
209.46,1730
209.54,1976
209.525,5959
209.44,2971
209.195,2121
209.27,1549
209.28,11488
209,6028
209.03,4188
209.07,1736
208.92,4156
208.955,1497
208.8,1397
208.74,3209
208.58,4162
208.26,3370
208.25,1467
208.08,6726
208.12,6990
207.89,6861
207.44,3434
207.5,7972
207.44,8941
207.2,5818
207.21,6224
206.98,4762
206.92,3421
206.93,2831
207.18,5020
206.89,4217
207.15,3144
207.265,3678
207.585,4311
207.695,2381
207.82,4927
208.09,1273
207.88,3702
207.93,4574
208.1,4172
208.22,2544
208.26,8991
208.12,2736
208.19,7772
208.47,6041
208.45,1866
208.56,2038
208.48,1198
208.48,5676
208.5,3807
208.64,10613
208.945,4645
208.71,7706
208.72,3172
208.91,5871
209.02,3351
209.14,2150
209.07,2948
209.33,2609
209.33,1489
209.2,4503
209.16,3035
209.525,1931
209.45,6708
209.7,3079
209.58,3240
209.755,5756
209.54,3490
209.47,2142
209.4,976
209.245,844
209.48,1091
209.595,4550
209.7,4326
209.54,1922
209.6,3149
209.62,4345
209.56,7104
209.73,4434
209.46,2107
209.38,1957
209.26,1316
209.43,2350
209.38,2211
209.15,7751
209.045,1032
209,3741
208.92,1310
209.36,2890
209.1,6256
209.22,3499
209.27,2006
209.235,5113
209.225,1707
209.39,2817
209.19,6492
209.33,2265
209.625,1351
209.63,5040
209.91,4542
209.71,4405
209.405,6524
209.895,5611
209.77,1716
209.77,2824
209.62,5901
209.98,2830
209.905,2609
209.79,1864
209.79,13187
210.25,10238
210.71,11976
210.88,10836
211.14,18752
210.81,6293
210.84,10131
210.83,5204
210.85,4578
210.97,3249
211.06,2308
211.07,3586
211,3035
210.94,1990
210.9,4602
210.46,4283
210.29,3057
210.36,2657
210.32,2127
210.28,1792
210.385,5416
210.26,3513
210.3,1929
210.18,1928
210.21,2785
210.11,2063
210.26,3840
210.05,1994
210.04,1707
209.9,1923
209.87,2069
209.795,2382
209.78,2964
209.8,3960
209.815,1586
209.72,1309
209.8,2685
209.84,2737
210.08,1130
210.01,2103
210.015,2149
209.98,1801
209.9,1106
209.87,1905
209.84,4358
209.66,3081
209.78,5984
209.86,4090
210.045,1976
209.93,898
209.9,1731
209.92,899
209.8,830
209.83,511
209.875,1404
209.92,1074
210.05,1637
210.055,4887
209.99,1495
209.83,1586
209.795,851
209.86,1711
209.88,617
209.925,5346
209.95,2977
209.84,697
209.96,3292
210.03,5466
209.9,2285
209.84,3258
209.84,1047
209.8,2285
209.61,3898
209.56,3485
209.35,3140
209.405,2674
209.34,2601
209.43,6883
209.655,4038
209.73,2625
209.78,2643
209.84,2954
209.935,3310
209.955,2840
209.98,2124
209.95,1692
209.98,3496
209.94,3616
209.865,1768
209.815,1992
209.92,2134
209.94,2342
209.94,4700
209.94,2241
209.78,2616
209.69,2057
209.75,1427
209.75,3010
209.625,2577
209.74,3602
209.55,2585
209.71,2058
209.62,6066
209.48,2802
209.555,3873
209.495,1599
209.45,1468
209.55,2281
209.61,3927
209.49,2422
209.495,2958
209.41,1967
209.43,5430
209.485,5583
209.47,4943
209.685,5339
209.75,2810
209.74,3017
209.79,1075
209.68,2909
209.785,4269
209.8,4720
209.83,3927
209.78,3923
209.77,7370
209.87,4878
209.81,10611
209.995,8987
210.125,6971
209.97,10101
210.08,11119
210.12,11254
210.18,18862
210.225,17883
210.09,27008
210.17,28955