113.165,2921
113.56,6822
113.68,1778
113.835,1736
113.755,2817
113.97,3659
114.185,1239
114.26,2390
114.14,1847
114.19,3159
113.745,1366
113.85,1359
113.94,1926
113.95,1234
113.71,1563
113.85,1175
114.05,1463
114.01,867
113.97,1002
113.93,1065
113.95,203
114.05,564
113.945,602
113.705,369
113.835,701
113.755,847
113.69,550
113.67,690
113.745,766
113.655,1231
113.68,2905
113.64,1936
113.665,1200
113.625,1834
113.66,2344
113.73,2115
113.335,823
113.37,839
113.38,858
113.43,529
113.445,830
113.47,1638
113.43,479
113.46,761
113.5,1480
113.45,970
113.3,1103
113.28,512
113.29,874
113.39,864
113.505,492
113.61,508
113.58,261
113.695,638
113.625,1883
113.615,1002
113.59,1060
113.7,525
113.72,478
113.68,114
113.68,1765
113.81,670
113.795,293
113.795,0
113.795,0
113.99,1537
113.99,0
113.94,508
113.91,1126
114,789
114.1,486
114.08,326
114.08,382
114.08,1634
114.08,0
114.08,0
114.16,309
114.16,0
114.18,113
114.165,993
114.175,937
114.15,470
114.175,642
114.03,638
114.04,115
114.1,213
114.115,336
114.12,709
114.045,600
114.045,220
114.05,1053
114.14,420
114.03,547
114.02,400
113.945,582
113.92,575
113.965,1002
113.94,824
113.84,793
113.83,717
113.79,2124
113.775,2600
113.655,465
113.74,301
113.735,257
113.64,431
113.55,271
113.56,778
113.395,599
113.4,745
113.26,1879
113.31,695
113.38,464
113.5,144
113.5,0
113.5,0
113.6,339
113.6,0
113.63,115
113.64,613
113.67,110
113.67,208
113.62,496
113.63,475
113.63,241
113.645,168
113.63,188
113.63,0
113.45,405
113.49,206
113.48,154
113.48,0
113.475,129
113.475,0
113.42,872
113.43,729
113.45,104
113.445,663
113.46,304
113.43,368
113.455,818
113.445,675
113.45,480
113.37,243
113.335,573
113.22,1745
113.225,1749
113.17,4468
113.265,4195
113.31,2045
113.315,2440
113.47,294
113.47,0
113.48,421
113.54,321
113.505,613
113.59,274
113.65,608
113.61,889
113.67,543
113.695,357
113.68,100
113.61,688
113.59,558
113.59,300
113.675,702
113.62,956
113.62,314
113.62,0
113.62,0
113.62,0
113.62,308
113.615,820
113.58,507
113.59,605
113.575,204
113.52,1442
113.58,500
113.57,3797
113.61,1233
113.65,1124
113.69,3152
113.63,5427
113.61,286
113.61,0
113.55,1135
113.505,645
113.46,742
113.49,847
113.455,224
113.36,1914
113.3,200
113.28,816
113.32,1124
113.34,2093
113.24,3143
113.26,222
113.25,203
113.29,307
113.29,200
113.27,450
113.3,5147
113.38,727
113.37,111
113.31,579
113.25,1014
113.35,481
113.35,2191
113.305,657
113.3,376
113.325,705
113.325,0
113.325,0
113.175,2203
113.155,511
113.16,2611
113.23,400
113.24,1932
113.2,720
113.2,251
113.2,0
113.16,1284
113.21,822
113.19,677
113.19,0
113.13,743
113.12,708
113.17,474
113.185,726
113.225,1928
113.225,0
113.08,1454
113.1,1146
113.1,0
112.97,983
112.9,2729
112.86,1678
112.785,3815
112.76,665
112.73,2767
112.7,1107
112.745,482
112.77,653
112.91,228
112.905,457
112.98,656
113.015,510
113.03,241
113.015,453
113.13,145
113.13,109
113.13,0
113.09,107
113.09,0
113.05,106
113.13,340
113.15,333
113.15,0
113.16,640
113.22,401
113.22,670
113.235,107
113.225,216
113.18,211
113.17,308
113.1,379
113.13,113
113.045,367
113.05,188
113.03,408
113.08,655
113.09,502
113.05,1641
113.06,1159
113.105,1359
113.11,1903
113.14,1194
113.175,1202
113.13,1692
113.12,1300
113.105,1338
113.13,1045
113.19,1298
113.19,0
113.17,1303
113.17,0
113.17,0
113.08,120
113.11,1163
113.1,298
113.09,1895
113.01,306
112.97,1047
112.91,544
112.95,767
112.985,415
112.945,1099
112.91,556
112.88,537
112.91,965
112.81,506
112.73,2596
112.76,405
112.71,1000
112.75,685
112.655,948
112.67,801
112.55,932
112.44,520
112.44,596
112.425,730
112.35,1716
112.27,353
112.245,1028
112.3,817
112.195,339
112.255,1109
112.415,299
112.4,1277
112.465,722
112.5,721
112.525,304
112.525,0
112.585,423
112.52,2190
112.48,1506
112.52,399
112.485,1434
112.39,565
112.42,2333
112.4,2868
112.43,1247
112.475,806
112.43,709
112.455,1632
112.46,1111
112.455,528
112.53,607
112.59,705
112.6,450
112.65,221
112.66,193
112.71,518
112.69,513
112.62,698
112.64,677
112.675,759
112.635,1384
112.615,712
112.62,206
112.635,362
112.61,253
112.61,0
112.63,840
112.65,579
112.65,431
112.69,363
112.69,692
112.65,1701
112.645,1414
112.64,814
112.72,1264
112.64,965
112.66,1407
112.61,800
112.55,1060
112.53,991
112.51,753
112.53,755
112.54,585
112.5,1620
112.52,1181
112.52,1238
112.52,2099
112.545,4339
112.67,1966
112.56,1438
112.525,1350
112.53,1709
112.605,2596
112.75,6342
112.98,7551
113.005,4115
112.99,6065
113.06,4696
113.13,5383
113.09,11678
113.165,15309
113.15,19127
113.23,25341
112.685,406
112.71,1402
112.74,317
112.605,300
112.51,1778
112.45,1153
111.845,845
111.845,0
112.37,469
112.37,0
112.14,630
112.25,825
111.955,664
112.095,1106
112.02,459
112.06,1320
111.87,1058
111.885,1549
111.615,2577
111.73,101
111.435,2352
111.28,2035
111.33,1318
111.155,1529
111.35,942
111.49,1062
111.655,465
111.83,1606
111.705,1714
111.705,0
111.64,1033
111.345,343
111.355,9591
111.55,5406
111.41,4464
111.5,855
111.59,783
111.52,3582
111.57,757
111.545,13634
111.51,6602
111.41,2366
111.365,1055
111.175,9888
110.99,9460
111.235,2057
111.195,3847
111.03,8939
111.1,3090
111.155,8845
111.265,3013
111.37,1682
111.345,1530
111.305,1927
111.305,0
111.36,2290
111.41,1115
111.405,1927
111.43,1567
111.485,1115
111.63,2501
111.63,511
111.7,250
111.71,1022
111.655,399
111.785,580
111.81,692
111.79,502
111.675,2509
111.7,382
111.63,447
111.72,456
111.72,0
111.575,405
111.52,150
111.5,216
111.55,190
111.55,0
111.585,202
111.59,214
111.53,143
111.51,407
111.5,139
111.5,0
111.44,166
111.54,656
111.61,506
111.6,760
111.55,1053
111.565,229
111.625,2636
111.695,188
111.76,426
111.715,1213
111.62,1179
111.625,510
111.55,466
111.57,359
111.605,423
111.67,1110
111.675,1339
111.565,193
111.54,521
111.63,841
111.63,0
111.565,408
111.5,1007
111.48,594
111.57,254
111.615,124
111.515,177
111.48,170
111.46,549
111.57,828
111.565,185
111.56,101
111.56,0
111.575,713
111.55,519
111.485,483
111.52,115
111.54,367
111.45,302
111.46,496
111.46,0
111.46,0
111.565,283
111.65,106
111.65,6286
111.55,712
111.56,1223
111.575,806
111.58,478
111.55,300
111.535,280
111.435,1123
111.38,280
111.375,305
111.37,10048
111.59,121
111.58,261
111.615,181
111.53,662
111.525,677
111.51,100
111.5,200
111.54,3507
111.53,1723
111.555,1024
111.555,0
111.555,0
111.49,122
111.56,155
111.56,103
111.6,272
111.58,273
111.58,0
111.58,0
111.655,157
111.65,323
111.65,0
111.65,129
111.665,185
111.685,252
111.685,0
111.695,1143
111.61,1091
111.605,1438
111.7,138
111.665,299
111.61,256
111.61,0
111.61,0
111.67,295
111.7,298
111.66,211
111.66,0
111.645,225
111.68,470
111.65,1021
111.65,449
111.57,706
111.59,312
111.59,200
111.56,200
111.565,562
111.565,0
111.52,2863
111.475,782
111.5,504
111.51,1007
111.5,725
111.495,1324
111.47,949
111.44,154
111.46,971
111.465,1201
111.43,708
111.51,1984
111.51,399
111.5,514
111.465,848
111.43,196
111.405,727
111.4,34359
111.445,4246
111.36,3639
111.26,321
111.26,4910
111.19,394
111.22,3928
111.31,275
111.345,106
111.34,603
111.46,773
111.365,5510
111.34,217
111.34,413
111.4,871
111.37,616
111.39,259
111.335,206
111.355,681
111.3,413
111.3,0
111.06,600
111.02,2202
111.015,685
111.05,1386
111.01,2080
110.995,2737
110.91,3592
110.95,1900
110.98,458
111.005,519
111.06,488
111.02,1237
110.98,1088
111.025,901
111.12,385
111.06,200
111.06,0
111.13,1956
111.09,658
111.04,483
111.02,1011
111.025,304
111.04,437
111.25,124
111.25,0
111.22,400
111.21,512
111.23,303
111.185,290
111.175,230
111.15,690
111.205,207
111.195,230
111.195,0
111.19,1938
111.26,1072
111.22,772
111.145,487
111.16,748
111.16,0
111.125,958
111.055,604
111.09,217
111.05,1443
111.06,975
111.07,537
111.08,2112
111.01,905
111.095,438
111.095,482
111.09,302
111.09,870
111.06,226
111.06,6881
111.015,926
111.02,623
111.04,821
111.06,218
111,204
111,2160
110.98,1241
110.96,553
110.97,1944
111.04,680
111.01,204
111.02,658
111.03,709
111.08,1310
111.13,362
111.11,596
111.09,359
111.16,478
111.15,410
111.12,782
111.115,425
111.075,410
111.1,610
111.185,977
111.185,0
111.17,235
111.125,795
111.08,765
111.04,715
111.01,948
111.05,102
111.03,690
110.93,1860
110.93,0
110.92,917
110.93,379
110.87,1482
110.86,356
110.86,0
110.825,641
110.82,682
110.76,998
110.84,273
110.84,1479
110.79,300
110.805,615
110.81,300
110.83,1421
110.82,843
110.83,211
110.815,121
110.755,323
110.67,1629
110.685,1122
110.68,2841
110.69,1406
110.735,1898
110.825,863
110.78,467
110.75,366
110.75,2209
110.77,1300
110.81,852
110.715,1825
110.725,1473
110.7,1628
110.71,1145
110.73,1057
110.79,414
110.75,1099
110.705,1250
110.7,397
110.68,2512
110.66,1090
110.71,469
110.725,608
110.71,493
110.68,1195
110.63,1421
110.67,1888
110.65,779
110.62,979
110.59,962
110.59,804
110.61,714
110.61,2440
110.61,1177
110.675,929
110.605,1035
110.61,421
110.615,1107
110.665,1317
110.64,918
110.785,2174
110.69,800
110.64,2267
110.74,2838
110.72,2435
110.71,1351
110.715,2658
110.64,1602
110.6,3124
110.655,3429
110.665,3297
110.63,2819
110.91,3066
110.985,6014
110.92,7485
111,8261
110.965,12177
110.995,13688
110.995,0
112.01,272
111.94,592
111.765,351
111.89,1141
111.96,663
112.255,836
112.355,370
112.305,220
112.235,425
111.96,581
111.875,2561
111.815,1710
111.79,501
111.64,2487
111.585,4702
111.62,706
111.74,1354
111.77,545
111.72,795
111.655,1436
111.71,362
111.73,728
111.69,506
111.6,1267
111.71,2721
111.365,829
111.44,416
111.47,1612
111.44,1753
111.425,683
111.55,386
111.69,305
111.695,262
111.775,531
111.77,963
111.72,200
111.705,502
111.7,1673
111.58,954
111.465,795
111.605,743
111.54,1223
111.575,492
111.595,651
111.57,1287
111.63,578
111.63,0
111.63,0
111.59,210
111.59,0
111.61,1115
111.62,834
111.64,2388
111.58,507
111.6,652
111.6,0
111.64,686
111.64,0
111.68,721
111.68,0
111.75,855
111.62,480
111.61,564
111.68,933
111.55,697
111.55,0
111.495,277
111.48,279
111.455,342
111.47,357
111.45,415
111.45,0
111.45,0
111.465,802
111.555,234
111.555,103
111.62,241
111.59,349
111.68,361
111.72,905
111.62,101
111.61,107
111.625,812
111.565,112
111.53,101
111.53,0
111.5,106
111.49,262
111.49,215
111.55,382
111.59,124
111.505,501
111.56,116
111.555,195
111.545,568
111.445,335
111.3,743
111.37,273
111.37,0
111.34,103
111.34,0
111.34,0
111.3,484
111.36,278
111.315,375
111.29,184
111.29,0
111.355,403
111.355,0
111.3,300
111.33,107
111.33,301
111.34,211
111.315,227
111.34,849
111.34,0
111.34,0
111.5,325
111.505,748
111.46,379
111.43,380
111.43,638
111.45,554
111.38,1251
111.38,187
111.38,0
111.35,301
111.35,0
111.4,217
111.425,128
111.46,162
111.46,100
111.465,407
111.465,0
111.41,119
111.41,0
111.46,100
111.49,619
111.42,768
111.42,0
111.37,518
111.315,807
111.43,116
111.47,701
111.485,332
111.47,985
111.52,125
111.48,209
111.54,245
111.55,633
111.53,238
111.53,0
111.53,0
111.575,183
111.625,223
111.625,0
111.73,277
111.735,775
111.53,121
111.615,306
111.655,440
111.655,166
111.65,344
111.65,0
111.645,661
111.66,201
111.675,143
111.7,218
111.68,1045
111.7,421
111.765,186
111.755,229
111.725,712
111.695,268
111.695,0
111.695,0
111.7,124
111.685,689
111.62,441
111.63,818
111.6,1153
111.535,679
111.465,217
111.45,1359
111.47,961
111.42,1227
111.455,790
111.42,519
111.47,1444
111.48,631
111.475,502
111.465,781
111.465,0
111.5,1137
111.54,466
111.52,957
111.575,730
111.575,0
111.49,1578
111.46,328
111.49,271
111.57,105
111.51,366
111.49,225
111.47,518
111.475,417
111.475,0
111.475,0
111.475,222
111.46,206
111.46,0
111.51,199
111.585,302
111.61,491
111.595,347
111.62,195
111.62,0
111.62,0
111.62,0
111.62,0
111.62,0
111.575,1469
111.56,376
111.46,512
111.46,0
111.43,201
111.43,0
111.43,0
111.46,317
111.49,244
111.445,264
111.46,206
111.48,295
111.49,503
111.485,738
111.49,1595
111.5,112
111.5,896
111.5,895
111.57,430
111.59,136
111.58,578
111.58,0
111.55,150
111.52,302
111.48,274
111.41,408
111.41,0
111.39,242
111.39,0
111.42,217
111.42,0
111.5,189
111.475,249
111.445,173
111.41,345
111.45,310
111.45,0
111.4,257
111.43,247
111.43,0
111.47,210
111.47,0
111.47,409
111.455,344
111.425,313
111.46,155
111.46,153
111.445,128
111.44,175
111.42,330
111.45,1185
111.45,0
111.455,437
111.46,174
111.46,0
111.57,107
111.57,0
111.575,222
111.575,0
111.59,256
111.59,0
111.55,130
111.575,330
111.575,687
111.575,0
111.575,0
111.575,0
111.575,0
111.555,107
111.56,331
111.56,0
111.56,398
111.525,386
111.525,0
111.55,102
111.535,143
111.55,317
111.55,106
111.55,0
111.59,159
111.55,433
111.56,973
111.65,231
111.65,0
111.6,277
111.61,147
111.675,126
111.7,262
111.7,0
111.69,410
111.72,621
111.7,802
111.75,185
111.77,181
111.77,0
111.81,390
111.885,335
111.88,142
111.88,148
111.88,0
111.82,284
111.8,290
111.8,0
111.78,462
111.79,761
111.79,0
111.77,308
111.755,393
111.75,420
111.77,612
111.79,1204
111.845,377
111.855,579
111.855,1065
111.88,258
111.88,0
111.88,0
111.88,0
111.8,201
111.8,236
111.8,916
111.79,391
111.8,109
111.8,381
111.75,2436
111.76,2318
111.84,631
111.815,778
111.81,2034
111.81,0
111.92,1255
111.855,714
111.87,1620
111.895,574
111.825,1509
111.85,244
111.845,849
111.83,566
111.815,516
111.865,1427
111.805,697
111.83,923
111.84,746
111.81,270
111.825,3304
111.685,1230
111.64,1330
111.615,605
111.615,0
111.6,1042
111.59,2287
111.64,351
111.63,309
111.665,1611
111.675,971
111.695,774
111.67,688
111.615,1092
111.63,2416
111.54,1565
111.52,1650
111.51,1555
111.49,3774
111.485,4454
111.32,5644
111.37,4363
111.365,6840
111.305,13945
111.67,535
111.405,433
111.28,611
111.545,471
111.33,1828
111.485,964
111.15,2815
111.23,1391
111.14,539
111.06,574
111.105,576
111.085,1595
111.1,2158
111.18,810
111.21,335
110.995,1158
110.915,945
110.9,700
110.835,2053
110.995,357
110.995,0
110.995,0
111.255,467
111.3,172
111.185,866
111.12,1460
111.095,576
110.94,718
111.04,1744
110.98,1002
110.94,341
110.935,1307
110.91,407
110.86,576
110.94,951
110.95,606
110.91,612
110.89,263
110.89,767
110.97,102
111.055,554
111.04,910
111.06,548
110.99,636
111,1142
110.85,800
110.77,705
110.525,1328
110.57,382
110.59,1006
110.615,1050
110.54,971
110.54,0
110.18,1311
110.325,801
110.27,530
110.24,1136
110.25,553
110.165,507
110.17,325
110.08,1811
110.12,2171
110.165,1524
110.28,352
110.34,696
110.375,229
110.42,732
110.38,511
110.38,0
110.285,1408
110.43,306
110.555,1219
110.525,588
110.525,0
110.59,877
110.62,447
110.65,538
110.625,791
110.61,560
110.66,406
110.655,558
110.685,309
110.67,2140
110.69,2556
110.62,1831
110.575,866
110.53,1166
110.565,932
110.565,0
110.64,300
110.7,512
110.695,891
110.525,1473
110.505,404
110.47,1045
110.48,954
110.445,232
110.455,386
110.505,462
110.445,1420
110.44,354
110.475,1932
110.58,2345
110.565,837
110.61,5660
110.585,2020
110.555,1379
110.64,2376
110.55,1474
110.61,961
110.615,400
110.595,443
110.63,1487
110.61,919
110.62,1465
110.66,1756
110.62,1653
110.675,725
110.67,466
110.655,1112
110.69,817
110.695,1204
110.785,305
110.74,803
110.645,605
110.68,844
110.72,313
110.66,170
110.635,213
110.65,985
110.615,831
110.69,463
110.76,100
110.755,569
110.79,156
110.78,239
110.81,688
110.83,209
110.86,359
110.84,453
110.805,2151
111.12,371
111.115,132
111.04,652
111.05,205
110.945,163
110.92,313
110.94,323
110.895,605
110.84,531
110.835,668
110.805,169
110.8,207
110.815,506
110.8,330
110.855,376
110.83,1432
110.82,1244
110.735,805
110.72,182
110.715,408
110.68,1144
110.645,1154
110.61,203
110.61,1007
110.61,0
110.61,206
110.55,381
110.5,548
110.515,209
110.575,381
110.56,475
110.53,297
110.51,1039
110.47,290
110.475,915
110.51,170
110.505,519
110.46,632
110.45,233
110.44,383
110.395,715
110.265,582
110.3,383
110.225,239
110.205,702
110.125,472
110.07,467
110.08,100
110.085,812
110.105,361
110.085,456
110.155,1781
110.18,7119
110.12,266
110.2,103
110.16,416
110.165,163
110.2,103
110.215,335
110.255,330
110.25,769
110.26,880
110.29,228
110.32,496
110.31,425
110.315,368
110.28,300
110.265,512
110.315,252
110.38,354
110.315,317
110.32,396
110.32,0
110.38,384
110.33,302
110.285,526
110.275,601
110.29,316
110.23,112
110.22,492
110.2,1348
110.18,892
110.25,571
110.3,1231
110.375,1849
110.365,982
110.39,223
110.48,889
110.61,499
110.6,214
110.515,294
110.575,383
110.525,800
110.615,724
110.585,714
110.5,373
110.47,281
110.43,357
110.42,1112
110.435,106
110.5,974
110.48,821
110.5,1200
110.5,300
110.47,255
110.47,0
110.465,356
110.38,1015
110.4,100
110.415,558
110.415,0
110.385,318
110.33,511
110.33,0
110.37,304
110.375,101
110.395,304
110.33,164
110.325,449
110.32,746
110.33,526
110.36,134
110.345,210
110.33,225
110.29,1102
110.295,112
110.285,253
110.28,434
110.28,299
110.23,953
110.13,1183
110.17,657
110.18,972
110.195,935
110.21,642
110.225,284
110.225,227
110.23,904
110.235,541
110.25,441
110.23,536
110.265,205
110.295,630
110.315,376
110.33,281
110.33,0
110.36,259
110.395,377
110.395,110
110.41,245
110.405,208
110.37,405
110.36,813
110.41,1097
110.425,134
110.41,220
110.415,234
110.43,844
110.51,671
110.505,773
110.5,2054
110.485,611
110.505,204
110.5,920
110.505,714
110.505,0
110.5,348
110.475,610
110.5,1922
110.44,114
110.48,474
110.48,762
110.475,1411
110.48,450
110.465,201
110.445,347
110.48,413
110.48,363
110.5,1676
110.62,200
110.61,756
110.56,730
110.525,1153
110.485,528
110.46,321
110.465,247
110.465,0
110.465,1235
110.485,3419
110.48,1340
110.5,892
110.495,1416
110.505,6201
110.615,414
110.71,786
110.735,308
110.715,469
110.68,466
110.67,1584
110.69,867
110.69,1317
110.725,675
110.7,1233
110.65,203
110.665,440
110.64,440
110.63,684
110.6,1186
110.64,922
110.64,1010
110.62,1259
110.62,432
110.6,425
110.64,1018
110.595,859
110.63,580
110.62,480
110.61,762
110.6,2388
110.56,797
110.61,1384
110.63,1043
110.65,595
110.67,799
110.62,700
110.65,2175
110.655,970
110.675,1235
110.66,863
110.67,811
110.66,774
110.69,1701
110.7,1633
110.675,653
110.685,514
110.62,774
110.615,703
110.6,444
110.6,0
110.69,1299
110.715,664
110.67,1531
110.6,1338
110.555,678
110.56,3887
110.64,2360
110.635,5145
110.595,2327
110.62,2572
110.62,0
111.025,6133
110.725,7456
110.77,2867
110.85,3290
111.005,6150
110.82,4912
110.88,2341
110.78,4981
110.675,4643
110.795,5087
110.815,911
110.64,2636
110.74,3505
110.57,3082
110.605,1631
110.96,982
110.855,2633
110.79,423
110.81,1629
110.835,2058
110.85,2188
110.85,0
110.755,697
110.81,100
110.75,1633
110.75,0
110.82,630
110.83,975
110.875,490
110.84,2363
110.77,292
110.77,1520
110.8,980
110.8,0
110.73,513
110.73,567
110.73,702
110.74,1056
110.78,1986
110.84,210
110.905,132
110.86,192
110.855,378
110.81,1771
110.81,0
110.735,1215
110.61,912
110.49,174
110.505,265
110.475,604
110.45,398
110.45,0
110.43,300
110.445,1260
110.445,0
110.33,331
110.33,0
110.405,1000
110.38,104
110.355,1632
110.51,400
110.46,100
110.515,206
110.49,502
110.49,0
110.485,1200
110.51,864
110.445,140
110.44,705
110.42,837
110.33,1955
110.3,400
110.385,203
110.375,621
110.39,128
110.39,0
110.355,105
110.36,294
110.285,305
110.245,511
110.25,771
110.215,630
110.17,2320
110.17,0
110.28,899
110.18,331
110.125,1625
110.08,903
110.05,827
110.035,2842
110.13,2179
110.1,193
110.045,776
110.05,1002
110.035,207
110.04,317
110.04,993
110.01,347
109.96,428
110,897
109.99,100
110,209
109.97,951
109.955,329
109.985,920
109.97,165
109.995,979
109.98,217
109.96,119
109.96,0
109.84,105
109.825,328
109.825,0
109.8,218
109.8,0
109.675,333
109.675,0
109.63,646
109.66,200
109.665,104
109.565,254
109.58,261
109.525,787
109.54,627
109.48,521
109.49,361
109.49,106
109.48,221
109.48,0
109.46,394
109.53,285
109.51,816
109.47,455
109.46,100
109.55,200
109.56,163
109.58,636
109.56,2243
109.64,413
109.565,1759
109.56,400
109.5,300
109.5,100
109.49,898
109.52,782
109.515,931
109.48,587
109.485,227
109.485,0
109.52,182
109.54,422
109.55,101
109.56,1184
109.58,922
109.555,400
109.6,340
109.6,422
109.7,334
109.61,435
109.66,400
109.755,352
109.77,618
109.815,631
109.8,506
109.92,415
109.86,338
109.885,105
109.885,0
109.885,401
109.9,327
109.93,391
109.87,773
109.915,100
109.915,0
109.89,832
109.89,261
109.89,602
109.89,0
109.89,218
109.87,132
109.81,425
109.81,1274
109.78,526
109.81,251
109.81,301
109.81,0
109.8,475
109.81,245
109.82,166
109.79,137
109.82,689
109.86,452
109.86,0
109.93,113
109.94,229
109.965,433
110.005,176
110.01,413
110.01,0
110.02,246
110.02,130
109.995,309
110.055,1705
110.055,0
110.055,0
110.065,402
110.065,0
109.99,362
109.94,290
109.98,250
109.98,0
109.99,749
109.99,0
109.98,210
109.95,846
109.98,319
109.98,0
109.98,0
110,377
109.99,322
109.99,0
110,1329
110.11,294
110.1,249
110.1,0
110.115,821
110.09,370
110.09,0
110.085,411
110.085,0
110.13,368
110.13,0
110.085,100
110.085,0
110.11,119
110.095,452
110.095,0
110.195,543
110.165,351
110.17,450
110.17,0
110.065,831
110.09,102
110.09,0
110.09,0
110.105,151
110.095,173
110.065,558
110.07,311
110.09,839
110.085,562
110.105,731
110.09,1379
110.03,175
110.01,445
110.015,471
110.04,1294
110.125,1058
110.17,2676
110.26,1289
110.27,634
110.175,333
110.11,507
110.11,0
110.05,134
110.02,102
110.05,1008
110.045,200
110.04,1081
110.125,1891
110.22,1379
110.095,656
110.085,974
110.15,291
110.2,837
110.145,794
110.16,200
110.19,827
110.19,0
110.12,100
110.12,0
110.12,112
110.1,315
110.01,182
110,258
110.02,591
109.9,1740
109.88,1055
109.87,900
109.87,777
109.85,156
109.85,361
109.85,0
109.8,127
109.76,727
109.64,274
109.56,630
109.48,1017
109.41,1195
109.095,2032
109.93,1866
110.175,4880
109.87,964
109.82,734
109.84,1260
109.75,183
109.69,683
109.655,519
109.64,191
109.635,376
109.63,673
109.645,122
109.68,1154
109.7,1643
109.7,0
109.74,369
109.76,361
109.76,967
109.82,455
109.82,0
109.79,781
109.79,0
109.765,209
109.79,245
109.74,277
109.74,0
109.58,819
109.63,215
109.625,956
109.56,723
109.67,508
109.64,788
109.65,456
109.715,147
109.72,326
109.67,225
109.685,195
109.695,433
109.74,1085
109.78,209
109.86,769
109.79,541
109.85,315
109.87,322
109.86,642
109.9,706
109.9,0
109.88,206
109.94,349
109.93,205
109.885,201
109.94,299
109.95,401
109.965,722
109.92,907
109.87,498
109.87,0
109.77,596
109.78,829
109.77,184
109.75,847
109.745,413
109.77,1692
109.75,218
109.725,1827
109.75,638
109.755,492
109.77,1236
109.735,1611
109.75,836
109.7,1980
109.7,717
109.67,1291
109.68,896
109.6,766
109.6,521
109.62,1305
109.73,706
109.75,1450
109.7,2108
109.73,2375
109.69,2185
109.7,2396
109.72,4497
109.77,4294
109.825,3802
109.825,5043
109.755,8137
109.655,7945
109.715,2990
109.86,6129
109.25,1596
109.15,1812
109.04,3661
109.275,5139
109.03,4640
108.92,3493
108.94,1901
109.07,986
109.08,1011
109.26,1187
109.425,635
109.25,1698
109.195,1832
109.055,1902
109.01,1461
108.9,2087
109.25,1936
109.22,1505
109.235,1332
109.27,953
109.18,459
109.25,874
109.335,1758
109.59,1700
109.635,3120
109.43,1516
109.57,3022
109.43,1031
109.57,2118
109.61,336
109.69,343
109.73,1130
109.705,465
109.96,761
109.96,504
109.925,482
110.08,2992
110.06,2202
110.01,571
109.94,1683
109.915,379
109.915,0
109.915,0
109.81,374
109.81,821
109.795,946
109.88,959
109.935,1038
109.835,1204
110.065,1414
110.04,1713
109.99,1149
109.875,1089
109.88,2004
109.99,4143
109.88,1629
109.96,901
110.08,1692
109.85,1557
109.93,580
109.825,1545
109.79,1336
109.8,894
109.9,1515
109.78,535
109.64,1717
109.8,1228
109.79,575
109.81,863
109.83,1212
109.89,468
109.915,536
109.88,768
109.865,690
109.91,990
109.92,919
109.985,212
109.81,390
109.88,2885
110.07,3566
110.11,798
110.18,923
110.075,2794
110.12,1094
110.33,842
110.4,652
110.45,1506
110.51,885
110.46,2075
110.33,560
110.2,899
110.2,827
110.18,702
110.09,1193
110.14,1112
110.17,370
110.26,1539
110.26,779
110.28,859
110.46,907
110.47,1408
110.55,950
110.54,1144
110.55,535
110.65,896
110.655,532
110.6,647
110.705,733
110.855,942
110.7,900
110.72,412
110.53,3008
110.6,1124
110.58,578
110.61,710
110.66,1241
110.745,804
110.74,399
110.765,1346
110.71,2019
110.67,730
110.715,439
110.69,369
110.645,707
110.595,662
110.54,809
110.555,263
110.545,364
110.51,492
110.575,417
110.545,435
110.605,933
110.64,1361
110.58,747
110.53,804
110.57,1271
110.63,511
110.615,599
110.66,866
110.63,568
110.675,622
110.625,802
110.63,613
110.69,861
110.585,458
110.64,205
110.56,881
110.635,956
110.69,2114
110.67,886
110.725,959
110.77,460
110.74,1310
110.73,804
110.7,700
110.75,647
110.72,417
110.66,128
110.76,1849
110.85,343
110.82,608
110.9,358
110.98,1118
111.04,826
111.07,1011
110.92,700
110.985,443
111.005,127
111.06,818
111.1,609
111.07,437
110.99,1220
110.98,660
110.88,680
110.86,465
110.92,509
110.945,292
110.995,2067
111.04,696
110.965,1070
110.98,707
110.885,534
110.93,605
110.92,1201
110.815,731
110.94,683
110.89,329
110.905,959
110.9,872
110.925,954
110.92,855
110.8,664
110.83,767
110.88,334
110.74,327
110.71,210
110.66,241
110.695,275
110.74,438
110.71,353
110.63,365
110.56,212
110.56,758
110.56,1009
110.6,100
110.6,226
110.585,358
110.51,214
110.51,906
110.415,523
110.22,509
110.42,246
110.345,932
110.37,1347
110.46,460
110.48,219
110.41,607
110.44,849
110.43,819
110.49,320
110.5,585
110.49,524
110.555,588
110.54,479
110.55,1673
110.54,771
110.55,403
110.605,1568
110.62,519
110.66,567
110.6,1091
110.69,220
110.64,201
110.62,527
110.64,326
110.685,459
110.53,757
110.6,1091
110.705,548
110.67,341
110.67,1023
110.67,0
110.64,300
110.72,635
110.71,354
110.755,781
110.76,549
110.72,376
110.72,1123
110.785,468
110.83,946
110.83,1231
110.83,455
110.795,391
110.77,549
110.81,594
110.82,711
110.785,1111
110.78,1130
110.77,633
110.79,968
110.78,715
110.77,516
110.72,908
110.82,1809
110.85,1855
110.92,326
110.9,495
110.88,587
110.77,970
110.87,1749
110.94,445
110.92,592
110.96,704
111.03,370
111.04,1068
111.08,250
111.08,373
111.07,944
111.09,521
111.06,1139
111.08,650
111.09,1080
111.05,470
111.08,840
111.13,402
111.15,563
111.095,631
111.08,371
111.065,766
111.08,964
111.055,1723
111.05,1556
111.05,1551
111.12,883
111.095,625
111.115,558
111.125,1187
111.1,1457
111,1327
111.17,637
111.18,1160
111.21,893
111.205,1040
111.26,447
111.27,603
111.24,1065
111.29,1233
111.3,1105
111.37,1942
111.37,1057
111.395,674
111.405,594
111.43,529
111.43,792
111.38,499
111.38,388
111.42,445
111.425,443
111.49,582
111.525,644
111.525,0
111.41,763
111.44,934
111.43,654
111.435,756
111.415,1322
111.395,760
111.3,701
111.31,502
111.32,692
111.34,432
111.36,148
111.36,1208
111.415,590
111.435,1027
111.4,793
111.38,781
111.36,516
111.35,1901
111.25,723
111.275,1549
111.28,791
111.275,559
111.21,953
111.235,152
111.185,405
111.215,916
111.255,1024
111.22,973
111.255,1081
111.23,1625
111.22,979
111.24,1102
111.26,563
111.25,678
111.285,1611
111.3,1532
111.315,1334
111.295,1476
111.335,1216
111.31,1081
111.32,693
111.3,645
111.325,760
111.315,1701
111.365,939
111.37,1924
111.39,1856
111.36,1608
111.25,925
111.25,0
111.25,1615
111.22,1518
111.24,1620
111.225,1713
111.255,1543
111.29,812
111.33,2394
111.35,2251
111.36,2756
111.41,3118
111.35,3970
111.39,4422
111.385,5633
111.505,8828
111.46,10370
111.63,14979
111.54,478
111.54,0
111.01,4645
111.83,12482
112.225,2220
112.045,6900
112.52,6227
112.29,4641
112.41,3701
112.655,1937
112.53,2390
112.435,3095
112.585,1122
112.48,1713
112.5,1589
112.46,2645
112.37,1683
112.29,2047
112.33,2089
112.335,946
112.32,207
112.27,1092
112.205,650
112,236
111.945,1194
112.105,1045
112.055,1541
112.125,925
112.15,2403
112.175,1972
112.265,2120
112.24,1571
112.14,902
112.1,2939
112.05,1186
112.105,701
112.095,1080
112.105,1531
112.18,970
112.28,445
112.295,1482
112.265,599
112.31,828
112.41,1172
112.24,407
112.34,841
112.205,1682
112.15,1278
112.235,1074
112.13,2710
112.05,1826
112.02,2251
112.05,743
112.06,394
112.02,308
112.03,169
112.02,123
111.97,691
112.04,1417
112.01,1619
112.065,913
112.04,622
111.97,1277
112.02,717
112.09,818
112.145,1222
112.11,757
111.935,110
111.935,0
111.94,933
111.925,488
111.98,1145
112.09,1038
112.21,520
112.22,974
112.27,1092
112.37,1613
112.39,1385
112.37,504
112.36,402
112.32,669
112.295,412
112.16,223
112.12,3164
112.01,1669
111.87,1550
111.81,2256
111.93,1978
112.12,901
112.03,745
112.03,510
111.99,465
112.05,946
112.115,737
112.105,917
112.09,783
112.11,406
112.1,1364
112.135,360
112.06,466
112.05,1089
111.96,3416
112.03,2330
112.12,1865
112.055,858
112.055,1373
112.08,1429
111.99,884
111.845,1337
111.845,2311
111.725,799
111.695,1673
111.715,2871
111.66,1781
111.65,1230
111.65,1518
111.795,1835
111.72,1878
111.82,1000
111.84,1514
111.74,1334
111.72,718
111.72,3317
111.795,1593
111.785,829
111.72,1330
111.705,1531
111.72,770
111.74,925
111.75,1257
111.69,1275
111.77,825
111.77,863
111.81,649
111.86,2257
111.87,813
111.775,397
111.805,1273
111.85,620
111.84,309
111.82,1740
111.81,539
111.84,877
111.83,1341
111.83,1440
111.9,620
111.925,265
111.91,961
111.83,318
111.865,827
111.9,639
111.84,500
111.87,1260
111.78,300
111.755,1606
111.63,213
111.58,288
111.57,475
111.49,951
111.56,805
111.56,1644
111.52,1689
111.49,1118
111.49,1275
111.57,642
111.56,1343
111.65,731
111.73,924
111.73,474
111.72,904
111.79,1396
111.79,1630
111.89,791
111.92,472
111.88,855
111.87,509
111.95,753
112.02,713
112.02,0
112.05,783
112.12,269
112.16,719
112.16,1339
112.205,683
112.07,304
111.93,465
111.96,276
111.99,646
111.98,400
111.96,326
111.965,756
111.99,415
111.97,767
112.08,535
112.04,1291
112.055,354
112.17,512
112.08,1304
112.075,570
112.085,487
112.085,0
112.03,809
112.1,335
112,867
111.98,500
111.92,1514
111.96,1761
111.97,762
111.93,833
111.96,900
111.92,2198
111.89,945
112,662
112.13,460
112.15,670
112.2,558
112.24,1143
112.21,1130
112.16,770
112.12,815
112.08,568
112.05,471
112.05,849
112.05,0
112.04,885
112.1,443
112.05,462
112.03,1446
112.06,506
112.04,497
112,1159
111.94,1769
111.92,962
111.88,1195
111.99,536
112.07,1070
112.095,347
112.115,819
112.1,1495
112.125,1135
111.975,1130
112.05,655
111.89,573
111.915,552
111.91,1195
111.855,1808
111.93,2178
111.98,977
112.06,393
112.05,562
112.15,847
111.975,216
111.98,317
111.99,1017
112.1,374
112.09,284
112.12,715
112.155,765
112.245,339
112.23,1183
112.32,1176
112.37,529
112.31,830
112.25,1861
112.31,757
112.36,1332
112.31,2234
112.28,917
112.345,2605
112.445,3578
112.32,1324
112.52,875
112.58,1097
112.52,566
112.56,458
112.64,810
112.665,942
112.66,431
112.49,685
112.38,367
112.44,262
112.45,359
112.44,820
112.37,485
112.42,461
112.375,1116
112.385,460
112.36,321
112.36,291
112.32,1113
112.365,948
112.42,1577
112.395,797
112.41,1167
112.49,928
112.5,1303
112.46,2371
112.54,811
112.53,786
112.575,2255
112.39,1344
112.27,1076
112.3,1211
112.38,1546
112.38,1719
112.44,1092
112.44,723
112.42,1172
112.36,579
112.375,844
112.39,809
112.35,531
112.26,1392
112.255,1024
112.33,748
112.32,725
112.25,1144
112.27,1869
112.31,1156
112.335,845
112.37,169
112.33,689
112.325,456
112.39,1878
112.47,1039
112.46,1537
112.435,1266
112.425,1976
112.36,1087
112.34,1721
112.2,939
112.205,1445
112.31,3464
112.295,1203
112.275,628
112.3,1709
112.39,1783
112.31,1129
112.27,707
112.36,896
112.375,2350
112.39,1805
112.295,482
112.29,1098
112.31,1356
112.315,3233
112.31,1997
112.27,1233
112.3,1211
112.3,1770
112.38,4451
112.28,2133
112.18,8140
112.15,6494
112.27,1346
112.27,4152
112.29,4638
112.315,1900
112.28,1433
112.265,3013
112.285,2210
112.245,3353
112.285,2163
112.28,3635
112.31,1976
112.215,4071
112.26,4118
112.24,3292
112.23,2362
112.31,1766
112.29,2716
112.425,3803
112.48,2347
112.44,5124
112.495,4135
112.58,5103
112.55,3296
112.695,3431
112.665,2846
112.695,5635
112.62,8485
112.64,7641
112.72,10992
112.69,7202
112.72,7915
112.795,19268
112.885,24014
112.88,27205
112.73,26664
112.795,30246
104.555,17977
105,32632
104.23,39162
105.79,33005
104.95,28762
105.02,10113
105.45,8872
105.36,12939
105.63,10370
105.62,6081
105.98,7838
106.15,7719
105.45,5016
106.02,4119
106.055,7527
106,9434
105.705,11083
105.97,3763
105.615,5418
105.75,2748
105.91,1375
106.1,2348
106.17,1345
106.505,2814
106.41,1583
106.18,5584
106.12,4183
105.91,2778
105.96,4918
105.94,4035
105.7,5024
105.64,3469
105.415,4630
105.545,1936
105.51,2243
105.79,1415
105.96,1925
105.55,1895
105.205,4921
105,2472
105.165,2672
105.2,6793
105.005,3234
104.79,4798
105.05,5512
104.91,4408
104.95,4301
104.98,1780
105.28,3155
105.285,3455
105.5,2128
105.34,3888
105.31,1728
105.26,2346
105.495,3801
105.6,2333
105.625,3736
105.545,1696
105.535,2757
105.36,5329
105.615,3936
105.45,1572
105.77,2114
105.85,7472
106.13,2351
106.26,4386
106.27,995
106.165,3414
106.51,3003
106.53,2925
106.39,1605
106.67,2331
106.705,1331
106.68,2300
106.57,1971
106.565,4429
106.73,1509
106.58,1363
106.65,4568
106.285,2993
106.285,2980
106.72,3427
106.88,573
106.785,1457
106.965,1660
107.005,1228
107.19,5324
107.475,6393
107.29,1828
107.28,2728
107.33,3193
107.2,1548
107.29,5557
107.385,5226
107.57,3927
107.555,3528
107.46,5599
107.62,3483
107.7,1172
107.44,4252
107.7,1435
107.73,2528
107.59,1776
107.545,2040
107.61,1317
107.79,1759
107.87,5191
107.835,1056
107.74,1821
107.87,721
107.8,1500
108.135,3301
108.295,1970
108.42,1300
108.53,4834
108.39,1316
108.13,1386
108.095,1529
108.085,2960
107.63,1956
107.815,1222
107.97,6383
108.17,1053
108.21,1780
108.125,1904
108.115,3088
108.325,877
108.115,889
108.36,313
108.33,795
108.13,661
107.815,1604
107.425,1678
107.455,1970
107.54,340
107.54,0
107.485,1440
107.405,6550
107.245,2071
107.44,3264
107.67,1692
107.835,1544
107.53,3060
107.5,618
107.485,1485
107.67,590
107.53,491
107.53,1480
107.47,2146
107.365,2877
107.4,1183
107.31,1813
107.245,2142
107.22,840
107.19,1555
107.35,653
107.195,2088
107.195,0
107.21,1849
106.9,1158
106.935,2130
106.765,1866
106.74,243
106.76,1532
106.62,1727
106.47,1453
106.57,1735
106.67,764
106.675,1536
106.53,2027
106.315,569
106.235,399
106.1,424
106.025,1892
105.975,919
106.08,821
106.18,569
106.21,968
106.155,1269
106.195,3066
106.1,923
106.08,1039
106.095,2095
106.2,2572
106.11,852
106.275,3423
106.16,1340
106.09,1517
106.09,3533
106.085,1103
106.145,2676
105.98,1730
106.11,2362
106.27,1458
106.165,368
106.1,1834
105.87,1491
105.715,1334
105.74,1163
105.66,528
105.5,1592
105.25,911
105.16,964
105.335,685
105.215,1235
105.07,899
105.09,520
105.04,1944
105.11,2121
104.96,245
105.03,608
104.96,766
104.835,247
104.795,994
104.84,1077
104.88,1378
104.87,605
105.015,1059
105.075,2292
105.345,1110
105.41,508
105.42,1292
105.4,2311
105.44,2171
105.43,2876
105.3,1978
105.21,1375
105.18,1666
105.24,1156
105.3,1282
105.215,1511
105.19,1212
105.205,1886
105.075,1067
105.19,720
105.22,695
105.15,1455
105.145,1366
105.105,595
105.01,1930
104.995,876
104.81,1929
104.85,994
104.86,1183
104.88,3449
104.945,742
105.01,584
104.91,4872
104.93,827
105.01,2324
105,1715
104.905,3231
104.785,1744
104.7,3395
104.58,2200
104.6,835
104.56,2445
104.65,1497
104.73,1691
104.84,1542
104.92,1354
105.01,1976
105.05,1955
105.045,2082
105.015,1219
104.9,2241
104.965,1425
104.665,717
104.63,1480
104.73,242
104.69,1231
104.575,2344
104.79,610
104.82,346
104.85,1289
105.04,2261
105.17,932
105.22,1220
105.225,1055
105.175,1186
105.15,1097
105.12,1715
104.97,1747
104.98,11214
104.9,2251
105.085,847
104.9,1767
104.95,502
104.985,1953
104.84,908
105.03,297
105.1,1891
105.18,1007
105.155,716
105.085,1579
105.115,1266
105.125,4104
104.895,1222
104.81,2075
104.58,3395
104.54,3161
104.425,9257
104.66,2045
104.64,1894
104.7,1648
104.8,927
104.83,852
105,1449
104.98,1348
104.94,1471
105.025,1277
105.01,1849
105.05,1879
105.06,1685
104.9,660
104.95,1904
104.94,2030
104.915,1006
104.83,1596
104.71,1473
104.69,2564
104.76,844
104.89,1393
104.835,1067
104.925,1110
104.9,1158
105.02,930
105,650
105.025,1581
105.195,2448
105.115,6515
105.42,3163
105.215,7371
105.16,6821
105.34,2818
105.32,921
105.365,1722
105.11,684
105.2,1280
105.33,1962
105.37,1559
105.45,2358
105.46,1151
105.24,1486
105.215,2132
105.26,1009
105.26,2764
105.125,2077
104.98,1671
105.08,888
104.9,1691
105.015,1372
104.97,1903
105.085,1458
105.22,1022
105.24,1075
105.17,1253
105.205,861
105.24,2244
105.16,2362
105.15,2845
105.065,672
104.82,2327
104.66,1062
104.58,1494
104.705,2705
104.64,2309
104.525,1701
104.595,1628
104.61,1937
104.62,1387
104.63,1596
104.62,3184
104.625,3982
104.655,1221
104.45,4104
104.65,2412
104.6,2494
104.55,2771
104.59,1381
104.55,5462
104.565,3479
104.62,5287
104.65,4682
104.68,6163
104.63,10470
104.64,10367
104.71,13227
104.48,9906
104.72,10957
104.78,7740
103.605,5155
103.175,7369
103.15,3926
103.83,4610
103.96,4470
103.76,3758
102.82,4429
103.27,1426
103.235,4222
102.88,6415
102.885,8733
103.205,5053
103.115,10441
103.12,5261
103.08,6840
103.06,6812
102.97,5667
102.8,3759
102.965,4869
103.03,3309
103.165,4559
103.145,4806
103.145,5303
103.21,2956
103.08,4719
103.125,4860
103.01,4240
103.17,4142
103.075,1946
103.075,4281
103.085,5237
103.07,4428
103.07,4488
103.11,3566
103.005,2762
102.985,3781
103.015,4704
102.84,4477
102.83,3334
102.84,4992
102.69,2454
102.7,2676
102.735,2439
102.785,3713
103.05,1845
102.97,1377
102.78,1567
102.85,3849
103.07,3274
103.27,1960
103.36,1607
103.205,1110
103.15,1387
103.135,1603
103.03,1268
103.175,4666
103.195,1674
103.165,2348
103.01,1996
103.005,1195
102.96,3120
103.04,2531
102.925,3004
102.87,1852
102.84,1958
102.69,2196
102.78,2303
102.8,2099
102.78,2010
102.78,2720
102.87,5648
102.95,7888
103.015,1891
102.93,2424
102.83,2525
102.82,1861
102.75,2041
102.675,1401
102.6,2068
102.82,1254
102.69,1999
102.68,1180
102.53,2042
102.58,2691
102.77,2374
102.805,2304
102.65,1487
102.595,5027
102.6,4193
102.67,4302
102.59,1246
102.59,1909
102.665,3570
102.59,1061
102.5,2175
102.5,1409
102.61,1203
102.585,1903
102.61,2082
102.605,814
102.53,1242
102.575,678
102.52,1395
102.51,472
102.49,1657
102.55,2758
102.685,827
102.76,316
102.74,1203
102.755,844
102.72,1042
102.73,564
102.72,479
102.69,646
102.65,4335
102.65,1533
102.62,1406
102.605,3685
102.43,4109
102.44,3027
102.54,1214
102.55,2258
102.67,1070
102.61,870
102.61,1532
102.57,728
102.47,1168
102.56,793
102.395,1813
102.54,15399
102.51,955
102.47,1021
102.485,447
102.51,656
102.495,1248
102.555,1101
102.71,1786
102.98,1405
102.98,1130
103.035,983
103.04,997
103.05,990
103.2,891
103.18,784
103.17,698
103.15,595
103.17,1093
103.195,2534
103.29,1490
103.42,1966
103.55,1884
103.49,2919
103.59,2123
103.625,2152
103.69,1441
103.74,3391
103.75,1030
103.84,914
103.91,2868
104.07,3846
104.115,3627
103.775,2515
103.77,2107
103.84,3257
103.85,2673
103.75,2433
103.87,1345
103.9,2259
103.915,3703
103.85,4309
103.97,2623
104.075,3749
103.99,714
103.925,1576
104.115,1670
104.05,1519
103.87,2407
103.775,829
103.65,1078
103.5,825
103.54,1538
103.515,1429
103.48,2848
103.555,2233
103.595,1073
103.72,1738
103.675,1695
103.785,2689
103.875,2656
104.05,795
104.13,11314
104.035,825
104,1314
104.045,841
104.07,2229
103.955,717
103.86,1429
104.095,1484
104.165,761
104.22,569
104.245,1057
104.13,970
104.27,1335
104.375,1919
104.615,2139
104.68,4776
104.68,1055
104.735,2034
104.79,6043
104.915,5314
104.935,15515
104.725,2959
104.605,3174
104.455,1554
104.33,2109
104.38,2207
104.28,3005
104.455,1996
104.37,2511
104.375,1704
104.23,1372
104.17,1351
104.09,3776
104.045,1701
104.04,2015
104.09,1481
103.86,1436
103.79,1722
103.87,1667
103.78,2050
103.775,3719
103.64,1758
103.645,1761
103.67,1359
103.52,1346
103.58,1888
103.605,1799
103.65,1453
103.77,2497
103.62,4168
103.935,4633
103.99,2475
104.03,1320
104.145,1020
104.18,1163
104.205,2512
104.085,1378
104,665
103.91,1594
103.9,1667
103.87,1512
103.76,2226
103.8,1478
103.86,1371
103.875,763
103.845,1468
103.745,1139
103.76,1124
103.87,1174
103.84,1650
103.75,1571
103.73,1772
103.65,633
103.66,485
103.745,2311
103.865,1623
103.755,2001
103.79,1664
103.86,3722
103.8,1625
103.79,1366
103.685,3113
103.68,1245
103.6,1619
103.64,2404
103.51,1417
103.515,2920
103.4,2584
103.38,1797
103.35,2930
103.39,2645
103.26,1616
103.265,2113
103.24,1194
103.305,1556
103.255,1524
103.195,2142
103.32,1447
103.435,1972
103.475,1860
103.43,2248
103.365,2464
103.36,1004
103.33,2099
103.565,1782
103.48,1121
103.355,2955
103.585,861
103.61,1108
103.51,2952
103.455,838
103.45,1450
103.45,2296
103.455,668
103.48,1532
103.565,1085
103.42,2171
103.42,2685
103.545,2174
103.52,2180
103.57,1078
103.52,1162
103.47,1371
103.545,1764
103.605,792
103.61,1696
103.55,1836
103.55,2928
103.54,1680
103.505,1798
103.58,2382
103.635,1207
103.62,1351
103.705,2512
103.685,1539
103.7,1300
103.55,1159
103.545,1996
103.64,1709
103.625,1904
103.68,2534
103.62,869
103.57,1801
103.6,990
103.62,1967
103.69,1798
103.59,3305
103.7,1224
103.71,1232
103.87,1277
103.875,1723
103.95,3965
103.875,4334
103.88,5801
104.005,4073
103.98,2866
103.915,2804
103.975,2719
103.97,5641
103.95,2012
103.835,2306
103.81,2612
103.83,4612
103.785,4565
103.69,1771
103.72,2484
103.83,1868
103.81,1105
103.885,2402
103.81,2530
103.855,2135
103.96,5834
103.935,4442
104.08,3870
104.13,3104
104.075,4052
104.02,1907
103.96,3112
103.98,1660
103.89,3828
103.93,2968
103.82,5312
103.82,2945
103.77,3650
103.89,4850
103.87,3810
103.86,4396
103.96,4645
103.925,2546
104.19,5717
104.15,4377
104.335,6358
104.52,7391
104.51,4982
104.63,11400
104.5,9680
104.31,11181
104.21,9976
104.315,13817
104.315,0
104.34,1331
104.37,1551
103.765,1720
103.84,1697
103.95,1105
103.915,3401
104.04,716
104.02,679
104.06,957
104.135,1396
104.64,2027
105.22,7749
105.6,8435
105.2,2128
105,2221
105.06,1777
105.445,1806
105.4,2373
105.43,1626
105.72,2602
105.935,2045
106,3320
105.82,1605
105.87,2515
105.97,4195
106.015,1126
105.9,1637
106.015,1824
105.955,2218
106.015,1891
106.06,4700
106.195,1505
106.05,1929
105.995,1666
106.04,3296
106.19,4439
106.23,4680
106.655,3868
106.87,3026
106.84,2745
106.91,2326
106.85,1172
106.84,1655
106.905,1285
106.925,2087
106.97,1522
106.995,3476
106.98,1259
107.04,1343
106.985,1841
107.06,925
107.035,999
107.16,1775
107.26,1911
107.265,1678
107.54,2638
107.475,3574
107.5,1203
107.64,2929
107.78,613
107.74,2248
107.975,3636
107.78,5054
107.73,1725
107.68,2495
107.65,3761
107.74,4352
107.63,1623
107.99,1425
107.99,0
108.08,1800
107.81,976
107.87,3619
107.84,1584
107.91,2264
107.88,784
108.015,1899
108.165,3607
108.125,4028
108.07,1197
107.9,626
107.86,936
107.86,0
107.955,603
108.07,1753
108.11,1343
108.04,813
108.01,1194
108.135,806
108.11,822
108.045,1999
107.915,855
107.785,2573
107.82,4594
107.78,1156
107.72,1837
107.71,656
107.65,4296
107.63,1036
107.55,1726
107.615,788
107.74,1465
107.91,1488
107.82,5483
107.88,1042
107.88,848
107.875,1224
107.89,1145
107.91,1188
107.86,630
107.94,362
107.855,3557
107.945,530
108.15,780
108.105,346
108.13,2718
108.32,1177
108.23,767
108.23,1991
108.195,673
108.175,899
108.33,1065
108.29,539
108.315,1833
108.33,2019
108.2,2993
108.25,1735
108.25,0
108.29,1745
108.24,2905
108.295,3068
108.21,1540
108.26,3034
108.41,2641
108.35,1896
108.295,785
108.27,1026
108.25,529
108.215,866
108.305,463
108.12,2922
108.02,1750
108.09,1202
108.215,1082
108.34,2174
108.535,2059
108.58,2932
108.5,1339
108.35,2752
108.29,1699
108.37,1951
108.43,1313
108.44,2062
108.41,1706
108.25,1062
108.22,998
108.145,4255
107.98,1198
108.08,3309
108.075,5118
107.935,3077
108.08,1284
108.04,1451
108.03,1485
108.1,810
108.07,1914
108,2403
107.92,1487
107.95,4014
107.84,2366
107.84,3929
107.91,2456
108.06,2127
108.18,3686
108.09,4143
108.16,702
108.06,2515
107.89,1284
107.84,1620
107.825,2829
107.74,1017
107.8,388
107.78,399
107.73,1053
107.82,1426
107.61,11765
107.65,3065
107.49,1357
107.37,911
107.23,1868
107.41,1187
107.44,203
107.335,783
107.34,1066
107.52,1276
107.435,1202
107.445,808
107.44,448
107.46,451
107.505,539
107.45,818
107.45,0
107.45,0
107.42,936
107.47,443
107.42,641
107.25,668
107.355,874
107.355,0
107.33,959
107.28,2260
107.17,954
107.15,3111
107.05,2856
107.165,871
107.22,2129
107.26,725
107.19,585
107.14,956
107.17,1655
107.2,811
107.24,2900
107.24,0
107.22,343
107.16,564
107.16,1046
107.27,533
107.3,702
107.2,451
107.2,0
107.11,2201
107.29,537
107.32,2494
107.365,347
107.5,179
107.565,346
107.59,764
107.59,0
107.565,661
107.56,455
107.39,901
107.38,471
107.29,442
107.23,383
107.3,1503
107.23,445
107.26,2313
107.295,374
107.3,984
107.3,0
107.435,961
107.455,370
107.49,182
107.49,0
107.54,1041
107.59,754
107.675,483
107.67,187
107.71,1972
107.765,1081
107.88,1259
107.835,3301
107.96,1325
108.065,876
108.165,1143
108.27,1675
108.45,749
108.4,1368
108.4,0
108.34,1610
108.27,833
108.08,2370
108.16,1388
108.275,1322
108.09,1360
108.27,1061
108.38,556
108.38,752
108.445,1084
108.35,867
108.335,284
108.38,797
108.33,532
108.34,859
108.205,473
108.2,959
108.2,0
108.23,1128
108.295,1557
108.21,4083
108.25,626
108.22,1187
108.275,1440
108.26,1329
108.295,958
108.325,1172
108.285,455
108.285,0
108.14,654
108.14,773
108.02,794
107.895,1060
108.1,443
108.105,441
107.93,125
107.82,417
107.82,0
107.87,490
107.875,509
107.77,645
107.74,508
107.73,736
107.73,0
107.675,544
107.705,370
107.76,556
107.74,650
107.73,1388
107.86,884
107.63,1084
107.595,1101
107.68,4190
107.62,1972
107.68,594
107.58,1097
107.47,1136
107.54,2885
107.335,4029
107.45,3562
107.33,2471
107.41,533
107.46,469
107.49,742
107.52,1053
107.6,6982
107.535,7440
107.555,2146
107.63,1982
107.62,1468
107.66,2442
107.785,2164
107.76,1836
107.72,1254
107.9,2808
108,636
107.97,2355
107.94,707
108.12,1568
108.115,975
108.13,1064
108.035,896
108.035,2558
107.945,1066
107.86,261
107.8,1176
107.75,766
107.66,1464
107.7,1489
107.66,671
107.47,762
107.53,1544
107.43,515
107.4,778
107.465,1441
107.485,818
107.49,175
107.48,921
107.43,1237
107.54,3302
107.485,2175
107.445,1458
107.46,1887
107.52,2876
107.52,2143
107.545,3786
107.58,3733
107.635,3768
107.69,2791
107.63,4580
107.735,5529
107.7,5962
107.655,5488
107.625,4202
107.66,7776
107.615,5629
107.56,14261
107.535,18672
107.47,17990
107.185,27749
107.215,674
107.55,1250
107.75,1691
108.1,265
108.06,3103
107.645,472
107.1,2060
107.43,995
107.56,1370
107.33,1529
107.225,2070
107,1363
106.965,2760
107.01,4500
107.14,5946
106.98,3710
106.95,4321
106.85,3126
106.73,1953
106.48,1470
106.78,4594
106.83,1578
106.87,2367
106.84,1006
107,698
106.97,340
106.85,4366
106.57,686
106.62,1323
106.505,1282
106.57,1515
106.32,1911
106.275,3652
106.23,569
106.22,1625
106.4,1505
106.4,1903
106.41,1938
106.46,1481
106.57,2724
106.555,1323
106.49,1025
106.48,724
106.42,793
106.53,857
106.37,1159
106.305,1621
106.29,1228
106.15,1542
106.23,1369
106.185,515
106,2543
105.96,768
105.89,1618
105.84,2428
105.855,502
105.74,451
105.76,1573
105.76,0
105.76,0
105.78,958
105.72,991
105.46,1058
105.48,300
105.42,565
105.46,581
105.26,732
105.36,1773
105.43,1762
105.555,1443
105.57,2142
105.485,1190
105.42,699
105.44,2073
105.45,2196
105.51,2005
105.38,816
105.435,258
105.455,1308
105.59,1010
105.65,2695
105.83,1235
105.78,1041
105.775,756
105.87,1652
105.66,503
105.72,754
105.72,2031
105.62,627
105.77,473
105.86,1021
105.79,1190
105.68,1663
105.54,2212
105.35,899
105.36,1998
105.32,401
105.27,1065
105.27,865
105.265,851
105.25,981
105.46,1246
105.35,694
105.29,1352
105.21,1109
105.21,0
105.39,1170
105.36,801
105.36,1750
105.32,326
105.28,296
105.28,0
105.28,0
105.28,329
105.28,0
105.28,6586
105.175,365
105.175,0
105.175,0
105.045,957
105,1443
105.125,325
105.17,1269
104.985,178
105.055,23092
105.11,290
105.22,552
105.16,1035
105.205,379
105.27,341
105.3,488
105.215,224
105.235,272
105.14,100
105.105,1326
105.13,560
104.985,515
104.92,292
104.87,371
105.03,434
105.055,372
105.225,215
105.145,1801
105.09,657
105.05,624
105.23,282
105.175,138
105.205,597
105.21,288
105.25,410
105.3,508
105.3,232
105.33,1063
105.33,0
105.22,263
105.25,2431
105.29,145
105.23,350
105.23,372
105.34,110
105.335,420
105.41,868
105.4,318
105.42,567
105.36,404
105.36,0
105.24,977
105.255,267
105.2,265
105.17,700
105.215,281
105.215,0
105.215,0
105.23,370
105.315,323
105.54,768
105.61,283
105.61,0
105.61,0
105.68,407
105.68,340
105.695,1757
105.63,1196
105.515,430
105.525,214
105.505,2944
105.69,324
105.71,737
105.705,507
105.715,193
105.75,114
105.72,1390
105.77,334
105.77,0
105.715,853
105.57,373
105.63,575
105.56,2321
105.44,1489
105.31,456
105.22,748
105.26,686
105.27,233
105.35,328
105.345,271
105.26,545
105.26,0
105.445,251
105.48,380
105.49,225
105.505,1387
105.62,1088
105.62,463
105.635,865
105.52,286
105.525,174
105.525,0
105.52,317
105.515,270
105.52,213
105.5,320
105.565,108
105.595,300
105.555,819
105.465,202
105.54,316
105.55,423
105.495,363
105.48,551
105.445,352
105.445,207
105.435,824
105.37,825
105.265,463
105.34,200
105.36,1708
105.28,485
105.31,171
105.215,362
105.255,202
105.255,557
105.325,1488
105.36,1172
105.33,1887
105.22,2460
105.11,265
105.21,637
105.095,468
105.19,684
105.18,498
105.185,105
105.13,550
105.2,1161
105.2,241
105.2,626
105.27,536
105.27,103
105.235,506
105.18,310
105.145,662
105.105,558
105.055,494
105.115,694
105.09,459
105.105,427
105.135,625
105.15,1157
105.23,832
105.34,363
105.42,923
105.26,779
105.34,998
105.26,1484
105.25,561
105.2,1101
105.275,365
105.29,231
105.235,826
105.105,378
105.11,321
105.24,482
105.27,354
105.33,430
105.45,1104
105.41,678
105.38,1092
105.34,504
105.36,616
105.365,614
105.39,804
105.49,820
105.47,750
105.45,409
105.46,1586
105.535,711
105.5,2671
105.455,211
105.45,1100
105.38,1750
105.36,735
105.28,2596
105.23,1126
105.25,2348
105.19,1890
105.195,520
105.26,602
105.26,1533
105.195,522
105.17,1636
105.18,677
105.165,648
105.145,871
105.21,1345
105.22,513
105.33,958
105.335,636
105.42,502
105.395,406
105.4,597
105.44,425
105.44,438
105.475,866
105.435,285
105.445,280
105.465,965
105.52,374
105.535,1069
105.51,1522
105.495,253
105.5,562
105.52,891
105.47,208
105.5,684
105.46,517
105.53,824
105.58,1916
105.55,1624
105.5,208
105.56,836
105.64,517
105.655,794
105.595,481
105.58,508
105.485,600
105.55,287
105.5,700
105.49,1525
105.49,244
105.5,426
105.53,441
105.49,466
105.49,0
105.43,306
105.39,372
105.39,798
105.31,1742
105.33,1297
105.245,706
105.315,346
105.315,0
105.36,520
105.325,733
105.25,398
105.21,594
105.28,434
105.165,1539
105.285,965
105.33,653
105.385,594
105.385,0
105.51,673
105.49,2033
105.54,1277
105.52,882
105.49,1658
105.435,1024
105.37,786
105.3,307
105.28,668
105.305,643
105.36,2222
105.31,2828
105.275,2314
105.25,1696
105.19,2515
105.21,2032
105.25,3983
105.295,2923
105.215,9800
105.06,8156
105.91,1704
106.54,2183
106.77,1053
107.09,616
107.195,1229
107.095,2313
106.91,802
106.81,360
106.84,1318
106.76,640
106.82,1272
106.915,2102
106.835,1322
107.01,1331
106.97,4343
106.895,2352
106.89,1272
106.555,1937
106.585,951
106.425,1839
106.41,1329
106.15,619
106.15,0
106.31,620
106.275,1398
106.475,668
106.41,543
106.53,242
106.64,1207
106.52,182
106.55,1039
106.695,1121
106.605,1438
106.45,1076
106.35,986
106.59,1039
106.58,812
106.56,1285
106.67,1490
106.725,929
106.75,2282
106.735,1097
106.84,969
106.59,3481
106.675,3456
106.67,1071
106.71,947
106.735,862
106.8,781
106.9,789
106.875,1494
106.935,3444
107.01,1126
107.09,1874
106.98,642
106.95,841
107.13,1303
107.055,1284
107,1980
106.95,2464
107.07,1749
107.04,1438
106.88,1184
106.705,620
106.71,527
106.9,820
106.95,6620
107.07,1662
107.205,2384
107.16,3092
107.06,1700
107.06,2234
107.12,929
107.13,3350
107.195,1937
107.13,719
107.115,902
107.24,1199
107.32,2188
107.25,798
107.11,1795
107.1,1363
107.06,255
107.055,582
107.01,1427
107.08,3366
107.065,599
107.11,1044
107.145,5640
107.055,2692
107.13,221
107.24,892
107.275,741
107.28,647
107.23,1323
107.25,404
107.24,752
107.24,1013
107.245,405
107.24,1362
107.255,1505
107.29,640
107.22,1167
107.18,1526
107.23,1150
107.265,2139
107.35,1452
107.35,631
107.365,1076
107.365,0
107.435,3285
107.505,736
107.61,1207
107.585,792
107.58,497
107.595,1225
107.605,1407
107.54,408
107.565,2239
107.61,2816
107.645,913
107.685,1440
107.7,492
107.71,378
107.745,1994
107.745,1048
107.705,1903
107.63,499
107.665,2365
107.79,1071
107.77,535
107.79,921
107.87,1601
107.86,626
107.88,525
107.92,2417
107.845,1310
107.85,485
107.7,2331
107.79,3623
107.8,2059
107.835,2206
107.86,1748
107.81,2554
107.86,733
107.84,1160
107.755,1610
107.75,2295
107.765,961
107.78,2915
107.84,3978
107.87,1744
107.87,2071
107.88,1161
107.935,452
107.945,1028
107.965,737
108.03,984
108.05,585
107.98,735
108.04,562
108.1,694
108.055,556
108,515
108.03,1580
108.11,2067
108.015,1928
107.995,1050
107.99,1917
108.055,915
108.065,604
107.985,490
107.975,403
107.99,1072
107.94,583
107.96,480
107.965,554
107.98,630
107.98,0
108.22,2933
108.35,867
108.27,722
108.365,856
108.425,2827
108.55,719
108.5,1509
108.495,1848
108.54,1171
108.64,1195
108.555,730
108.55,661
108.595,579
108.67,614
108.65,678
108.615,1107
108.595,1611
108.545,681
108.52,723
108.52,840
108.47,838
108.42,1087
108.55,1409
108.62,624
108.615,1328
108.59,1099
108.53,817
108.505,1229
108.44,289
108.495,1049
108.59,381
108.67,614
108.7,513
108.73,893
108.685,707
108.72,1329
108.61,497
108.625,501
108.51,717
108.48,434
108.525,631
108.45,1152
108.47,5600
108.5,3619
108.585,2406
108.47,1382
108.555,5627
108.555,0
108.45,2272
108.47,651
108.53,484
108.5,814
108.42,439
108.325,1302
108.55,222
108.54,946
108.54,0
108.44,425
108.435,906
108.39,573
108.275,2267
108.335,814
108.405,2053
108.355,240
108.33,734
108.23,1673
108.185,673
108.185,0
108.245,526
108.28,445
108.3,703
108.25,498
108.22,337
108.185,375
108.21,685
108.14,402
108.2,742
108.215,146
108.19,574
108.265,792
108.23,883
108.23,0
108.26,380
108.205,186
108.225,559
108.285,494
108.28,2371
108.14,295
108.065,102
108.06,1985
108.06,0
108.06,0
108.05,996
108.055,550
108.085,435
108.1,345
108.09,1597
108.03,1267
108.03,0
108.14,177
108.11,394
108.125,1522
108.15,2912
108.23,438
108.21,653
108.25,570
108.315,531
108.29,2227
108.365,317
108.355,690
108.34,401
108.35,522
108.38,337
108.4,443
108.45,933
108.45,0
108.42,334
108.42,0
108.37,250
108.42,417
108.43,563
108.44,220
108.47,256
108.48,570
108.44,1066
108.44,455
108.43,399
108.46,552
108.36,1034
108.45,368
108.45,433
108.39,872
108.38,241
108.38,0
108.375,912
108.28,496
108.28,2358
108.28,2132
108.295,1746
108.29,1408
108.31,969
108.3,300
108.3,308
108.29,950
108.295,2214
108.16,805
108.17,1211
108.15,682
108.15,1197
108.18,939
108.17,835
108.16,727
108.22,483
108.26,570
108.24,281
108.21,1653
108.21,592
108.14,420
108.14,250
108.115,462
108.17,439
108.18,486
108.19,2256
108.17,633
108.2,385
108.18,739
108.125,470
108.17,487
108.325,309
108.345,359
108.37,672
108.39,837
108.38,1427
108.435,1453
108.48,2096
108.51,4025
108.565,1152
108.57,766
108.61,1154
108.45,556
108.39,1906
108.38,1504
108.39,1623
108.35,699
108.44,384
108.4,656
108.36,1185
108.35,664
108.34,1187
108.34,0
108.4,1315
108.38,473
108.41,949
108.41,1489
108.41,2166
108.475,1435
108.52,833
108.51,2216
108.55,815
108.51,1891
108.495,4135
108.6,3111
108.62,2019
108.65,3593
108.74,3460
108.795,1349
108.89,1459
108.89,3206
108.87,6103
108.77,8550
108.765,17759
108.51,141
108.71,2445
108.63,3242
108.28,983
108.085,693
108.385,884
108,638
107.785,564
107.74,1560
107.79,2327
107.92,1100
107.88,2112
107.81,1277
107.86,1070
107.865,2438
107.66,1080
107.54,1372
107.32,1511
107.37,3066
107.45,933
107.335,876
107.41,1747
107.47,1109
107.445,1472
107.595,1057
107.75,2883
107.56,577
107.62,1410
107.77,3852
107.8,2960
107.755,2625
107.82,2254
107.83,1354
107.965,953
107.9,405
107.91,1414
107.82,1369
107.84,320
107.82,1038
107.79,204
107.8,1014
107.84,932
107.835,1247
107.76,549
107.76,1924
107.82,1931
107.87,1555
107.9,594
107.94,349
107.87,912
107.88,895
107.985,1256
108.005,1361
108,590
107.94,1234
107.87,1150
107.87,631
107.87,1335
107.87,1390
107.73,903
107.69,1827
107.79,1401
107.785,1157
107.74,1123
107.82,512
107.925,2674
107.97,172
108.04,2257
108.015,635
108.1,329
108.14,510
108.15,3474
108.09,4563
108.08,1764
108.07,1355
108.08,1309
108.14,1961
107.9,975
107.92,1603
107.84,352
107.84,0
107.835,1958
107.81,893
107.75,743
107.77,585
107.72,595
107.74,446
107.69,1079
107.77,1244
107.76,487
107.81,1268
107.79,579
107.72,1458
107.685,668
107.64,1601
107.68,399
107.63,819
107.57,2506
107.54,621
107.45,942
107.35,1494
107.42,652
107.42,326
107.34,768
107.32,3579
107.295,2425
107.25,896
107.3,917
107.315,694
107.34,1274
107.455,2833
107.3,804
107.34,1316
107.54,825
107.55,1223
107.51,407
107.535,880
107.57,519
107.51,616
107.59,1009
107.49,801
107.49,940
107.51,620
107.465,524
107.41,550
107.42,873
107.36,622
107.3,1571
107.28,1179
107.34,1230
107.405,824
107.4,693
107.505,516
107.58,365
107.58,1037
107.52,495
107.52,0
107.52,0
107.53,287
107.58,307
107.63,211
107.645,960
107.645,734
107.68,461
107.64,689
107.63,920
107.63,0
107.65,300
107.63,619
107.67,856
107.67,0
107.68,1343
107.54,825
107.595,830
107.575,667
107.56,384
107.57,2184
107.59,1150
107.67,1060
107.665,577
107.72,694
107.69,1503
107.77,1523
107.78,346
107.78,441
107.77,1268
107.755,1140
107.76,720
107.76,922
107.78,354
107.78,2214
107.775,320
107.73,381
107.725,699
107.75,503
107.76,1351
107.635,1204
107.715,618
107.72,1700
107.72,0
107.61,1352
107.73,1042
107.685,283
107.73,466
107.74,1052
107.74,1112
107.795,1641
107.735,1796
107.735,636
107.73,1347
107.7,306
107.68,179
107.67,621
107.7,666
107.695,963
107.615,492
107.605,534
107.605,0
107.61,711
107.63,1494
107.59,105
107.59,1203
107.53,318
107.55,251
107.56,273
107.57,485
107.62,788
107.58,556
107.585,592
107.58,758
107.61,1096
107.615,2261
107.565,1182
107.57,516
107.57,0
107.52,450
107.51,916
107.58,100
107.56,940
107.55,1286
107.62,707
107.56,1227
107.53,613
107.5,443
107.49,340
107.55,848
107.47,416
107.46,315
107.42,435
107.375,859
107.37,429
107.36,1367
107.305,1126
107.315,377
107.36,740
107.31,704
107.34,652
107.31,382
107.31,337
107.3,700
107.2,2948
107.3,566
107.31,468
107.29,452
107.29,0
107.305,109
107.31,621
107.31,0
107.225,674
107.25,657
107.25,0
107.27,211
107.255,582
107.28,1316
107.33,1220
107.35,341
107.31,218
107.29,400
107.3,291
107.3,676
107.26,1327
107.25,758
107.25,891
107.25,1410
107.25,1356
107.23,857
107.16,2599
107.09,2244
107.095,967
107.07,1535
107.09,689
107.05,1901
107,825
107.06,878
107.08,1248
107.04,1066
107.1,1689
107.055,876
106.975,926
107,483
106.97,1045
106.995,240
107.01,1301
107.03,493
107.055,711
107.055,645
107.075,652
107.075,1323
107.07,263
107.065,531
107.05,1077
107.05,1796
107.03,511
107.07,1399
107.1,651
106.985,344
106.98,1046
106.96,511
106.94,930
107,858
106.975,640
107.05,1207
107.03,1621
107.04,2294
107.05,1572
107.08,1769
107.05,1132
107.025,302
107.03,388
107.075,983
107.01,610
106.96,718
106.97,1851
107.04,1832
107.05,893
107.08,716
107.09,891
107.08,1463
107.075,1229
107.11,1275
107.105,546
107.105,1654
107.18,926
107.19,851
107.215,982
107.25,1057
107.18,735
107.15,2114
107.235,1074
107.23,1602
107.195,1267
107.24,911
107.22,920
107.255,693
107.225,2369
107.31,2660
107.34,1723
107.29,757
107.275,1176
107.28,2506
107.25,552
107.27,1176
107.25,650
107.28,1106
107.27,3380
107.26,1402
107.17,1149
107.17,924
107.15,1072
107.12,451
107.055,852
107.05,411
107.03,703
107.02,1421
106.99,1056
107,1715
106.97,541
107,2952
107.07,2950
107.12,3294
107.07,7594
107.095,2834
106.97,3983
106.93,788
106.83,2537
106.8,1610
106.87,1484
106.815,2016
106.85,1685
106.875,1514
106.955,2088
106.96,1770
106.98,1033
106.955,2400
106.95,1289
106.96,2715
106.92,1086
106.89,3283
106.92,3068
106.88,3325
106.85,6123
106.95,3817
106.955,3449
106.925,4156
106.83,3013
106.81,4662
106.91,4881
106.985,4635
107.05,11443
107.25,13370
107.88,1095
108.17,1176
108.95,1485
108.565,1379
108.37,1745
108.59,5000
109.06,2095
109.04,671
108.7,310
108.69,1038
108.86,928
108.94,1326
109.15,1032
108.925,1036
108.765,654
108.82,1210
108.79,1257
109.035,903
109.055,138
109.15,769
109.185,1454
109.26,1197
109.36,1889
109.59,2463
109.73,1178
109.69,906
109.64,1711
109.9,1530
109.81,2297
109.8,4792
110.03,1398
110.04,2968
109.995,7054
110.04,1352
110.05,627
110.055,1388
110.16,4484
110.33,2889
110.415,1923
110.49,2157
110.42,1532
110.45,5379
110.225,2265
110.24,3747
110.115,2340
110.22,1081
110.34,1594
110.39,2797
110.39,1727
110.415,1862
110.39,832
110.465,1179
110.42,2502
110.17,2003
110.14,4854
110.13,3060
110.07,874
109.95,1138
110,770
109.985,2146
109.99,1924
110.31,1942
110.17,696
110.175,1873
110.18,740
110.14,919
110.07,1778
110.155,2309
110.18,2906
110.22,636
110.28,1111
110.37,1314
110.4,1497
110.4,452
110.42,702
110.44,843
110.425,2709
110.43,1911
110.36,1344
110.285,3618
110.34,1315
110.36,1783
110.305,890
110.405,440
110.44,907
110.485,1805
110.52,2212
110.525,2633
110.6,1471
110.615,599
110.59,1325
110.63,2572
110.65,886
110.66,1410
110.66,1183
110.65,987
110.755,481
110.7,1368
110.66,782
110.685,653
110.675,3822
110.68,1078
110.66,1089
110.67,617
110.675,1641
110.625,2989
110.61,3377
110.65,821
110.66,1943
110.68,1167
110.67,1442
110.71,1918
110.71,1602
110.73,1745
110.72,510
110.72,687
110.74,1675
110.91,1893
110.89,720
110.87,1187
110.75,310
110.74,417
110.74,2093
110.765,1835
110.78,1358
110.815,1391
110.9,2110
110.8,2321
110.8,1564
110.785,1352
110.84,1680
110.84,583
110.925,6327
110.87,1155
110.77,715
110.8,821
110.79,458
110.78,1209
110.72,1130
110.72,3073
110.73,866
110.78,1604
110.855,1419
110.94,1570
110.94,1952
110.77,648
110.74,326
110.685,696
110.63,386
110.595,855
110.545,4530
110.6,1216
110.61,2801
110.6,4770
110.58,1724
110.68,699
110.75,3942
110.72,812
110.685,949
110.65,941
110.71,603
110.815,1321
110.86,2428
110.785,869
110.685,1216
110.66,1124
110.64,5562
110.36,301
110.38,1074
110.235,641
110.22,863
110.14,314
110.1,4131
110.08,981
110.04,1821
110.125,1341
110.19,347
110.18,417
110.145,633
110.11,774
110.035,479
110.11,2438
110.13,3784
110.17,211
110.185,274
110.17,734
110.22,2885
110.315,1012
110.25,980
110.18,1304
110.29,1188
110.26,406
110.26,484
110.26,0
110.235,318
110.26,1427
110.16,584
110.16,0
110.12,749
110.08,392
110.08,346
110.06,864
110.07,2795
110.125,291
110.11,1490
110.11,0
110.12,862
110.16,1881
110.15,2461
110.12,332
110.14,1033
110.12,694
110.12,0
110.21,1317
110.21,1419
110.14,426
110.145,903
110.17,708
110.165,2229
110.09,260
110.115,1037
110.01,971
109.97,868
109.96,576
110.01,782
109.945,814
109.9,750
109.975,171
109.975,617
109.95,1584
109.98,365
109.98,0
110,680
110.04,944
110.06,672
110.035,691
109.985,250
109.94,606
109.955,541
109.96,704
109.93,2292
109.87,289
109.765,309
109.8,1948
109.75,1529
109.78,813
109.855,1514
109.88,1193
109.865,552
109.87,1030
109.89,1747
109.94,438
109.92,291
109.995,344
110,500
110,199
109.975,542
110.005,1307
109.95,536
109.94,218
109.94,386
109.94,449
109.94,252
109.965,254
109.94,223
109.92,336
109.96,783
109.96,0
109.96,471
110.01,1442
109.94,380
109.94,541
110.01,992
110.01,0
110.07,702
109.995,398
110,182
110.025,811
109.915,520
109.91,808
109.945,275
109.91,540
109.93,356
109.9,529
109.9,0
109.94,246
109.94,579
109.9,516
109.86,821
109.93,310
109.905,339
109.905,0
109.905,0
109.905,127
109.91,610
109.925,1545
109.995,1035
110.065,1120
110.065,0
110.185,1825
110.19,2455
110.145,254
110.155,254
110.19,1830
110.23,649
110.23,0
110.36,566
110.35,524
110.385,628
110.37,202
110.34,1717
110.35,1148
110.325,1115
110.31,2937
110.29,7315
110.33,1630
110.425,2345
110.445,912
110.41,1512
110.42,1046
110.45,716
110.44,1037
110.425,2217
110.47,507
110.47,0
110.46,1011
110.46,1031
110.425,1478
110.465,926
110.46,1105
110.485,741
110.47,351
110.475,268
110.46,1046
110.355,1062
110.32,1723
110.29,495
110.28,1090
110.37,705
110.36,408
110.39,1537
110.325,400
110.26,4222
110.27,748
110.31,879
110.29,420
110.3,493
110.345,907
110.32,907
110.29,571
110.28,621
110.21,5109
110.225,2298
110.43,1289
110.35,1905
110.29,1779
110.26,2423
110.32,2957
110.33,1492
110.33,928
110.305,1187
110.27,1110
110.28,561
110.28,1349
110.25,243
110.26,2703
110.21,1201
110.18,2792
110.23,1104
110.22,1221
110.21,2038
110.15,1955
110.23,1418
110.21,1351
110.18,1402
110.17,3166
110.2,3817
110.24,2797
110.1,2076
110.09,1190
110.085,2123
110.13,1655
110.01,3446
110.04,1979
110.09,3892
110.105,2348
110.1,4767
110.025,2482
109.95,7682
110.05,12344
109.035,2968
109.4,3278
109.2,4333
109.42,4428
109.38,1304
109.375,5730
109.57,1248
109.25,3564
109.22,2322
109.36,1930
109.14,4082
109.185,3651
109.18,1473
108.605,691
108.58,2627
108.79,2410
108.9,2571
108.77,3670
108.925,798
109.005,980
108.82,813
108.73,2192
109.08,923
109.16,1978
109.04,1090
108.97,1566
109.06,453
109.06,1836
109.205,951
109.07,1153
108.93,792
108.74,1798
108.65,2124
108.45,867
108.57,1171
108.575,535
108.6,402
108.695,981
108.79,310
108.705,1774
108.68,962
108.64,760
108.49,446
108.53,706
108.48,1341
108.6,3505
108.635,4035
108.72,220
108.7,6796
108.61,4189
108.695,6850
108.555,25391
108.705,4091
108.76,2561
108.685,1765
108.665,1550
108.58,1770
108.69,1429
108.73,1097
108.63,1461
108.62,1643
108.63,2971
108.705,3520
108.65,2224
108.68,816
108.75,1094
108.745,435
108.71,1231
108.7,1646
108.8,2212
108.65,1426
108.65,3498
108.63,2862
108.595,1239
108.545,2594
108.595,1901
108.625,3575
108.52,2668
108.47,2622
108.52,1399
108.55,1445
108.515,3290
108.595,1505
108.57,548
108.605,2059
108.6,5447
108.57,1510
108.54,1500
108.475,1932
108.6,2561
108.65,2412
108.625,2241
108.63,2165
108.59,1714
108.515,1648
108.57,599
108.64,750
108.6,540
108.58,2219
108.52,1566
108.41,1208
108.36,928
108.43,201
108.425,477
108.43,347
108.43,1060
108.41,197
108.44,110
108.445,596
108.42,500
108.43,1882
108.41,1131
108.5,619
108.52,215
108.5,938
108.49,449
108.59,449
108.65,2639
108.715,1696
108.665,1873
108.66,1860
108.75,2507
108.8,364
108.88,327
108.89,185
108.92,308
108.975,504
108.92,107
109.01,385
109,242
109.05,291
109.07,642
109.05,348
109.07,120
109.05,533
109.05,0
109.02,738
109.07,320
109.1,477
109.13,342
109.08,313
109.07,607
109.07,0
109.09,208
109.095,455
109.145,819
109.12,560
109.18,416
109.205,434
109.26,593
109.26,0
109.26,0
109.14,247
109.14,179
109.155,902
109.11,200
109.16,498
109.16,0
109.16,0
109.1,421
109.13,439
109.13,0
109.22,100
109.23,771
109.23,0
109.23,0
109.19,309
109.23,1054
109.21,582
109.175,436
109.18,1271
109.12,528
109.11,877
109.14,581
109.14,0
109.16,454
109.16,354
109.16,0
109,211
108.98,448
108.905,266
108.8,842
108.81,1296
108.83,125
108.815,260
108.82,670
108.795,2031
108.8,625
108.83,347
108.83,536
108.83,304
108.84,579
108.84,0
108.95,288
108.975,407
109,412
109,0
109,0
108.905,125
108.91,297
108.845,295
108.82,149
108.8,244
108.78,830
108.86,240
108.85,423
108.79,254
108.79,1295
108.77,1392
108.79,1218
108.76,646
108.69,490
108.69,4143
108.69,1300
108.705,867
108.7,621
108.73,286
108.7,1590
108.7,2318
108.675,3141
108.63,2468
108.66,1993
108.685,1415
108.7,999
108.7,348
108.71,1220
108.79,986
108.885,1693
108.895,760
108.92,1488
108.85,2913
108.87,1131
108.86,276
108.885,1115
108.88,2087
108.83,1367
108.85,3322
108.9,3640
108.925,600
108.93,3510
108.885,843
108.88,1008
108.83,661
108.85,1131
108.9,1344
108.925,2004
108.86,2381
108.875,1960
109,1176
108.995,431
109,580
108.985,733
109,425
109.03,1580
109,3516
108.99,1377
108.99,0
109.05,116
109.005,347
109.02,1105
109,2301
108.965,662
108.96,254
108.97,105
108.97,1273
109.04,437
109,314
109.035,206
109.035,0
108.995,294
108.98,446
108.99,305
108.97,365
108.95,699
108.905,600
108.915,638
108.91,648
108.91,840
108.89,419
108.88,1880
108.71,1943
108.88,364
108.85,535
108.92,386
108.9,181
108.94,175
108.96,819
108.96,0
108.92,1608
108.9,2216
108.945,1833
108.875,1892
108.84,1708
108.865,3092
108.84,1097
108.835,893
108.855,1336
108.925,950
108.88,1250
108.89,2360
108.81,2472
108.7,516
108.79,907
108.78,931
108.77,677
108.79,1371
108.77,709
108.67,1459
108.63,917
108.62,1219
108.54,1267
108.47,1140
108.28,902
108.27,3487
108.175,463
108.12,1956
108.06,415
108.12,1351
108.035,1477
108.08,386
107.97,363
108,310
108,0
107.95,1048
107.905,405
107.89,374
107.9,615
107.9,356
107.86,580
107.81,1901
107.93,4171
107.975,887
107.975,0
108.075,1857
108.23,1663
108.19,2972
108.26,4117
108.21,3400
108.15,524
108.09,4580
108.12,3530
108.18,1888
108.21,3896
108.26,1132
108.28,2261
108.285,4304
108.32,1999
108.295,2792
108.24,4206
108.28,1934
108.305,1060
108.295,1722
108.3,4191
108.325,2177
108.395,1609
108.45,2489
108.415,2692
108.345,3092
108.29,3485
108.27,2915
108.285,4519
108.235,4213
108.26,5867
108.28,6835
108.3,2550
108.3,4051
108.4,2420
108.5,2525
108.455,2562
108.535,1380
108.555,2153
108.58,3034
108.515,3632
108.54,2717
108.46,4919
108.51,997
108.475,1440
108.565,6997
108.53,4661
108.47,5413
108.61,3862
108.6,3132
108.59,3279
108.57,6559
108.53,6970
108.53,3641
108.48,6513
108.24,5431
108.225,16343
108.22,39871
107.88,186
107.77,410
107.76,1581
107.66,2639
107.335,3055
107.04,664
106.645,1214
106.44,2875
106.64,5600
106.99,9422
107.23,5631
106.95,5353
106.9,2246
106.9,8967
106.795,2387
106.745,7114
106.455,7777
106.26,4387
106.52,25957
106.705,12414
105.99,9715
105.85,2901
105.56,9990
105.46,5419
105.62,2333
105.33,2979
105.14,3445
104.99,3391
104.975,2313
105.18,3029
105.24,4434
105.32,2798
105.64,7528
105.57,6935
105.62,5202
105.465,11261
105.32,5282
105.55,8457
105.74,9238
105.66,4702
105.57,4315
105.88,3850
105.78,9279
105.755,4658
105.69,8571
105.855,2053
105.74,2752
105.635,5302
105.345,1856
104.895,5020
104.83,8083
104.78,5108
104.42,13235
104.22,9713
104.15,11480
104.11,3061
104.02,2414
103.79,10578
103.665,6761
103.42,16872
103.4,5060
103.42,2902
103.31,2262
103.31,4417
103.49,2944
103.22,5581
103.22,3954
103.275,2084
103.13,3978
103.045,6098
102.575,6453
102.57,7774
102.49,4751
102.42,3539
102.43,3892
102.43,4032
102.47,5133
102.48,4325
102.48,2455
102.48,2396
102.26,3472
102.03,6488
102.25,5433
102.24,8201
102.18,7022
102.175,10579
102.075,6769
102.01,7034
101.86,11776
101.96,9086
101.845,9468
101.93,3258
102.12,1797
102.19,3513
102.235,2152
102.17,2357
102.115,2798
102.14,4151
102.155,3759
102.015,3736
102.03,1740
102.02,5817
102.01,1918
101.975,1208
101.97,3822
101.89,6817
101.765,6771
101.74,5165
101.86,5801
101.76,3848
101.71,5041
101.43,5742
101.47,12367
101.125,11464
101.23,16033
101.23,3387
101.14,8269
101.2,10027
101.22,3712
101.205,5958
101.11,7016
101.125,2819
101.23,1967
101.29,2225
101.4,3762
101.445,6791
101.365,2527
101.35,1107
101.175,3494
101.28,1383
101.5,4829
101.515,2186
101.48,2582
101.44,1142
101.38,2923
101.555,3152
101.52,1938
101.51,3480
101.53,3986
101.39,8029
101.56,2205
101.42,2937
101.47,1780
101.4,3458
101.51,2759
101.815,2012
101.9,1394
101.72,1767
101.625,3152
101.765,1694
101.78,2804
101.64,1011
101.56,1517
101.53,1429
101.545,900
101.55,1398
101.415,3423
101.51,1507
101.58,1654
101.44,3172
101.625,1906
101.575,3347
101.425,2704
101.56,1100
101.48,1472
101.43,424
101.405,1046
101.4,777
101.41,630
101.42,1630
101.5,1927
101.6,2238
101.775,1341
101.77,2730
101.78,2307
101.78,1682
101.675,2243
101.56,1295
101.58,1893
101.49,14491
101.21,3966
101.23,2957
101.22,804
101.3,807
101.39,1923
101.5,3029
101.56,1656
101.68,1287
101.71,2953
101.665,1176
101.53,1520
101.63,3064
101.71,1486
101.71,390
101.73,1588
101.68,1092
101.84,826
101.82,828
101.86,1480
101.74,1331
102.025,2196
101.885,732
101.82,3059
101.91,2674
101.77,1182
101.64,670
101.67,1784
101.56,590
101.61,1445
101.82,1433
101.73,577
101.76,796
101.75,482
101.67,1676
101.72,1152
101.71,1716
101.765,2781
101.75,1739
101.91,963
101.87,732
101.92,1087
101.855,801
101.9,472
101.93,870
102.04,577
102.02,365
102.02,414
102.045,2114
102.1,776
102.1,0
102.13,1092
102.08,746
102.01,934
102.075,349
102.075,0
102.27,380
102.195,2974
102.04,1331
102.105,5661
101.8,1637
101.72,2299
101.87,560
101.75,555
101.79,1835
102.04,536
102.07,535
102.07,998
101.99,431
102.1,1115
102.05,1219
102.13,965
102.09,905
102.09,728
102.14,655
102.18,2139
102.16,981
102.2,2159
102.2,0
102.26,657
102.28,387
102.21,466
102.235,326
102.24,607
102.37,477
102.36,526
102.36,0
102.33,1497
102.3,473
102.34,2961
102.51,2954
102.35,705
102.345,927
102.29,1104
102.24,1198
102.33,312
102.24,1087
102.335,1063
102.41,1044
102.515,1664
102.51,1201
102.5,1547
102.52,1570
102.4,1472
102.39,1429
102.52,2881
102.58,703
102.53,704
102.625,2662
102.59,930
102.635,1827
102.43,801
102.45,4683
102.65,3189
102.68,765
102.71,658
102.675,1342
102.53,2896
102.38,715
102.38,2167
102.45,2402
102.32,2347
102.44,1382
102.54,1155
102.46,604
102.53,1017
102.57,963
102.605,797
102.69,966
102.71,835
102.6,1490
102.64,2076
102.56,1437
102.745,1894
102.57,926
102.48,742
102.44,719
102.5,2859
102.46,952
102.52,1109
102.64,1068
102.7,3155
102.69,2175
102.65,589
102.64,1231
102.62,1041
102.645,884
102.63,758
102.61,1121
102.765,2793
102.69,1787
102.72,1520
102.645,1761
102.66,1231
102.57,2192
102.68,968
102.68,713
102.64,1908
102.745,1450
102.69,785
102.675,18299
102.725,2590
102.68,6674
102.845,1337
102.965,10345
102.835,1668
102.86,2488
102.94,2992
102.97,1682
103,5524
103.01,814
103.13,3413
103.265,1947
103.205,3912
103.1,2814
103.11,2098
103.065,6597
103.05,6001
102.95,4213
102.84,7770
102.88,4072
102.78,6878
102.725,2771
102.59,1745
102.61,5865
102.72,3382
102.745,4613
102.72,5019
102.87,2718
103.015,4365
103.055,3441
103.06,3815
103.125,4850
103.12,1958
103.09,1837
102.93,3663
103.13,2620
103.03,1868
102.88,4303
102.86,4175
102.83,1388
102.7,8176
102.6,3908
102.51,5260
102.59,3107
102.55,5253
102.64,6076
102.645,6637
102.61,13165
102.37,13178
102.395,21394
101.455,1275
101.54,21345
101.95,5043
102,15883
102.06,9707
102.62,3015
102.15,2005
102.82,4307
102.46,588
102.835,3610
103.04,3854
103.26,1755
103.12,1562
103.31,8558
103.42,14845
103.5,14941
103.615,9246
103.44,2718
103.305,2612
103.23,1475
103.35,1418
103.345,5694
103.52,1621
103.35,2692
103.27,2758
103.07,1115
103.28,886
103.21,481
103.07,848
103.15,1471
103.23,5452
103.43,7575
103.465,3283
103.5,6315
103.535,7550
103.615,12341
103.595,7469
103.73,3773
103.7,6973
103.81,9989
103.835,3558
103.9,12829
104.08,5543
103.895,13708
103.87,7968
103.83,3022
104.15,2345
104.03,2197
103.99,2116
104.125,1957
103.97,2413
104.24,2757
104.13,2999
104.075,1825
104.07,1563
104.1,1231
104.21,1873
104.265,1542
104.26,3384
104.24,2795
104.18,3061
104.2,2250
104.12,1255
104.43,4259
104.65,4082
104.64,2080
104.7,3965
104.755,1606
104.865,4351
104.695,2325
104.66,1811
104.55,1964
104.535,1634
104.57,1359
104.47,2626
104.48,2065
104.59,3228
104.57,2058
104.465,6004
104.675,3044
104.63,3324
104.665,966
104.665,2372
104.69,2385
104.85,1525
104.775,2359
104.775,892
104.84,1171
104.695,1690
104.77,2039
104.745,2592
104.86,1935
104.92,2377
104.89,2162
104.83,2318
104.97,3333
105.015,2334
105.035,2094
104.99,1591
104.985,1529
104.92,1192
104.8,524
104.84,821
104.82,551
104.82,1701
104.825,654
104.82,2268
104.87,1521
104.91,948
104.95,1292
104.86,720
104.81,1430
104.86,1806
104.83,2384
104.62,1174
104.74,1201
104.775,1754
104.975,2326
105.09,1321
105.075,1154
105.13,1740
105.155,1228
105.18,2056
105.13,1104
105.3,1144
105.24,705
105.085,2253
105.025,2115
104.96,1504
105.12,900
105.105,892
105.17,1522
105.14,488
105.17,1148
105.22,820
105.28,3204
105.24,3460
105.19,983
105.255,874
105.16,1472
105.11,760
105.1,480
105.04,504
105.05,408
105.09,648
105.135,1180
105.165,547
105.12,671
105.11,787
105.16,1393
105.235,676
105.235,963
105.23,696
105.24,1514
105.225,1730
105.22,619
105.26,2189
105.24,1215
105.13,573
105.13,4837
105.275,985
105.23,1327
105.2,961
105.32,1535
105.37,940
105.35,2125
105.27,680
105.315,559
105.23,675
105.285,772
105.25,1097
105.28,309
105.32,1168
105.285,848
105.27,697
105.21,770
105.22,387
105.225,245
105.24,2089
105.25,1634
105.15,1026
105.17,1097
105.25,2694
105.2,1074
105.2,739
105.16,1255
105.22,686
105.25,1348
105.275,1051
105.26,3173
105.295,1234
105.27,976
105.28,1225
105.19,1117
105.195,930
105.12,1206
105.005,3032
105.04,1296
105.08,690
105.145,574
105.11,496
105.2,617
105.16,455
105.18,620
105.2,863
105.315,1566
105.325,1677
105.35,998
105.28,1173
105.22,1311
105.16,526
105.15,1243
104.94,1053
104.85,2406
104.89,787
104.89,0
104.815,1120
104.82,356
104.82,615
104.81,1267
104.88,986
104.88,0
104.925,358
104.87,519
104.9,766
104.925,896
105,1348
105.08,519
105.085,741
105.04,695
105.02,875
105.01,876
105.01,0
105.01,0
105.09,675
105.03,1192
104.98,1692
104.84,578
104.83,1245
104.95,1422
104.855,515
104.89,117
104.915,260
104.89,908
104.89,0
104.815,571
104.93,338
104.93,1100
104.83,621
104.85,663
104.9,516
104.82,346
104.795,646
104.76,312
104.76,940
104.78,418
104.755,808
104.81,317
104.775,528
104.82,1726
104.73,1035
104.74,874
104.79,1080
104.72,538
104.815,639
104.77,826
104.86,183
104.84,560
104.8,543
104.76,923
104.82,472
104.85,312
104.86,875
104.86,1420
104.915,1584
104.91,1563
104.95,2240
105.1,1039
105.08,793
105.135,1830
105.14,1016
105.15,1173
105.19,1485
105.23,1375
105.18,550
105.205,1750
105.13,1530
105.01,788
105.025,856
104.995,854
105.05,1177
104.98,710
104.955,1020
104.97,1485
104.97,565
104.97,874
105.01,2973
104.96,1894
105.03,1161
105.03,2995
104.91,2060
104.955,1550
104.89,1101
104.98,948
104.885,1239
105.02,1271
104.995,1336
104.99,1383
104.985,1433
104.995,2505
105.02,937
105,901
104.895,1536
104.91,1205
104.9,879
105.01,1066
105.045,921
105.03,913
104.98,1335
104.96,1103
104.97,1363
104.965,1179
104.95,1144
104.98,1191
104.97,1131
104.93,570
104.96,1652
104.955,1793
104.93,2332
104.89,2486
105.01,2079
105.01,2009
105.06,1056
105.05,692
105.07,1333
105.08,888
105.09,912
105.11,1362
105.1,1144
105.05,1066
105.06,1337
105.075,1779
105.18,1718
105.08,533
105.05,1927
105.04,2343
105.04,905
105.03,1535
104.985,1141
105.02,1545
105.02,664
104.99,769
105,1287
104.975,2357
104.99,1571
105.005,1689
104.955,2471
104.98,3465
104.985,2987
104.985,1477
105.01,761
105.03,1388
105.04,859
104.995,1943
105.01,2864
105,1351
105.035,1778
105.075,2307
105.04,1132
105.095,524
105.105,1035
105.12,1098
105.08,1090
105.04,1651
105.04,972
105.07,847
105.115,1731
105.05,1662
105.08,1503
105.16,3307
105.27,4275
105.22,2494
105.15,1347
105.215,2531
105.27,2449
105.31,4293
105.36,4220
105.335,3612
105.44,10500
105.46,30838
106.1,1739
106.9,970
106.975,1680
106.835,1357
106.63,1079
106.53,1949
106.69,969
106.73,1053
107.075,968
106.91,380
106.955,1134
106.85,1415
106.76,2076
106.76,1519
106.68,1693
106.6,3413
106.17,2446
106.055,2421
106.06,1228
106.12,1313
106.105,2889
105.61,1401
105.7,1363
105.82,1568
105.61,370
105.58,3542
105.39,5420
105.35,2237
105.43,763
105.53,6132
105.29,3655
105.36,2028
105.46,1352
105.43,680
105.49,2081
105.49,893
105.47,652
105.38,3845
105.13,3456
105.13,0
105.14,1812
105.19,1218
105.18,1873
105.08,1643
105.01,2428
104.92,762
104.87,1253
105.01,1206
104.99,758
105.02,730
105.04,879
104.86,533
104.84,323
104.74,666
104.745,634
104.72,659
104.59,1720
104.52,712
104.56,1077
104.52,786
104.505,745
104.51,395
104.4,943
104.41,3180
104.645,1101
104.82,875
104.93,350
104.86,756
104.8,532
104.755,1104
104.64,1279
104.745,638
104.665,903
104.585,1146
104.625,1215
104.63,1647
104.79,2332
104.81,1000
104.84,430
104.75,698
104.805,820
104.815,581
104.91,607
104.93,209
105.01,664
105.07,349
104.97,736
104.95,555
104.9,634
104.98,480
105.08,610
105.01,1113
105.08,1206
105.09,3718
105.01,5949
105.09,2378
105.25,5687
105.225,3211
105.205,4279
105.19,2936
105.255,843
105.285,1145
105.35,2912
105.37,497
105.34,1560
105.38,261
105.41,1135
105.45,1552
105.37,1045
105.35,1323
105.43,1664
105.49,1342
105.505,486
105.61,979
105.62,929
105.665,1002
105.715,2020
105.835,857
105.76,719
105.77,2207
105.495,787
105.505,1253
105.55,384
105.56,671
105.55,774
105.53,347
105.54,3302
105.615,1561
105.69,772
105.66,527
105.675,880
105.635,191
105.64,190
105.66,400
105.69,872
105.58,175
105.6,447
105.735,275
105.74,1179
105.53,292
105.55,949
105.54,557
105.48,352
105.52,358
105.48,434
105.57,589
105.65,900
105.635,1031
105.52,113
105.555,125
105.58,640
105.54,712
105.45,413
105.47,686
105.53,136
105.56,905
105.57,1698
105.6,619
105.58,555
105.575,433
105.595,1253
105.54,377
105.595,363
105.6,1295
105.58,200
105.6,715
105.585,596
105.48,537
105.46,541
105.47,713
105.39,1600
105.27,1168
105.275,3424
105.26,707
105.34,2709
105.31,788
105.32,401
105.315,133
105.395,277
105.38,766
105.44,381
105.455,162
105.35,562
105.34,986
105.32,1993
105.29,622
105.39,220
105.37,397
105.22,540
105.19,727
105.12,287
105.105,1122
105.16,271
105.08,1383
105.16,506
105.06,544
105.095,1453
105.195,531
105.185,969
105.2,1352
105.12,176
105.14,956
105.04,432
104.98,967
105.03,1304
105.03,717
104.985,1153
105.03,1201
105.14,425
105.165,833
105.095,266
105.09,300
105.14,707
105.11,628
105.22,1152
105.17,775
105.2,620
105.15,445
105.155,374
105.12,590
105.11,1516
105,1397
105.085,400
105.13,1045
105.155,901
105.05,354
105.025,200
104.99,566
104.99,0
104.98,316
104.95,1006
104.99,708
105.045,1437
105.18,542
105.165,543
105.16,427
105.18,562
105.13,770
105.21,6265
105.28,1552
105.35,2551
105.39,534
105.44,110
105.44,0
105.39,837
105.3,470
105.32,372
105.35,311
105.36,688
105.43,642
105.52,497
105.52,425
105.545,638
105.56,680
105.565,686
105.53,286
105.53,1697
105.53,0
105.66,670
105.625,300
105.635,351
105.69,385
105.67,178
105.65,511
105.63,275
105.63,0
105.68,473
105.63,779
105.67,1215
105.69,527
105.67,1016
105.63,2087
105.63,1033
105.63,766
105.665,1076
105.68,904
105.7,1336
105.7,0
105.57,703
105.5,2011
105.635,1390
105.58,464
105.51,922
105.55,820
105.5,1136
105.64,216
105.53,687
105.53,586
105.53,0
105.5,337
105.525,396
105.54,330
105.6,374
105.63,524
105.64,217
105.55,337
105.58,417
105.67,386
105.66,806
105.62,489
105.61,288
105.64,830
105.62,1123
105.57,471
105.53,452
105.58,1818
105.66,327
105.66,0
105.645,1080
105.63,280
105.675,2118
105.69,428
105.715,568
105.715,0
105.78,1053
105.76,1541
105.72,1625
105.69,1125
105.675,540
105.675,620
105.635,697
105.61,132
105.595,523
105.54,1320
105.61,861
105.57,383
105.59,271
105.61,132
105.53,508
105.55,386
105.59,509
105.64,382
105.64,0
105.65,646
105.65,0
105.65,1324
105.64,760
105.63,111
105.635,793
105.635,0
105.625,843
105.69,3293
105.595,246
105.6,219
105.61,103
105.635,595
105.65,720
105.695,1763
105.69,289
105.69,856
105.615,523
105.585,898
105.65,237
105.645,804
105.645,0
105.6,755
105.6,219
105.63,1331
105.64,497
105.695,839
105.665,605
105.595,727
105.52,731
105.5,603
105.47,756
105.47,1184
105.515,277
105.47,1010
105.485,405
105.455,477
105.45,1442
105.46,820
105.52,1187
105.57,1431
105.525,119
105.5,1345
105.39,2810
105.4,2064
105.47,1985
105.5,2226
105.53,2784
105.35,7377
105.2,3674
105.18,3983
105.16,2292
105.14,3170
105.18,4831
105.26,7946
105.395,6968
105.34,11237
105.92,1916
105.96,1164
106.55,2429
106.69,1615
106.77,1468
106.48,2513
106.605,2814
106.51,2353
106.915,1502
106.755,966
106.87,362
106.77,679
106.685,1341
106.87,1710
106.915,1775
106.84,2687
106.94,1555
106.8,1950
106.82,2745
106.8,1875
106.8,2590
106.88,2275
106.98,3456
107.145,957
107.195,1012
106.97,1951
107.15,1173
107.16,1792
107.15,1670
107.09,1300
107.17,4263
107.27,1185
107.25,1311
107.21,690
107.175,848
107.25,1225
107.255,2096
107.2,1732
107.325,1119
107.29,959
107.24,522
107.23,3433
107.255,2319
107.355,1158
107.55,3376
107.39,459
107.36,777
107.345,912
107.4,777
107.33,320
107.35,310
107.335,672
107.32,452
107.33,305
107.19,1110
107.22,1312
107.28,906
107.305,1153
107.265,805
107.33,1237
107.275,787
107.255,1265
107.39,1231
107.505,1243
107.47,3061
107.555,4097
107.63,3074
107.55,4550
107.575,961
107.595,2643
107.65,878
107.69,764
107.68,1294
107.645,2464
107.65,463
107.655,1641
107.575,1249
107.58,1875
107.47,4079
107.5,693
107.485,578
107.55,474
107.57,1146
107.53,957
107.555,1178
107.575,1377
107.61,1366
107.56,441
107.575,1324
107.56,480
107.59,1478
107.515,1159
107.5,873
107.485,3450
107.35,282
107.37,581
107.38,831
107.475,1094
107.47,1994
107.46,2966
107.4,988
107.395,1483
107.315,6845
107.29,2256
107.2,467
107.22,2365
107.245,594
107.235,1227
107.155,8246
107.205,1257
107.23,1195
107.26,1167
107.395,1937
107.335,2177
107.24,2718
107.265,3136
107.285,1565
107.26,500
107.245,874
107.29,1202
107.265,719
107.325,922
107.32,438
107.25,930
107.165,1316
107.26,1134
107.255,902
107.265,850
107.255,768
107.215,784
107.27,345
107.22,1290
107.23,401
107.21,549
107.175,2543
107.205,473
107.215,967
107.17,961
107.16,1010
107.18,1156
107.205,591
107.205,903
107.25,581
107.2,998
107.23,1005
107.21,1190
107.23,1017
107.23,1194
107.285,589
107.265,905
107.22,861
107.225,1062
107.21,1018
107.25,872
107.27,1051
107.31,1076
107.37,564
107.35,595
107.365,600
107.29,448
107.3,989
107.32,434
107.3,1060
107.3,596
107.32,526
107.35,1340
107.325,723
107.33,732
107.33,1163
107.365,336
107.24,690
107.21,1322
107.23,246
107.24,795
107.2,225
107.19,945
107.21,286
107.2,652
107.17,463
107.14,820
107.15,1612
107.125,503
107.12,474
107.08,767
107.09,806
107.19,1008
107.18,850
107.22,910
107.18,595
107.155,377
107.14,353
107.155,506
107.2,496
107.15,783
107.16,1025
107.16,1477
107.17,1295
107.21,1473
107.19,1089
107.24,795
107.29,515
107.345,522
107.325,900
107.295,1094
107.3,216
107.325,1159
107.32,511
107.345,915
107.33,383
107.355,1100
107.42,1168
107.49,758
107.52,263
107.52,260
107.52,1033
107.44,399
107.44,1258
107.46,185
107.47,571
107.48,1014
107.46,1198
107.44,976
107.39,900
107.415,726
107.44,1700
107.53,663
107.525,1523
107.515,613
107.51,876
107.48,1816
107.51,1069
107.545,2477
107.61,954
107.625,1109
107.625,0
107.64,1207
107.6,1249
107.595,4258
107.59,2110
107.55,1309
107.515,553
107.48,885
107.51,1476
107.49,1121
107.49,612
107.495,475
107.55,569
107.49,795
107.5,1796
107.5,1146
107.44,394
107.45,274
107.515,1289
107.4,809
107.39,674
107.435,639
107.365,217
107.42,313
107.42,894
107.45,442
107.415,490
107.405,1246
107.26,698
107.185,1077
107.27,497
107.31,504
107.34,1123
107.315,388
107.25,493
107.3,826
107.295,1498
107.37,1576
107.43,1768
107.485,648
107.49,1155
107.52,647
107.49,2449
107.565,616
107.52,1335
107.56,1201
107.58,636
107.59,445
107.595,2051
107.545,3584
107.45,1347
107.35,1116
107.37,1016
107.26,691
107.19,684
107.19,614
107.205,451
107.2,715
107.26,619
107.31,978
107.375,351
107.385,982
107.395,765
107.35,926
107.34,968
107.33,1978
107.435,1351
107.445,1621
107.425,784
107.45,458
107.42,1155
107.415,428
107.35,356
107.3,1107
107.24,1552
107.26,678
107.26,1300
107.31,562
107.33,543
107.27,868
107.21,650
107.21,599
107.23,493
107.21,514
107.2,851
107.165,570
107.1,557
107.115,400
107.19,540
107.15,915
107.15,996
107.16,1155
107.16,1262
107.13,987
107.065,1209
107.14,633
107.2,2555
107.26,1542
107.27,1624
107.23,516
107.25,1761
107.25,1216
107.165,1344
107.08,588
107.09,692
107.03,687
106.965,996
106.89,855
106.955,891
106.93,913
106.96,1181
106.96,589
106.895,1356
106.96,2500
106.98,1474
107.02,934
106.99,1574
107.01,821
107.085,1880
107.1,550
107.1,542
107.13,849
107.09,872
107.11,585
107.07,1300
106.96,1724
107.02,2040
107.12,2176
107.09,1305
107.085,1574
107.14,1093
107.185,1392
107.205,710
107.23,887
107.26,430
107.21,1942
107.255,1391
107.26,936
107.25,1751
107.24,825
107.23,1247
107.18,914
107.23,2047
107.26,3528
107.325,3438
107.365,2189
107.42,1547
107.47,1629
107.405,1696
107.415,1602
107.435,1599
107.44,3701
107.445,3441
107.415,5413
107.33,9960
107.25,9490
106.97,4606
107.11,456
106.93,950
107.04,1158
106.98,1243
106.605,217
106.64,1557
106.865,925
106.62,808
106.72,535
106.615,608
106.46,398
106.3,1584
106.44,1124
106.49,499
106.62,1471
106.345,4702
106.395,5971
106.36,443
106.48,177
106.57,201
106.56,1191
106.59,801
106.68,517
106.73,617
106.8,618
106.8,0
106.9,296
106.75,236
106.73,460
106.72,367
106.58,600
106.31,418
106.33,369
106.425,958
106.35,664
106.2,229
106.16,397
106.025,1619
105.94,111
105.935,725
105.9,672
105.92,382
105.92,0
105.9,366
105.915,835
105.97,915
106.065,824
106.065,0
105.97,497
105.94,1651
105.94,0
105.9,1609
105.955,550
105.91,273
105.945,509
105.9,1034
105.77,791
105.76,859
105.705,1506
105.625,492
105.79,673
105.9,539
105.86,575
105.88,510
105.95,360
105.95,0
105.87,232
105.87,582
105.87,0
105.71,346
105.74,882
105.8,1261
105.815,1682
105.79,1185
105.86,2909
105.8,620
105.88,1679
105.86,849
105.78,1575
105.75,681
105.7,1000
105.64,559
105.61,1527
105.485,506
105.52,868
105.65,1379
105.685,1470
105.7,1234
105.78,311
105.83,742
105.915,1637
105.955,554
105.86,672
105.935,1251
105.92,1489
105.85,703
105.78,579
105.85,1103
105.86,832
105.85,998
105.835,475
105.8,382
105.82,1123
105.82,0
105.88,1075
105.88,0
105.83,715
105.905,296
105.88,1469
105.925,645
105.9,891
105.92,1406
105.895,405
105.88,434
105.91,1657
105.92,917
105.95,1188
105.96,1195
105.93,889
105.79,430
105.78,697
105.9,456
105.82,1313
106.01,432
106.01,0
105.87,255
105.85,410
105.88,533
105.91,564
105.935,281
105.935,0
105.9,470
105.88,763
105.925,725
105.86,366
105.85,300
105.8,516
105.85,373
105.78,456
105.79,219
105.79,388
105.82,660
105.865,1117
105.93,558
106,403
105.855,343
105.9,429
105.88,1025
105.885,299
105.88,600
105.89,415
105.82,247
105.82,0
105.835,712
105.805,370
105.735,344
105.72,531
105.78,611
105.785,100
105.71,200
105.745,543
105.75,1479
105.8,195
105.805,537
105.85,377
105.85,253
105.86,810
105.925,966
105.94,1501
105.86,661
105.885,388
106,462
105.995,653
106,380
105.97,412
105.96,1057
105.93,580
105.9,230
105.91,1566
105.82,506
105.67,433
105.67,0
105.73,766
105.74,368
105.815,439
105.815,580
105.77,630
105.76,310
105.83,2020
105.75,166
105.69,553
105.7,205
105.73,1073
105.635,969
105.6,300
105.6,865
105.62,300
105.65,1324
105.595,805
105.655,529
105.68,325
105.7,1092
105.65,418
105.66,746
105.66,0
105.76,800
105.76,0
105.68,213
105.625,928
105.635,346
105.62,300
105.62,565
105.54,1002
105.6,135
105.54,374
105.58,383
105.58,0
105.62,224
105.62,284
105.62,0
105.635,126
105.57,468
105.6,418
105.63,285
105.7,690
105.65,763
105.605,2876
105.7,931
105.67,476
105.59,138
105.64,863
105.61,475
105.695,575
105.745,2795
105.775,229
105.75,577
105.8,382
105.82,325
105.76,420
105.77,413
105.81,200
105.77,502
105.76,1168
105.67,246
105.72,662
105.745,154
105.79,402
105.79,0
105.81,440
105.87,1059
105.95,339
105.99,1023
106,113
105.99,676
105.99,477
106.05,583
106.055,310
106.07,244
106.03,527
106.095,1052
106.06,382
106.04,479
106.12,289
106.12,0
106.095,672
106.1,689
106.12,898
106.21,350
106.25,618
106.3,353
106.37,519
106.325,498
106.245,379
106.2,690
106.2,0
106.2,0
106.165,676
106.16,657
106.13,613
106.2,516
106.17,880
106.15,380
106.125,388
106.21,375
106.25,1923
106.195,193
106.17,810
106.18,800
106.19,530
106.185,1118
106.12,809
106.075,769
106.075,0
106.15,252
106.1,408
106.08,758
106.05,377
106.045,801
106.06,2104
106.045,618
106.04,725
106.015,1983
106.025,1637
105.995,1097
105.98,696
105.96,1035
105.915,746
105.98,799
106,285
105.945,512
105.98,617
105.92,286
105.93,431
105.94,232
105.955,593
105.955,0
105.91,353
105.92,1191
105.98,130
105.98,0
106.05,1716
105.975,988
105.91,429
105.88,498
105.89,254
105.91,1840
105.95,994
105.95,1236
105.94,588
105.94,550
105.95,531
105.99,413
105.99,334
106.005,485
105.97,826
105.995,599
105.995,0
106.02,741
106.03,343
106,689
105.98,312
105.98,916
105.99,1468
106.085,589
106.06,417
105.945,1482
105.89,1632
105.84,928
105.85,783
105.89,721
105.915,289
105.91,655
105.94,463
105.94,0
105.8,816
105.79,965
105.75,944
105.8,1319
105.8,818
105.84,725
105.87,614
105.81,847
105.89,563
105.96,2610
105.94,604
105.93,1316
105.96,651
105.84,630
105.87,190
105.885,1171
105.84,385
105.845,1096
105.91,1171
105.96,671
105.94,407
105.99,1068
106.07,900
106.08,1681
106.03,960
106.02,3705
106,2510
105.825,2220
105.88,1648
105.94,821
106.06,1677
106.03,2629
105.955,2620
105.935,3722
105.995,3614
105.725,1355
105.145,597
104.93,2060
104.75,587
104.95,981
104.72,826
104.84,1333
105.16,598
104.94,480
105.075,1982
104.92,229
104.87,1083
104.805,1137
104.75,300
104.8,270
104.95,281
105.02,622
105.01,276
104.945,275
104.96,1222
104.995,520
105.05,1489
105.205,629
105.4,1122
105.31,747
105.375,1314
105.39,633
105.365,982
105.36,1107
105.5,565
105.535,767
105.615,1686
105.945,908
105.915,459
105.84,4373
105.68,857
105.64,637
105.49,240
105.55,550
105.875,409
106.03,1006
106.15,178
106.09,934
105.88,1391
105.56,894
105.48,278
105.43,1824
105.49,957
105.73,843
105.875,551
105.895,589
105.76,540
105.97,249
105.89,125
105.85,215
105.86,300
105.825,976
105.965,524
105.86,893
105.76,944
105.82,782
105.83,1372
105.86,627
105.87,501
105.865,427
105.895,394
105.79,730
105.95,103
105.965,263
105.925,265
105.87,1322
105.73,1273
105.75,418
105.755,1459
105.765,1944
105.775,1932
105.725,1382
105.76,2310
105.76,1147
105.795,304
105.725,1331
105.65,2200
105.675,1256
105.71,2859
105.765,8442
105.82,1017
105.815,1026
105.82,709
105.81,443
105.87,717
105.845,224
105.78,515
105.765,1407
105.695,750
105.66,1017
105.68,489
105.67,291
105.67,117
105.67,0
105.72,587
105.675,985
105.65,2361
105.64,312
105.65,635
105.56,1029
105.52,696
105.29,591
105.32,1030
105.305,325
105.265,930
105.34,769
105.435,3594
105.48,1928
105.515,1718
105.545,1013
105.53,1640
105.535,3841
105.62,6296
105.635,1538
105.645,1968
105.53,2542
105.58,3052
105.625,640
105.745,4093
105.8,938
105.75,3594
105.77,563
105.72,383
105.68,429
105.78,1672
105.7,2275
105.69,680
105.69,0
105.66,1182
105.705,777
105.63,545
105.585,523
105.665,1195
105.665,248
105.71,101
105.72,421
105.73,447
105.78,774
105.775,418
105.8,540
105.71,1224
105.585,1191
105.64,759
105.695,3004
105.67,1283
105.615,386
105.58,401
105.65,886
105.59,107
105.545,885
105.54,528
105.545,513
105.5,904
105.5,327
105.43,164
105.4,930
105.33,556
105.35,213
105.37,1515
105.43,258
105.37,816
105.275,687
105.22,1456
105.21,249
105.22,241
105.15,285
105.14,468
105.09,622
105.12,526
105.19,1952
105.06,2089
105.115,1283
105.115,496
105.105,732
105.05,834
105.12,1238
105.125,556
105.125,0
105.13,502
105.21,598
105.21,0
105.21,366
105.21,0
105.21,0
105.27,683
105.26,519
105.27,485
105.27,0
105.315,685
105.27,191
105.285,406
105.33,234
105.32,393
105.335,312
105.42,309
105.42,288
105.45,463
105.45,0
105.55,384
105.5,216
105.43,1313
105.41,832
105.43,191
105.43,604
105.53,480
105.52,545
105.52,0
105.42,250
105.38,496
105.38,224
105.35,833
105.385,395
105.39,899
105.4,292
105.4,0
105.4,0
105.34,434
105.31,426
105.35,497
105.36,1189
105.34,445
105.31,249
105.32,802
105.3,790
105.32,566
105.26,372
105.3,220
105.375,162
105.33,471
105.25,993
105.38,204
105.38,0
105.33,512
105.24,659
105.29,695
105.2,2851
105.21,490
105.36,726
105.375,942
105.39,656
105.37,1248
105.2,1287
105.34,465
105.335,317
105.38,473
105.295,666
105.39,125
105.39,597
105.34,420
105.32,364
105.39,1321
105.46,129
105.51,457
105.605,703
105.5,485
105.43,459
105.43,0
105.52,439
105.53,402
105.555,3040
105.64,1186
105.68,3290
105.69,3158
105.67,1440
105.655,1062
105.665,2324
105.64,1245
105.61,1862
105.58,995
105.615,11253
105.62,4019
105.63,6071
105.52,2258
105.56,1308
105.57,967
105.56,474
105.58,499
105.61,728
105.585,309
105.56,382
105.555,863
105.555,0
105.5,346
105.52,452
105.53,826
105.52,936
105.53,321
105.53,1639
105.525,843
105.52,1095
105.55,386
105.55,306
105.52,108
105.5,911
105.49,2349
105.485,1837
105.57,1220
105.59,330
105.6,1294
105.63,1627
105.6,1221
105.59,671
105.61,796
105.58,1050
105.59,324
105.59,362
105.595,665
105.55,828
105.52,943
105.46,575
105.46,453
105.47,1233
105.425,519
105.46,381
105.46,1174
105.44,676
105.495,1695
105.45,270
105.45,1627
105.45,1112
105.47,1157
105.465,1341
105.455,815
105.465,1777
105.495,968
105.49,1636
105.5,1045
105.545,467
105.57,790
105.55,1335
105.555,744
105.51,713
105.55,395
105.56,516
105.55,1698
105.53,880
105.53,810
105.475,138
105.47,1004
105.5,579
105.5,1041
105.51,441
105.52,263
105.515,4226
105.52,2941
105.52,0
105.55,556
105.57,928
105.61,232
105.61,0
105.69,1072
105.625,259
105.64,459
105.615,774
105.59,3938
105.66,2548
105.66,1706
105.66,4181
105.67,1642
105.65,642
105.59,1555
105.56,488
105.585,1023
105.545,3963
105.535,251
105.47,2023
105.53,891
105.53,419
105.505,2009
105.54,1321
105.55,2377
105.575,3006
105.48,2385
105.58,1443
105.595,946
105.525,3730
105.58,1410
105.61,1275
105.59,595
105.55,1417
105.58,2198
105.61,3013
105.74,3523
105.625,7274
105.57,8036