95.87,45341
96.9,40763
96.76,74354
96.66,146136
96.66,115552
96.94,108151
97.16,54987
96.9,47119
97.18,57947
97.18,111448
97.24,38907
96.88,73453
97.06,51386
97.14,51232
97.3,32681
97.37,26958
97.35,25394
97.19,46828
96.05,51676
96.22,48095
96.85,26622
97.3,45464
97.33,38041
97.45,64601
95.4,50741
95,38826
95.41,17326
95.52,17327
95.6,59776
95.59,60166
96.05,51282
96.33,15221
96.81,30293
96.65,14123
97.1,14309
96.8,45257
97.5,16546
97.01,16920
97.06,12447
96.43,14384
96.49,16157
96.43,56976
96.27,50410
96.11,20147
96.23,19018
96.04,10632
96.61,20963
96.27,29237
95.44,12548
95.3,15463
95.3,20647
95.11,17796
94.94,20899
94.9,74970
94.49,36204
94.77,24431
94.85,14867
94.93,24607
94.87,19250
94.69,45606
94.82,50432
94.59,33620
94.28,26662
93.95,31056
93.92,31291
93.91,162329
94.26,45259
94.14,25831
93.98,15393
93.83,22191
93.62,19028
93.71,47792
93.58,36182
93.32,22402
93.3,12501
93.14,17378
93.17,13951
93.2,31078
93.38,18798
92.85,20200
92.54,19809
92.58,22186
92.33,23129
92.14,67525
92.04,24302
92.56,20540
92.69,16600
92.83,26234
92.88,12112
93,37045
93.29,32249
93.53,23571
93.58,11021
93.41,13938
93.39,14414
93.17,38758
93.33,30000
93.79,57873
93.97,18204
94.23,20899
94.14,29336
94.06,36602
93.02,33708
92.93,35055
93.14,11695
93.08,14606
92.92,7298
92.95,27652
94.77,12028
94.35,9106
94.5,16028
94.53,10208
94.53,8113
94.43,36938
96.19,52201
95.76,32047
96.29,69660
96.53,39099
96.9,34359
96.6,71689
95.98,31755
95.62,13026
95.35,11622
95.38,14295
95.37,17269
95.52,24040
94.98,11405
94.83,14046
95.06,5705
94.93,9690
95,12241
95.21,38427
95.15,30262
95.46,16897
95.52,21398
95.78,12944
95.96,26362
96,48181
96.42,30363
96.44,18253
96.2,27155
95.99,41700
96.05,67594
96.17,64079
95.36,22963
95.18,17960
94.86,10966
95.16,15747
95.15,13888
95.21,33710
94.14,65495
93.92,35944
94.19,22346
94.11,17442
94.03,21293
94.03,73157
94.83,37363
95.24,25549
95.1,14348
95.36,15832
95.2,10738
95.12,39155
94.66,19839
95.27,11085
95.05,25402
94.95,8692
94.87,8901
94.77,25907
95.31,14542
94.92,10120
94.68,18245
94.75,12630
94.81,21513
94.76,38021
95.68,27242
95.05,29492
94.89,13707
95,24683
95.25,13711
95.15,56459
93.77,65386
93.45,44862
93.52,11283
93.48,8162
93.48,196889
93.65,241219
94.18,24303
94.08,15212
93.92,12250
93.85,5477
93.89,12266
93.81,51318
92.8,35050
92.86,25669
92.76,13429
92.73,17327
92.57,29298
92.91,62668
92.7,9924
93.07,14740
93.27,15347
93.27,18304
93.46,16791
93.25,52318
93.92,26276
94.09,20559
94.53,15355
94.87,30100
94.81,16664
94.77,79883
95.2,13751
95.34,13636
95.35,12063
95.34,7638
95.42,12569
95.44,55948
95.52,24387
95.4,16124
95.37,16454
95.85,10364
95.91,14197
95.93,33668
95.82,13703
95.75,7604
95.92,28681
96.02,19505
96.39,39644
96.85,59284
96.62,19020
96.12,8945
96.42,34769
96.53,24278
96.42,12982
96.25,38555
96.98,18476
96.9,20093
96.9,5699
96.47,5751
96.43,5891
96.66,33533
97.94,145986
97.62,51509
97.41,29647
97.41,21671
97.36,15983
97.47,57154
97.38,17066
96.78,14581
97.45,18008
97.77,17383
97.64,14685
97.45,39648
97.76,25495
97.91,15065
98.06,8977
97.99,9287
98.15,14836
98.08,45281
97.48,21288
97.57,16083
98.28,7996
98.41,9216
98.14,16337
98.45,92032
98.86,30362
98.99,20624
99.04,73129
98.76,20465
98.68,51876
98.51,130245
96.81,66635
96.07,19230
96.11,19880
95.59,32154
95.66,45573
96.07,126094
98.5,91858
98.17,73651
97.81,59545
97.62,27390
97.09,17034
96.98,69208
97.22,36353
97.78,25288
97.93,21296
97.87,40971
98.04,15914
97.99,74640
97.93,41007
98.68,135583
98.29,52221
98.48,31488
98.55,10025
98.58,72825
99.09,67136
99.06,14596
99.12,44590
99.33,16820
99.29,15148
99.09,86990
98.74,19311
98.55,9580
98.79,8534
98.7,4617
98.93,6839
98.66,20073
98.74,12895
98.77,30209
98.99,17165
98.84,15731
98.6,20351
98.75,43591
99.47,5786
99.09,14937
99.16,11915
99.38,18434
99.38,16493
99.64,51547
99.6,17890
99.35,26573
99.27,22467
99.56,26292
99.61,28423
99.66,60939
98.35,40984
97.81,60363
97.81,64494
98.58,24739
98.34,47737
98.04,111508
97.33,17596
97.86,25260
97.52,29135
97.69,6700
97.22,18406
97.26,43084
96.43,30226
96.55,14114
96.63,11331
96.48,22932
96.66,23124
97.1,22564
97.36,22051
97.14,16447
97.33,6886
97.09,8334
96.74,17471
96.49,28830
96.46,16621
96.62,29503
96.55,4382
96.51,18130
96.37,16146
96.43,77259
96.35,20811
96.41,13129
96.36,11386
96.56,19571
96.32,14112
96.13,41357
96.11,17750
95.88,15624
95.9,23804
95.59,24103
95.41,16057
95.52,27648
95.02,33424
95.5,14443
95.78,18020
96.07,13350
96.33,9876
96.3,31550
96.06,18127
95.92,21609
95.66,41741
95.32,15039
95.49,10429
95.3,19722
96.07,26246
95.6,18781
95.84,13608
96.54,13376
96.72,13654
96.88,37044
97.41,39768
97.36,31381
97.81,20256
97.62,15172
97.72,9930
97.62,42085
98.69,26801
99.23,17705
99.12,20722
98.85,18439
98.73,12253
99.06,50844
99.5,51851
99.85,19759
99.39,17414
99.35,65569
99.6,23476
99.9,58064
100.36,9959
99.88,31645
99.75,49351
99.38,16994
99.11,16621
98.85,38089
99.09,60722
98.8,11488
99.07,12953
99.01,7394
98.52,14336
98.8,36869
99.93,17123
99.56,9069
99.62,12041
99.76,7999
99.68,6683
99.69,26842
100.24,27218
100.49,20242
100.53,15461
100.43,15943
100.42,13981
100.28,40244
100.06,18295
99.96,12587
100.11,6949
100.12,8038
100.16,17032
100.13,28284
100.19,17779
100.93,39747
101.58,11773
101.39,25418
101.28,44884
101.15,58231
100.99,78391
100.93,34661
101.18,32654
101.07,21596
100.94,33661
100.83,47850
100.9,17237
100.96,12747
100.84,17932
100.66,26232
100.45,14783
100.37,41544
100.51,25502
100.83,15660
101.08,9959
101.09,4044
101.15,29999
101.22,46572
101.46,24909
101.29,28021
101.35,31973
100.99,21576
101,18767
101.1,52678
101.05,199353
97.91,607052
91.62,258392
94.67,106509
94.15,71185
93.75,152490
94.5,327817
94.48,66778
94.41,88811
94.46,17800
94.07,36810
93.89,136045
93.23,23818
93.27,22704
93.27,15815
93.25,10379
93.53,24527
93.58,48441
92.01,45831
91.47,31696
90.89,31500
91.3,31204
91.48,35803
91.25,135166
90.52,85972
91.19,47798
92.04,25984
92.03,16088
91.82,30674
92.31,59701
91.27,58412
90.98,77176
90.57,87219
90.83,58611
90.21,70140
90.12,145397
89.74,93668
89.43,79307
89.51,35098
89.64,19565
89.64,20691
89.64,83446
90.93,49529
89.77,21016
90.01,7461
89.97,13721
89.61,12556
89.69,37209
90.07,26770
89.59,30486
89.29,22571
89.24,21977
89.12,37210
89.41,94112
90.16,37396
90.83,35268
90.93,25724
90.96,15446
90.87,20478
90.46,70624
89.82,35694
89.44,16592
89.67,26829
90.17,46625
90.3,37073
90.78,80140
90.35,33766
90.03,50844
90.22,30091
90.26,14466
89.98,68670
90.36,59410
89.18,26696
89.47,10519
89.18,17887
88.78,39777
89,31606
88.65,123765
89.73,21032
89.37,54996
89.94,75478
89.81,25063
89.74,31419
89.74,183067
89.79,71637
89.91,41898
89.9,29691
89.89,18006
89.22,43290
89.02,76314
90.14,70272
90.52,86334
90.65,94983
90.52,55774
90.7,85415
90.31,64431
90.38,9695
90.01,19540
89.48,15301
89.41,13451
89.43,19062
89.91,53964
90.16,19690
90.68,28636
90.99,42037
90.61,6125
90.37,16216
90.22,40273
90.07,41248
90.62,30504
90.39,27156
90.47,40041
90.55,48570
90.62,93702
90.58,29243
90.89,36258
90.85,32485
90.78,25807
91.13,41528
91.73,48026
92.09,69935
91.63,53679
91.7,67720
91.26,33343
91.24,40287
91.27,63519
90.1,30593
90.08,13382
91.05,15733
91.01,16706
91.57,14844
91.7,35683
92.1,21645
90.67,20662
90.62,11348
90.55,13691
90.64,78196
91.14,151047
91.94,35577
92.39,35517
92.5,19950
92.28,18545
92.11,14596
92.25,33357
91.52,25448
91.44,21218
91.29,21061
91.04,22649
91.42,36111
91.4,36119
92.88,31981
92.9,28174
93.4,29430
93.55,32858
93.04,24603
92.99,52518
93.02,24334
93.15,20380
93.17,23940
93.43,17844
93.55,26787
93.43,31523
93.23,32010
93.17,9995
93.31,25395
92.91,13791
92.54,24828
92.71,27558
91.8,23434
91.58,17788
91.51,14000
91.05,25063
90.87,24981
90.91,46109
90.64,51322
90.64,21630
90.84,14732
91.12,10385
91.21,36489
91.04,67460
91.67,55516
92.2,22177
92.01,20141
92.36,20094
92.28,26290
92.28,47002
93,13769
92.8,15267
92.61,7566
92.69,11816
92.65,11071
92.72,46710
91.89,31539
91.71,21626
91.61,31717
91.44,31199
90.93,20104
91.3,44143
91.04,36065
91.34,10340
91.3,6865
91.24,11687
91.26,10176
91.25,29762
92.28,34403
92.33,18745
92.31,16527
92.34,15795
92.16,15609
92.12,44594
90.98,18515
91.24,28482
91.7,21432
91.73,36118
91.83,23716
91.92,77171
92.09,82129
92.24,17318
92.03,11363
92.1,12631
92.06,45488
92.23,37181
91.71,15465
91.92,17392
92.33,12850
92.22,11514
92.19,16533
92.11,47848
92.09,48775
92.16,45544
92.43,14112
92.39,19529
92.47,24312
92.86,51283
92.54,36595
92.17,32627
92.07,18867
91.99,23549
92.06,24804
92.01,65371
93,45547
92.67,41108
92.43,31741
92.68,20437
92.83,30391
92.78,65529
96.76,156538
97.12,93197
96.97,80831
96.75,97588
97.14,144138
97.1,318255
97.39,53951
97.01,32397
97.54,21157
97.57,27863
97.48,27082
97.7,59503
98.4,34658
99.05,32803
99.38,50073
99.54,23467
99.72,65756
99.37,67140
98.93,55844
98.94,52369
99.37,27042
99.24,26461
99.22,37240
99.35,103862
99.04,17627
99.14,7319
99.04,5848
98.91,10440
98.91,11034
98.91,35837
99.2,29343
99.52,36392
98.86,18730
99.17,7233
99.31,27560
99.19,52342
99.15,30137
98.51,77608
98.34,25526
98.31,9405
98.88,13479
98.76,50928
98.72,16749
98.61,9381
98.38,14058
98.32,11130
98.42,8066
98.23,24404
98.84,24451
98.96,23491
98.94,38910
98.93,42556
99.11,34829
99.08,92717
99.12,18249
98.8,12519
99.11,11717
98.97,14156
99.21,21643
99.2,20028
98.82,31516
99.27,15389
99.34,6831
99.19,8612
99.15,12445
99.09,27537
99.05,23073
99.66,8333
99.72,4739
99.53,4266
99.44,8123
99.08,21378
99.22,31617
98.98,11167
99.24,17957
99.19,28375
99.5,13399
99.15,38552
99.07,33473
99.02,23095
98.98,26504
99.41,9973
99.58,37793
99.55,50364
99.27,4035
99.07,5214
99.08,5886
99.2,6839
99.48,6459
99.23,43001
99.22,24122
98.4,19388
98.74,9461
99,24521
98.76,18773
98.88,32509
98.15,15490
98.82,16618
99.33,6286
98.87,7678
98.82,7908
98.87,31491
100.5,55932
100.87,59571
100.98,28407
100.66,27118
101.1,21178
101.18,76678
100.39,43678
100.78,33495
100.84,22450
100.61,51868
100.8,51375
100.95,69055
98.9,40252
98.77,38534
98.42,89823
98.42,0
99.44,19567
99.31,15247
99.72,25398
99.89,10662
99.79,15293
99.48,41670
98.83,40358
97.95,38492
97.98,42305
98.17,15139
98.61,22408
98.11,124092
99.18,41159
100.47,45583
100.83,23164
100.08,29436
99.47,17878
99.66,59047
99.12,18207
99.19,16729
99.49,18139
99.17,24117
99.66,28298
99.46,32431
100.21,39444
99.82,23860
100.14,39259
99.97,24504
100.1,80188
100.35,120303
103.44,45638
102.6,29331
102.57,43234
103.05,27967
103.3,42179
102.79,103939
102.83,63138
103.39,36544
103.28,49569
103.35,34802
103.03,28272
103.19,67941
103.03,21728
102.51,22217
102.74,9480
103.06,14553
103.08,17607
103.56,62807
104.48,52227
104.93,21512
104.81,17034
105.23,32015
105.45,43613
105.19,121385
106.5,91793
106.66,54102
106.59,41633
106.76,35406
106.27,38482
106.35,69402
106.72,36654
107.47,43957
107.86,49529
107.8,42269
108.24,20641
108.07,77764
107.64,32813
107.11,24700
108.06,18131
107.78,16175
107.97,17782
108.11,57209
109.65,44997
109.9,27540
110.05,20859
110.38,16632
110.34,38824
110.84,110996
111.23,61204
112.86,50075
112.52,32450
112.21,22945
112.45,35741
111.72,80076
110.26,49943
110.55,38586
110.39,21206
110.63,37018
111.09,19408
110.69,82550
109.56,32529
110.91,26396
111.23,42906
111.04,20501
111.17,20302
110.86,50250
110.45,29406
110.48,55336
110.47,45580
110.38,30548
110.07,44911
109.76,49790
110.39,29687
111.69,22179
111.53,20588
112,20349
112.14,30458
111.88,62354
112.7,18050
113.01,17292
113.12,17141
113.21,31420
113.2,19229
113.36,41682
113.71,13014
113.59,10524
113.98,21983
113.91,31870
113.92,32475
113.84,68116
114.62,13654
114.24,15837
113.94,15467
113.6,18435
113.74,16301
113.98,30646
114.74,9057
114.97,33322
115.11,10477
114.88,14726
114.9,13030
114.91,32824
115.4,13983
115.84,139014
115.36,11506
115.95,7638
115.92,9502
115.79,47199
114.96,22507
115.16,11516
115.12,12936
115.36,9425
115.17,22601
115.11,68444
113.59,71018
113.94,29412
113.74,14360
113.87,17515
114.12,23011
114.46,58625
114.46,24270
115.27,16310
115.12,10198
114.69,17291
114.49,17048
114.98,61213
115.57,23196
116.26,30203
116.77,21252
116.74,23005
116.65,36962
115.98,67788
115.53,50843
115.18,38254
115.01,12166
115.63,12239
115.1,20980
115.26,52348
113.87,134616
114.65,40584
115.03,9970
114.81,15423
114.94,25453
114.85,64558
115.2,54128
115.04,22067
115.01,43904
115.69,117349
115.85,32385
115.95,66030
115.61,43493
115.9,39296
115.58,16600
115.62,13917
115.47,22096
115.87,76232
115.67,29853
115.98,23286
115.94,14455
116.02,15672
116,19151
116.15,64354
114.11,31054
114.98,10238
115.36,14758
115,12498
115.01,12112
114.96,55378
114.41,16926
114.42,14637
114.53,10000
113.8,119416
115.47,35358
116.03,123131
116.51,44336
116.84,110446
117.28,39507
117.01,18070
117.18,41645
117.28,157687
116.45,26898
116.79,25414
117,38195
116.99,27724
116.6,20232
116.55,46516
115.19,42353
115.25,25344
115.34,10124
115.41,8899
115.38,16765
115.13,59895
114.79,24086
114.66,34496
113.59,20115
113.17,19687
113.27,28733
113.15,123907
113.26,58384
113.26,0
113.26,0
113.26,0
113.26,0
113.26,0
113.14,64052
113.46,35477
113.33,47665
113.78,63716
114.56,62553
115.09,96473
115.76,42942
114.54,62767
115.43,29928
115.58,57092
115.63,105362
115.34,131407
117.96,88995
117.86,79081
118.46,83015
117.72,40372
116.93,23499
116.94,100853
115.65,90241
116.78,34451
116.97,20112
116.93,37959
117.17,27057
117.29,97802
117.13,76219
116.91,74430
116.97,70410
116.51,108478
117.16,117441
116.97,233926
117.1,57263
117.41,41197
116.72,20782
116.82,31266
116.99,58459
116.91,92890
116.57,57733
118.16,40390
117.42,21965
118.25,119284
117.61,73718
118.73,68799
121.06,65442
120.22,40652
120.86,32992
120.66,37107
121.15,53566
120.49,67432
121.53,49434
119.91,26223
120.49,12866
120.78,40015
120.9,38024
121.09,97512
120.58,55751
121.43,61755
121.9,33122
121.74,25979
121.95,24417
122.22,143454
121.21,22194
121.72,11587
122,34036
122.4,19012
122.54,55601
122.57,84080
122.86,69974
122.88,17119
123.06,69291
122.83,43634
122.91,35426
122.88,116396
123.42,34011
122.01,45293
122.37,35095
122.11,22019
122.3,22880
122.22,52923
122.94,20646
122.54,48458
122.15,31242
122.09,72045
121.71,48384
121.98,99355
120.51,66703
120.08,45053
120.56,32980
121.1,59829
121.54,46939
121.62,105866
123.74,85615
124.44,35171
124.05,60445
123.56,36374
123.52,47249
123.81,90425
124.62,61388
125.07,33004
125.34,45766
125.74,24316
125.52,30033
125.67,52030
123.28,30637
123.65,23793
124.18,30385
124.08,26605
124.15,54350
124.26,79048
124.56,44885
124.13,38214
123.41,30645
123.04,20374
123.29,26920
123.87,89156
124.17,28031
123.84,25098
124.76,41419
124.3,48347
124.26,83396
124.94,97805
125.49,96419
126.24,50997
126.81,48957
126.25,48516
125.95,49827
125.92,77847
124.8,69170
124.31,46306
124.23,34147
124.12,57863
123.87,51665
123.93,113843
126.02,30000
127.72,51276
128.1,32540
128.23,23722
128.4,29433
128,79548
125.15,106675
125.49,48201
126.09,30538
125.64,58740
125.93,61604
125.94,125935
127.69,45137
125.99,62213
125.69,35602
125.58,28468
125.82,33836
126.28,85979
127.76,51594
128.55,83720
129.09,52463
129.4,33843
128.85,47003
128.16,118754
128.61,20184
128.2,42512
128.28,16332
128.87,14953
128.74,39361
129.04,50200
127.63,51169
127.58,46784
128.51,24520
128.85,23809
128.61,59300
128.23,84790
127.48,44283
129.03,32219
127.65,30575
127.8,21892
128.04,29445
128.22,75543
128.22,0
128.22,0
128.22,0
128.22,0
128.22,0
128.22,0
126.9,40525
127.1,22819
128.28,32435
128.24,33592
127.8,29184
127.71,78471
127.8,30551
127.48,12841
127.41,27616
127.77,35615
128.15,29919
128.13,69701
128.31,26677
128.88,21532
128.55,17678
128.25,20406
128.61,41278
128.16,72267
129.33,40434
130.5,152066
130.68,123057
130.56,100535
130.2,99368
130.32,130459
132.51,57981
130.65,43544
131.31,34312
132.43,41465
133.12,82847
133.69,168518
132.67,79344
132.43,60758
132.47,32708
132.58,49704
132.55,78076
132.79,56128
134.17,18813
134.78,16219
134.9,45594
135.08,33041
135.22,40851
135.43,100159
135.76,27366
135.38,30069
135.55,38411
135.67,41334
135.68,82054
135.8,117796
137.09,40064
137,48499
136.52,38207
136.76,46519
137.07,30981
137,67351
136.27,46147
136.21,19383
136.4,28200
136.69,26417
136.9,45586
136.52,108883
137.41,35669
137.03,44059
136.65,26158
135.97,16758
136.1,32106
136.28,97507
136.84,25000
137.55,21430
137.56,31543
137.35,33474
136.93,14215
136.94,64270
138.31,43229
138.61,43062
137.95,16664
138.07,30052
138.21,30949
138.18,42924
138.03,20468
138.45,25229
138.07,14696
138.13,30315
137.95,23203
138.21,72473
138.88,57676
139.04,48044
138.61,50030
138.37,46756
138.7,51035
138.76,105765
140.56,31378
140.49,26964
140.32,33314
139.87,26852
139.99,28123
139.83,48843
140.38,35837
140.41,25089
140.96,20581
140.89,24627
140.62,37546
140.47,232493
138.52,33449
138.73,27487
138.51,17397
138.73,42012
138.62,35267
138.91,72665
139.93,42444
140.08,28842
140.27,22085
139.71,29388
139.25,50660
138.85,69330
141.87,39044
142.12,33297
141.55,21418
141.21,25643
141.07,29705
140.69,71441
143.11,48603
143.05,48550
143.8,32398
143.36,57687
143.54,57209
144.37,135897
146.34,54945
146.95,51469
147.68,33015
148.37,45168
149.21,42545
149.01,88921
149.3,40360
149.33,25700
149.42,18487
150.17,14679
150.26,62323
149.91,79558
146.26,95072
147.49,103422
147.67,119595
146.92,44106
145.49,25223
146.07,61741
143.77,58218
144.41,42006
144.43,27445
144.37,20354
144.09,54005
144.48,106379
140.5,95492
138.69,149967
135.68,148626
136.91,77051
137.07,102710
137.46,188579
138.75,126440
141.21,56326
140.62,25930
140.8,40182
141.3,37461
140.98,91167
138.09,33868
138.07,22022
138.56,19958
138.8,26110
138.64,29763
137.83,51095
134.07,66237
134.84,49608
134.76,34941
134.64,46930
134.62,45833
134.97,95509
136.27,48879
136.02,28891
136.32,23728
135.95,31483
135.31,33929
134.6,67169
136.34,53449
136.9,32019
137.84,37436
137.5,30828
137.51,40591
138.03,76862
135.88,32225
134.64,33177
134.18,35506
134.03,23867
133.92,27828
133.66,108454
132.27,62641
133.16,57987
132.5,53534
133.13,47054
133.49,40850
134.64,94316
136.79,71035
136.93,36606
136.09,15976
136.13,17721
135.45,44681
135.47,106302
136.37,45988
136.2,31941
136.94,35027
137.51,41505
137.32,63399
136.46,144000
135.31,73550
134.29,35205
134.1,42007
134.7,56837
134.64,54041
134.66,104701
121.47,236413
124.36,105494
122.99,64037
122.75,67686
123.86,86650
123.9,233399
124.71,73127
127.65,42747
127.72,33743
127.73,43985
126.8,60730
125.94,95090
128.67,64253
129.81,30904
129.65,30927
129.4,19555
128.37,29484
129,73931
128.48,47203
129.6,31120
129.98,19600
130.4,19333
129.89,72497
130.72,96563
131.39,62589
131.1,35837
129.87,36988
131.14,41621
131.8,43686
131.92,98554
131.15,54931
131.04,26959
131.04,23560
131.79,11278
131.35,21656
131.59,54241
129.19,72241
131.63,75681
132.29,40723
132.11,38703
131.69,33183
131.35,79881
132.27,52144
133.31,100254
131.94,29652
131.34,34477
131.93,54560
131.67,90627
132.52,33000
133.15,18896
133.33,24393
132.24,37227
131.61,40340
132.24,43326
131.18,53026
130.47,37638
130.94,33149
132.03,54488
132.69,54944
132.27,119351
132.08,57923
133.19,89313
132.37,57211
132.37,14795
132.63,43712
132.58,64557
133.61,47261
135.25,31738
134.88,33281
134.18,27953
134.76,34994
135.03,52108
132.97,46465
134.16,23781
134.29,20277
134.37,25100
133.33,50284
132.85,66861
133.12,38417
132.64,36508
132.85,21593
133.1,67678
132.51,28096
131.98,83187
129.82,69076
129.8,93662
130.48,53357
130.29,52768
130.78,41515
131.28,137097
132.36,52682
130.31,35104
129.42,22362
128.98,16449
128.22,32245
129.07,70150
130.98,19783
129.7,22958
130.04,26447
129.55,22749
129.34,38916
128.73,167310
130.19,56859
128.47,40241
128.15,25856
127.84,25241
128.19,34610
128.18,99379
131.16,25506
131.7,12487
130.92,11913
130.62,29556
131.06,41596
130.88,63692
131.92,13687
131.68,37260
130.3,20577
131.07,38404
131.13,39802
130.71,82946
129.03,73146
128.51,81083
128.21,228903
128.19,31057
128.56,26716
128.55,83054
127.78,20074
128.02,34197
127.33,17479
127.51,29630
127.7,31503
127.21,95196
126.06,40829
125.63,18289
125.1,16996
125.43,17070
125.96,25318
126.7,77119
124.59,71962
123.96,44253
125.5,19795
125.33,28358
125.31,15120
125.99,59348
127.46,84934
127.65,94837
127.71,32614
127.91,113285
127.52,96969
127.81,179154
127.37,16989
126.89,16682
126.97,10339
125.99,8547
126.42,16602
126.48,57487
127.15,27595
126.95,11893
126.92,9961
127.18,11449
128,29575
128.42,58774
128.72,30748
128.95,13373
129.4,12303
129.27,18133
128.73,24081
128.6,45514
130.02,29650
128.6,34693
129.33,30635
129.23,14857
128.59,20993
127.72,60034
123.85,27823
123.73,19404
124.14,11947
124,18100
124.33,24532
124.78,47544
121.91,44416
121.47,50290
121.98,31875
121.42,36079
121.23,32537
120.41,83409
121.44,24229
119.71,20339
118.44,16756
118.62,27544
119.26,46595
118.61,65500
118.86,21796
118.93,15255
118.67,15846
118.38,18847
118.75,67381
119.13,92446
118.12,20706
118.12,24602
119.01,21813
118.81,28657
118.94,30935
118.45,153696
120.03,65405
119.77,38645
118.82,19698
119.05,17233
119.43,23943
119.84,128942
123.34,28391
123.81,23623
123.91,12129
124.01,40115
123.64,18365
124.36,137693
126.46,55223
127.56,40330
127.82,29145
128.79,40989
128.95,82784
129.12,108294
129.98,57210
129.33,44190
128.7,46127
127.79,42879
128,130399
128.49,232432
130.21,93002
131.68,36697
131.7,24649
131.46,16276
131.7,43491
131.63,98826
132.94,57275
133.81,47179
133.21,28044
133.31,24360
133.04,26127
132.82,89025
133.82,39831
133.32,43945
132.27,31047
132.22,21818
131.92,32422
131.55,82714
133.55,54557
133.83,21699
134.5,28996
134.85,18614
134.97,22534
133.83,74754
131.41,50087
132.44,34450
132.25,52218
132.72,17950
132.95,40003
132.13,103408
132.41,44972
131.72,30659
131.46,11876
131.16,10479
131.6,34963
132.37,53381
131.71,63754
129.77,46493
130.98,22673
131.4,11461
131.66,17842
132.49,47769
133.14,23208
132.16,43870
131.91,18157
131.22,10752
131.72,28116
132.4,66950
130.62,40361
130.51,17469
131.24,37488
131.43,77962
131.73,47253
131.38,72607
133.21,37174
133.57,31747
132.99,18079
132.51,17005
132.31,22998
132.37,87928
132.95,17616
132.99,11629
133.19,7117
133,11095
133.46,15519
133.01,51150
132.34,28522
132.37,15835
132.23,11923
132.34,16535
132.17,18830
132.26,88024
131.96,56425
131.8,27510
132.25,17313
132.76,18377
132.09,17569
132.45,54517
130.22,54232
130.66,25479
131,27004
130.76,22870
130.8,32766
131.4,76084
133.57,20427
133.48,17006
133.57,15966
133.67,16583
133.31,15948
133.67,47758
132.54,47573
132.71,81721
132.28,46201
131.52,23383
131.49,25731
131.22,103955
130.77,39365
130.79,40708
130.49,37485
130.62,26510
130.73,41674
130.5,80568
130.61,9408
131,7620
130.8,12634
130.36,34054
128.96,21692
128.77,76223
128.23,17918
128.27,32253
128.14,11160
128.49,21999
128.12,23692
128.73,42680
129.86,10446
129.21,19652
129.88,14415
129.97,11295
129.79,14171
129.44,50689
131.19,10659
130.94,12753
130.76,7737
131.2,11917
131.03,7226
130.83,53467
131.75,25725
132.48,18584
132.89,16779
133.42,21002
133.27,14747
132.33,52970
130.71,16167
130.41,15409
130.86,13860
130.05,22492
130.59,37155
130.91,43134
128.33,64072
129.98,62908
130.73,40850
131.37,69465
132.88,49185
132.08,119362
124.36,92933
122.4,103536
122.51,93213
122.87,56525
123.66,97471
124.79,225000
122.38,42272
122.51,70807
122.78,48466
123.87,124954
123.01,26346
122.58,65580
123.76,33739
124.31,33955
124.32,19568
123.78,24693
122.95,23934
122.77,61456
123.7,36579
124.45,20946
124.15,30353
123.63,12012
123.69,8973
123.49,49789
123.51,55912
122.67,30508
122.07,30658
121.41,52063
121.71,39327
121.83,60902
121.73,28291
121.73,37060
121.61,11328
121.52,7592
121.3,18429
120.72,65357
121.53,17273
122.04,6958
121.5,14188
120.65,5267
120.93,8633
121.15,47423
122.94,27224
122.47,26409
122.93,12483
122.65,14233
122.29,23371
122.45,50846
122.06,19796
121.69,18031
122.23,12136
122.2,4589
121.92,8898
122.23,63530
123.12,17459
123.46,43297
123.87,14536
124.17,29333
124.21,60456
124.27,112551
123.24,25354
123.12,11065
123.99,11498
124.38,14471
124.16,13931
124.17,107979
124.23,33165
123.68,22448
122.96,17663
123.5,10226
123.75,15777
124.09,48519
124.34,23996
125.08,6268
124.76,8838
124.72,11206
124.55,13526
124.42,54254
123.28,26142
123.4,20189
123.87,9875
124.38,16512
124.11,16364
123.77,24539
123.08,7947
122.81,5912
123.05,5814
122.5,8418
122.45,6686
123.1,30840
124.27,14219
124.38,13685
124.06,14521
124.63,4966
124.61,11257
123.62,55303
122.93,11099
122.54,6971
122.99,7024
123.04,8659
122.47,8597
122.3,28374
121.01,17785
121.09,8955
121.32,5742
121.01,53908
121.3,9975
121.3,31749
121.23,18372
120.9,23253
120.97,11868
120.53,11426
120.75,10595
120.75,49944
121.34,16068
121.24,17357
121.22,11132
120.69,10862
120.71,10973
120.77,46589
122,17272
120.86,15167
120.49,15050
120.3,8905
120.12,30222
119.59,62704
118.11,17081
117.85,12497
118.83,14019
119.1,24015
118.89,15537
118.95,56607
118.34,36197
118.58,27327
118.51,18439
118.8,14032
118.66,16817
118.74,48119
118.35,18432
117.97,24703
117.8,39891
117.6,50719
117.4,21410
117.42,68099
118.82,34285
119.36,19841
120.02,20396
120.05,18332
120.52,29917
120.53,55580
121.35,26556
121.18,7414
121.16,19017
120.41,14374
119.36,25888
118.94,53770
120.7,51676
121.57,60731
121.14,37985
120.79,23658
120.1,67328
120.24,68743
118.36,36728
119.89,27377
119.94,18974
120.22,20609
120.67,16017
120.86,74301
121.8,23831
122.41,22844
122.37,17788
121.69,15067
122.11,20716
121.79,62212
123.22,9882
123.88,43113
123.85,39650
123.92,26836
123.69,27189
123.74,63794
123.46,26011
124.47,33729
124.05,18902
124.34,18998
124.33,11896
124.05,56978
122.71,14818
122.95,16279
122.75,16522
123.04,14780
123.19,22939
122.03,69845
121.94,20791
121.91,18015
121.61,8568
121.45,11863
120.86,11406
121.67,37245
122.9,33059
124.02,51414
123.93,15481
124.77,52456
125.3,15051
124.93,67850
125.41,39247
123.57,49761
124.01,18006
124.22,30960
124.18,43045
125.63,108322
123.87,34283
124.68,31827
124.39,27842
124.05,11949
124.27,20100
123.57,50019
123.38,32200
123.53,27467
123.78,14561
123.46,18458
123.31,32926
123.59,52938
124.99,15176
125.02,7997
124.71,7448
124.63,9745
124.35,32861
124.53,68542
123.61,35856
124.22,31304
124.63,22928
125.52,31266
125.44,38674
125.95,67631
124.74,54031
124.09,39515
124.08,24116
123.46,19639
123.67,51161
123.3,73072
122.28,23368
123.89,19943
123.57,18418
123.46,29832
123.1,27054
123.59,65852
125.66,31193
125.59,26565
124.86,29238
124.06,22664
123.59,23603
123.87,43475
125.05,27962
126.24,19196
125.51,17238
126.05,13821
125.6,14193
125.76,109871
125.35,9260
124.97,30262
124.95,13408
124.65,14913
124.18,27254
123.92,60133
119.84,79501
118.51,37952
117.67,167439
119.73,60650
119.07,54982
118.49,158337
119.64,40785
120.65,38952
120.16,51001
119.95,33142
119.63,39638
120.89,87940
123.3,18341
123.56,21743
123.51,13474
123.94,44026
124.03,39879
123.98,86432
123.46,24010
123.84,19625
123.54,9631
124.36,22616
125.48,31708
125.57,93692
123.05,10952
123.23,21887
122.91,14584
122.8,18243
122.83,21577
122.24,37742
120.44,24555
121.33,22608
121.59,15452
121.43,11264
121.52,7019
120.82,72879
120.42,48201
120.18,18439
120,51596
120.61,22008
120.38,9441
120.17,56428
122.12,31835
123.97,35144
124.04,28218
124.64,21487
125.24,22920
123.46,53913
124.42,42527
123.6,25163
122.83,22242
123.27,12153
122.79,21006
122.54,63742
121.72,21300
122.24,43122
124.77,26308
124.94,20760
125.21,29507
125.73,90229
126.82,23721
126.34,20677
125.88,10817
125.68,11291
126.25,12437
126.16,68618
126.02,13146
126.51,13290
126.81,26805
127.28,16306
127.55,17020
127.32,53968
127.26,20495
127.27,12325
126.79,8162
127.23,15208
127.43,17095
127.21,31977
127.12,25942
126.88,17776
126.11,8090
125.75,10478
125.82,10458
125.89,47144
125.89,17966
126.72,25589
126.42,11112
126.62,12508
126.29,11556
125.77,37908
127.97,23031
127.63,7247
128.19,45471
129.46,13355
129.29,45145
129.68,99196
132.74,28244
133.02,28585
133.11,23171
132.9,19641
132.45,27552
133.2,66484
132.13,42440
132.35,28144
132.51,21646
132.65,18210
132.5,21801
132.3,102076
133.65,33967
134.01,19476
134.61,21047
133.96,33678
134.08,14053
133.54,52459
134.56,40255
134.62,32988
135.33,20055
135.28,18011
134.73,27760
134.88,132485
126.74,168684
130.36,74871
130.11,54240
129.17,56332
128.65,50877
129.22,103918
128.15,120054
127.81,89762
128.28,66025
128.45,40259
128.34,36341
128.39,97155
128.83,26279
127.93,32128
128.24,30256
128.96,25822
129.38,30333
129.67,112665
128.96,31979
129.01,19719
129.36,11322
129.27,15930
129.71,46472
128.34,92496
126.63,26962
126.96,10072
127.42,15394
127.86,15252
127.39,19574
127.95,54746
126.95,16205
127.92,27670
126.4,19528
126.66,22382
126.73,37966
127.01,81616
128.65,21201
129.76,28694
128.9,6679
129.46,15523
130.01,21728
130.47,86435
131.76,25614
132.97,36414
133.1,16377
132.51,23756
131.28,22719
131.05,60961
131.81,89841
131.66,19405
131.78,13815
132.26,20656
131.01,32878
130.33,49985
132.25,35913
131.55,26698
132.03,22213
130.57,12151
131.31,17894
131.86,85589
129.26,41207
128.78,33841
130.5,28747
130.6,29376
131.22,27264
131.82,88526
134.47,21333
135.55,27019
134.75,12261
135.59,13590
135.64,35290
135.57,67802
134.2,28440
134.73,37010
133.91,29413
133.55,19672
132.65,21846
134.09,66208
137.43,61100
137.27,34756
136.13,20309
135.96,29947
135.04,31140
134.57,143903
132.4,27094
133.15,35506
133.76,41757
133.89,19004
134.51,16787
134.45,88564
135.56,28380
136.07,33446
136.83,17427
136.59,23148
136.29,24043
137.02,168416
137.74,37159
138.04,20201
137.89,36648
138.21,35080
139.5,35005
138.91,58995
139.95,108487
139.97,68568
140.15,24747
139.27,34209
139.58,34688
140.45,46752
141.46,17927
140.12,12717
140.21,7066
140.31,10205
140.39,9382
140.48,22595
141.55,18425
141.24,18065
141.03,29560
141.03,0
140.57,30571
140.73,21898
140.48,19066
140.02,15248
139.66,16025
139.33,46931
139.6,28498
139.84,46226
138.94,28319
138.8,15851
138.98,25170
139.06,53600
139.01,12785
138.22,15729
138.68,25468
138.44,23011
140.08,47190
141.2,114440
143,22816
142.23,12052
141.58,9606
141.92,29800
142.26,20341
142.54,53259
141.82,28642
142.69,18493
142.9,17966
143.03,11931
143,18457
143.45,65658
144.68,31885
144.79,16020
144.25,11624
144.49,9418
144.47,14424
144.41,59666
144.33,35073
143.3,24596
143.28,25896
143.62,32772
143.17,30030
143.78,67028
144.49,19725
144.59,15170
144.78,16203
145.37,22914
145.63,15203
145.62,47565
145.33,27206
145.43,21106
145.24,5136
145.7,7964
145.61,8794
145.72,46666
146.85,18880
146.39,15177
146.09,21688
145.37,11254
145.35,13313
144.9,60420
144.01,23229
144.09,19227
144.71,10685
144.6,11818
144.94,10713
145.08,31339
147.32,27455
146.37,32335
145.66,11438
145.4,15542
145.72,17049
145.74,68103
145.54,32255
145.57,9574
145.58,8754
146.03,16418
145.4,25281
144.74,39288
144.07,19645
143.52,11017
143.61,5841
143.19,17518
143.42,12237
143.59,56524
143.81,34171
142.48,28187
142.28,24751
142.28,20039
142.57,18798
142.47,93498
142.02,15636
141.95,7192
141.81,10224
142.03,10105
141.33,14765
141.22,43813
141.96,11131
141.61,11899
141.93,9980
142.09,14171
141.57,23849
141.32,47560
142.18,13511
143.11,11247
142.53,9708
142.68,8301
142.69,15130
142.97,33427
143.08,9890
143.12,9032
143.48,27979
142.79,17909
142.76,13163
143.37,19549
143.4,8365
143.83,5068
143.9,4325
143.82,4620
143.66,10856
143.78,40863
143.27,11219
143.06,5256
143.43,4208
143.82,12580
143.57,7280
143.35,22606
144.94,19260
144.31,16513
143.39,12700
143.81,13268
143.74,12006
143.63,36306
143.66,26890
143.54,22428
143.5,13276
143.44,14720
143.94,3073
143.66,27697
141.92,11913
141.01,16556
141.65,12370
141.52,11381
141.41,15305
141.68,32875
142.37,15819
143.24,13604
142.77,17033
142.67,15410
142.83,20631
142.76,35942
142.99,18411
143.58,40037
144.74,25538
144.4,27959
144.39,23526
143.95,47293
143.68,25232
144.2,15675
144.38,64186
144.13,11550
144.85,18679
144.48,44643
145.23,17118
147.12,13393
147.38,27681
146.73,17409
146.02,29121
146.76,50967
145.18,31554
144.82,43068
144.61,11392
143.43,17054
143.03,26878
142.58,146935
140.87,57121
141.1,26240
140.56,17928
140.79,12011
141.12,14356
140.75,54917
137.63,90886
137.61,68009
137.07,25017
137.67,25994
138.31,38518
138.44,80536
136.04,39638
136.26,47480
136.34,47956
135.89,39189
136.26,74390
135.79,115949
136.13,37107
136.55,21166
135.95,14994
135.75,13655
135.91,19183
136.14,68189
137.21,33097
137.49,21968
137.54,12122
137.36,9186
136.96,14334
136.56,90402
135.24,34067
134.24,17394
134.24,10332
133.88,25453
132.91,14957
133.08,72928
133.31,42460
133.27,14351
133.64,18443
133.33,22874
133.37,30857
133.26,76826
131.47,33221
131.43,46511
131.25,46199
131.4,38344
131.74,30868
131.97,74109
132.79,18611
132.71,70449
132.47,25195
132.61,23221
133.12,24883
132.46,84258
130.78,32081
130.77,13249
131.13,23779
130.82,33333
131.63,17476
131.73,71434
130.85,21796
130.76,16896
130.69,22993
130.68,16247
131.09,37644
130.98,55896
132.28,28647
131.24,16090
131.46,14902
131.64,9787
131.46,24677
131.53,91743
130.91,27164
130.05,25680
130.18,13348
130.18,13682
130.23,23946
131.01,56026
130.43,31205
130.61,18291
130.28,18237
129.6,22873
129.86,21167
129.41,87242
129.37,45602
129.59,63634
129.73,34459
129.81,5506
130.16,9186
130.39,48469
130.24,28815
129.63,12127
129.81,12105
129.67,15649
130.05,37248
130.56,59542
128.22,37174
128.67,35874
128.63,17827
128.56,25290
128.7,34753
128.73,66723
129.45,34154
130.47,17982
129.65,38663
129.64,11488
129.4,35000
129,79320
129.9,19332
129.93,12166
129.38,12615
129.43,24246
129.94,13575
129.56,44077
128.16,29166
128.15,21337
128.3,31453
128.93,25978
128.3,14267
128.67,52889
129.75,46371
129.72,28398
129.75,27656
129.61,20659
129.41,25644
129.16,54786
133.13,124155
135.68,71086
135.24,87159
132.47,76755
132.14,49673
132.81,109488
135.02,68545
134.2,37691
135.37,37248
136.02,37762
135.64,42809
136.02,125903
134.81,20783
135.82,19310
135.96,15098
136.1,15502
136.08,17606
136.4,50791
136.41,16176
135.62,12440
135.67,6817
136.01,7715
135.88,7746
135.78,25776
135.76,36181
135.8,12859
135.28,10824
134.81,11491
134.92,14376
134.26,47060
132.36,27120
133.41,15530
133.27,3877
133.66,3478
133.74,7511
133.73,31513
134.07,12797
133.59,11357
133.49,9975
133.62,7406
134.24,8748
134.62,31986
134.46,177922
134.91,68960
134.9,164179
135.16,100310
135.09,91355
135.67,131365
134.58,136932
134.22,58828
134.53,50077
134.99,54455
135.02,71102
134.4,118941
135.84,109880
135.82,90140
134.81,61270
135.09,32610
135.12,82396
135.88,112086
134.45,89545
135.16,86982
135.16,31932
134.95,58964
135.33,82888
135.86,127416
137.19,35240
137.31,39353
136.96,20651
137.39,22447
137.51,24974
137.31,44271
136.18,44318
136.63,38118
136.24,26836
136.84,21985
137.01,37940
137.02,82630
136.2,38671
137.31,27581
137.3,41300
137.27,19001
137.43,24349
137.58,62257
138.51,73551
138.21,41333
137.99,20275
137.85,33886
137.96,38124
137.56,54343
137.79,20676
137.7,15929
138.51,11676
138.47,18145
138.21,16585
138.77,37975
138.44,19927
137.92,16427
138.09,12840
138.53,9395
138.04,10990
137.6,45252
136.88,17666
136.41,7931
136.01,7114
135.53,8773
135.67,6700
135.85,34289
135.86,21896
133.88,22969
134.08,23987
133.33,26190
132.54,19541
132.76,45740
132.92,37356
133.01,20033
132.77,41090
132.65,19766
132.01,39612
131.33,54610
133.64,58221
133.24,37497
133.15,41532
132.95,34520
132.19,19199
132.69,65582
135.43,32082
136.12,29273
136.21,30632
135.44,20575
135.94,29298
135.68,101854
136.05,16297
135.9,23338
135.81,27063
135.61,34210
135.33,29959
135.26,101774
135.29,27622
136.01,19401
136.08,15034
136.1,15351
136.98,23363
136.36,70756
136.02,29015
137.79,23238
137.73,27273
138.37,18685
138.59,27652
137.93,119563
137.82,61138
137.88,54593
136.99,41067
137.09,42508
136.94,39704
137.06,272052
138.59,22818
138.08,12707
138.31,12479
138.82,17280
138.64,19244
138.84,41203
139.15,6124
139.17,11234
138.5,10215
138.43,19654
138.28,27887
139.01,63385
138.98,28323
138.77,41206
138.74,23726
137.87,15464
138.01,27053
137.32,42661
137.82,19204
138.96,19813
138.91,22143
138.71,27173
137.9,18589
137.95,60171
137.94,24962
138.73,17280
140,24516
140.32,13612
140.47,8942
141,28264
141.05,16873
140.94,11360
141.05,11921
140.63,8625
140.47,8759
140.87,28016
140.75,13522
140.69,8883
140.9,12733
140.83,21055
140.54,9636
140.8,43439
140.79,13327
140.79,19928
140.42,11011
140.11,14451
139.31,22237
140.01,34574
140.92,9875
140.43,6538
140.67,5963
140.34,8329
140.28,22766
140.19,35347
140.65,12646
140.57,12243
140.54,22803
140.96,13123
140.94,18996
140.87,40920
141.83,18026
142.26,10346
142.47,8960
142.14,7167
142.36,15434
142.5,32527
143.46,17175
143.41,17071
142.39,11917
142.32,5181
142.4,13610
142.08,55814
143.03,22916
143.3,18788
143.61,17107
143.28,8968
143.21,13068
143.5,29234
143.33,19790
143.28,21036
143.64,26369
143.77,18764
143.58,18976
144.04,55924
143.16,8718
142.75,4491
142.84,4006
142.87,2643
142.88,3903
142.93,24702
144.15,22024
144.53,43304
144.19,8425
144.46,7213
144.14,15206
143.77,22001
145.12,32466
144.62,14208
144.91,14103
144.85,11860
144.98,19816
144.62,32982
144.89,6294
145.29,17868
145.32,11373
145.45,11598
145.94,16776
146.26,63681
145.82,22189
145.23,6880
145.02,8881
144.58,6705
144.75,10412
145,21877
144.67,12347
144.81,9722
144.65,5628
144.47,15119
144.62,8766
144.71,20535
144.17,14044
144.11,16287
143.78,13519
143.68,34174
143.41,25703
143.27,44869
143.45,20249
144.05,15366
144.21,31292
144.07,12425
144.55,11145
144.61,42538
144.33,16564
144.71,12804
144.82,12497
144.85,11768
145.09,7534
144.85,30999
146.02,12715
145.71,15800
145.94,10898
145.93,10920
145.9,12442
146,51592
146.35,16093
147.4,13080
147.53,17788
147.39,9371
147.44,16508
147.26,51632
148.15,24290
148.42,19706
148.58,28041
148.36,21719
147.87,19469
148.03,68725
145.71,32235
144.79,13067
145.55,5906
145.43,12194
145.03,17050
145.57,98613
135.1,118396
132.86,98173
133.67,47831
133.49,40469
134.13,61142
135.43,140125
134.37,20531
134.87,11643
135.13,14628
135.25,16442
135.67,16604
135.2,52864
137.69,21038
137.84,19416
137.52,20152
138.03,18022
138.62,25005
138.47,50143
138.28,24252
136.68,13536
136.38,6446
136.21,23105
136.33,20462
136.41,90043
135.14,26484
134.84,7369
135.14,8021
135.17,11884
135.23,24691
133.45,83456
133.44,25960
132.88,42451
132.21,31893
132.15,35894
131.74,23066
131.89,67706
132.65,15386
133.98,15867
133.23,34860
132.84,26316
132.8,31119
133.62,45009
132.9,21712
132.58,9289
132.37,9028
131.99,17516
132.07,15201
132.07,26128
132.59,41366
132.35,39402
132.56,19029
132.4,23075
132.34,15447
132.01,66127
131.43,20020
131.2,8801
130.8,9617
130.41,8498
130.81,13240
131.43,36606
130.89,27726
130.63,21720
131,25466
131.06,15854
130.82,17675
131.28,30346
132.11,15403
132.07,13020
132.04,6348
131.82,17216
131.26,17989
131.4,35798
131.83,19353
131.58,27137
131.33,5679
131.23,11893
131.23,4561
131.89,44096
130.47,27884
129.89,13895
129.66,13869
129.51,5219
129.42,10719
129.44,58796
127.28,26846
127.17,23621
127.37,12113
128.07,9124
128.42,19041
128.35,42644
127.87,18257
128.26,24536
128.08,27517
127.98,14957
128,10703
127.98,45313
130.47,23047
130.52,17112
130.18,14834
130.59,15874
130.48,15559
130.44,45239
130.23,12047
129.39,6965
130.45,21483
130.16,11776
130.07,9873
130.23,27777
129.12,33000
128.12,23863
128.68,9658
129.07,19847
128.51,25931
128.12,30570
127.62,11210
127.75,4039
127.36,2129
127.57,4407
127.4,12567
127.06,38094
125.16,28104
124.77,15775
124.84,27634
124.37,22229
125.28,17191
124.84,71635
124.65,37622
124.51,36970
123.74,31729
123.54,33045
123.56,29218
123.95,73885
122.31,14316
121.68,17686
122.42,13217
122.57,18693
122.48,16056
122.11,75245
122.1,27246
122.96,29285
123.49,38807
123.99,42300
123.83,34397
124.02,107480
117.96,79619
119.06,43830
120.7,17201
119.89,27071
119.42,33253
119.92,110928
120.45,21165
120.99,20273
121.11,12452
122.04,12819
122.42,14751
122.79,57143
124.13,22279
123.45,9309
123.52,7645
123.72,23833
123.11,11617
122.52,30584
122.38,15917
122.23,23698
121.99,13419
121.74,6215
121.19,8275
121.09,34382
121.41,10916
122.22,7960
122.27,2022
122.64,4833
122.82,8776
122.58,43968
122.7,36166
123.14,16003
122.89,15881
123.76,34896
123.53,71266
123.27,118456
123.92,24351
124.82,13986
124.38,13941
124.62,18646
124.31,27727
123.91,48461
124.21,28597
123.98,19203
123.34,30910
123.13,21609
123.23,8545
123.45,35210
123.94,30766
123.83,19368
123.8,15404
123.81,26553
123.86,32070
123.58,19216
124.48,38779
123.97,25648
123.14,86317
122.81,66115
123,36582
122.4,55085
122.59,25286
121.96,14066
122.11,18822
122.38,24829
122.18,23265
122.39,70370
124.09,24972
124.07,18558
124.21,19522
124.33,8142
123.72,42521
123.72,74401
123.72,11997
124.24,12779
124.69,10431
124.42,6790
124.46,8836
124.33,30978
121.88,13777
123.09,8273
123,4184
122.75,4306
122.35,9397
122.46,17762
123.51,10102
122.7,3545
122.73,8387
123.06,24176
123.1,2545
123.27,18815
123.99,6601
123.43,22017
123.45,71750
123.43,11174
123,13584
122.65,103015
120.46,27430
120.94,29963
121.33,47307
121.55,36103
121.35,27895
121.33,151140
119.38,18597
119.53,17601
119.6,16240
119.84,6332
119.46,23594
119.35,46285
119.21,35523
117.85,21377
118.9,16223
119.27,11529
118.96,19242
118.77,56667
119.16,11200
119.4,8502
119.75,6999
119.99,11830
119.77,10847
119.61,46123
119.56,44116
120.19,43708
121.64,20608
121.19,11567
120.77,4908
121.07,31721
120.17,10815
120.73,12849
121.38,11247
121.38,0
121.69,26378
122.9,11734
123.6,10685
123.16,12574
123.6,15677
123.58,34463
123.3,22620
123.13,13136
123.76,15384
123.99,10154
123.72,11848
123.69,37785
122.54,23346
122.48,26721
121.99,21496
122.45,20602
122.33,13023
121.91,34543
122.02,13974
120.92,19082
121.41,11251
121.26,24989
120.9,15032
120.59,51187
121.12,42968
120.65,5423
121.35,5655
121,7394
121.08,24164
121.4,29625
122.14,16073
122.24,10611
121.95,14720
121.68,6477
121.64,12182
121.44,52599
121.18,20825
121.06,13012
121.37,4876
121.22,6184
121.28,13541
120.94,26936
122.83,19774
122.59,16470
123.07,16757
123.49,24720
123.62,25360
123.67,78128
122.6,15555
122.75,24543
122.6,6941
122.54,5431
122.54,10142
122.57,25946
124.46,31188
124.62,25505
124.44,19844
123.54,12743
123.98,9018
123.78,25743
124.93,10876
124.48,11069
124.79,13150
124.99,30331
124.92,11863
125.07,22146
127.85,46552
128.89,33498
128.22,30848
128.88,32917
128.94,19734
129.47,59353
129.6,30210
130.28,12541
130.5,11304
130.48,7733
130.63,11292
130.65,43442
130.79,13689
130.57,7269
130.51,21342
130.36,9253
130.22,11818
130.21,21555
129.05,13299
129.24,15368
129.07,9302
128.95,6014
128.82,8254
128.77,22902
127.67,39378
128.9,13385
128.72,17032
128.74,12427
128.64,43567
129.08,74283
136.32,57593
136.32,38299
135.59,30861
135.6,27714
135.29,43330
135.32,140350
135.95,44504
137.38,40371
137.39,30097
137.33,11608
136.89,15819
137.24,44059
136.14,29472
135.73,23944
134.42,10484
134.22,15775
134.54,22151
135.33,58478
136.03,13846
135.21,9889
134.74,8526
134.76,8094
134.43,8188
134.8,21309
134.92,14557
135.76,9277
136.12,25627
135.89,10929
135.25,11978
135.09,63636
134.91,8165
135,9371
135.35,6322
135.38,3781
135.3,2708
135.28,38816
136.53,11427
135.31,4615
135.43,8370
135.38,12242
134.71,15382
133.93,39174
135.5,22972
135.67,9883
136.32,5794
136.56,8731
136.72,8741
136.68,38879
136.16,16826
136.6,5044
136.03,5177
135.58,5906
135.71,8908
136.01,33298
136.88,19434
137.83,11715
137.11,9681
137.26,9808
137.75,13954
137.79,39861
138.1,7152
138.58,5821
138.39,3426
137.65,3056
137.49,4837
137.99,18216
138.28,18817
138.5,14624
138.55,14432
138.25,18874
138.43,6195
138.44,23798
138.7,5556
138.43,1928
138.31,535
138.19,3174
138.09,2046
137.71,13290
137.48,13837
138.21,5781
138.75,4429
138.06,4174
137.95,6476
138.06,18578
138.61,17275
139.16,7442
138.69,9297
138.61,7845
138.41,4440
138.33,16361
137.37,23265
137.72,20721
137.26,7179
137.11,9215
136.83,17760
136.51,73338
136.33,28037
136.27,38532
136.39,22759
136.3,23562
136.31,9031
136.26,40841
136.25,10777
135.82,14072
135.41,5662
135.39,6997
135.88,6235
135.97,66458
135.7,4645
135.24,5683
135.37,4243
135.49,5008
135.2,4842
135.15,39229
134.56,16760
133.74,16461
133.03,12310
133.16,12049
133.31,23902
132.8,46912
134.2,6233
132.99,10078
133.22,7488
133.1,6938
133.18,8667
133.36,23309
133.35,9757
133.57,13994
133.74,10474
133.96,9429
133.46,5253
133.5,17309
133.87,4887
133.55,6666
133.4,3086
133.59,5283
133.47,8100
133.44,25768
134.61,15938
133.06,5285
133.69,2921
133.63,3958
133.62,7564
133.49,23352
134.69,21473
134.38,6430
134.18,972
134.59,4358
134.57,6312
134.47,19216
134.94,11369
134.45,5623
134.58,10745
134.34,3234
134.24,11418
133.7,28220
134.95,7809
134.52,17592
134.7,2763
134.29,2696
134.63,2870
134.53,15980
135.12,10069
133.73,6992
133.35,4685
133.18,4096
133,5475
132.97,54996
130.97,11370
130.75,23656
130.95,4198
130.93,5422
131.54,6049
132.08,44047
134.02,13683
134.36,10498
134.68,7238
134.83,11488
135.03,10058
135,57626
135.92,9086
135.76,7474
135.09,10224
134.97,9753
134.67,6527
134.95,42765
135.39,7475
135.14,9429
135.27,5877
135.47,5989
135,13565
135.11,22238
134.48,14451
134.66,12474
135.03,7687
135.52,10705
135.52,8658
135.47,33890
136.19,14167
135.66,37831
136.94,42064
137.39,30683
137.91,19095
137.78,65619
140.44,38519
139.56,35365
139.51,36777
140.14,15412
139.47,23189
139.52,54172
140.4,11179
138.86,24456
139.03,16613
139.05,15443
138.94,13231
138.5,46411
138.76,6974
138.83,2302
139.3,2776
139.51,722
139.61,2260
139.46,28369
140.08,19605
138.98,7658
139.03,6329
139.03,4080
139.37,4366
139.39,12948
139.35,10656
140.25,10458
140.48,6842
140.49,8742
140.06,18054
139.79,18761
140.4,21282
139.43,8732
138.83,3914
138.92,8392
139.45,4799
139.62,22654
139.06,16352
139.54,7875
139.59,4212
139.37,4078
139.32,8125
139.06,20213
138.62,6908
138.97,9646
139.74,14537
139.93,10033
140.22,13482
140.09,25621
140.16,13989
139.87,7224
140.02,18703
140.12,15746
139.73,18010
139.9,37726
138.86,11009
139.12,10822
138.88,10118
138.25,7685
138.26,12321
138.94,27582
137.89,12231
138.35,5091
138.05,3185
137.59,1774
137.74,6502
137.84,19227
137.17,10261
137.09,10658
135.95,8989
135.58,11781
135.44,10686
135.81,47511
134.93,7450
134.81,22170
133.78,10522
133.41,3248
134.03,4411
133.83,29462
132.85,8932
132.8,3300
132.27,3073
132.96,3278
132.96,6916
133.27,24521
134.3,10577
133.84,3009
133.95,3934
133.83,2929
133.27,5210
133.64,11631
135.63,28416
134.46,8687
134,10375
133.78,13607
133.91,20814
134.08,27132
134,24132
133.91,15517
135.52,14416
135.07,14297
135.25,14800
134.98,51399
135.72,11476
133.7,6212
134.53,4621
134.21,7995
135.3,4403
135.24,14722
134.62,23757
135.03,16278
135.14,7041
135.37,9624
135.26,8066
134.67,25408
136.2,12557
135.8,15372
135.81,9762
135.5,4637
135.32,10675
135.32,16680
135.66,11611
135.78,11716
135.65,15942
135.51,13893
134.88,40955
135.45,50366
136.61,21038
135.26,15754
135.4,11885
135.58,13169
135.86,9079
135.77,23760
135.84,15921
135.91,13831
135.91,8968
135.32,7338
135.39,12276
134.97,52509
135.56,26914
135.69,20507
137,18775
136.89,13767
136.54,16894
136.17,38595
136.45,10166
137.17,10896
136.9,10288
136.56,8204
137.09,33197
136.73,51085
132.85,53363
131.73,23715
133.24,15168
134.05,6724
133.93,17567
133.24,32284
134.43,8914
135.03,13517
134.86,6990
134.67,2966
134.96,6067
134.77,26129
133.78,5434
133.9,8314
133.32,5950
133.21,7779
132.61,21691
132.93,48549
133.68,12279
133.39,5524
134.14,9387
133.88,7805
134.2,5996
134.68,14817
133.9,19030
134.4,11179
134.11,5648
133.8,6297
133.65,21443
133.33,49898
132.41,14339
133.32,19258
133.59,7336
133.33,27605
133.33,18043
133.55,69873
129.3,50598
126.91,28408
126.19,15177
126.11,21142
125.96,26414
124.89,98039
132.08,52904
132.56,36656
132.62,70152
132.12,49830
131.29,28211
131.01,101364
128.54,43460
128.93,31735
128.49,22171
128.37,27736
128.58,30244
128.57,66656
130.69,13578
130.83,11889
130.85,8835
130.73,13836
130.92,15484
131.25,47411
130.33,10144
131,8481
130.53,6833
130.63,4849
130.66,5954
130.86,57877
131.3,15094
131.12,13767
130.92,9459
130.82,19336
130.45,18742
129.74,70041
129.9,37120
130.04,12393
130.19,4299
130.12,7989
129.89,10706
129.43,35577
129.27,12600
129.15,15584
129.18,17198
129.36,12097
129.84,8655
130.1,27952
131.27,14758
131.17,19787
131.29,18951
130.66,12875
130.68,19189
130.47,77570
127.26,48554
126.2,55792
125.74,53230
125.61,22833
124.98,19626
126.1,58490
125.84,9197
125.12,8624
125.52,4698
126.44,6354
126.44,8667
126.54,28184
126.89,14796
126.99,10583
127.49,9153
127.22,4076
127.18,4499
127.06,24348
127.65,12252
128.19,7032
127.99,8610
127.83,7239
127.15,23373
127.02,38003
125.28,17618
126.27,22052
125.89,6265
126.05,4838
126.28,17358
126.31,49962
126.95,34323
127.09,36495
127.15,32142
126.83,21996
126.23,10593
126.33,41133
126.82,17138
126.22,4880
126.36,4357
126.49,4526
126.71,4546
126.63,21090
126.99,10216
126.85,6953
126.76,6371
126.62,7459
126.69,10580
126.79,32294
127.32,17807
127.07,45157
127.31,9048
127.07,5034
127.07,7232
127.18,28000
128.03,5652
127.35,4091
127.71,5348
127.2,3091
127.17,10950
127.07,24228
127.26,5141
127.18,3915
127.04,9878
127.04,0
127.14,30837
126.85,11262
126.71,9031
126.58,6058
126.54,10168
127,21476
127.79,11536
127.55,9961
127.71,17463
127.35,18522
126.96,6061
126.76,26703
126.77,26928
126.77,24577
127.21,7732
127.38,6847
127.26,10941
127.01,14714
127.59,23749
129.1,30763
130.04,15832
130.05,24665
130.18,17269
130.1,45078
131.74,24698
130.67,18596
130.91,14202
131.24,6999
131.13,18244
131.09,40721
132.11,28801
133.16,18810
132.65,3338
132.69,4509
132.67,10822
132.52,19285
131.17,12130
132.05,14389
132.23,7107
132.76,11802
132.14,8856
132.47,26819
133.87,8987
133.88,12589
134.01,7878
134.12,7139
134.52,6728
134.46,23494
133.6,16779
134.84,35149
135.71,29044
135.3,12440
135.45,77365
135.47,88542
136.6,20830
137.47,8988
136.99,5325
136.94,25021
137.01,36914
137.49,60416
139,47534
139.46,77142
138.73,89891
138.97,82335
138.28,14976
138.4,25581
139.1,24294
139.36,17682
140.37,18059
140.73,12003
140.7,31685
140.65,42349
140.57,25678
140.96,19394
141.18,7867
140.65,10014
140.59,20452
141.2,46863
140.9,13860
140.61,37537
140.38,25647
141.84,17904
141.87,15762
141.64,47621
141.61,32822
141.47,16730
141.08,16366
141.31,17899
140.65,23848
141.35,25634
140.12,11614
140.65,12796
141.28,17145
140.86,16632
141.05,27361
141.31,51271
141.01,9286
141.11,13314
141.01,11779
141.39,7982
141.11,54399
141.2,60022
140.99,13613
140.83,13034
140.7,7127
140.55,2797
140.73,9211
140.48,43905
139.49,6792
139.63,7980
139.42,8309
138.98,5526
139.44,7784
139.2,15859
141.86,20784
142.43,6992
142.33,7023
142.24,6411
141.99,5490
142.03,24728
141.91,2488
141.98,4224
141.98,5609
141.65,3282
141.6,3377
141.91,14157
141.44,10061
141.87,9710
141.71,4487
141.53,4040
141.72,13603
141.68,25097
142.56,7576
142.39,2322
142.18,3020
142.03,4828
142.02,4860
142.08,19310
142,7370
142.16,7588
141.95,5695
141.77,3869
141.71,6340
141.79,22729
144.74,25981
145.98,15019
145.94,7849
146.53,20070
146.47,13803
145.92,39729
147.38,16009
147.77,14430
147.08,15232
147.55,18702
147.04,13085
147.13,23652
146.95,21548
148.42,18693
147.7,19315
148.29,17551
148.58,33997
148.66,50957
148.9,16374
149.16,11604
148.57,23856
148.32,15540
148.53,9806
148.29,31408
147.51,18235
146.92,10834
147.35,9425
147.2,6257
146.74,10845
147.26,28102
149.56,13293
149.11,8194
148.88,5753
148.56,6060
148.68,7433
148.71,52045
148.86,18734
148.95,61002
149.89,12164
149.87,8818
150.26,15545
151.1,41247
151.27,22635
150.49,10619
150.04,8546
149.7,11725
150.08,14563
150.4,19692
150.59,12898
150.73,12185
150.66,12334
150.65,8537
150.46,7799
150.47,13078
149.73,21646
149.78,7215
149.9,6351
149.91,6902
149.99,8786
150.11,24785
150.19,28890
150.66,18933
150.36,19564
150.23,8523
150.1,13526
149.88,19560
149.99,23546
150.21,8989
150.46,7124
150.77,16259
150.95,13993
151.21,20552
151.44,16495
151.67,18938
152.23,9055
152.24,7169
152.18,8509
152.34,18802
152.15,19956
152.81,22132
152.38,17305
152.62,15380
152.83,18095
152.89,47214
153.65,16727
153.71,10539
154.01,10235
154.06,9869
154.34,9465
154.51,56656
154.15,16545
153.57,9737
153.6,11715
153.1,10239
152.77,12712
152.49,22301
152.27,14492
151.8,6667
151.42,12521
151.7,28656
152.03,18347
151.97,48147
151.93,19463
151.66,9443
151.8,4600
151.8,3718
151.82,6794
151.93,25813
152.06,15434
151.81,7890
151.71,11201
151.92,9120
151.94,15270
151.93,26735
151.76,19151
151.55,27467
151.81,7841
152.16,16535
152.36,8716
152.56,40220
152.53,10492
152.26,2723
152.35,5297
152.43,3688
152.29,5693
152,11565
152.82,17307
153.34,22884
153.98,25047
154.4,27325
155.06,37068
155.08,58481
158.14,45316
157.99,19039
156.81,6056
156.28,9933
156.4,13196
157.07,52044
159.96,34581
159.22,34341
159.23,21508
158.83,12264
159.2,25875
159.4,35776
158.87,34737
159.52,27601
158.23,30411
159.76,28836
160.18,31663
160.03,70511
161.81,25637
161.94,18951
161.77,9888
161.65,15976
161.95,25434
162.11,46916
162.15,26496
162.42,34003
161.52,15170
161.86,13572
162.09,9749
162.24,24809
161.42,13033
161.08,11957
160.83,9880
160.73,8582
160.36,12717
160.96,18903
161.08,15307
159.59,9395
160.44,6776
160.56,6859
160.4,8728
159.99,10235
161.02,16282
159.7,15410
160.31,3800
159.83,9015
159.63,16047
159.81,29030
160.83,24400
160.99,19565
160.6,5578
160.5,8946
160.31,3670
160.59,22560
162.63,31962
161.95,30861
162.27,27342
162.37,20095
162.63,23339
163.23,40361
164.15,18675
164.33,11295
164.4,7825
164.79,7281
165.22,7631
164.86,18578
165.11,16064
164.31,9297
164.39,10139
164.48,4578
163.66,6821
163.68,28801
162.48,18165
161.75,8257
161.52,5461
161.1,5891
161.25,5167
162.04,12160
161.27,15294
162.28,10597
162.79,7930
162.78,6706
163.49,13059
163.92,49550
165.43,11190
165.15,10974
164.49,3013
164.17,4125
164.16,3299
164.76,18685
166.06,11875
165.59,14677
166.28,7266
165.86,6754
166.17,7069
165.85,20152
164.5,10197
164.96,9993
165.26,10522
166.02,14037
166.01,18994
165.58,30452
164.88,32927
164.93,33060
164.14,18952
164.61,13385
164.93,33202
164.67,43410
163.63,32407
163.57,17964
163.28,18482
163.45,19584
163.46,11056
163.32,21722
164.13,16077
164.08,15146
164.08,19582
164.53,17598
165.14,13689
165.18,17196
166.34,12432
164.75,15552
164.9,9885
164.35,10193
163.77,9402
163.89,25790
165.6,20712
165.58,10072
165.54,8759
165.82,8067
165.59,14765
165.62,20863
166.29,18773
167.32,7883
167.57,6970
167.81,17057
167.79,14774
168.24,31326
168.44,22827
167.34,13505
166.96,8919
166.91,5815
167.11,7307
166.42,17335
168.33,11619
167.72,19783
167.64,9914
167.3,18982
166.36,24332
166.55,30508
167.19,19767
165.5,10987
165.35,6464
165.42,12261
166.08,11607
166.14,31174
168.32,14539
168.87,10782
168.54,5208
168.53,8184
168.81,13541
168.65,39996
167.89,13446
167.9,14475
167.49,7508
167.78,12673
167.45,6212
166.73,51857
166.09,15366
166.14,11636
167.3,8950
167.8,11883
167.92,16353
167.89,38586
165.07,18648
166.92,9183
166.11,9553
166.06,13122
166.02,9778
165.86,39516
164.92,10137
165.1,10652
165.58,15232
165.58,9491
165.54,9442
165.24,15458
166.06,12628
166.13,6742
166.07,8250
165.31,6783
165.39,8073
165.36,21458
164.16,4925
164.28,11140
164.28,8758
163.8,9021
163.29,22587
163.14,48577
163.43,22644
164.29,28616
164.01,11454
163.63,17990
164.11,27757
164.28,26602
164.14,17527
164.61,13890
164.78,4953
164.86,2562
165.28,7546
165.39,11422
165.59,27155
165.52,30611
165.19,16281
165.31,30228
165.06,105781
165.14,101049
165.66,12042
165.92,11343
165.97,6375
165.96,23557
165.74,37299
165.7,78637
166.66,32109
166.15,72498
165.64,62496
165.97,52702
165.87,42529
166.2,98089
167.88,23221
167.67,8211
167.96,9466
167.71,5670
167.95,4428
168.17,34355
166.77,128201
166.2,28886
166.17,5920
166.37,4843
166.64,2985
166.75,21440
166.3,68064
166.58,6285
166.63,4208
166.84,3704
167.12,8933
167.13,35187
166.46,36861
165.75,15715
164.32,20337
163.76,7952
164.28,15907
163.95,40980
163.13,32698
161.91,27171
161.1,19571
160.31,26065
158.57,54812
157.46,143431
156.89,41130
156.39,20229
158.03,21006
157.8,15573
157.37,25397
157.41,95943
158.69,22089
158.11,14870
157.65,8489
157.77,10997
157.22,8864
157.29,21903
156.08,35875
155.52,44714
156.2,12901
156.18,9470
156.5,4354
156.83,32609
156.78,7690
156.79,12733
156.41,2895
156.29,13056
156.63,13017
156.94,23786
155.65,9669
155.48,9909
155.47,17422
155.08,8506
155.88,4496
155.88,19751
152.3,36519
151.53,53578
151.09,26944
151.13,21685
152.23,27898
151.96,39621
152.54,13559
151.9,17512
152.12,19424
152.2,14052
152.21,15249
151.61,33230
152.49,15279
152.47,12560
152.7,8117
152.48,4545
152.45,8586
152.85,18284
153.01,11362
152.73,6448
153.06,8385
153.73,9728
153.14,18811
153.15,28899
154.51,19609
156.44,28059
155.23,21565
155.21,16850
154.46,10165
154.2,35008
154.05,51109
154.36,10293
155.15,22577
155.18,20235
155.07,32094
155.15,63239
156.63,16380
157.62,13919
157.57,6008
157.72,10718
158.31,10901
157.82,40319
158.33,13264
158.89,9713
158.54,5894
159.01,5344
158.91,19629
157.78,42537
157.01,13436
157.13,4858
157.44,3164
157.29,12348
157.34,21737
157.02,34933
156.27,16756
155.4,15993
155.88,14308
156.77,30762
156.72,39629
155.74,80390
150.85,70134
150.43,63613
149.25,27668
148.65,27826
147.78,55188
149.31,78262
150.14,22560
148.54,11540
149.42,12559
149.97,5716
149.57,19081
149.39,49730
150.9,25024
151.23,19811
151.83,29507
151.93,16884
151.63,10142
151.49,47021
151.39,17527
151.88,9234
152.51,24498
152.78,34184
151.96,26310
151.67,65232
148.49,51018
149.08,37797
148.61,16882
148.78,17069
148.88,21508
149.98,33569
152.33,7263
151.76,3402
151.94,3736
152.22,20474
152.68,22601
153.16,26532
151.41,49813
151.03,14208
151.1,16244
151.37,12281
151.59,12598
151.61,31955
152.79,30915
152.1,17580
151.92,17650
151.57,19425
151.84,9208
151.34,24648
150.11,23417
150.02,24359
149.72,19778
149.59,10206
149.76,20886
149.8,43934
150.37,6543
150.66,6203
150.1,16212
150.08,13700
149.99,13232
149.86,39990
150.27,12892
150.03,6370
150.14,2280
150.33,16353
150.74,8315
150.33,18851
151.48,7565
151.31,12366
150.87,8745
150.77,11699
150.56,12324
150.85,14376
150.6,17696
150.47,14091
149.91,14040
149.49,7803
149.99,4884
150.67,10607
151.91,13580
152.19,11366
152.53,7587
152.69,18718
152.58,11885
152.79,55553
152.2,15494
152,33099
152.38,2754
152.32,17751
153.07,13626
153.42,31911
154.73,5385
154.37,6278
154.8,5518
155.15,5136
155.3,3750
155.35,20361
154.56,8624
154.96,3333
154.52,3542
154.34,8957
154.47,7296
154.27,20887
153.49,27457
152.16,10597
152.58,3908
151.99,8982
151.96,8253
152.13,29762
150.69,28259
149.58,31159
149.27,16137
149.95,8011
150.18,15111
150.43,39649
148.93,23188
149.06,20195
149.43,9177
148.81,28627
148.95,13232
148.56,34061
147.45,7363
146.97,11214
147.16,12360
146.85,9330
146.37,14317
146.23,23027
145.43,36899
145.34,16927
145.08,17178
144.49,13887
144.01,11549
144.33,41630
145.71,13849
144.47,10568
144.5,7710
144.08,9375
144.1,8501
143.7,33011
144.45,12686
145.39,13919
145.2,4123
145.42,10163
145.72,8423
145.7,14515
146.59,16585
147.59,9607
146.74,6908
147.25,16262
147.79,10144
148.17,50594
151.59,24866
149.97,6339
149.75,726
149.75,0
149.75,0
149.75,0
151.72,20558
151.31,11655
150.26,4923
151.15,8114
151.21,3896
151.89,20458
152.38,24205
153.84,21242
153.88,14820
154.28,21192
154.47,26826
154.94,55286
156.7,34414
156.27,11493
156.72,8453
156.26,10037
156.63,13382
157.37,30805
157.77,23474
158.74,15320
158.45,12976
158.5,7681
158.58,11273
158.62,41386
157.6,15934
157.47,12226
157.43,4818
157.59,6913
158.43,14047
158.99,31205
159.18,11890
157.29,8153
156.98,2625
156.81,6458
156.81,3738
157.5,12172
154.81,29650
154.64,27998
155.11,14202
154.96,10349
154.4,23122
154.6,24537
154.94,15501
155.35,10918
155.7,7029
155.54,5962
155.65,10670
155.12,30442
155.63,14291
156.91,20392
157.41,17659
157.29,12341
157.33,9513
157.76,26634
158.29,9509
158.37,6703
157.81,10030
158.15,3749
158.13,4106
158.29,20107
160.64,27395
160.78,23917
160.79,5621
160.39,11430
160.2,11835
160.3,30974
159.97,17514
160.33,19536
160.74,21168
160.9,18316
161.37,20005
161.23,40132
160.07,20867
160.33,7081
159.16,6222
159.42,7850
158.99,8204
159.57,25470
161.15,21680
161.64,7836
161.13,10857
161.72,21769
161.29,10945
161.47,44367
160.5,49912
160.49,30315
159.67,11096
159.93,5535
160.21,17052
159.84,31375
159.69,16341
159.53,16798
160.27,15495
160.47,14017
160.51,18721
160.8,60849
159.58,15254
158.52,23257
157.3,20238
157.12,11811
157.71,16427
157.36,58786
158.12,45290
158.63,31673
158.35,19996
158.6,13906
158.8,15734
158.7,86582
162.15,12785
160.15,11530
159.68,11315
159.65,5050
159.18,3720
158.49,11889
155.76,34466
156.56,17804
156.42,30959
154.93,28434
155.38,12091
155.67,44591
156.02,13461
153.18,24736
152.87,25751
152.87,0
153.67,23405
153.91,14964
154.97,6716
155.29,2886
155.61,5323
155.87,15497
155.89,25305
156.45,35218
155.31,8473
155.47,4236
155.87,5008
155.61,17173
155.27,19396
156.8,15646
156.32,4912
157.24,6239
156.99,5196
156.65,12220
156.16,6974
156.94,5231
156.35,7233
156.02,8441
156.22,15041
155.72,21216
157.8,19245
158.01,14464
158.29,10085
158.48,8574
158.94,7781
158.2,18946
159.56,24325
159.64,16345
159.12,4158
159.08,5916
159.65,6618
159.99,40093
160.4,6404
158.92,9041
158.98,2505
158.51,3553
158.31,3349
158.78,9831
158.79,19138
158.73,8708
158.5,9301
159.14,13423
159.2,15652
159.98,25754
163.94,48583
164.31,13125
164.17,9711
164.48,10373
164.64,12999
165.04,29543
164.9,23590
165.5,16337
166.02,14903
165.93,11656
163.95,17658
162.17,23985
162.64,16437
162.01,16447
162.1,12188
162,23783
161.76,5731
161.64,18306
163.16,6146
163.37,14227
163.55,8190
164.09,8314
163.48,13741
163.39,26336
163.78,9957
164.51,12755
163.59,15428
163.39,4429
163.51,7639
163.44,9377
164.21,10729
163.84,12030
165.29,13209
166.03,13763
165.92,24312
166.27,73629
172.62,72551
170.63,24179
173.02,14604
171.5,10285
171.17,13563
172.25,49362
174.49,39813
175.21,16861
174.98,13584
175.61,11522
175.74,12370
175.13,49561
174.01,21762
174.69,21313
172.08,26218
171.61,11791
171.64,11205
171.51,35512
175.2,15258
174.36,15696
175.19,9533
175.43,13433
175.75,16504
175.94,32288
174.14,30281
176.37,15334
175.75,22915
175.9,11081
176.07,15009
174.35,29059
177.22,34081
178.49,45080
178.73,28055
179.29,18337
179.41,28175
179.56,33730
181.46,51847
177.04,21647
177.13,20294
178.29,10379
177.01,7285
177.82,18087
176.96,29822
174.73,30654
175.11,10767
174.51,19110
173.42,14895
173.95,29579
173.84,15929
175.86,33197
176.2,10624
175.95,11158
176.57,24529
176.4,88052
178.59,30033
177.8,24752
177.12,21501
176.89,9057
176.54,27733
176.11,35809
177.83,28443
178.9,47536
178.45,18895
178.55,10625
179.25,17872
179.18,38686
178.91,22169
178.11,6929
178.22,5171
178.21,2003
178.67,5085
178.56,28922
178.39,27224
179.25,11714
179,8750
179.15,14477
178.61,21864
178.37,24963
179.58,16449
179.16,18805
178.92,5274
179.33,3219
179.26,9391
179.78,24044
180.35,28204
181.21,19528
181.45,19764
181.45,19979
181.63,27865
181.77,30367
181.56,31930
180.89,17823
181.6,11213
181.1,11858
180.76,23853
181.4,46205
182.52,9982
182.19,7698
182.19,12174
182.69,11242
182.54,10449
182.79,15230
184.28,23962
185.54,11753
184.98,10698
185.17,7374
185.37,23212
185.46,34352
185.76,15275
184.58,5321
184.05,6872
184.75,7029
185.46,5705
184.93,43610
185.47,17485
184.77,7215
184.74,4652
185.23,10096
185.24,9200
185.22,19786
184.76,31449
184.93,19318
184.6,26473
184.67,13204
184.48,42279
184.59,55458
185.96,12025
186.09,6899
185.87,8180
185.65,18719
186.07,11766
186.12,33661
185.97,9741
186.5,8549
186.17,5452
186.54,5700
186.17,8858
185.61,18618
186.67,15669
184.72,9872
185.1,4422
184.73,8780
184.23,10612
184.22,22283
183.86,16597
184.18,13307
183.38,5644
183.68,7963
183.85,10833
184.06,29474
183.41,17910
184.94,15379
184.81,11609
184.96,11608
184.21,14393
184.17,25528
184.35,7378
184.06,11168
183.54,2343
183.96,2667
183.73,4036
183.9,18838
187.72,23420
188.47,20584
187.61,8533
187.31,9215
187.15,12424
187.04,70599
187.45,23527
186.29,15119
186.46,10969
185.9,16886
185.67,17402
186,24389
184.24,26683
182.82,24861
181.86,11102
181.72,12674
181.88,19470
182.33,60058
183.06,20693
182.16,16785
182.48,7067
182.03,8483
182.41,11684
182.21,44806
184,14070
184.3,5939
184.55,4244
184.84,3646
184.91,6632
185.13,16603
186.38,19777
186.85,8915
186.33,47704
185.78,20945
186.12,23719
186.73,41627
184.2,34181
183.96,16725
184.59,19268
184.63,12755
183.84,17044
183.35,52940
180.6,13594
181.1,12875
181.48,9117
182.28,7187
183.16,7563
182.91,29713
182.21,16124
182.7,10713
183.43,14832
182.86,6414
182.69,8956
183.01,27826
184.54,21892
183.83,16472
183.75,12189
183.76,9946
184.01,14554
184.61,38323
183.59,18738
184.07,10329
181.94,7504
181.26,3038
181.92,4571
181.57,17580
182.79,11567
182.56,25601
183.16,14845
183.02,12567
183.85,14197
182.51,46991
181.91,17682
181.71,7933
182.37,5475
182.32,9785
182.5,17455
182.89,43029
182.15,8781
182.04,11159
181.65,15005
182.04,8601
182.35,26083
181.88,30118
181.46,10541
182.54,6432
182.39,7130
181.55,3456
182.05,5069
182.61,20299
182.71,14971
183.35,18397
184.01,15831
183.69,23014
182.48,20996
182.45,43602
181.71,20037
180.38,15664
181.34,12474
180.87,10122
180.57,10692
180.49,26402
179.92,26940
181.41,19015
179.93,18121
180.07,13816
179.72,14215
179.74,52176
181.95,17787
183.75,19316
184.01,13960
183.74,17310
184.41,13353
184.85,44478
183.6,18901
185.01,10801
184.84,5446
184.57,10661
184.78,11059
185.27,42845
186.23,16101
186.72,9853
186.07,4752
185.57,1484
185.78,8705
185.49,22010
184.51,7596
184.92,10987
185.05,11145
184.84,5037
185.37,8498
185.57,19492
184.54,8309
184.75,8161
184.97,6830
184.17,5086
184.03,5791
184.12,23665
183.97,18079
182.86,7285
182.72,6657
182.69,13367
182.65,17273
182.93,13578
183.85,16279
183.55,9199
183,7022
182.69,6325
182.52,9854
181.96,19130
182.16,31570
181.75,21214
181.69,4955
181.53,5436
181.84,9415
181.72,22693
181.54,9531
181.86,7532
182.6,8190
182.26,10663
182.96,6306
182.07,18673
182.74,11560
183.26,9113
183.15,4302
182.76,1345
182.88,9914
182.41,38473
182.85,8924
183.23,8198
183.26,8270
182.92,7720
183.17,12271
183.16,25277
183.37,50392
184.35,27195
184.21,8019
184.4,9839
184.22,9543
184.59,41608
184.38,30311
185.85,39202
183.87,40799
182.42,14601
183.29,12000
182.11,43485
180.73,23959
181.16,15819
180.79,22795
181.16,12109
180.67,10311
181.14,33031
180.57,13510
180.31,10805
180,7890
179.88,5680
180.05,8480
180.04,30695
179.38,22067
179.67,16647
179.17,9848
179.18,12811
180.07,13312
179.55,46967
179.26,13913
178.2,8651
177.38,8609
177.58,11004
177.86,8247
177.58,33020
177.09,12778
177.9,11951
178.31,14850
178.67,12886
178.91,11925
179.01,37617
178.76,10317
178.88,10775
178.69,6410
178.56,8606
178.7,14741
178.57,27570
180.08,11978
179.98,15101
180.15,16579
180.9,17591
180.49,10789
180.18,55802
179.71,31485
180.05,29114
179.95,12669
179.29,7547
178.64,12114
178.8,27566
179.74,18109
180.49,13021
179.93,9174
180.18,35572
180.24,9150
180.3,48182
180.19,34106
180.3,32027
180.1,16880
180.35,29876
179.99,28370
180.13,62326
182.85,25106
185.62,45699
188.72,23579
189.53,54544
191.54,123306
191.18,252319
196.94,67988
194.1,37604
193.99,25137
194.14,47012
192.4,37578
193.84,90122
193.17,32367
193.82,24398
193.27,15946
194.37,23282
194.09,23549
194.16,44912
193.2,26689
192.03,6523
191.4,16754
192.07,7900
191.68,12294
191.12,24038
190.03,26812
190.92,17887
191.53,17429
191.57,13321
191.79,19293
191.49,59010
192.75,36853
192.6,16336
192.38,17632
192.27,20913
192.38,11606
191.64,48628
190.28,17585
189.49,24144
190.27,16808
190.63,14397
190.78,20917
190.36,73790
191.42,34328
191.16,10406
190.84,16994
190.81,23335
190.93,14232
190.64,31285
166.92,136713
166.44,115936
166.92,74723
167.28,51777
166.97,64313
165.81,144600
166.52,75220
166.46,40993
166.37,37090
164.54,38562
164.4,59022
163.92,179200
162.47,55656
162.92,36679
163.05,45823
162.57,33362
162.3,77247
162.03,153408
161.46,39360
161.49,37938
161.99,39165
162.69,31005
162.33,28302
162.59,80342
158.81,110709
157.55,48026
157.28,40769
157.75,38060
158.49,48276
157.66,193891
157.62,62896
157.57,44387
158.14,26944
158.04,18064
157.16,19964
157.78,60612
156.05,19539
157.35,23682
157.88,23230
158.06,16738
158.55,35159
158.28,54752
157.95,25987
158.43,36455
158.07,17981
158.48,14237
158.9,22940
159.12,32237
159.36,37116
161.41,44308
162.51,31145
163.31,32162
163.51,24323
163.29,57062
167.57,59805
169.25,67361
169.45,43550
169.03,38647
168.41,33409
168.34,53138
169.67,96994
170.07,38880
168.68,20515
168.98,22737
169.08,35217
168.58,52567
169.34,25877
169.26,21187
170.67,14518
170.52,15146
170.72,32868
171.49,74570
173.01,42260
174.7,35254
174.87,30720
174.97,17808
174.19,19420
174.48,44257
173.85,24502
173.79,23950
174.11,41152
174.11,0
170.57,27635
171.85,7469
171.62,11006
171.91,14383
172.69,20538
172.63,46149
173.89,30112
174,12869
173.85,16060
173.47,9216
173.47,11803
173.02,31128
169.88,30965
169.68,16176
170.07,12872
169.41,37392
168.63,40012
167.73,62700
166.06,25134
167.44,19464
166.98,13997
167.03,26406
167.71,32735
167.26,64040
167.59,67088
167.03,43375
166.16,29777
166.74,23957
166.45,29551
166.64,70462
166.45,21663
168.67,18159
168.82,11850
168.17,13257
168.43,16758
168.48,43206
166.12,28049
167.18,17730
167.31,14177
167.04,12088
167.11,14265
167.46,45081
165.47,25507
166.57,23746
166.78,9781
166.54,23196
165.64,16168
165.7,52282
166.24,24388
165.41,18445
164.89,16774
164.7,12586
163.63,17500
163.84,56723
163.98,16295
165.58,24427
165.92,8741
165.31,10568
165.49,12361
165.26,43037
162.51,32548
163.79,43141
163.22,27405
164.03,38809
164.2,29598
163.94,45912
166.69,41915
166.98,32617
166.8,22484
165.84,21907
165.46,20975
165.86,43871
166.52,28633
167.04,14631
166.97,39284
166.55,17493
167.23,34197
166.35,57728
163.12,45828
164.19,10111
163.56,11055
163.81,11250
164.64,11789
164.12,117995
165.18,23938
165.75,21375
166.79,17335
167.71,10974
167.03,20489
167.43,43521
166.76,6932
169.35,11233
170.19,10822
170.33,21522
170.33,0
171.07,16563
171,16957
170.78,9287
170.76,8391
170.5,10271
170.27,34615
170.2,16962
169.91,11002
169.5,7472
169.14,5296
169.01,8430
169.4,36573
167.06,10823
167.42,7987
167.84,5667
167.78,3483
167.9,4197
167.57,14434
168.17,6888
167.96,7455
167.57,5261
167.98,5935
168.18,6646
168.34,37237
169.74,15537
169.61,11226
169.6,19311
169.75,17038
169.69,14358
169.95,32147
170.5,14586
171.62,18674
171.91,17405
171.74,21728
172.01,18385
172.54,43055
171.61,24794
172.06,18688
172.82,14002
172.32,12304
172.2,12817
171.93,35702
173.01,15400
171.68,18221
170.55,18182
170.01,7437
170.65,12236
170.83,37754
167.92,24975
169.29,13032
169.16,7347
168.95,11040
169.07,16349
169.1,37830
166.26,18423
167.81,16447
167.76,14765
167.41,13119
166.51,23153
166.02,35210
167.24,25562
167.64,18038
167.46,12914
167.77,21707
168.83,15863
168.6,24264
166.32,31144
166.37,33831
165.74,19915
166.12,18312
166.46,30164
166.2,33106
165.09,38097
164.57,91066
165.26,49664
165.71,41661
164.21,37894
163.9,62220
164.2,28875
165.02,17277
165.85,28370
165.86,14817
166.01,22470
166.68,33839
166.23,24754
166.5,26562
166.15,21248
166.21,16129
165.31,19951
164.73,52884
166.47,32366
165.19,31089
165.39,53127
165.28,32934
164.8,41489
164.59,98631
162.52,30822
162.58,26752
162,48123
162.35,26177
163.45,15801
163.57,57188
162.04,32557
162.6,31174
162.95,25996
163.09,47221
163.11,33986
162.87,63540
162.86,29791
163.41,27588
163.53,26847
163.8,35720
163.73,19820
163.82,65568
167.39,20344
167.11,36667
168.73,15927
169.34,28032
169.67,19719
169.96,49411
167.85,33370
169.58,26105
168.75,19642
169.03,28201
168.24,24703
167.42,64828
169.01,40427
169.42,19405
168.92,19306
168.74,22589
168.14,29103
168.25,55167
168.13,47156
168.19,21567
167.87,18240
168.32,27888
168.71,28543
168.54,68604
181.5,45117
180.64,26461
180.39,37607
179.43,30978
177.51,35687
178,111508
180.4,94732
181.22,44275
181.44,30386
181.9,37152
182.27,71566
183.5,123185
180.43,184024
181.62,47866
182.87,42366
182.45,38169
182.88,31580
183,136713
184.51,51619
184.47,45105
183.51,20257
184.07,31376
184.24,26820
184.01,68986
183.84,19910
184.9,19882
185.11,14477
185.64,11473
185.89,20852
185.69,34361
185.38,20784
184.42,17831
184.36,11908
184.11,7882
183.83,9478
183.31,49475
182.49,10620
182.9,8529
182.15,14257
181.82,12783
182.38,11078
182.55,25801
181.39,14032
182.56,14376
183.07,14390
183.22,8644
183.49,14220
183.77,40278
184.87,27704
185.96,18797
185.99,14017
185.09,17254
184.8,9816
184.58,25378
185.03,20294
185.49,12935
185.37,12634
185.22,7870
185.55,19360
185.63,42284
185.97,34161
186.47,12370
186.71,19752
186.29,10705
185.89,12884
185.44,48886
187.61,34784
188.51,19019
187.99,14597
187.79,18342
188.03,31801
188.52,50306
188.92,17594
189.39,5328
189.49,8443
189.47,12828
189.4,4981
189.3,31022
191.22,18910
191.82,14013
191.33,34273
191.61,19598
191.79,18650
192.26,54013
192.48,24125
193.75,12619
194.22,11326
194.11,22477
194.86,21486
195.49,74964
195.99,28976
196.3,18742
196.31,22943
196.13,28397
196.53,37919
196.53,75552
197.19,48460
196.68,47020
194.72,19379
194.67,31850
194.48,32202
195.82,79327
194.09,28323
194.87,26039
194.26,10870
194.56,16353
195.08,23924
195.3,69631
197.55,36104
197.88,21400
196.14,15007
196.34,13915
196.98,28493
196.8,72116
198.64,21457
197.12,11569
197.33,24123
197.18,17991
196.71,21967
198.15,146542
202.32,44847
202.16,45638
202.44,27598
203.43,23179
202.48,41714
202.83,85805
205.42,36737
203.43,23401
202.6,18752
201.07,21653
201.17,22378
200.71,87935
201.52,34434
200.62,36799
200.57,26597
201.21,29464
202.86,40747
202.85,47833
200.57,14139
201.76,8969
200.66,35573
201.49,12304
201.64,19721
201.39,45852
201.7,78154
203.2,31693
205.56,25336
205.39,20392
205.81,14313
205.13,57153
205.68,35643
204.94,29198
204.3,37842
204.35,44561
204.79,26009
205.66,59339
203.37,53246
202.26,25551
203.74,18574
204.02,17681
204.03,18206
204.67,40067
204.38,19057
204.14,23753
203.83,26058
203.46,28830
203.16,12880
203.51,58420
202.86,22307
204.09,23577
203.44,21844
202.92,19855
202.56,14342
202.36,51245
204.18,27289
205.19,20835
204.74,21908
205.93,16025
206.54,23254
206.21,52363
206.17,20940
205.63,27045
204.45,19396
204.29,15728
204.35,24133
204.78,45402
203.76,23389
203.4,20892
203.62,9479
203.04,13237
202.47,30118
202.94,55379
203.69,58227
203.85,46450
203.4,38753
203.75,18462
202.79,16912
202.99,68780
203.48,33557
202.14,27118
201.62,49278
201.48,31283
201.58,25900
200.96,100614
202.21,19696
201.97,27083
201.46,25747
200.01,19328
200.34,46575
199.43,65840
198.1,50121
196.7,38616
195.46,63550
194.32,29596
193.03,61572
191.72,82366
193.38,38059
194.38,27566
192.9,23562
193.02,20619
193.67,25639
193.33,65214
194.25,22813
194.82,14296
194.71,10860
194.26,15647
193.49,17744
193.52,54865
194.76,37352
193.91,22907
195.21,21294
196.25,17487
196.9,39888
197,70333
197.54,80611
201.23,55074
198.84,25331
198.95,25322
199.55,42519
199.97,86449
200.18,54655
201.57,27155
201.66,23368
200.24,18401
198.97,26222
198.27,80587
195.15,41872
197.36,20859
196.39,21124
196.27,23394
195.93,20459
195.87,82708
197.17,69934
196.44,36678
195.51,25198
194.87,32893
194.72,37263
194.96,107210
188.12,68724
189.12,48808
186.3,43858
183.79,58499
184.35,53336
181.74,257504
172.54,81536
175.69,32916
175.33,14634
174.64,32070
178.49,57133
177.88,132695
179.32,50287
177.06,30241
175.98,59052
172.63,49310
171.37,37145
170.85,128945
163.04,70314
158.2,89706
161.01,21465
161.53,153092
170.8,91420
168.35,141470
166.26,77507
162.11,48695
161.1,44390
162.24,56709
164.56,80483
166.11,159269
163.84,45098
164.03,41915
164.32,15032
167.94,23045
168.53,17567
168.34,48068
171.22,28394
172.23,28039
171.07,22832
170.97,16341
171.2,36481
171.92,70678
173.7,65912
172.81,47008
172.1,14247
171.45,23452
171.25,36865
171.98,96742
167.44,76016
168.56,69420
167.43,24421
166.9,40537
164.84,64925
164.79,111828
167.96,29381
167.5,41092
168.58,19150
168.7,22092
169.19,91800
168.92,86149
167.19,28296
166.4,18394
165.12,10631
164.81,14646
163.76,25977
163.78,53597
166.53,41300
167.57,13946
168.11,18555
168.64,21846
166.61,36412
167.95,80567
171.39,56239
171.08,32286
170.26,32561
170.17,18785
170.71,33702
170.83,72931
171.02,46068
173.61,28825
174.32,42868
175.34,32993
173.68,32166
174.87,84328
177.07,76633
176.94,54105
179.41,14846
179.44,18260
180.41,33468
180.54,44132
183.61,38733
183.51,44624
184.22,22057
184.59,23743
184.99,52186
185.49,77470
185.06,29576
187.8,19541
188.76,16289
188.01,11277
188.89,22871
188.62,110936
185.49,38480
186.54,38664
185.69,18436
185.76,15868
186.78,14813
186.86,76586
186.34,23681
188.79,11189
188.24,21353
188.06,11678
187.44,14006
188.43,38840
189.3,24963
190.71,29581
190.85,17717
191.23,23822
191.43,26150
191.82,56411
190.1,24297
190.16,12840
189.8,6305
189.52,8960
189.33,9881
189.54,42123
184.8,52338
184.89,46034
183.91,36199
181.67,40197
180.95,29417
181.13,111872
181.85,27622
181.86,15341
182.74,22278
183.48,30552
183.2,27211
182.92,55442
176.75,91601
177.59,78763
178.87,32769
180.35,27587
179.77,25196
179.27,61220
182.83,36651
182.27,33664
182.4,34474
181.55,24047
181.14,17365
180.73,91513
182.47,65275
184.26,59717
184.37,76475
186,51369
185.72,67231
185.14,104033
182.03,43506
181.22,32465
181.93,20668
182.54,49556
183.47,36776
182.96,96348
180.51,58424
177.08,52481
174.6,24024
174.28,15351
173.26,19635
172.53,132562
171.43,165013
171.74,111981
172.01,96932
173.17,84705
174.18,44730
174.71,201525
176.6,57174
176.15,62993
176.56,33209
176.81,46911
177.12,47143
177.18,63302
178.03,13718
178.23,14871
178.91,10036
179.38,11106
179.25,12131
179.47,30190
179.31,41319
178.21,13891
178.29,8786
178.46,17716
178.85,18986
178.41,55332
177.35,22183
176.99,19287
177.85,15382
177.09,15248
176.49,13981
176.11,41263
176.02,18824
175.18,39028
175.3,18975
175.65,17780
177.13,21453
177.23,43560
176.81,20576
176.57,26900
177.16,34962
177.83,39003
178.06,21766
177.65,33372
178.76,36394
178.95,25864
179.47,20626
179.85,34330
179.77,48606
179.8,105172
179.68,19416
179.16,16833
178.72,15267
178.64,15210
178.02,31172
177.36,84480
179.57,41634
179.95,16666
178.75,33469
179.41,25232
179.41,29296
179.51,73999
178.86,32085
179.56,46869
179.45,10939
178.71,11870
178.78,12366
179.59,59309
177.83,31719
179.58,45451
180.47,27176
180.3,12279
180.28,18174
180.92,59483
180.48,36144
181.31,32903
181,10024
181.04,15468
182.21,10131
182.36,52739
182.81,21221
183,13600
182.68,7637
182.85,12337
182.61,9878
182.39,24443
180.92,18838
182.2,10161
181.81,11502
181.55,26197
182.18,10167
182.33,49911
183.86,15847
183.58,19241
184.18,8534
183.56,10483
183.92,9758
183.9,41418
185.07,11568
184.31,23439
183.95,30979
183.83,22947
183.45,24746
184,68489
184.13,25820
183.79,22777
183.8,12197
183.99,36345
185.09,21898
184.23,28454
185.39,23677
185.6,23544
185.96,13715
186.45,9380
186.41,9122
185.78,34778
185.98,20832
187.11,15956
185.62,93086
184.65,24799
185.71,14956
186.19,48170
186.5,16353
186.77,14212
186.3,11392
186.32,14770
185.5,23427
185.05,62651
185.4,13998
184.7,14410
184.82,6202
184.25,9332
184.69,10266
184.87,25143
181.9,20767
182.38,11152
181.95,2724
181,7430
180.19,18869
179.71,37922
178.74,12246
180.41,19110
180.41,6504
180.38,11979
180.67,18021
180.26,32142
179.93,29919
179.54,38652
179.01,24415
178.99,23241
178.85,16000
179.02,60364
178.87,10862
178.04,18588
177.48,8864
176.97,13307
178.61,18272
177.4,56145
178.67,11612
178.57,11238
178.63,16191
178.86,9044
179.88,17808
180.05,46225
180.2,17756
180.54,10704
180.5,13933
180.34,12475
179.52,11701
179.79,36524
181.04,24039
182.82,13409
181.44,8994
181.14,15073
180.76,26177
180.43,71556
180.66,25419
180.67,38176
180.51,14803
180.42,25673
179.49,35516
178.67,156340
177.74,38321
179.83,15980
179.17,8851
178.9,7045
178.51,9461
178.95,45968
179.51,19694
182.21,33225
185.09,22849
183.3,16542
183.96,16779
183.72,36687
185.68,30898
185.34,31684
185.53,14768
185.17,14300
184.97,18441
185.02,108556
184.38,42566
183.51,27842
183.73,116536
183.73,0
185.25,28815
183.1,14832
182.75,13174
182.43,22319
182.07,21189
181.93,83435
183.61,22072
186.14,18422
186.33,31206
184.03,29668
184.42,11328
184.37,42876
183.39,31760
183.88,24964
183.06,15201
183.42,15631
183.53,13071
184.34,26507
185.86,33405
189.75,29122
188.84,10024
188.98,11166
190.11,15623
189.37,56071
186.01,45464
185.99,34495
186.55,29808
186.04,33864
186.27,40235
186.36,77518
185.41,15084
184.99,12731
184.48,2879
185.01,5163
185.18,5772
184.91,24117
183.94,47511
181.68,8426
181.67,10999
181.01,10887
181.8,12408
181.76,57934
184.23,30654
186.77,17392
186.56,10734
185.94,8796
185.45,9031
186.2,56004
185.07,10230
185.6,11153
186.26,28233
186.8,9527
186.79,9547
187.51,42699
186.38,6907
185.7,6459
185.06,7085
184.47,10119
184.96,19044
185.51,29133
184.72,26565
183.31,30413
182.45,7783
182.44,8167
182.11,17957
181.6,55234
183.59,15615
182,7912
182.16,6812
182.34,8202
182.4,11583
183,27754
183.9,15565
183.82,11841
184.7,9487
185.41,15242
185.94,5229
185.8,31481
186.57,11032
186.99,4487
186.55,4672
186.58,2909
186.85,4641
186.35,21096
185.36,10209
185.47,18127
184.44,16400
184.7,8056
185.44,22208
186.16,36882
184.18,15843
185.41,9735
185.33,4324
185.36,7586
184.81,4570
184.28,32244
185.92,49726
187.04,13328
187.59,21199
187.36,7518
187.26,8430
187.55,39939
187.33,17636
187.22,7523
186.43,5802
186.2,22098
186.1,25119
185.32,56161
189.62,26900
189.37,54084
190.6,15434
190.25,40803
186.19,30411
186.24,63197
190.01,58702
189.3,32349
190.58,15418
190.43,20028
191,32674
191.29,81432
190.39,20672
191.24,19651
191.14,11340
191.77,12014
192.13,9450
192.15,43292
192.22,24337
194.25,12675
193.96,3554
193.41,6366
192.95,6566
193.44,37993
190.42,10756
191.04,18551
191.18,9410
190.79,6857
190.68,8499
190.75,31301
193.42,25983
193.04,34113
194.31,23495
194.61,28703
194.22,23472
194,47754
194.66,20061
193.31,15572
193.58,12930
194.21,24518
194.77,18922
193.8,47863
193.32,17237
192.67,11915
192.93,22623
192.78,47579
192.92,21351
192.87,77456
194.85,10487
193.4,9602
193.49,4800
193.22,8333
193.85,6655
193.71,21945
196.57,10383
195.91,11822
195.61,11814
196.02,8595
196.11,8221
196.35,45719
198.26,16110
198.92,25398
199.2,8757
199.9,10284
200.09,11924
200.07,30062
200.69,9892
200.88,25872
200.43,6771
201.24,5349
201.48,10112
201.41,35837
203.17,6977
202.48,15831
202.14,6741
202.13,5015
201.56,7680
201.62,29263
201.69,17580
201.64,14217
200.92,5762
201.43,3772
200.93,9190
201.1,26740
205.62,14494
205.79,11807
205.6,10223
205.6,17525
204.44,25616
203.87,44573
206.11,12202
206.27,19532
206.82,7819
206.41,6617
206.33,3212
205.62,19690
205.55,13857
203.79,12609
203.98,11601
204.92,13752
204.58,21786
204.97,44919
204.96,6152
203.32,3176
203.24,3521
202.87,11357
202.77,3925
203.01,18099
202.76,5533
202.93,23896
203.07,5070
202.85,3428
202.77,4361
202.97,21683
205.14,18224
204.35,25469
203.97,13683
203.7,16360
203.35,13869
203.43,27540
202.55,12716
201.9,21917
202.25,12451
201.72,9861
202.46,23991
202.22,34482
204.28,17754
204.98,7963
204.72,13653
204.55,5635
205.19,6362
205.67,34486
205.3,15225
206.26,24214
205.63,6661
206.12,7062
207.02,9422
206.66,28194
207.05,15084
207.58,15714
207.43,9105
207.44,10273
206.99,13775
207.19,50202
208.4,14930
207.99,8150
207.97,9451
206.92,1383
207.41,4041
207.14,41548
208.38,24714
207.73,6781
207.49,6036
206.74,6522
206.74,4846
206.6,41252
203.72,17025
205.17,15266
204.89,16054
203.73,15513
203.13,14810
203.74,39837
204.88,8121
204.86,6439
204.7,3452
204.66,15624
205.01,17310
204.83,38077
204.03,23213
204.78,17389
206.16,4232
205.53,5189
205.98,17947
206.88,23614
214.53,30631
214.94,20388
215.07,17665
214.44,18057
215.13,24179
215.9,45198
213.99,11744
213.88,10656
213.76,7098
213.86,6677
214.53,15893
215.05,51387
212.67,18120
210.34,13807
209.78,10422
209.56,13562
211.17,33731
211.98,81179
213.06,22191
211.12,22329
212.12,5127
211.73,12160
211.52,10811
211.6,25088
214.45,16112
215.63,16089
215.39,11882
215.03,12028
215.67,14774
215.6,56022
215.79,29023
215.93,20193
215.29,8499
215.79,15199
216.1,19365
216.53,46060
216.85,11930
216.95,20545
217.1,17675
217.15,20293
218,21522
217.2,59721
217.34,17640
219.04,22669
219.31,29978
219.25,29938
219.1,34338
218.25,81916
218.17,21117
218.73,15008
217.89,18177
217.71,12844
217.99,24912
218.37,65412
215.04,15607
215.16,12513
215.33,12751
214.98,7716
214.02,21754
214.37,62938
216.76,36684
213.83,31338
213.36,18594
213.62,17758
213.95,19561
213.77,58325
214.97,22032
213.62,15442
212.96,5216
214.13,7867
214.48,6540
215.11,59664
216.55,14697
216.66,13002
216.57,12382
215.79,5963
215.81,8143
216.38,47129
221.22,16779
220.3,8784
221.59,28114
223.65,42932
224.07,44463
225.99,108994
230.61,60132
232.74,68758
234.7,32450
234.89,36988
237.15,38676
238.08,104035
233.78,74882
229.51,86698
232.05,37693
233.38,31108
233.28,29511
232.02,84055
229.41,30945
232.52,28139
230.76,23963
230.44,35268
231.04,31930
229.57,73965
225.97,42870
223.72,30636
224.31,20447
223.83,36285
223.52,21376
224.41,80816
224.11,15732
224.51,34010
227.76,13857
227.74,12620
227.61,17469
228.12,45174
225.04,21816
225.65,26849
226.56,21113
226.24,20697
226.69,26675
227.22,66115
226.65,15111
226.74,16034
226.14,11145
226.49,9546
226.04,20749
225.81,59919
226.68,68501
227.95,79039
226.86,66537
227.38,45376
226.71,88711
226.28,210994
227.39,36460
227.6,52422
227.02,29115
227.38,22410
226.53,27441
225.89,85601
223.99,72197
224.19,45107
223.41,32897
223.53,28992
224.35,39063
224.21,57621
224.13,13787
223.37,28062
223.29,12751
222.75,16018
222.33,11375
223.63,49984
222.42,29548
223.31,12547
223.07,24611
224.34,21786
223.46,26814
223.04,61710
225.51,39069
225.32,15032
226.25,20291
225.66,8890
225.62,19654
225.48,78695
226.67,21093
227.73,17588
226.93,10963
227.16,13262
228.28,17416
227.6,40298
226.47,13696
227.29,12325
227.35,9173
227.77,3585
227.87,8331
227.52,25709
226.58,17991
226.77,10972
227.08,8276
226.82,12999
225.87,17754
225.99,53156
224.49,15388
224.77,18195
224.37,13678
225.06,9412
225.48,28295
226,42929
223.98,24840
223.58,20278
224.58,12600
223.85,13170
224.15,10737
224.5,46144
224.2,15543
224.2,6370
224.04,6412
224.31,7134
223.69,8522
223.6,23516
222.34,11065
224.29,10927
224.12,13630
224.67,8692
223.62,15409
223.63,32696
222.99,20770
223.27,29820
221.29,20211
222.62,18502
222.96,31570
221.62,69004
223.93,24500
224.83,23568
224.63,33297
224.6,12203
224.01,16329
223.8,59486
215.49,54655
214.99,53984
215.2,59092
213.83,30447
214.73,25505
214.53,103381
212.65,55543
211.55,59267
210.19,66200
210,61626
210.18,44656
208.91,122729
209.47,44944
212.97,23122
213.12,22058
211.96,32696
212.05,42802
212.28,74199
211.26,17495
209.45,26846
211.95,11099
212.35,15907
212.84,27937
213.44,73380
213.11,33587
214.04,27226
214.95,13906
214.16,11041
214.31,18666
214.36,66257
214.84,21974
214.02,25981
215.86,21521
214.92,17324
215.77,8918
215.58,62153
214.97,19010
213.55,16219
213.24,8719
214.05,8281
214.28,9649
215.31,51139
216.57,15955
217.86,15578
219.2,23361
220.04,16871
220.35,18178
220.45,74588
224.74,47544
224.86,48262
226.39,41515
227.75,32424
229.85,48702
229.38,104009
233.91,71169
233.72,45231
234.62,28313
234.57,27193
232.53,46624
230.61,74717
229.4,37447
228.56,26040
229.15,12095
230.54,8439
229.94,30902
231.06,42628
230.6,25919
230.74,42851
231.02,33181
230.45,18132
230.09,23237
229.62,74482
231.11,77713
230.15,43934
230.5,46048
230.79,19798
231.49,23336
231.12,70463
233.1,44919
232.35,31367
230.85,30004
229.61,27232
227.39,28358
226.81,104899
227.4,34024
225.05,31371
225.28,27840
225.09,12610
225.81,12048
226.28,57755
230.61,38702
232.04,80156
232.2,25126
233.33,24505
233.65,33993
233.54,74548
230.42,30955
231.04,29135
229.83,19537
229.12,10028
227.58,24427
226.71,70009
228.75,32511
228.25,32332
229.73,28690
228.93,11462
228.49,21517
228.25,69415
225.37,17692
224.64,14422
224.3,18857
224.72,12984
223.41,12962
223.29,64270
223.6,25588
223.11,20648
223.13,43942
223.13,0
222.69,14816
222.09,13735
221.5,12959
221.06,14611
221.08,17475
220.49,54591
221.68,26386
222.62,22552
220.92,16367
220.15,14681
219.72,19069
220.43,33966
222.89,44804
224.02,43115
224.9,18364
225.95,11737
225.92,11549
226.7,71854
226.86,29267
225.57,14396
224.78,11096
224.97,13775
224.77,8857
224.48,41935
223.43,26471
221.96,12371
222.44,8758
221.93,9366
223.26,7491
222.88,60374
220.99,21253
221.43,12614
222.11,15283
221.63,15342
220.63,13335
219.76,56436
220.04,14797
217.38,16932
218.87,10517
219.24,8867
219.92,18367
220.48,56304
219.12,52620
219.45,52158
219.01,30636
219.66,33320
220.39,56129
221.72,110329
221.61,22168
220.85,24960
219.82,15903
219.52,9330
219.15,13050
219.15,35005
218.34,25545
218.11,23455
218.79,18201
218.48,18307
218.13,23732
218.33,67962
221.85,36862
224.09,23787
223.11,10692
222.94,9835
223.43,51671
223.81,59772
220.93,27734
219.78,45155
219.47,14075
218.72,16318
218.74,15453
219.61,44678
220.33,37609
220.8,44108
222.2,17241
221.47,11692
221.38,10296
221.78,35021
220.76,30802
221.88,17408
221.56,10345
221.2,4677
220.96,8599
220.67,37210
221.8,32095
222.9,14405
222.84,19351
222.64,22971
222.64,49216
223.39,162334
221.29,27061
222.38,19532
224.13,9836
224.68,14312
224.27,6764
223.72,40560
226.27,13835
226.62,9612
225.99,8026
226.04,3788
225.56,3520
224.99,19530
226.29,7419
226.78,9425
226.48,10650
226.48,0
226.77,8135
226.46,8444
225.21,7758
225.37,5812
225.47,4874
225.59,12049
226.82,5677
227.61,6113
227.57,3174
227.64,3179
227.1,2922
227,23459
226.51,7841
225.62,4875
225.26,9620
225.32,8408
225.7,11677
225.73,25134
225.7,9149
225.32,8656
225.71,951
226.09,2583
226.47,2631
225.95,19747
224.53,6731
226.14,11782
225.79,5087
225.53,7999
225.93,12409
225.97,40840
217.38,75505
215.72,40639
216.37,26855
216.59,19039
215.69,27034
215.92,58997
219.54,66209
219.05,76707
217.37,65421
217.93,59978
218.45,44926
220.03,72648
224.58,60474
225.23,33287
226.55,19291
226.65,20828
225.68,70041
231.97,259497
223.16,36449
224.07,33917
221.05,35588
221.08,34687
221.46,46184
219.72,134644
220.42,39580
216.81,34567
218.59,39468
218.6,19241
217.61,32884
216.35,130599
217.61,35121
216.76,29508
215.21,17612
215.6,22195
215.63,23165
216.38,42949
213.07,40959
214.97,28984
215.44,22146
215.3,24633
215.61,27336
216.23,75612
218.29,53839
217.88,58582
215.93,32778
216.14,17640
216.62,28149
217.44,58815
216.71,39230
213.11,29708
213.68,25504
213.68,16571
213.81,23559
214.26,122407
213.23,34175
213.79,63734
213.91,8097
212.88,17649
212.47,25452
213.21,68979
209.64,41772
210.77,28537
211.72,11557
211.67,25370
211.83,29977
211.11,75420
212.97,260735
215.48,41707
213.42,29884
213.66,16197
213.1,50719
215.21,162972
214.58,63821
216.36,52418
216.21,37398
216.81,49156
215.7,29920
216.12,95364
217.02,33102
216.71,28009
216.16,24457
215.53,24190
216.04,17781
217.3,37631
218.93,43255
218.56,29514
218.29,28853
218.87,21251
217.57,41473
218.36,86555
220.78,41714
223.36,20569
222.9,38806
221.37,26302
221.6,36151
221.46,68603
219.07,40983
218.85,19535
217.71,16877
217.52,9902
216.4,25587
215.27,70678
218.25,23605
219.81,26638
220.16,17052
219.41,13114
220.57,21643
221.8,77412
219.08,5657
218.75,12369
219.55,13806
218.77,23285
220.11,14995
220.89,60447
227.35,41477
224.94,20164
224.13,13096
223.01,13249
222.76,15020
223.89,29523
225.93,52780
224.18,20540
224.2,40534
224.52,27268
225.09,34435
225.74,119315
207.07,102838
207.9,59906
209.28,49808
212.65,74667
217.32,111839
218.27,162040
216.02,121690
213.99,120519
214.42,49968
214.87,31128
216.45,28665
216.81,139970
218.62,61685
221.14,55997
222.64,19239
222.01,26419
221.84,17272
222.85,68054
219.09,54340
220.8,35006
220.05,35487
219.18,33455
219.78,30616
220.71,110667
222.21,25230
222.62,25624
223.21,20713
222.86,23250
223.12,20428
222.26,95338
218.97,42389
219.44,19343
219.7,21182
218.97,33062
218.31,35637
217.94,113118
221.44,24081
223.85,46615
223.27,58137
224.22,36438
225.51,59509
226.41,192821
229.22,47089
231.76,63594
232.31,43642
230.35,21992
230.3,29795
229.68,141243
231.69,30049
230.69,34192
230.12,30817
230.63,32312
231.5,48983
231.67,74927
227.18,37890
225.35,27037
225.56,33743
225.57,20939
225.6,30967
225.5,71115
223.72,22189
222.39,16361
221.3,16393
222.05,32641
222.08,27373
222.12,78382
223.56,27438
223.19,21487
223.15,15154
223.68,19806
223.53,18687
224.36,57748
227.8,18311
226.54,15495
227.04,16783
226.23,9450
226.61,17207
226.71,68404
227.41,37230
226.58,20914
226.4,27633
226.75,14703
226.19,16672
226.45,41614
229.4,46933
228.68,22510
227.47,19302
225.84,16744
224.87,12097
224.8,44586
223.26,26534
220.56,24121
221.49,14602
221.67,9819
222.76,18245
223.37,57880
225.08,25306
226.38,20983
227.45,10226
228.07,12157
228.52,15873
228.27,59024
232.53,26320
231.36,17835
231.78,18905
231.55,31556
231.3,33638
232.2,119579
229.34,96180
231.24,62820
230,40543
231.59,36353
231.66,53022
233.28,127073
231.23,53011
233.82,27381
232.64,19993
233.14,14570
234.06,23654
234.28,83255
230.12,49591
230.39,31962
227.4,40903
227.49,25761
227.83,32252
228.1,126302
225.77,48515
226.97,16836
226.4,18601
226.44,31854
227.52,19778
228.97,76544
227.01,59385
222.49,39992
224.89,29028
224.89,24756
223.12,26972
224.45,89571
226.6,38663
225.59,24855
225.56,21710
226.2,11244
226.15,33450
225.09,52961
224.29,61083
227.06,24612
224.22,21132
225.99,17407
226.57,15033
226.49,63560
225.63,36240
223.44,30019
224.33,27121
224.79,26496
224.76,24025
224.06,70808
224.2,21756
221.21,11077
221.64,24898
222.11,10655
221.17,10980
221.04,59647
221.15,25170
220.4,13216
219.16,14640
220.04,11987
220.39,12673
220.18,40635
219.92,22050
220.82,16782
220.43,24044
219.93,12807
219.86,21685
220.25,63932
208.07,54970
209.44,46661
209.18,47134
208.36,51006
207.6,49468
206.9,136948
206.49,33046
205.44,37078
205.9,33070
206.45,41520
205.09,50831
203.39,151547
205.1,34649
203.51,32155
204.14,29651
205.2,20901
204.22,45396
202.96,210728
203.84,29010
203.4,19835
203.04,18760
202.24,27638
202.9,45651
202.9,84856
200.94,28054
202.48,24033
203.88,37080
203.06,19340
203.31,20899
203.06,101595
207.08,18471
206.12,18884
206.59,13412
206.23,7958
205.22,11254
204.97,64504
206.06,23999
207.55,28542
207.58,21258
208.8,28386
209.2,26343
209.36,107140
209.71,39329
210.14,30549
209.04,24522
209.67,28197
210.5,28193
210.31,138464
210.68,53329
211.11,47934
210.77,20892
210.86,17319
211.28,26497
211.62,100154
216.45,75633
214.46,32133
214.53,55297
214.72,55477
215.17,40952
215.19,82087
215.57,37053
213.75,37795
213.69,32157
213.02,21985
212.32,29875
213.08,98983
210.03,37450
210.47,31712
208.3,34604
206.72,46995
206.36,47367
207.6,113849
206.35,34007
206.27,18601
205.42,6960
204.79,13820
203.71,22342
204.46,81549
201.3,44540
200.74,36239
200.89,18456
202.57,22495
203.62,24726
203.24,67857
206.01,28314
207.61,11671
209,11042
209.49,11700
208.95,16469
209.16,51857
209.53,18208
209.09,7898
210.41,7411
211.25,7619
210.8,11259
211.05,35091
210.59,9952
209.38,14135
208.39,14708
207.99,15237
207.32,24311
206.65,55476
206.08,29493
203.78,38258
202.3,33515
201.9,35471
202.33,39826
203.23,85745
205.2,31203
206.41,24874
206.8,24187
206.14,23444
207,19898
207.42,76852
207.855,29900
206.08,26458
206.13,14741
207.08,25196
208.19,22413
208.64,46751
209.4,30017
208.11,13498
208.565,17134
208.78,21364
208.575,14973
208.8,49850
211.25,40528
211.285,36309
210.57,19680
210.44,28673
210.23,27138
209.25,126616
205.07,51383
206.13,17781
205.93,13886
205.54,9789
205.01,16506
204.9,55658
202.915,42340
204.155,26744
205.11,25748
205.305,26661
205.45,13924
204.74,47429
205.14,26507
203.51,23839
202.53,24585
201.8,36353
201.45,56936
201.11,144104
202.665,35988
201.04,38468
201.37,30168
201.4,39899
201.31,57059
200.8,109907
199.95,20986
198.805,27421
198.745,25090
198.31,15954
198.44,36772
198.83,70706
200.625,40341
200.3,32334
200.03,23562
198.98,35995
198.05,33059
197.79,105286
197.99,39408
198.745,29537
198.27,39709
196.5,27301
197.3,36260
197.37,88779
198.72,95914
202.34,98846
204.82,23598
204.28,19943
204.11,41980
204.46,114543
211.53,120160
213.775,66620
213.09,54063
213.07,40806
211.59,41222
212.975,104893
208.6,54488
210.345,27503
207.9,30951
207.695,49537
207.435,46777
207.18,117199
207.06,31568
206.72,28749
206.82,23483
206.69,13006
207.35,27036
207.66,68727
208.4,14209
207.51,9661
207.38,19974
206.37,16050
206.115,32693
206.975,81273
205.19,14456
205.58,25012
204.93,12832
203.67,13511
204.48,18543
204.795,65278
204.54,11356
204.3,12108
202.5,12245
203.055,17674
202.77,20050
202.89,54679
201,25919
201.425,14786
200.855,14863
200.465,9145
201.375,17825
201.07,56918
205.23,34264
203.85,12527
202.805,25495
203.155,16354
203.415,26149
202.855,37862
205.47,33198
207.78,39638
209.27,30703
210.95,25159
209.15,23665
208.24,69445
207.9,50336
205.03,35950
206.67,17980
207.28,29669
207.56,37810
207.86,91807