15.6,5229
15.44,1185
15.28,3333
15.26,5712
15.01,10116
15.16,20349
15.83,12093
15.74,5288
15.77,3915
15.75,3436
15.62,3332
15.85,6702
16.13,24923
16.6,22125
17.05,8446
16.92,14915
17.25,15469
17.22,13668
16.9,12492
17.02,6105
16.92,5272
17.05,7474
17.19,5783
17.17,11305
17.5,21430
17.2,8013
17.32,11013
17.27,7396
17.31,21937
16.85,15440
17.41,13623
17.61,11696
17.87,8404
17.7,7709
17.51,6651
17.52,15955
17.45,15711
17.16,8738
17.25,4300
17.21,5000
17.29,4661
17.34,14984
17.52,5556
17.64,7479
17.51,7943
17.37,2654
17.42,2801
17.42,28566
16.97,9688
17.56,6969
17.49,2300
17.65,2654
17.65,1740
17.58,6983
17.57,6305
17.6,4187
17.62,2248
17.6,4383
17.4,3762
17.36,7870
17.11,7886
17.28,4602
17.36,2900
17.4,5000
17.43,2799
17.45,11185
17.56,4361
17.42,1800
17.36,4206
17.46,3400
17.49,1900
17.45,7574
18.62,15251
18.17,6340
18.09,5266
18.31,5092
18.21,5583
18.24,13851
18.02,13942
17.89,9656
18.24,10406
18.31,13990
18.38,7401
18.38,16126
17.62,19920
17.65,19750
17.55,10078
17.63,6067
17.64,8176
17.49,12156
17.59,15841
17.53,13432
17.64,12238
17.47,10500
17.41,8500
17.38,6906
17.16,25543
17.34,12431
17.48,5881
17.49,7513
17.39,7884
17.46,9818
17.25,12687
17.41,7214
17.26,6797
17.28,18169
17.13,8073
17.16,11551
17.45,14534
17.24,16152
17.38,9460
17.37,8527
17.52,4297
17.45,8975
17.49,10110
17.7,7560
18.06,3900
17.96,3300
17.98,2600
18.09,10477
17.85,6659
17.88,7424
17.75,3000
17.72,1860
17.67,2714
17.68,13355
17.84,11376
18.22,4862
18.28,4825
18.07,3390
18.09,2000
18.07,13739
17.87,12807
17.78,10292
17.62,5156
17.68,6164
17.88,4036
17.97,15644
18.19,12679
17.91,4798
18.12,4033
18.04,4731
18.01,20544
17.7,22047
16.78,73228
16.64,41174
16.22,34198
16.09,22736
16.28,24092
16.23,43637
16.3,29356
16.4,20334
16.35,22168
16.19,22334
16.14,22820
16.02,51457
15.66,36245
15.74,21474
15.71,13539
15.73,11763
15.77,15315
15.88,22328
15.43,22581
15.58,17532
15.48,14122
15.55,12396
15.59,18425
15.65,19929
16.05,25787
15.95,9304
15.86,11866
15.79,11741
15.77,15148
15.71,15879
15.62,7399
15.63,3686
15.59,2647
15.65,5577
15.65,3294
15.63,16503
15.76,6906
15.62,2527
15.54,7666
15.36,8187
15.55,4885
15.6,14660
15.51,6138
15.33,4800
15.36,4617
15.29,6155
15.22,3004
15.25,12105
15.22,8819
15.16,4493
15.39,1901
15.27,2870
15.21,2359
15.18,10975
15.29,1314
15.47,1927
15.55,2017
15.65,3084
15.56,1173
15.57,8974
15.55,19993
15.35,6196
15.27,5197
15.35,5393
15.34,8930
15.46,9616
15.54,12832
15.42,8064
15.42,6978
15.33,7472
15.43,9114
15.54,18807
15.71,22577
15.48,10422
15.23,9568
15.13,5934
15.16,5293
15.11,10817
15.05,29652
14.67,19112
14.54,11730
14.73,11899
14.71,14144
14.72,17239
14.57,18115
14.28,29491
14.16,19402
14.24,13755
14.13,16580
14.14,17612
14.41,10352
14.54,4021
14.44,2984
14.53,3628
14.47,4163
14.42,14792
14.11,10343
14.34,3316
14.28,4334
14.17,2923
14.17,4371
14.06,19333
14.13,6200
14.07,4116
14.25,4778
14.12,2435
13.92,2243
13.91,8907
13.99,10616
13.91,11312
13.88,8231
13.99,11365
14.01,6329
14,10512
13.89,13330
13.67,12715
13.75,5467
13.67,4040
13.62,2036
13.67,14466
13.44,18705
13.18,12593
13.05,6101
13.07,13397
12.84,15630
12.84,31794
12.55,34651
12.46,19083
12.42,16162
12.34,20441
12.35,8629
12.26,20616
12.52,23672
12.38,9319
12.36,10698
12.41,5019
12.29,4191
12.29,11456
12.72,7845
12.77,9075
12.9,6673
12.92,4944
12.95,3903
12.95,11949
12.62,6725
12.63,6471
12.86,3897
12.9,1719
12.84,3338
12.84,7147
12.57,3766
12.63,2408
12.73,2200
12.66,943
12.71,1627
12.6,5400
13.11,6005
13.03,2726
12.99,2626
12.91,500
12.89,1338
12.99,4904
12.63,5868
12.65,4217
12.56,2421
12.69,2944
12.78,3383
12.79,6043
12.93,6399
12.92,4803
13.07,1828
13.07,2432
12.89,14200
13.15,18947
13.85,11089
13.72,6934
13.84,1213
13.81,1200
13.71,3356
13.65,10439
13.53,2917
13.34,4573
13.47,2142
13.4,1800
13.43,2503
13.37,6307
13.42,6039
13.35,5110
13.33,2000
13.4,2476
13.46,1316
13.48,8739
13.36,5397
13.48,563
13.38,2505
13.44,859
13.41,1600
13.47,11492
13.64,9780
13.45,19672
13.11,2833
13.12,891
13.1,1399
13.1,7455
13.02,13291
13.37,7141
13.26,1369
13.25,2487
13.18,3038
13.18,18404
12.69,15821
12.87,11865
12.92,1641
12.89,1700
12.96,5278
12.95,9753
12.7,10061
12.42,3670
12.41,6196
12.33,3683
12.46,1324
12.39,11785
12.36,18219
12.42,2994
12.53,6478
12.48,3022
12.54,2911
12.47,12397
12.7,4054
12.79,2949
12.84,2549
12.87,8386
12.88,2573
12.85,11498
12.39,8245
12.24,3511
12.34,2600
12.27,1600
12.3,1139
12.29,8879
12.61,7606
12.68,6746
12.74,3375
12.63,2918
12.67,2117
12.62,11272
12.57,18179
12.48,8431
12.45,20152
12.28,7326
12.37,5536
12.51,13562
12.28,21848
12.02,9692
11.94,6215
11.81,4301
11.85,6689
11.83,10695
11.74,16744
11.7,3411
11.84,3584
11.88,1501
11.83,13375
12.01,21308
11.86,14852
11.71,9020
11.7,1761
11.67,4563
11.53,8367
11.49,17427
11.57,9951
11.74,5953
11.89,3052
11.88,2512
11.79,1411
11.71,18295
12.17,11400
12.38,4521
12.48,2520
12.34,1705
12.34,5363
12.36,10651
12.36,708
12.36,3303
12.22,1004
12.32,800
12.32,1803
12.41,11390
12.12,3455
12.06,1646
12.19,1451
12.17,1100
12.24,905
12.23,3095
12.21,4957
12.19,3598
12.26,3120
12.15,1900
12.08,1750
12.01,6079
12.22,9541
12.54,3353
12.61,3554
12.69,3279
12.74,1207
12.75,8502
12.6,4938
12.48,3683
12.53,2028
12.62,1970
12.54,1144
12.58,6572
12.56,8880
12.69,1100
12.71,1600
12.79,1900
12.75,807
12.76,7836
12.72,4650
12.61,60079
12.86,1600
12.77,600
12.7,1770
12.67,4987
12.66,5200
12.61,2156
12.54,2714
12.55,2740
12.66,2441
12.54,10420
13.16,9108
13.46,5984
13.23,5004
13.14,10930
13.16,5991
13.11,6840
12.91,6707
12.59,3987
12.58,3514
12.59,993
12.6,3910
12.55,5238
12.36,3615
12.33,1756
12.47,1814
12.52,500
12.51,809
12.46,3398
12.43,6706
12.31,702
12.38,1751
12.39,806
12.28,700
12.23,8417
12.38,3578
12.31,1376
12.31,1841
12.25,993
12.16,3361
12.12,10301
12.07,3707
12.42,3036
12.63,3198
12.73,2702
12.73,4016
12.71,9776
12.36,4106
12.64,2095
12.53,747
12.62,4870
12.76,2991
12.58,20185
12.74,4331
12.53,1550
12.58,1025
12.57,1200
12.55,2302
12.6,5958
11.77,13344
11.85,3692
11.78,3417
11.79,8233
11.87,17214
11.88,25266
11.83,6745
11.8,6268
11.99,3955
12.1,4638
12.06,5754
12.11,38046
11.76,6943
11.91,3798
11.81,8163
11.8,4851
11.83,3266
11.78,10692
12.04,7711
12.22,4669
12.42,1713
12.27,1508
12.19,4201
12.14,8196
12.21,5291
12.29,2568
12.4,2168
12.32,7979
12.25,23726
12.17,8136
11.74,11320
11.85,4386
11.93,2564
11.93,1498
12,3683
11.86,7359
11.75,3364
11.86,4341
11.87,2819
11.77,3992
11.74,632
11.7,7497
12.01,4978
11.93,1701
11.95,1737
11.89,2561
11.82,3968
11.75,6201
11.52,8107
11.51,7920
11.51,1601
11.59,4226
11.57,3376
11.6,9036
11.33,18082
11.06,8300
10.96,4578
10.95,9468
10.97,4926
11.05,6726
11.19,9995
11.25,9097
11.35,2859
11.23,1652
11.21,3065
11.31,12983
11.12,12003
11.15,1421
11.11,708
11.18,2061
11.24,2056
11.23,6788
10.96,7459
11.06,2968
10.95,1220
10.94,5999
10.86,4225
10.81,8029
10.43,24117
10.42,7518
10.52,1647
10.54,4958
10.63,6912
10.7,8893
10.49,1863
10.59,11902
10.67,25630
10.71,36992
10.76,19176
10.88,9327
11.15,5803
11.22,3400
11.22,400
11.16,400
11.16,1107
11.05,4639
11.32,6862
11.32,2203
11.32,2000
11.29,2781
11.31,1400
11.26,5191
11.33,7498
11.35,3563
11.26,2795
11.16,2760
11.2,2316
11.22,10419
11.41,13406
11.22,11405
11.2,400
11.31,2149
11.3,913
11.37,7629
11.87,13000
12.2,11476
12.3,5738
12.3,6282
12.16,1851
12.1,14075
12.36,7683
12.33,3771
12.35,3212
12.31,3824
12.44,2785
12.48,33213
12.26,7035
12.36,3938
12.24,3916
12.21,3249
12.22,3726
12.11,30698
12.1,41642
12.17,94123
12.13,500
12.13,2801
12.07,1371
12.04,5020
12.56,8532
12.37,8040
12.33,2250
12.4,2408
12.25,1928
12.28,9044
12.59,9206
12.78,3637
12.87,8878
12.85,4254
12.73,5490
12.65,14018
12.75,2259
12.73,4358
12.74,11818
12.7,8530
12.73,5648
12.78,14573
13.51,15405
13.43,12501
12.97,3893
13.01,4770
12.92,2119
12.95,13888
12.95,0
12.95,0
12.95,0
12.95,0
12.95,0
12.95,0
13.21,9865
13.03,6504
12.99,4258
12.96,5684
12.96,3436
13.1,9808
13.35,4894
13.23,3200
13.16,2231
13.14,1440
13.12,1705
13.11,13447
13.18,7292
13.04,2222
13.01,3400
13.04,2657
13.12,3093
13.06,11813
12.65,5798
12.73,1507
12.71,2784
12.61,1712
12.58,5924
12.56,18098
12.73,2094
12.79,1330
12.72,1106
12.74,1000
12.71,900
12.65,5956
12.43,5728
12.45,4834
12.45,2100
12.41,1627
12.39,1800
12.47,5946
12.35,3519
12.39,5929
12.45,657
12.37,1834
12.4,12523
12.61,12870
12.9,32630
12.85,33814
12.65,11789
12.59,11025
12.55,28174
12.63,36150
12.81,7763
12.81,6301
13,9940
13.02,4693
13.1,7536
13.16,14581
13.35,12105
13.52,5693
13.67,3454
13.63,1641
13.64,963
13.58,15942
13.26,10062
13.46,4643
13.5,2728
13.61,1793
13.52,844
13.54,16249
14.32,14719
14.02,21905
13.93,4829
13.95,5443
13.81,6005
13.69,6635
13.95,18735
14.09,22847
13.99,15742
13.98,6440
13.98,5951
13.78,26070
13.86,18517
13.69,4199
13.68,4988
13.65,7355
13.78,5518
13.67,13927
13.48,14097
13.61,13949
13.64,7150
13.65,9859
13.6,15321
13.61,18989
13.51,7175
13.54,3924
13.48,1542
13.4,800
13.39,1122
13.3,15602
13.68,5057
13.55,1775
13.49,600
13.51,1177
13.38,200
13.41,4899
13.24,3776
13.11,1000
13.18,1652
13.11,1682
13.11,1724
13.11,5269
13.18,2618
13.1,1302
13,1682
12.88,3622
12.95,1809
12.82,5772
12.44,8998
12.58,7467
12.44,5083
12.42,5368
12.46,3835
12.45,17183
12.38,8591
11.99,6000
11.99,2747
12.06,2384
12.12,4219
12.18,15548
12.33,4388
12.36,2413
12.41,600
12.32,100
12.31,2345
12.25,10526
11.99,10839
11.76,14557
11.66,9994
11.66,0
11.51,13183
11.57,6492
11.5,60646
12.03,22982
11.94,32122
11.98,159792
12.18,39603
11.8,21647
11.61,8542
11.68,20555
11.8,4933
11.87,29899
11.88,4632
11.89,13879
11.56,15207
11.44,6047
11.38,16991
11.21,57346
10.98,16289
10.8,10115
10.78,7444
10.76,10223
10.82,4751
10.83,12084
10.64,11652
10.55,4544
10.61,5462
10.65,4435
10.74,5246
10.66,20600
10.76,11849
10.75,5221
10.79,4277
10.83,6907
10.88,8567
10.86,17992
11.18,7344
11.24,9280
11.31,5005
11.27,4606
11.3,3211
11.32,19916
11.37,7812
11.39,6346
11.33,4314
11.28,3758
11.24,4554
11.33,13762
10.85,7352
10.91,4449
10.81,1653
10.82,3447
10.84,3325
10.76,12955
10.72,3160
10.72,13180
10.7,1800
10.66,2825
10.65,2678
10.6,9633
10.74,11272
10.7,5114
10.51,5666
10.52,6576
10.48,5248
10.59,21094
10.46,8156
10.37,3810
10.36,3272
10.33,3755
10.3,3046
10.34,11257
10.04,7964
9.845,8490
9.855,7354
9.855,2541
9.899,12771
10.14,25539
10.65,8047
10.83,14935
10.73,4875
10.67,6088
10.55,4317
10.59,11498
10.84,8800
10.82,9994
10.89,5451
10.84,5292
10.78,13407
10.71,17967
10.59,6140
10.6,1553
10.58,3788
10.71,3359
10.75,4428
10.7,13602
10.91,4428
10.89,4221
11.03,3183
11.02,7161
11.04,5314
11.09,24874
10.97,7636
11.18,2629
11.18,3633
11.19,780
11.13,3622
11.25,9960
11.24,8382
11.37,1887
11.33,3922
11.41,12341
11.42,8276
11.32,23886
11.34,6536
11.57,9246
11.5,12892
11.29,3766
11.36,4672
11.32,10047
11.49,8944
11.37,1278
11.39,1937
11.32,2801
11.29,1812
11.27,6077
10.88,8159
10.95,10722
10.82,4855
10.83,5923
10.76,8112
10.69,22635
11.02,5501
10.85,5049
11.02,2201
10.93,1123
10.91,2563
10.95,7434
11,4969
10.87,1947
10.87,2263
10.98,400
10.99,2605
11.03,12431
10.84,12729
10.81,6473
10.71,3602
10.75,3689
10.79,2074
10.83,10159
10.86,15273
10.99,3721
10.96,1802
10.86,2593
10.85,9289
10.89,24367
11.24,37998
10.93,4443
10.92,2816
10.88,2099
10.94,8499
10.68,19801
10.21,20374
10.21,9028
10.24,4791
10.25,5028
10.2,6762
10.28,25748
10.18,8198
10.07,10170
10.27,3687
10.23,2691
10.24,3456
10.22,10440
10.07,13581
10.04,3737
10.06,4383
10.19,4881
10.22,3423
10.27,10269
10.42,2566
10.45,3020
10.5,4756
10.57,2661
10.66,2995
10.64,13913
10.85,7366
10.84,2666
10.86,2589
10.93,1746
10.92,3102
11,18172
11.14,4917
10.87,4928
10.97,4052
10.97,1750
10.93,4578
10.87,7527
10.7,3816
10.56,4107
10.51,1165
10.45,1720
10.51,1492
10.55,14128
10.59,12022
10.79,13969
10.52,14479
10.44,18916
10.44,4215
10.5,15322
10.91,37623
11.41,21014
11.63,18061
11.69,5677
11.71,36944
11.8,40086
11.75,24228
11.9,15691
11.83,4856
11.89,6721
11.83,10983
11.81,33228
11.27,15209
11.15,7367
11.15,5390
11.11,4531
11.06,7622
10.91,17326
10.08,16293
10.08,0
10.08,0
10.08,0
10.08,0
10.08,0
10.21,4915
10.13,5304
10.13,987
10.11,3900
10.3,4689
10.44,9352
10.55,7678
10.43,2926
10.45,2012
10.53,3850
10.58,23662
10.18,48935
9.805,31569
9.622,26347
9.652,8143
9.548,3903
9.598,10515
9.533,16030
9.281,3938
9.286,9672
9.395,5830
9.311,2539
9.385,7232
9.345,11898
9.509,16891
9.801,7733
9.89,4509
9.979,6543
9.954,3196
10.05,6805
10.11,13793
10.35,5857
10.34,11218
10.32,7467
10.22,4462
10.23,37197
10.07,5913
10.13,2400
10.16,2633
10.21,2254
10.15,3209
10.09,14877
9.588,13255
9.86,12987
9.84,5058
9.761,14881
9.885,13042
9.825,18020
9.776,10039
9.87,4381
9.865,2230
9.825,2668
9.761,4575
9.791,8061
10.18,6073
10.28,2150
10.28,2579
10.39,4428
10.43,13151
10.45,17221
10.41,9509
10.63,2682
10.64,2577
10.6,2098
10.63,4233
10.58,14613
10.64,3811
10.63,46436
10.72,2860
10.79,4018
10.7,5377
10.63,6534
10.71,15184
10.94,8187
10.92,1284
10.82,6201
10.6,5785
10.49,24624
10.7,12506
10.87,4921
10.93,3949
10.9,11738
11.13,19568
10.98,28019
11.17,9422
11.29,3758
11.15,2465
11.12,2799
11.15,9692
11.21,10803
10.91,4033
11.19,3798
11.22,2649
11.32,2290
11.34,3203
11.37,11687
11.56,5561
11.46,5932
11.54,3950
11.53,7648
11.58,23243
11.72,10247
11.84,9085
11.89,9204
11.78,9237
11.97,7564
12.07,25604
12.11,23614
11.9,12327
11.66,9935
11.58,5180
11.58,6010
11.55,8205
11.52,20983
11.55,18274
11.38,9512
11.42,7571
11.37,8016
11.25,14343
11.43,30657
11.56,17186
11.58,14305
11.69,5427
11.7,9330
11.64,9397
11.55,29015
11.44,109579
11.56,37298
11.45,7981
11.41,5672
11.38,35440
11.03,50037
10.8,18633
11.06,3533
10.93,6579
10.96,4563
11.02,4736
11.16,20004
11.13,9684
11.18,5306
11,5078
11.03,2410
11.04,1302
11.07,22479
11.87,12282
11.78,6437
11.74,6829
11.98,12045
11.99,9451
12.03,23267
11.8,7005
11.74,5895
11.66,7775
11.61,8937
11.63,6424
11.86,21868
11.78,11695
11.61,6202
11.58,5282
11.57,3778
11.73,5274
11.64,19103
11.78,4913
11.77,4976
11.9,2915
11.94,14087
11.99,27822
12.12,44548
12.25,24130
12.46,12972
12.19,9814
12.09,11369
12.25,7872
12.46,28886
12.46,0
12.46,0
12.46,0
12.46,0
12.46,0
12.46,0
12.4,16788
12.59,9767
12.74,20685
12.45,15500
12.35,22007
12.48,32379
13.2,38999
13.35,23079
13.61,22454
13.72,26363
13.58,25804
13.56,29493
13.11,22479
13.14,13049
13.27,17012
13.36,9263
13.35,41616
13.26,39324
12.8,10429
12.99,8162
12.99,5314
12.92,12737
12.71,14327
12.63,37468
12.91,26544
13.1,24914
13.27,10263
13.34,6044
13.41,7051
13.3,23961
13.21,16104
12.91,3733
13.03,4183
12.98,1546
13.06,16809
13.25,35857
14.11,17349
14.09,18435
14.26,13068
13.99,6931
13.86,13240
13.89,20306
13.87,13656
13.88,6618
13.66,5461
13.69,5611
13.75,11704
13.7,51446
14.06,16112
14.05,11518
14,9481
13.78,2521
13.79,5724
13.85,28053
13.64,29170
13.57,10645
13.58,11441
13.68,8590
13.65,13979
13.61,14096
13.79,13958
13.7,24290
13.59,7645
13.66,11461
13.62,15858
13.68,20568
13.91,36148
14.28,22549
14.04,14639
13.99,13241
13.86,19875
13.76,24879
13.55,19808
13.59,22880
13.48,9310
13.5,13155
13.57,14519
13.61,15703
13.19,9813
13.21,15957
13.18,10167
13.29,4708
13.25,5464
13.21,20580
12.88,12068
13.06,2609
13.15,1916
13.14,1817
13.23,4741
13.21,8718
13.53,6685
13.56,16730
13.5,2328
13.39,4479
13.27,7261
13.16,22620
13.32,8785
13.29,1801
13.21,5007
13.19,6028
13.26,7861
13.17,18458
13.17,4480
13.15,5135
13.12,6706
13.15,4045
13.18,3402
13.37,11725
13.33,23253
13.5,30120
13.41,7212
13.34,10015
13.33,8477
13.35,22921
13.64,14065
13.28,5897
13.11,7095
13.08,2622
12.98,6227
12.9,17991
12.93,7668
12.95,4442
12.95,4030
12.87,5368
12.82,14360
12.91,15610
12.92,7452
13.03,9349
12.99,3653
13.04,4749
13.12,3115
13.12,12023
13.24,5556
13.23,4019
13.28,3359
13.29,6373
13.4,6316
13.38,13437
13.53,20764
13.4,14534
13.3,9625
13.15,10068
13.3,14460
13.35,22325
13.4,24134
13.62,45324
13.77,19426
13.8,13507
13.76,19844
13.63,43568
13.87,16676
14.06,10069
14.12,7418
14.09,8443
14.07,12302
14.03,39156
13.91,12687
13.92,15930
13.92,14408
14.12,11698
14.15,17472
14.04,38918
14.21,15481
14,6079
14.06,7971
14,6263
13.88,8314
13.95,33485
13.44,15566
13.26,25375
13.17,13475
13.11,6140
13.07,6571
12.9,31405
12.62,11897
12.82,6731
12.74,3240
12.84,3599
12.88,4400
12.82,15210
12.59,20982
12.34,8735
12.16,113906
12.06,9337
12.08,9911
12.17,23996
12.08,23228
11.78,12750
11.62,14019
11.64,16826
11.59,7960
11.55,24948
11.07,18065
10.84,13132
10.79,8607
10.85,9379
10.89,12344
11.02,19180
10.76,7471
10.72,3425
10.74,5501
10.75,5461
10.59,7053
10.56,14942
10.63,6877
10.38,2475
10.36,1674
10.4,34873
10.44,9383
10.35,11526
10.29,7450
10.23,5663
10.24,10820
10.41,6590
10.44,5985
10.56,9098
10.68,8431
10.55,6830
10.4,952
10.36,1821
10.3,4180
10.24,13864
9.91,5814
9.826,5400
9.989,6291
9.9,3833
9.969,19348
9.865,25951
10.19,16549
10.28,5394
10.32,5790
10.27,1981
10.31,8062
10.38,12567
10.09,3780
10.12,1269
10.08,885
10.14,1600
10.19,27439
10.44,15846
10.18,16929
9.96,10027
9.722,6825
9.831,6049
9.732,2470
9.717,23505
9.529,9469
9.663,2449
9.583,2892
9.643,13342
9.41,12777
9.42,23394
8.831,26382
8.648,10425
8.668,15184
8.712,8262
8.574,13558
8.489,32923
8.569,5380
8.336,24228
8.272,13342
8.158,8497
8.286,22367
8.252,29629
8.663,9127
8.574,4523
8.44,13895
8.281,21943
8.187,25716
8.173,35412
7.504,24541
7.747,38458
7.41,52781
7.301,14007
7.321,21008
7.227,52772
7.692,25737
8.044,16760
8.158,11200
8.138,8828
7.94,10956
8.019,28574
8.074,10242
8.019,4310
8.113,4364
7.97,5008
8.064,5320
8.118,27956
8.227,11263
8.123,12672
8.187,5837
8.281,4655
8.217,20794
8.173,16377
7.881,15530
7.881,7048
8.009,10263
7.955,5866
7.801,8554
7.831,30087
8.296,22910
8.366,25891
8.356,16932
8.291,15918
8.395,8477
8.306,29120
8.207,10707
8.093,10733
8.173,6153
8.064,6189
8.123,11219
8.103,31631
8.252,8169
8.237,10140
8.217,5739
8.148,7011
8.143,9699
8.227,18972
8.193,8805
8.243,4350
8.243,2081
8.094,3358
8.129,1055
8.089,15541
7.966,6598
7.961,6114
7.936,2409
7.926,3097
8.045,11551
8.005,25804
8.164,15444
8.144,6634
8.109,7831
8.183,10696
8.065,12559
8.203,25687
8.362,9845
8.263,6668
8.278,2970
8.278,3751
8.283,3740
8.283,8389
8.094,7163
8.124,4417
8.05,4111
8.045,8279
7.985,9262
7.847,28642
8.268,14321
8.228,9665
8.164,1912
8.248,2704
8.174,5118
8.188,12766
8.718,12837
8.966,13625
8.931,14277
8.986,7033
8.941,8167
9.055,21775
8.956,7926
8.728,6211
8.763,7615
8.783,6298
8.773,9200
8.778,21866
8.917,6862
8.837,7217
8.709,3842
8.619,3310
8.728,6346
8.634,12363
8.6,8859
8.595,5982
8.53,3856
8.535,3363
8.51,3991
8.59,15970
8.609,4726
8.718,7161
8.778,5596
8.689,5528
8.679,1003
8.669,6884
8.401,1200
8.416,3220
8.426,8943
8.466,4860
8.382,6184
8.352,17100
8.159,17050
8.456,4805
8.649,19857
8.723,7978
8.728,6475
8.798,11480
8.124,15792
7.941,8433
7.961,14864
7.975,9795
8.04,25689
7.931,28812
7.698,8402
7.698,5642
7.629,3048
7.648,4753
7.579,5758
7.535,17459
7.827,5214
7.678,3649
7.688,3164
7.629,2838
7.688,11302
7.961,26695
7.663,3377
7.703,19462
8,2432
7.951,4276
7.847,4679
7.916,13615
7.782,6982
7.673,4420
7.698,3199
7.738,4763
7.723,2302
7.772,65642
8.114,9341
8.203,5624
8.134,10603
8.134,3725
8.065,7405
8.04,12918
8.03,2090
7.901,5639
7.807,5170
7.812,2323
7.837,1509
7.792,7838
7.792,18983
7.733,50152
7.495,30829
7.376,30026
7.396,22786
7.386,65994
7.658,9063
7.896,8552
7.941,4649
7.857,7003
7.906,7711
7.946,23089
8.079,14443
7.941,6299
7.995,9144
7.99,5669
7.985,2580
8.015,11406
7.906,7447
7.753,20931
7.653,6266
7.708,8743
7.614,7881
7.604,11070
7.525,19015
7.391,8380
7.435,10837
7.376,11467
7.406,16815
7.416,21616
7.198,19358
7.084,30453
7.232,20378
7.203,10286
7.143,11102
7.118,30181
6.95,17834
7.282,10573
7.356,5729
7.277,3891
7.411,3792
7.401,19322
6.618,33901
6.514,25156
6.598,17239
6.544,26589
6.678,37749
6.747,25796
6.747,6774
6.569,13096
6.549,8010
6.678,1755
6.678,12704
6.787,17905
7.262,23562
7.029,4907
6.995,4589
7.118,7813
7.074,6075
7.109,12712
6.866,10365
7.203,4885
7.059,810
7.044,3975
7.104,3210
7.079,6655
6.935,6276
6.965,3277
6.856,852
6.876,2096
6.896,3295
6.846,6182
6.628,16217
6.737,23304
6.876,12263
6.796,21369
6.801,28875
6.782,31525
6.737,22874
7.064,18923
7.084,10451
7.133,9770
7.213,18965
7.133,30257
6.46,8653
6.658,10691
6.717,4548
6.692,7491
6.767,6520
6.787,8808
6.712,9578
6.678,8252
6.777,7101
6.767,9350
6.787,9503
6.787,21888
7.064,6597
7.128,8893
7.143,3340
7.163,5134
7.064,5170
7.024,10287
7.069,8207
7.094,6593
7.133,2301
7.104,2328
7.044,4428
7.039,12016
7.099,7345
7.109,4637
7.138,4394
7.019,5252
6.98,5773
6.99,15642
6.851,26102
6.777,14181
6.791,5558
6.757,10020
6.697,23508
6.608,59256
7.049,30106
7.049,10840
6.846,9072
6.707,14303
6.663,13790
6.653,15164
6.341,20915
6.351,11935
6.356,9087
6.45,7825
6.43,8512
6.415,24710
6.618,12362
6.564,9874
6.524,10777
6.564,8170
6.559,10514
6.574,12537
6.628,10241
6.757,9818
6.816,3871
6.826,1907
6.831,103876
7.014,75372
7.351,14929
7.282,12415
7.341,15734
7.416,11993
7.341,6553
7.322,12960
7.282,6808
7.5,7687
7.515,52758
7.569,1961
7.619,8121
7.589,14072
7.535,11617
7.569,6559
7.609,8582
7.644,7680
7.614,14395
7.629,32739
7.614,16560
7.594,13460
7.653,8128
7.668,5879
7.604,12565
7.574,25261
7.416,39485
7.247,12531
7.272,11716
7.302,16826
7.262,28889
7.257,44387
7.782,22360
7.936,11730
7.916,10174
8.099,22513
8.104,6973
8.094,41563
7.539,25092
7.658,9461
7.644,10563
7.708,15575
7.792,11853
7.832,24426
8.347,12580
8.273,12482
8.332,11136
8.387,5891
8.416,6874
8.382,23487
8.253,8052
8.035,6274
8.134,5571
8.203,4407
8.203,2962
8.233,6835
8.292,4739
8.501,5589
8.431,1364
8.471,2250
8.416,12328
8.367,22638
8.441,14431
8.357,5478
8.223,3402
8.248,4309
8.228,2453
8.203,33947
8.302,22284
8.203,7481
8.263,5310
8.273,5934
8.258,4475
8.283,8825
7.837,12003
7.887,5341
8.036,5879
8.08,3866
8.031,3038
8.051,10312
7.932,4970
8.021,3523
8.011,1788
8.036,2806
8.085,4699
8.031,7341
7.704,3889
7.649,3838
7.595,3926
7.604,3163
7.614,5813
7.679,13831
7.728,6328
7.709,12961
7.704,4474
7.669,9166
7.664,3153
7.679,12407
7.431,5241
7.426,3671
7.411,1400
7.416,2912
7.396,5514
7.376,15844
7.129,9350
7.262,12248
7.238,5425
7.223,7160
7.253,4153
7.262,10085
7.669,17858
7.619,13628
7.654,7149
7.723,4949
7.634,6359
7.684,31916
7.773,11053
7.852,5466
7.823,7988
7.813,2006
7.813,6549
7.833,15394
7.951,3535
7.882,2410
7.922,2645
7.976,2215
7.907,3370
7.877,9906
7.842,12779
7.694,6635
7.495,3745
7.486,600
7.495,1308
7.486,7554
7.624,5655
7.515,6730
7.486,10904
7.476,6415
7.525,3520
7.52,8440
7.416,7756
7.238,5460
7.282,5086
7.233,3631
7.218,11012
7.257,17062
7.198,5889
7.243,3716
7.228,2429
7.233,5207
7.223,4221
7.203,8369
7.049,6395
6.92,5456
6.955,4751
6.915,3195
6.91,3087
6.93,14555
7.168,7008
7.362,15544
7.362,7239
7.257,5241
7.233,5549
7.297,17534
7.292,6595
7.223,3783
7.208,801
7.148,2928
7.143,1425
7.173,10159
7.203,3783
7.401,2504
7.381,1554
7.446,7760
7.525,2995
7.495,12042
7.525,25850
7.679,4968
7.634,4434
7.684,1432
7.694,602
7.639,10323
7.882,13099
7.857,6506
7.887,5216
7.892,11192
7.897,3152
7.951,20365
8.417,7054
8.482,10028
8.616,5711
8.531,9547
8.462,7965
8.417,19094
8.08,9615
7.986,11278
7.942,6795
8.006,9928
7.976,7212
7.917,12507
7.991,4382
7.947,1576
7.917,450
7.922,756
7.862,2561
7.862,5438
7.917,5283
7.733,10917
7.629,5951
7.679,3303
7.664,4777
7.609,9476
7.476,10685
7.773,5210
7.585,722
7.619,1336
7.575,1044
7.604,33005
7.55,6868
7.758,18449
7.718,10553
7.694,9747
7.669,10310
7.718,16924
7.54,5379
7.545,7668
7.436,4156
7.451,5888
7.446,4199
7.486,24252
7.535,5877
7.535,4848
7.52,1910
7.476,4176
7.51,42217
7.823,20149
7.376,4498
7.411,12506
7.287,1848
7.272,800
7.257,2719
7.282,8500
6.811,9768
6.742,6363
6.757,17134
6.737,5426
6.707,17739
6.563,44157
6.727,10539
6.668,24569
6.549,16079
6.499,13007
6.4,18829
6.519,75362
6.677,17470
6.682,23296
6.573,12143
6.524,8751
6.534,3931
6.603,17541
6.93,13425
6.975,4987
7.089,6852
7.069,5763
7.114,9302
7.148,21202
7.005,7585
7.148,5090
7.124,2194
7.114,6869
7.069,2292
7.084,8762
7.317,10113
7.595,13026
7.58,7111
7.535,4001
7.629,9815
7.614,17604
8.075,37856
8.239,31005
8.249,32058
8.303,10762
8.289,12715
8.294,18343
8.531,19097
8.631,30266
8.73,6321
8.764,11114
8.71,6471
8.68,15509
8.279,24429
8.393,9111
8.313,2658
8.403,3660
8.457,1820
8.591,16637
8.774,11266
8.705,5912
8.606,3378
8.665,4121
8.745,6742
8.859,11525
8.318,22907
8.318,12602
8.313,8810
8.308,2200
8.318,1201
8.254,12524
8.17,12210
8.031,6312
8.175,14561
8.16,3468
8.224,9581
8.175,7445
8.051,8373
8.095,4760
8.373,4391
8.318,4260
8.259,5510
8.095,8702
8.264,22676
8.155,15576
8.12,10539
8.189,26572
8.249,17789
8.264,11767
7.659,15038
7.704,22978
8.026,12027
8.051,4202
8.125,5990
8.07,11525
7.793,14857
7.833,13452
7.664,30289
7.52,18991
7.585,22885
7.575,44436
7.912,25982
7.738,17922
7.733,5073
7.753,23355
7.748,8947
7.709,23489
7.813,32023
7.723,12608
7.694,7514
7.743,7996
7.842,6624
7.768,15910
7.486,20357
7.416,15329
7.386,5514
7.367,6639
7.367,12833
7.347,9655
7.535,16638
7.862,15623
7.912,23464
7.818,14596
7.723,12995
7.808,22461
8.056,51386
8.011,9225
8.15,18952
8.204,14661
8.303,20836
8.363,53302
8.085,23632
8.184,20519
8.184,20177
8.224,11090
8.175,9365
8.194,15850
8.388,37438
8.254,30160
8.338,13957
8.294,14621
8.328,16498
8.313,28234
8.636,26639
8.606,23204
8.67,21211
8.65,12493
8.611,11427
8.561,20508
8.482,21348
8.541,18270
8.452,13111
8.422,7473
8.482,7218
8.393,16455
8.313,15530
8.105,9742
8.115,6700
8.165,8073
8.165,11824
8.224,12238
8.234,17599
8.358,9152
8.269,9525
8.303,20973
8.333,6976
8.308,36045
8.824,15613
8.636,14571
8.636,26546
8.601,8272
8.596,3657
8.576,14365
8.507,17760
8.388,7261
8.378,4466
8.368,4848
8.368,49146
8.284,55342
7.882,12589
8.14,21236
8.051,9485
7.986,4230
7.976,6480
8.026,27994
8.591,20770
8.695,26435
8.65,13247
8.586,9840
8.621,12738
8.76,24167
9.116,29191
8.948,12708
8.973,12961
8.973,6056
8.928,8015
8.928,23808
8.948,27460
9.483,22451
9.488,30397
9.325,20944
9.255,25278
9.245,45499
9.399,43654
9.027,13458
8.928,13061
8.968,10883
8.839,8340
8.859,14653
9.449,16828
9.335,15004
9.364,9860
9.354,10154
9.394,8477
9.439,22717
9.389,23469
9.265,13617
9.315,6524
9.344,9417
9.354,16215
9.478,19864
9.468,18657
9.553,14260
9.503,5367
9.513,5754
9.622,10357
9.682,12661
9.325,22862
9.186,10101
9.092,10098
9.146,22037
9.181,9978
9.156,16463
8.993,10992
9.196,6882
9.111,3003
9.102,5039
9.131,2659
9.131,21211
8.918,7073
8.948,3269
8.933,900
8.973,10101
8.978,4914
8.968,3721
8.953,4456
9.002,3638
8.913,1233
8.923,510
8.903,1968
8.948,4103
8.884,11415
8.805,12922
8.751,7998
8.914,7487
8.934,8237
8.974,12079
9.366,32156
9.39,15604
9.341,11355
9.351,8713
9.321,7623
9.336,23776
9.321,10706
9.281,6833
9.321,5406
9.356,10217
9.366,10732
9.5,8043
9.41,5825
9.385,3132
9.42,4462
9.42,0
9.118,6569
9.018,4963
8.904,5200
8.8,2048
8.78,3343
8.716,15753
8.954,13672
9.043,3642
8.924,3057
8.944,3354
8.964,4801
9.013,17932
9.128,14292
9.028,10334
8.969,7443
8.919,26736
9.113,16077
9.202,31240
9.505,47540
9.296,28090
9.371,29804
9.336,12485
9.311,17558
9.311,31764
9.291,6797
9.346,9237
9.529,5669
9.524,3689
9.46,4437
9.554,11546
9.142,16187
9.222,19976
9.058,8993
9.073,6021
8.989,6036
8.954,15252
8.934,18380
8.855,15623
8.914,7899
8.835,14409
8.805,6498
8.83,20142
9.093,28861
9.187,28745
9.177,18657
9.172,14762
9.212,10040
9.271,33530
9.222,21883
9.043,12654
9.103,3738
9.123,6468
9.118,4554
9.098,10586
8.994,20404
9.043,29600
9.291,13105
9.177,12815
9.123,14025
9.004,22070
8.726,5129
8.691,2138
8.751,6862
8.711,2379
8.676,2750
8.741,6683
9.133,16925
8.855,15299
8.845,8262
8.855,4893
8.894,8112
8.865,19688
8.81,4259
8.88,3982
8.919,2562
8.919,3285
8.835,8484
8.894,16611
8.557,21492
8.562,22309
8.438,29439
8.443,11414
8.577,15423
8.493,18452
8.458,11651
8.413,12420
8.374,7492
8.369,5758
8.517,2926
8.507,28195
8.369,18290
8.25,14307
8.245,8796
8.289,6506
8.24,6601
8.19,10979
8.646,16818
8.651,13590
8.661,5403
8.587,7802
8.617,8825
8.646,14042
8.716,18341
8.775,11758
8.82,8322
8.805,12706
8.746,7510
8.656,11863
8.522,14017
8.378,8202
8.369,6762
8.319,10365
8.349,14492
8.557,27226
8.433,15835
8.577,13077
8.696,7512
8.547,6358
8.597,8405
8.587,9116
8.696,15215
8.85,7290
8.875,7371
8.736,3358
8.755,5540
8.721,7133
8.592,6509
8.443,4802
8.478,3264
8.537,1418
8.507,1598
8.483,21410
8.483,3868
8.433,9575
8.458,11345
8.369,5937
8.423,3439
8.388,13310
8.25,2330
8.264,2703
8.205,1807
8.274,2255
8.205,2058
8.22,7411
8.636,8572
8.448,7258
8.408,5689
8.378,6230
8.378,23495
8.339,17568
8.512,17767
8.646,14088
8.765,12213
8.651,26667
8.701,17554
8.785,28694
8.468,14470
8.374,16011
8.383,7486
8.478,7352
8.488,9209
8.542,21186
8.562,26550
8.889,9328
8.85,9174
8.79,36717
8.884,59254
8.845,38032
8.884,13915
8.835,16054
8.924,16645
8.825,17730
8.755,18639
8.775,20316
8.582,7829
8.602,7863
8.656,3370
8.755,4325
8.82,4124
8.795,8828
8.721,7312
8.706,6503
8.751,2113
8.741,3074
8.775,7938
8.721,18158
8.627,12521
8.736,9816
8.751,9877
8.81,5984
8.78,11059
8.751,25137
8.855,4951
8.785,6382
8.79,4056
8.87,10082
8.77,29757
8.711,44152
8.537,10710
8.512,16547
8.493,3902
8.453,10614
8.393,8214
8.448,12379
8.592,5230
8.498,4215
8.413,2878
8.393,6799
8.413,5178
8.374,18734
8.13,21547
8.111,31541
8.106,11989
8.096,20722
8.101,18907
8.14,23419
7.818,11682
7.902,3808
7.927,5189
7.877,13246
7.987,15063
8.041,21208
7.699,21177
7.748,15768
7.868,5187
7.848,5908
7.902,9005
7.848,38008
7.739,14122
7.897,6752
7.887,4184
7.892,6221
7.922,6300
7.982,17101
8.036,8990
7.942,9581
8.016,7640
8.116,6418
8.17,12889
8.245,20830
8.125,68961
8.071,18607
8.175,3611
8.116,3210
8.135,2800
8.195,14420
8.056,7366
7.937,8334
7.882,3490
7.922,4843
7.972,5587
8.006,8932
7.907,12108
7.917,3594
7.957,4415
7.927,7082
7.887,5843
7.863,16411
7.828,10823
7.917,5561
7.877,4049
7.848,3279
7.838,6298
7.803,18510
7.739,5391
7.808,2911
7.744,3863
7.763,2438
7.739,8660
8.016,16608
7.977,18852
8.036,11655
7.927,3679
7.937,4564
7.982,3515
7.863,16127
7.694,8464
7.739,5159
7.679,5082
7.649,4343
7.654,3681
7.59,9669
7.639,14138
7.57,14893
7.6,6141
7.56,13260
7.55,5789
7.56,19160
7.545,4301
7.59,3018
7.545,4807
7.724,3030
7.5,2000
7.53,10426
7.5,4878
7.5,6722
7.57,3677
7.595,2006
7.55,1737
7.5,16119
7.515,9400
7.406,6623
7.391,5666
7.362,2904
7.352,7997
7.302,19167
7.257,10019
7.238,14790
7.213,9457
7.233,8005
7.218,9985
7.247,26057
7.252,8659
7.208,1500
7.238,728
7.158,2414
7.203,6038
7.178,15628
7.233,7772
7.114,17603
7.143,13657
7.128,18280
7.183,2486
7.193,10128
6.985,18824
6.95,10650
7.019,10587
6.99,8549
7.059,14089
7.024,22576
6.945,9811
7.024,4277
7.109,9555
7.143,12029
7.183,6686
7.188,27250
6.985,4168
6.994,2849
7.024,3446
7.024,5810
7.034,24104
7.089,13245
7.024,2524
7.049,7940
6.945,3015
6.965,3204
6.905,5412
6.925,14007
6.87,12660
6.875,7650
6.875,6124
6.905,5716
6.91,7001
6.851,23931
6.9,16734
6.836,9629
6.771,8731
6.761,8011
6.692,14988
6.781,20322
6.161,57151
6.002,20195
5.968,14045
5.953,7233
5.893,4433
5.953,42060
6.057,9428
5.973,2625
5.997,2482
5.987,4671
6.042,12736
6.027,34797
5.958,66448
5.943,10215
6.012,11561
6.017,7282
6.042,13564
6.082,21594
6.221,26483
6.181,27856
6.191,14192
6.191,22667
6.231,29299
6.226,31789
6.181,28534
6.201,11727
6.231,9576
6.24,12379
6.24,12786
6.226,34470
6.265,29723
6.444,27435
6.379,9340
6.429,7489
6.474,8848
6.484,22400
6.459,6218
6.469,6017
6.459,8614
6.414,7865
6.394,11686
6.36,22390
6.151,9903
6.082,8897
6.087,11450
6.111,8730
6.087,6079
6.037,26537
6.052,14572
5.953,7515
5.913,7614
5.863,16376
5.819,10045
5.893,23969
5.963,6153
5.968,5077
5.933,3808
5.968,6444
6.018,5198
5.963,27826
6.182,25665
6.256,15627
6.127,6489
6.107,5859
6.057,26618
6.082,47380
6.534,22149
6.733,12347
6.782,13040
6.688,8759
6.817,19898
6.777,27124
6.802,23013
6.842,13521
6.852,8524
6.926,12982
6.852,14002
6.872,28593
6.951,9777
6.802,4131
6.772,19782
6.753,15940
6.812,8599
6.857,20104
6.842,5314
6.822,6450
6.772,6191
6.763,3011
6.822,4479
6.842,35087
7.036,8341
7.075,9998
7.09,5402
7.065,22755
7.284,28914
7.309,62015
7.319,14402
7.319,13836
7.398,15293
7.378,12145
7.403,11425
7.433,31663
5.794,216851
5.571,112036
5.506,44193
5.541,37697
5.606,37258
5.69,100551
5.839,26193
6.057,20914
6.018,17684
6.057,10879
6.087,20048
6.167,152350
6.336,29814
6.345,17906
6.355,11906
6.46,16918
6.455,9448
6.37,29807
6.425,52094
6.479,19084
6.455,8649
6.494,18492
6.415,8862
6.445,11637
6.465,8794
6.554,4198
6.584,3232
6.564,5027
6.554,9143
6.609,16520
6.633,5822
6.743,9526
6.792,2411
6.822,5157
6.911,1862
6.902,24705
6.941,7044
6.941,5088
6.892,5717
6.877,4013
6.887,10200
6.842,16679
6.936,6964
6.926,10734
7.026,2813
7.05,5079
7.006,2827
7.021,30853
7.284,18358
7.338,10027
7.289,9101
7.249,8688
7.135,9757
7.219,28033
7.15,7063
7.19,9851
7.309,6816
7.18,12724
7.13,9958
7.07,17761
7.219,18242
7.463,9963
7.527,5094
7.577,4047
7.577,7612
7.567,16254
7.468,19490
7.304,89652
7.304,19908
7.398,23617
7.383,32932
7.413,53937
7.219,7557
7.358,6453
7.458,9926
7.418,6796
7.443,9623
7.398,28840
7.309,6564
7.329,3738
7.388,4594
7.418,4399
7.388,9188
7.468,10733
7.577,17840
7.582,11696
7.562,6650
7.557,7831
7.562,8885
7.512,8202
7.473,7625
7.547,2591
7.537,2261
7.547,4778
7.621,4094
7.626,20604
7.919,23003
7.706,13041
7.731,31505
7.79,14658
7.815,16138
7.721,28319
7.557,40272
7.274,18290
7.249,19120
7.314,29984
7.324,24102
7.334,35653
7.19,10681
7.15,10752
7.224,6004
7.214,5222
7.229,9488
7.244,21226
7.279,9651
7.338,43156
7.279,40702
7.219,25898
7.155,40542
7.165,27683
7.095,13565
7.17,6376
7.075,6786
7.1,3851
7.07,9800
7.021,13543
7.12,5492
7.12,3116
7.1,3142
7.12,4170
7.185,4807
7.15,15890
6.991,13227
7.075,6638
7.026,11729
7.031,4265
7.11,10439
7.09,12508
7.11,9931
7.041,8723
7.041,6263
7.09,7920
7.06,15315
7.036,47139
6.827,15916
6.822,9718
6.916,5321
6.897,11713
6.971,13014
6.926,31655
7.055,27024
7.016,26135
6.991,10859
6.991,12807
7.006,16034
6.961,8057
6.827,9735
6.902,1824
6.936,2758
6.921,1796
6.946,4601
6.966,12749
6.966,23371
7.075,13272
7.1,10051
7.08,10014
7.05,7314
7.026,12229
7.065,13984
6.961,7500
6.911,3993
6.911,3324
6.892,5323
6.892,16455
6.777,12477
6.921,10118
7.06,10747
6.981,5541
6.921,12370
6.956,33734
6.966,6487
7.016,5323
6.936,7373
6.862,4734
6.911,12409
6.852,82019
6.971,21786
7.08,12430
7.001,7304
6.966,5266
6.961,4126
6.986,21092
6.514,22090
6.594,18642
6.678,4981
6.753,6027
6.763,3891
6.738,15272
6.852,33397
6.822,65550
6.862,52734
6.897,42689
6.822,25375
6.832,42469
6.807,28832
6.763,7191
6.763,3725
6.792,2616
6.802,2103
6.797,13927
6.718,23809
6.633,35626
6.599,11040
6.623,13534
6.638,10528
6.688,16192
6.43,33271
6.45,25133
6.316,7027
6.365,15091
6.306,13750
6.331,28662
6.365,19814
6.286,7103
6.256,7275
6.281,6694
6.281,6103
6.281,19455
6.415,5323
6.365,3275
6.37,2517
6.395,2906
6.405,9378
6.37,15752
6.276,4701
6.276,5624
6.256,2007
6.221,1611
6.241,2363
6.216,8281
6.122,15143
6.216,5618
6.181,3802
6.221,4202
6.201,3556
6.211,9171
6.082,63642
6.003,17725
6.072,2451
6.072,2902
6.062,1992
6.062,10351
6.201,6315
6.132,11835
6.142,4695
6.181,3846
6.162,7860
6.127,8161
6.137,12325
6.127,12718
6.137,8988
6.127,7011
6.137,4809
6.117,15509
6.077,11040
6.092,6262
6.072,6671
6.092,5465
6.107,12692
6.097,24543
5.973,22961
5.933,16911
5.978,13144
5.948,33844
5.918,28370
5.908,22372
5.834,16205
5.789,45331
5.754,8976
5.749,11968
5.714,13719
5.719,34333
5.769,44977
5.699,18313
5.729,13242
5.739,7883
5.719,12468
5.739,15832
5.655,11994
5.605,12129
5.689,5603
5.63,3042
5.62,21915
5.625,16297
5.615,16790
5.689,8530
5.724,5670
5.675,14462
5.734,10533
5.694,16000
5.873,15711
5.873,19913
6.052,12203
5.993,13757
5.998,13199
5.978,20508
5.933,4028
5.953,3939
5.953,6502
5.893,5842
5.844,7047
5.848,8503
5.873,9160
5.893,2123
5.883,2034
5.863,1457
5.893,654
5.858,1878
5.744,21644
5.799,23403
5.799,6040
5.819,4915
5.809,6610
5.819,12170
5.928,24257
5.839,30390
5.799,14484
5.739,8666
5.759,9177
5.749,19308
5.868,13240
5.898,7592
5.834,5173
5.824,9645
5.819,8393
5.839,15202
5.739,14483
5.759,6731
5.739,6215
5.739,8814
5.739,7776
5.714,21113
5.655,2708
5.65,4932
5.655,5557
5.66,2293
5.645,4323
5.675,6831
5.704,8026
5.685,7665
5.605,4689
5.635,6419
5.615,8393
5.595,13294
5.585,8019
5.605,3421
5.595,2027
5.585,4590
5.535,8303
5.555,9314
5.496,22388
5.491,6590
5.516,5589
5.54,5660
5.54,3833
5.545,11275
5.605,6582
5.58,2447
5.54,1403
5.545,3838
5.56,10537
5.59,90890
5.381,68681
5.421,13114
5.376,11372
5.366,35592
5.371,20248
5.376,15030
5.312,110136
5.332,36211
5.342,18716
5.352,9087
5.352,11013
5.352,21406
5.257,21129
5.227,8478
5.217,4021
5.242,3580
5.252,5589
5.282,11845
5.416,10635
5.317,14753
5.312,10070
5.307,6899
5.307,8302
5.282,29840
5.366,12044
5.396,8817
5.406,13315
5.426,6729
5.456,9612
5.461,27704
5.446,11106
5.362,7248
5.347,15512
5.376,3532
5.357,2369
5.376,8239
5.371,24407
5.307,12185
5.317,863
5.327,1117
5.362,2169
5.357,7962
5.312,9503
5.436,4264
5.391,1606
5.416,1438
5.391,29656
5.401,42788
5.461,36597
5.446,2676
5.496,6836
5.526,600
5.545,6579
5.57,17830
5.689,15606
5.744,7117
5.774,11662
5.774,0
5.685,7305
5.645,7346
5.675,5962
5.67,3107
5.694,1912
5.675,9263
5.511,2660
5.466,1839
5.466,1100
5.486,1665
5.486,3738
5.486,15905
5.535,4168
5.655,3323
5.595,3238
5.585,843
5.585,1919
5.605,6974
5.575,21436
5.64,12414
5.64,12188
5.704,8950
5.794,16183
5.789,14525
5.878,12277
5.794,16759
5.759,14039
5.779,7492
5.779,9798
5.804,19476
6.062,17241
6.186,9683
6.171,14542
6.216,13730
6.251,9954
6.316,53872
6.35,20211
6.445,19626
6.38,13626
6.385,11236
6.43,14046
6.425,49726
6.485,9655
6.499,18034
6.559,7428
6.579,8623
6.579,14496
6.489,45181
6.494,18482
6.529,13129
6.544,8786
6.569,10623
6.599,8398
6.609,15589
6.817,16091
6.897,10522
6.917,5954
6.872,11797
6.812,11550
6.892,49678
6.887,16119
6.991,12372
6.986,12804
6.986,6251
7.006,4678
6.986,16817
6.907,34734
6.827,27407
6.847,22722
6.877,12393
6.862,18870
6.827,60101
6.718,10056
6.708,6200
6.733,3587
6.738,1945
6.738,2542
6.748,20275
6.718,6441
6.639,12572
6.653,6634
6.644,4148
6.653,4469
6.599,20182
6.564,10863
6.634,6217
6.584,10411
6.594,5868
6.624,7563
6.653,20830
6.678,5504
6.609,3384
6.678,1078
6.658,2230
6.629,6460
6.698,35299
6.311,17756
6.311,9297
6.38,10477
6.39,5934
6.301,10467
6.251,12429
6.36,10373
6.316,14067
6.35,5172
6.311,10309
6.345,5835
6.355,15865
6.639,5358
6.609,7929
6.763,7468
6.718,3459
6.743,5493
6.678,12006
6.42,4867
6.39,6826
6.36,10650
6.34,6064
6.35,7622
6.34,15975
6.201,11841
6.087,12357
6.112,4219
6.167,10634
6.142,11664
6.157,23062
5.933,20831
5.873,12734
5.839,11257
5.918,6122
5.923,8309
5.883,23306
6.112,28644
6.032,22072
6.057,14306
6.057,10697
6.102,14147
6.057,42101
5.863,4022
5.863,3266
5.883,2675
5.913,1531
5.943,1393
5.933,4589
5.868,5201
5.923,3486
5.913,2210
5.923,7685
5.958,5839
5.948,7333
5.948,8584
5.993,7506
6.003,5227
6.012,10915
6.012,5128
5.973,6310
5.998,27643
5.893,15385
6.042,11636
6.042,7749
5.993,12924
6.032,33989
6.072,4038
6.122,9212
6.211,4419
6.261,4477
6.301,7268
6.321,25131
6.087,25378
6.112,28523
6.152,23712
6.152,13796
6.132,16412
6.132,50182
6.028,36665
6.008,21927
5.928,9718
5.904,6553
5.864,3533
5.844,16172
5.834,3994
5.824,5665
5.839,1903
5.839,3474
5.834,4565
5.804,11487
5.814,4946
5.834,2042
5.809,3582
5.745,5484
5.764,4809
5.799,6191
5.789,7671
5.799,5389
5.809,3174
5.814,4493
5.809,4581
5.819,11922
5.774,2418
5.755,4279
5.779,1962
5.814,4327
5.874,3363
5.864,8210
5.804,5539
5.824,3041
5.849,640
5.844,2560
5.859,2179
5.864,10880
6.112,10623
5.948,16831
6.033,9521
6.078,17436
6.092,4504
6.063,20928
5.978,5729
6.102,4393
6.102,7412
6.003,1100
5.953,2301
5.953,9424
5.963,8456
5.829,4332
5.869,3013
5.894,722
5.894,4472
5.899,4500
5.993,3393
6.018,9800
6.152,1857
6.122,1346
6.097,1570
6.107,5995
6.142,6859
6.152,4791
6.172,3226
6.182,4977
6.242,3052
6.251,9130
6.251,11268
6.271,11625
6.227,11108
6.212,1670
6.177,2021
6.187,25252
6.202,6223
6.162,3551
6.097,2373
6.092,1507
6.112,1221
6.112,6558
6.132,2314
6.088,1113
6.033,1100
6.003,2688
5.993,2525
5.963,10712
5.809,12392
5.725,6080
5.735,3866
5.755,3599
5.75,3121
5.735,7921
5.745,6158
5.74,9044
5.69,4600
5.725,5903
5.69,8123
5.665,12845
5.615,2259
5.615,3043
5.605,2855
5.576,5164
5.566,7672
5.591,10374
5.635,8419
5.586,13096
5.546,8587
5.536,13286
5.531,7646
5.506,24403
5.61,9448
5.586,2572
5.566,1911
5.566,2410
5.536,3873
5.526,14985
5.551,703
5.566,3730
5.571,3354
5.531,2085
5.506,2590
5.501,6548
5.486,5842
5.481,4370
5.511,2594
5.541,2431
5.506,600
5.511,4098
5.491,7307
5.581,2659
5.581,3330
5.635,2481
5.63,5923
5.601,5327
5.794,4140
5.814,2634
5.74,11407
5.725,6439
5.784,4801
5.824,24027
5.66,1320
5.625,2616
5.61,4480
5.615,9123
5.655,7554
5.61,15996
5.551,8416
5.481,5446
5.407,4724
5.377,7022
5.362,4603
5.367,12446
5.357,5730
5.377,5259
5.352,3162
5.357,3084
5.342,4528
5.312,11044
5.138,17530
5.168,10020
5.158,8635
5.188,6290
5.188,13800
5.143,31295
5.173,12984
5.158,11544
5.118,1360
5.118,2031
5.104,4289
5.089,19866
5.014,22021
4.999,3890
5.019,1001
5.039,1729
4.999,2326
5.009,10648
4.989,3377
4.95,3452
4.9,5124
4.88,6039
4.87,9435
4.87,12284
4.855,19654
4.86,4795
4.86,3859
4.87,4973
4.87,2713
4.89,13142
4.94,2261
4.895,6779
4.95,4395
4.95,2900
4.979,2441
4.999,12146
5.277,5546
5.168,15679
5.109,3288
5.069,25305
5.054,5364
5.104,14511
4.91,16439
4.85,7384
4.86,1522
4.84,1900
4.86,7292
4.92,14734
4.959,4762
5.054,4005
5.079,7492
5.049,2661
5.074,6823
5.123,4748
5.014,6739
4.945,4682
4.989,1557
4.959,3310
4.93,2373
4.95,6442
5.004,5421
4.969,3517
4.95,3665
4.964,1100
4.979,2108
5.019,7470
5.054,6584
5.089,3271
5.198,1936
5.198,3233
5.218,5490
5.198,6898
5.193,6932
5.193,8929
5.223,7632
5.143,4493
5.198,417
5.193,8907
5.089,3959
5.079,1200
5.104,3335
5.084,1100
5.059,3895
5.079,11715
5.168,18979
5.064,56989
5.089,12678
5.109,12198
5.054,7694
5.049,38169
5.014,15663
4.86,4607
4.84,11400
4.835,1518
4.83,7870
4.875,14752
5.268,34495
5.347,86269
5.466,7467
5.367,3863
5.362,5432
5.372,9311
5.372,10028
5.357,14586
5.382,2332
5.417,5792
5.387,5170
5.377,13513
5.601,18873
5.556,10301
5.615,6805
5.586,3818
5.566,7588
5.615,12758
5.645,7807
5.581,7049
5.605,2827
5.586,2952
5.63,4624
5.581,4223
5.541,28596
5.571,13652
5.571,8566
5.601,6105
5.635,13851
5.61,15412
5.789,10980
5.764,13473
5.655,15432
5.576,8488
5.551,3226
5.556,41177
5.397,2229
5.536,7329
5.546,2477
5.556,3148
5.526,4000
5.496,13833
5.466,7053
5.476,4423
5.496,2126
5.471,2446
5.506,2076
5.476,5951
5.601,14067
5.511,9323
5.511,2689
5.422,2026
5.387,3461
5.372,11795
5.277,9231
5.297,4858
5.317,1905
5.367,3648
5.377,2735
5.392,21220
5.357,3492
5.352,3114
5.258,6080
5.233,4500
5.312,6377
5.377,25173
5.496,7647
5.387,12286
5.427,2576
5.437,1758
5.432,810
5.437,5986
5.407,7545
5.327,3914
5.292,8001
5.223,10451
5.168,9505
5.178,21427
5.158,17923
5.148,6617
5.089,1899
5.089,12537
5.133,15452
5.099,28501
4.741,49175
4.527,35776
4.378,27878
4.453,11415
4.393,33554
4.373,51388
4.751,11140
4.761,11858
4.776,26256
4.83,13463
4.875,32659
4.865,41392
4.79,11780
4.79,21526
4.726,6586
4.721,7263
4.701,6966
4.696,34042
4.492,10053
4.641,10214
4.681,10437
4.711,5690
4.795,20783
4.795,44368
4.83,15846
4.786,86533
4.771,33567
4.771,5037
4.751,15725
4.731,58446
4.94,4929
4.84,5632
4.761,3140
4.79,6339
4.741,4925
4.691,19908
4.492,6910
4.512,5734
4.532,6191
4.502,3787
4.522,9171
4.497,17963
4.542,9940
4.577,8103
4.656,6968
4.602,7201
4.602,8058
4.572,33880
4.854,8165
4.839,2717
4.904,5031
4.954,5783
4.954,3872
4.964,23111
5.018,1735
5.053,2515
5.013,2156
5.038,2391
5.053,4465
5.083,14083
5.202,15400
5.317,7565
5.262,9488
5.247,4144
5.237,8140
5.262,22256
5.133,3097
5.173,3100
5.133,2473
5.183,5007
5.212,10150
5.188,41172
5.183,16979
5.148,11843
5.158,3277
5.183,2622
5.247,2620
5.212,10315
5.411,7559
5.541,5084
5.461,3403
5.536,3251
5.481,4834
5.506,16047
5.391,3742
5.372,2156
5.312,1707
5.362,3435
5.386,3107
5.396,5708
5.566,11582
5.59,12786
5.65,28948
5.65,0
5.71,9166
5.63,4124
5.67,3993
5.69,2343
5.764,10192
5.759,14405
5.799,8794
5.809,4817
5.859,1059
5.819,36662
5.869,20822
5.869,15912
5.864,10579
5.879,8148
5.839,6060
5.849,4701
5.879,4223
5.899,17029
5.839,5200
5.839,1848
5.874,3003
5.879,1932
5.899,6205
5.934,20738
5.988,5512
5.914,19698
6.003,8569
6.157,11302
6.162,7485
6.167,15622
6.147,54214
5.973,22794
5.968,13350
6.018,3764
5.968,7991
6.023,36951
5.948,21826
5.899,7675
5.884,4400
5.953,1498
5.968,2850
6.008,11665
5.919,8379
5.998,4201
5.939,2577
5.899,7564
5.889,2424
5.899,10153
5.849,4513
5.869,3915
5.839,7450
5.884,2121
5.914,920
5.904,7487
5.769,6821
5.75,2501
5.675,6886
5.63,3050
5.64,2306
5.7,13387
5.59,5723
5.63,2880
5.66,3352
5.63,1813
5.69,1463
5.685,13885
5.59,3378
5.541,5986
5.471,4826
5.391,4429
5.421,1744
5.446,15410
5.491,3159
5.556,3976
5.531,1317
5.531,1541
5.615,11131
5.899,29691
6.426,15995
6.297,9982
6.297,3993
6.237,5176
6.232,45659
6.207,108547
6.088,7376
6.118,4067
6.098,5211
6.078,9238
6.038,10025
6.053,10423
6.063,3063
6.063,1600
6.048,1909
6.073,1177
6.018,2659
6.048,9355
6.287,18044
6.381,9709
6.356,9427
6.336,3069
6.307,3315
6.326,13747
6.346,7685
6.317,4158
6.297,4673
6.297,7719
6.227,7615
6.147,18031
6.197,13208
6.227,6655
6.326,10272
6.287,4692
6.297,3938
6.307,20101
6.52,16002
6.336,3143
6.297,1000
6.317,5709
6.272,22700
6.237,33706
6.242,61788
6.282,39478
6.331,28857
6.322,21391
6.356,13278
6.356,21256
6.297,8001
6.396,2873
6.446,3325
6.461,6216
6.391,2823
6.416,12224
6.376,8827
6.336,9026
6.297,9263
6.272,26733
6.227,13493
6.167,27280
6.118,3805
6.118,7499
6.113,3859
6.098,3132
6.167,4111
6.157,20070
6.118,10119
6.018,5074
6.108,4131
6.078,8465
6.043,4286
6.008,34324
5.551,20815
5.531,7598
5.551,5870
5.6,11073
5.58,7127
5.551,25015
5.516,23506
5.57,5528
5.59,6941
5.551,7805
5.58,12722
5.595,29057
5.655,8262
5.61,12517
5.516,6297
5.501,6000
5.61,4466
5.575,14592
5.526,17605
5.561,14426
5.546,8953
5.546,10000
5.521,7982
5.521,44118
5.451,28906
5.421,12660
5.461,7254
5.431,18394
5.441,18316
5.456,40115
5.372,7168
5.381,1703
5.401,1224
5.441,3814
5.491,2631
5.481,29471
5.372,26218
5.232,57161
5.202,6243
5.227,6258
5.242,14764
5.282,23413
5.67,29648
5.64,19339
5.6,18926
5.59,6984
5.575,16079
5.551,44230
5.113,69040
5.118,25355
5.073,13441
5.058,14316
5.028,6517
5.018,41585
4.7,31833
4.745,15211
4.7,13243
4.74,6877
4.72,8660
4.69,57193
4.64,15452
4.616,11091
4.616,8353
4.596,10721
4.606,6517
4.596,33831
4.591,22551
4.551,8054
4.546,1500
4.601,7888
4.616,4727
4.67,27291
4.765,21858
4.77,4726
4.775,4156
4.765,3602
4.78,5567
4.814,22364
4.884,6477
4.824,4168
4.824,932
4.81,7427
4.879,4957
4.914,9995
4.839,6288
4.805,3905
4.785,4318
4.819,12763
4.76,5844
4.8,20976
4.884,7587
4.874,4003
4.844,7685
4.814,3893
4.844,8290
4.864,19655
4.879,8264
4.824,8565
4.814,5026
4.824,15211
4.879,16037
4.874,26436
4.864,25793
4.755,7757
4.705,31203
4.67,40028
4.626,114355
4.526,200709
4.655,23677
4.65,14547
4.73,10558
4.635,11159
4.665,4881
4.655,41236
4.705,4651
4.725,2660
4.635,2370
4.65,3175
4.645,12814
4.685,33106
4.695,9547
4.665,8172
4.785,11294
4.785,10181
4.795,10187
4.819,46715
4.66,66857
4.76,16491
4.735,22591
4.685,8614
4.745,10654
4.78,41964
4.621,9222
4.566,4787
4.556,2820
4.591,9748
4.616,2293
4.586,24969
4.63,11318
4.645,13410
4.65,3290
4.66,15975
4.715,3754
4.7,20211
4.705,10854
4.735,11939
4.695,8557
4.705,5246
4.685,7203
4.67,22216
4.621,5645
4.635,1301
4.645,1860
4.65,5658
4.655,3782
4.65,9102
4.586,6949
4.536,2838
4.536,7162
4.556,6420
4.556,8853
4.536,16410
4.601,6751
4.566,4654
4.586,4240
4.606,5103
4.616,4939
4.591,22549
4.347,48726
4.257,11951
4.257,6642
4.238,6903
4.223,11063
4.153,52046
4.163,16043
4.223,13237
4.248,3299
4.257,4178
4.243,3271
4.257,17145
4.496,11340
4.407,7946
4.466,3830
4.476,2981
4.506,6671
4.496,29646
4.461,10872
4.531,6596
4.516,6585
4.546,8347
4.576,11410
4.561,44799
4.501,8183
4.456,22441
4.446,5933
4.496,3915
4.486,9092
4.476,13122
4.466,8997
4.407,8909
4.446,6726
4.417,4472
4.427,9704
4.427,29249
4.566,15865
4.616,10796
4.616,8093
4.576,15275
4.471,15276
4.437,57097
4.456,15360
4.536,12933
4.546,8437
4.606,12954
4.596,7336
4.63,29156
4.546,3671
4.586,19721
4.556,8350
4.506,6167
4.506,5217
4.536,46090
4.616,5680
4.576,5708
4.576,9286
4.596,10556
4.596,14586
4.571,24388
4.441,8995
4.446,5886
4.427,18149
4.397,4740
4.352,8428
4.407,29906
4.546,2429
4.481,519
4.486,2922
4.486,854
4.486,1466
4.466,8493
4.466,12045
4.626,6882
4.606,15238
4.655,59208
4.715,121889
4.725,14380
4.904,17795
4.884,4562
4.864,2825
4.869,5186
4.874,28675
4.934,32695
4.954,14976
4.864,5989
4.859,7293
4.884,5030
4.884,9173
4.899,24303
5.043,18269
5.078,6215
5.113,2588
5.103,3978
5.083,10317
5.053,23466
5.153,14047
5.163,11044
5.133,14585
5.197,15199
5.242,12154
5.282,41707
5.292,12507
5.222,16715
5.332,8378
5.322,4423
5.262,6765
5.302,10821
5.391,15326
5.411,8759
5.466,5343
5.476,3999
5.451,5458
5.431,24046
5.292,12224
5.282,7797
5.292,6772
5.317,12180
5.282,7266
5.282,45618
5.556,5232
5.481,7704
5.516,6354
5.531,16307
5.486,6132
5.476,41497
5.386,8933
5.376,12171
5.341,17225
5.346,13592
5.356,21507
5.346,11762
5.466,25578
5.58,18330
5.536,21317
5.521,7633
5.546,9333
5.585,31756
5.556,10244
5.551,14039
5.575,8249
5.57,3944
5.556,4280
5.585,22487
5.406,27013
5.337,16819
5.332,20241
5.327,9243
5.302,8596
5.297,39023
5.257,9477
5.272,8000
5.242,2401
5.237,6746
5.267,14517
5.541,42742
5.625,25890
5.496,11328
5.496,14147
5.536,12102
5.536,23651
5.486,47506
5.436,10013
5.376,22774
5.327,19354
5.322,22832
5.292,11742
5.317,14841
5.516,24262
5.346,23670
5.332,16447
5.351,17230
5.282,13677
5.297,27673
5.346,29663
5.307,33984
5.247,11531
5.272,18269
5.287,24130
5.282,29338
5.436,8443
5.441,19235
5.456,4727
5.491,7238
5.511,4369
5.575,13277
5.605,7226
5.73,4447
5.755,2301
5.844,5975
5.874,13013
5.819,31459
6.088,25159
6.103,29382
6.183,20609
6.163,18269
6.198,21689
6.173,44957
6.322,38297
6.223,9432
6.292,11363
6.243,9598
6.262,12647
6.352,57723
6.76,53461
6.915,32949
7.014,15926
7.213,24349
7.303,47122
7.412,66856
7.318,46400
7.507,27420
7.547,23076
7.512,15688
7.666,32431
7.582,87982
7.542,42917
7.646,36637
7.716,23463
7.751,25845
7.721,13181
7.746,39000
7.726,27007
7.945,53758
7.99,12145
8,18376
7.975,19793
7.97,37101
8.244,50535
8.099,28039
8.02,26801
8.099,24536
8.06,19040
8.06,31857
7.955,30238
8.174,17567
7.925,4739
7.925,25754
7.97,20659
7.845,50913
7.85,37331
7.706,13956
7.756,10047
7.796,16672
7.786,19492
7.89,27281
8.179,103789
8.184,31313
7.945,22956
7.716,17094
7.607,19817
7.422,46945
7.547,28893
7.397,14819
7.422,9066
7.387,4421
7.387,6329
7.368,45474
6.805,78956
6.85,22060
6.79,26458
6.86,19171
6.75,21403
6.905,67681
6.989,29986
7.029,16767
6.88,7521
6.805,8401
6.905,12972
6.855,18044
6.8,15109
6.8,4210
6.79,2802
6.87,5651
6.78,7951
6.76,17189
6.85,16481
6.88,181062
6.86,62186
6.83,42707
6.76,11701
6.755,59691
6.591,21105
6.596,18267
6.541,9605
6.541,16143
6.581,11969
6.571,38565
6.795,17425
6.696,20520
6.755,9555
6.82,11540
6.83,11787
6.835,46753
6.73,8486
6.775,11327
6.715,3796
6.785,5497
6.78,10705
6.76,12469
6.666,19778
6.76,6614
6.775,3850
6.855,6183
6.855,5729
6.959,28297
6.91,10783
6.745,4957
6.81,6731
6.8,4983
6.82,9478
6.92,20675
6.92,7755
6.9,6195
6.885,4512
6.895,2562
6.835,3109
6.775,17199
6.676,8210
6.696,7559
6.755,2940
6.725,16610
6.681,7973
6.661,13308
6.75,2502
6.701,1600
6.691,1261
6.641,4285
6.641,31748
6.944,16857
6.646,12809
6.77,8292
6.72,5213
6.715,705
6.735,3053
6.745,19335
6.88,13457
6.661,18463
6.666,2522
6.676,3898
6.641,6920
6.591,14875
7.044,6858
6.969,5907
7.099,6485
7.134,7657
7.109,11334
7.149,43767
7.243,36632
7.218,14440
7.158,11794
7.173,5983
7.144,6076
7.173,15233
7.074,31264
7.064,47274
7.089,31753
6.984,28041
7.014,23347
7.029,43110
7.368,33876
7.407,7092
7.378,2084
7.323,2702
7.402,8370
7.462,25677
7.402,5925
7.293,5433
7.278,4325
7.318,3310
7.348,3861
7.318,25405
7.198,10901
7.124,10028
7.049,1648
7.079,7145
7.039,10662
7.049,19841
7.223,26660
7.084,6506
7.039,6150
7.049,11551
7.139,7571
7.198,25688
7.168,8597
7.373,15994
7.368,5219
7.378,9542
7.462,3969
7.427,23409
7.316,12642
7.331,7710
7.401,7886
7.366,3430
7.361,6017
7.406,21816
7.669,36775
7.904,27740
7.734,15053
7.779,16916
7.869,11607
7.889,23258
7.909,23393
7.958,26184
7.943,53957
7.814,12734
7.948,13895
7.968,28745
7.804,34940
7.754,20948
7.65,10298
7.605,22570
7.595,6886
7.55,23467
7.47,22225
7.341,10171
7.376,5549
7.326,5384
7.281,18011
7.171,27416
7.092,8288
7.042,5725
7.092,3900
7.032,9852
6.977,4609
7.012,19991
7.092,21447
7.142,10232
7.107,7048
7.112,4603
7.132,5528
7.107,14023
7.371,7156
7.416,4039
7.535,2861
7.46,3575
7.485,11551
7.485,14289
7.391,4948
7.351,5242
7.301,9649
7.321,4636
7.341,3499
7.256,13266
7.401,4237
7.306,5478
7.306,4510
7.311,6931
7.266,11651
7.196,18246
7.296,17808
7.157,13502
7.127,7652
7.137,9743
7.112,9280
7.102,21509
7.122,17926
7.052,4116
7.122,700
7.122,0
7.122,0
7.122,0
6.644,14068
6.639,8244
6.678,37442
6.649,13400
6.698,5184
6.693,20707
6.663,156430
6.599,7706
6.604,7680
6.569,5996
6.639,2553
6.688,15205
6.728,3537
6.668,31766
6.843,3773
6.793,2491
6.793,4388
6.858,12204
6.36,103467
6.355,8410
6.31,6648
6.325,9987
6.265,7654
6.285,45953
6.255,20616
6.295,4398
6.29,2749
6.305,2025
6.29,4298
6.31,15055
6.17,19572
6.26,7382
6.21,6850
6.265,5109
6.26,22285
6.33,27852
6.355,7057
6.315,9369
6.315,2572
6.305,3038
6.175,7806
6.195,21219
6.096,16061
6.126,7552
5.996,22549
6.086,7469
6.091,11556
6.101,18466
6.046,11309
6.016,7725
6.016,27496
6.041,6097
6.011,5786
6.056,22127
6.026,2054
6.011,1963
5.956,1056
6.016,2228
6.046,3993
6.031,24530
6.081,7473
6.021,4832
6.081,2974
6.061,3380
6.086,9042
6.165,10791
6.225,18016
6.28,14189
6.24,13875
6.315,15509
6.32,41376
6.36,27804
6.19,15957
6.175,7681
6.16,8942
6.151,36409
6.106,9004
6.116,16493
6.165,6083
6.111,3643
6.071,3213
6.081,3396
6.076,4869
6.116,9674
5.996,5067
5.941,5886
5.941,3601
5.897,2264
5.936,2611
5.921,13876
5.892,14613
5.887,7863
5.892,5564
5.852,5162
5.857,6418
5.857,11582
6.001,8364
6.001,4099
6.001,1603
5.971,3373
5.941,3472
5.961,13415
5.966,5186
5.926,2620
5.956,2797
5.931,1368
5.892,12255
5.827,26510
5.887,4316
5.812,3760
5.777,4381
5.802,1408
5.787,3387
5.747,13359
5.887,6925
5.862,2969
5.797,2524
5.742,9775
5.722,18298
5.737,19477
6.285,12412
6.22,7629
6.23,15433
6.23,0
6.365,9749
6.36,30709
6.375,8061
6.424,6753
6.38,9573
6.444,21443
6.434,14200
6.554,9733
6.454,5037
6.509,7829
6.474,17270
6.4,21854
6.509,24721
6.35,10749
6.34,9843
6.3,9803
6.26,10655
6.29,24017
6.509,21687
6.37,12169
6.41,11048
6.38,6693
6.37,12616
6.439,21229
6.609,21896
6.683,14999
6.564,9063
6.584,8042
6.663,12760
6.629,19568
6.564,6284
6.594,6681
6.574,12124
6.604,7627
6.579,14403
6.579,19224
6.544,13353
6.569,13878
6.509,9600
6.494,9003
6.449,10821
6.439,14754
6.529,23813
6.678,11361
6.753,12758
6.748,9819
6.758,8524
6.773,16738
6.793,11673
6.639,7925
6.589,10323
6.549,4507
6.514,8715
6.539,13983
6.4,22345
6.325,31485
6.19,41508
6.2,15454
6.16,9367
6.121,22635
6.101,8861
6.116,7341
6.17,7419
6.131,7642
6.126,9055
6.116,21759
6.066,7457
6.076,4494
6.096,3213
6.131,7710
6.111,2455
6.091,13131
6.111,5339
6.091,5125
6.091,3310
6.111,1878
6.106,4741
6.101,11346
6.121,13675
6.185,2899
6.086,5098
5.996,3441
5.991,4470
5.951,12672
5.732,14292
5.812,8607
5.817,5943
5.862,3821
5.902,4713
5.822,28685
5.892,6793
5.792,3959
5.822,3719
5.802,1605
5.837,2206
5.807,12311
5.872,4188
5.727,5569
5.762,8526
5.792,12897
5.842,11032
5.882,37308
6.001,2982
5.941,3492
5.936,2600
6.001,2387
6.046,3675
6.041,16884
6.151,2497
6.156,6709
6.136,6283
6.116,7451
6.106,9598
6.235,28148
5.493,67374
5.354,27266
5.234,19450
5.274,19942
5.13,28612
5.154,75989
5.274,44923
5.03,93771
5.035,38981
4.965,45300
4.886,42851
4.98,89225
4.602,36487
4.791,32777
4.851,20023
4.791,13813
4.801,20231
4.776,55053
4.846,13617
4.95,23201
4.94,8489
4.955,8148
5.05,10706
4.975,32543
5.01,8577
5.01,15229
4.96,6775
4.92,8284
4.846,13423
4.831,32804
4.91,18358
4.945,11397
4.975,8035
4.93,9846
4.96,3642
4.97,23572
4.91,7787
4.975,3525
4.975,4814
4.98,3716
4.97,3629
4.99,17918
5.085,31338
5.07,20913
5.209,19567
5.174,10409
5.189,13295
5.179,41188
5.279,10949
5.349,11393
5.369,9973
5.408,6460
5.408,6319
5.379,39565
5.264,13038
5.279,5383
5.269,3280
5.279,2865
5.264,1816
5.334,20129
5.364,17006
5.518,11419
5.488,2952
5.468,4043
5.478,6878
5.478,23557
5.552,20628
5.452,8579
5.472,15009
5.507,13501
5.512,12018
5.537,44883
5.562,33728
5.701,32553
5.681,17251
5.701,10520
5.696,9393
5.741,38865
5.801,22709
5.741,12967
5.711,11499
5.716,11719
5.726,7654
5.761,51176
5.691,7973
5.741,4969
5.761,9638
5.781,5347
5.786,9596
5.801,32871
5.691,24200
5.711,6521
5.676,2795
5.686,5251
5.671,6559
5.667,13887
5.716,6869
5.731,20565
5.716,7044
5.761,2452
5.761,3233
5.746,21026
5.776,7785
5.761,7679
5.756,2744
5.791,6310
5.801,4231
5.821,17664
5.691,4946
5.711,6981
5.691,2102
5.691,10298
5.731,10505
5.736,34195
5.582,15246
5.502,12834
5.472,12276
5.492,8544
5.527,3504
5.557,30697
5.622,11171
5.632,55515
5.602,3646
5.622,9528
5.637,13416
5.612,27552
5.562,8854
5.542,17997
5.542,10019
5.532,9179
5.552,9160
5.552,55211
5.442,48532
5.268,28179
5.263,4139
5.228,10016
5.193,10141
5.213,59498
5.233,20047
5.323,16366
5.333,8697
5.372,21805
5.333,10381
5.308,76071
5.308,0
5.093,168151
4.794,107504
4.809,50135
4.814,45306
4.809,152649
4.879,90599
4.73,41755
4.695,27924
4.655,30637
4.66,85002
4.615,174828
4.745,23212
4.705,13552
4.68,10846
4.655,10216
4.595,15240
4.61,39099
4.675,16086
4.665,7228
4.715,26928
4.675,12041
4.69,20483
4.725,100152
4.874,24157
4.914,15336
5.019,15629
5.024,15139
5.103,29038
5.088,53114
5.492,51076
5.662,32782
5.657,31358
5.726,35673
5.806,48911
5.831,82433
6.015,51450
6.065,36221
6.16,30585
6.095,25879
6.06,30594
6.135,74795
6.22,69747
6.07,34772
6.05,19244
6.085,43363
6.12,34929
6.16,140161
6.175,117703
6.16,53572
6.085,30990
6.09,43272
6.095,40567
6.09,105668
5.951,37242
5.956,77283
5.956,30732
5.956,41348
5.936,308039
6.06,195232
6.05,66416
5.961,39852
6.03,25330
6.065,41753
6.08,56497
6.09,136500
6.09,35159
6.125,19195
6.125,27908
6.11,10863
6.065,13998
6.11,141854
6.289,22340
6.2,17740
6.15,4700
6.14,9463
6.13,15126
6.105,61899
6.12,23828
6.275,43777
6.349,23252
6.469,17367
6.489,15213
6.459,90180
6.509,57939
6.429,30575
6.419,26015
6.379,39344
6.389,25168
6.379,53546
6.539,44283
6.519,33835
6.554,28794
6.564,15095
6.524,10773
6.534,65530
6.409,30043
6.329,36787
6.304,16676
6.289,25952
6.27,15794
6.275,80448
6.01,44698
6,17332
5.971,28483
6,12507
5.99,37346
5.961,80245
6.2,19729
6.035,16114
6.085,14972
6.09,8411
6.11,50845
6.14,116392
6.304,18318
6.22,26572
6.22,32306
6.25,6867
6.26,10123
6.275,30585
6.255,37120
6.2,9053
6.23,7905
6.27,11828
6.26,12056
6.27,42098
6.469,26348
6.588,66878
6.559,14901
6.479,9831
6.414,25886
6.369,96426
6.22,20505
6.1,9801
6.16,5997
6.2,9133
6.19,29074
6.11,74205
6.16,34763
6.08,23031
6.09,19293
6.12,20175
6.18,19060
6.205,91575
6.14,29971
6.185,16912
6.19,9100
6.185,7714
6.215,15020
6.19,66309
6.469,14615
6.414,21931
6.459,18422
6.514,13767
6.544,46794
6.574,66360
6.593,33085
6.608,11405
6.584,9981
6.603,8420
6.613,12684
6.544,62686
6.469,16671
6.434,19142
6.429,4159
6.449,7631
6.429,9146
6.434,57569
6.379,43679
6.454,12715
6.504,22715
6.554,6945
6.549,10764
6.564,30599
6.743,15169
6.668,12975
6.633,5667
6.653,5634
6.638,8985
6.574,90669
6.404,77756
6.374,18471
6.404,15400
6.369,15358
6.369,21084
6.304,49056
6.703,55609
6.858,114470
7.097,88214
7.286,46937
7.291,36909
7.296,114289
7.685,45258
7.451,31679
7.501,12940
7.525,33169
7.52,25966
7.506,88640
7.785,48132
7.819,52973
7.775,23211
7.874,38974
7.949,98479
7.844,125216
7.745,46232
7.665,39237
7.655,19977
7.63,45418
7.615,59307
7.69,111317
7.805,45837
7.655,27682
7.615,51651
7.635,59480
7.72,37444
7.73,134634
7.615,29615
7.745,33257
7.675,40808
7.705,42119
7.695,24315
7.64,111384
7.625,14152
7.68,14754
7.655,12058
7.665,7157
7.61,20036
7.61,39761
7.934,46797
7.874,21838
7.884,29854
7.884,7959
7.944,5763
7.939,78855
7.61,41883
7.545,36437
7.64,18799
7.605,11451
7.69,21324
7.695,54569
7.296,97264
7.182,51175
7.256,76428
7.291,32785
7.281,46086
7.336,112952
7.416,30220
7.416,15961
7.321,13143
7.316,19871
7.271,9865
7.206,83390
7.117,18393
7.097,9433
6.987,12066
7.037,13668
7.012,26186
6.937,49811
7.107,37034
6.957,21876
6.897,11266
6.888,12287
6.858,14079
6.868,51272
6.678,79379
6.713,59595
6.574,54962
6.549,57442
6.569,48124
6.514,115464
6.628,25555
6.728,20724
6.658,11776
6.698,15820
6.603,19158
6.678,50787
6.574,27406
6.459,21819
6.469,9590
6.439,12749
6.399,15375
6.434,61380
6.12,68121
6.045,38483
6.05,44328
5.985,50514
6.085,48318
6.195,123698
6.21,61847
6.195,32655
6.16,42734
6.125,47822
6.19,48051
6.22,112863
6.2,37470
6.245,54092
6.14,44442
6.165,34040
6.175,47507
6.18,100995
6.275,57617
6.349,55645
6.509,41406
6.464,48909
6.459,56598
6.529,180080
6.523,82356
6.473,51787
6.373,45930
6.323,58258
6.269,100662
6.293,278233
6.702,44976
6.727,21853
6.707,25581
6.588,27502
6.578,26321
6.583,62342
6.483,53054
6.523,47486
6.513,30786
6.503,28451
6.538,20345
6.553,48262
6.438,29391
6.558,22593
6.598,28598
6.573,32137
6.543,26555
6.493,73071
6.428,43274
6.423,27330
6.413,20633
6.463,13092
6.423,25180
6.393,38126
6.398,22615
6.403,15043
6.383,15308
6.363,28745
6.333,33161
6.333,127208
6.064,37326
6.004,21768
6.054,17531
6.064,18492
6.054,23330
6.094,40251
6.084,13124
6.064,15854
6.109,19151
6.084,3318
6.099,35967
6.139,84545
6.234,23300
6.139,18879
6.124,57389
6.154,77238
6.174,14763
6.129,68840
6.204,21148
6.194,23357
6.099,33150
6.099,0
5.974,21114
5.934,23808
5.954,14346
5.914,16351
5.904,30555
5.904,59498
6.094,41688
6.194,28661
6.313,19802
6.264,16673
6.303,68989
6.274,113008
6.323,70325
6.373,50578
6.343,14416
6.303,14155
6.283,23346
6.274,44123
6.134,20068
6.114,15625
6.114,17027
6.154,20268
6.184,23471
6.214,42737
6.089,16638
6.049,20764
6.014,5990
5.979,11984
6.024,5363
6.044,59502
6.702,71189
6.732,39145
6.792,10883
6.653,17428
6.598,19543
6.513,117116
6.483,51740
6.403,48422
6.453,30268
6.473,23137
6.433,9592
6.383,159594
6.702,50398
6.593,18491
6.568,29982
6.573,23428
6.528,19484
6.598,78649
6.423,32166
6.353,21137
6.323,18172
6.338,7746
6.293,17237
6.234,103235
6.029,22699
5.969,17517
5.979,14501
5.964,12565
6.009,11592
5.999,64913
6.024,28790
5.919,24133
5.934,8288
5.924,6646
5.944,20473
5.904,87291
5.78,27531
5.795,37623
5.795,8611
5.865,11742
5.845,45724
5.855,97479
5.695,31697
5.735,61425
5.75,30279
5.755,21681
5.705,28577
5.625,194486
5.481,32323
5.441,23803
5.436,10794
5.441,15425
5.476,17568
5.421,56836
5.59,33338
5.625,27069
5.56,17052
5.54,23570
5.52,16119
5.486,105069
5.461,6396
5.476,16146
5.525,5540
5.545,22115
5.545,0
5.735,9607
5.73,9595
5.665,6786
5.705,20079
5.715,8319
5.685,21732
5.555,19469
5.515,7608
5.486,2901
5.456,28284
5.501,21721
5.535,77344
5.436,33882
5.356,19443
5.396,13197
5.486,8726
5.506,5026
5.486,83385
5.436,16206
5.466,18746
5.446,15535
5.496,30411
5.511,9474
5.486,85644
5.725,33718
5.785,36374
5.944,26719
5.894,56791
5.934,42848
5.89,182369
5.954,15309
5.855,14457
5.765,11505
5.72,83953
5.795,22799
5.775,92607
5.795,55749
5.775,20997
5.775,28054
5.85,32782
5.8,27832
5.815,107067
6.044,109987
5.994,30900
5.964,19141
5.924,24087
5.89,167045
5.964,247546
5.78,42547
5.755,55302
5.83,24915
5.755,64898
5.775,29302
5.855,152315
5.865,60223
5.875,35302
5.894,32101
5.909,17338
5.86,10511
5.805,101465
5.585,34725
5.565,14525
5.565,20410
5.585,28325
5.565,25140
5.565,58701
5.85,87558
5.865,54848
5.81,25854
5.76,15742
5.815,28636
5.79,76183
5.71,73176
5.59,71681
5.605,50434
5.6,60617
5.625,103628
5.6,231870
5.615,69137
5.735,40384
5.675,23636
5.71,25478
5.7,35129
5.68,201241
5.595,79387
5.695,73066
5.835,53077
5.865,57417
5.845,53243
5.805,158036
5.87,62218
5.994,39353
5.964,43927
5.865,45821
5.83,38994
5.76,198046
5.605,35318
5.64,31640
5.695,41058
5.71,53124
5.755,24601
5.65,178274
5.506,38080
5.466,59320
5.575,35842
5.615,62386
5.63,38462
5.57,160116
5.71,54149
5.66,53228
5.66,25388
5.645,30566
5.605,36715
5.625,69793
5.436,31157
5.366,27825
5.261,30053
5.191,26435
5.256,59630
5.236,133210
5.261,70328
5.132,64787
5.196,39322
5.251,46775
5.356,97184
5.366,103974
5.545,62623
5.506,22902
5.481,12795
5.461,37322
5.456,44043
5.545,122216
5.81,95886
5.994,34192
5.904,59452
5.954,36174
5.944,27203
5.934,94050
5.865,63154
5.805,38108
5.8,31174
5.8,40492
5.73,33057
5.67,89364
5.79,63277
5.75,36694
5.815,18652
5.735,14525
5.735,28944
5.76,104951
5.909,81792
6.004,87764
6.089,42478
6.184,74647
6.169,36657
6.164,124241
6.059,257120
6.119,122465
6.094,70574
6.089,56444
5.994,65066
5.949,157170
5.825,131763
5.885,26830
5.835,18397
5.835,21457
5.835,49661
5.79,150234
5.835,61409
5.825,62134
5.695,40061
5.64,51590
5.615,25013
5.595,195527
5.83,64662
5.76,63182
5.715,15879
5.665,26779
5.645,31275
5.665,115880
5.565,47210
5.63,25073
5.625,8642
5.665,16198
5.67,26343
5.685,113955
5.735,69007
5.785,60944
5.81,75688
5.899,45237
5.745,29813
5.72,180291
5.685,72774
5.635,48099
5.625,40333
5.67,28654
5.68,36173
5.695,132927
5.855,62629
5.68,35992
5.615,46246
5.525,49619
5.476,85170
5.406,145009
5.376,62710
5.366,83036
5.411,31298
5.426,37756
5.366,25577
5.366,103482
5.296,65903
5.261,69790
5.346,25569
5.306,121010
5.306,32302
5.321,139574
5.575,54839
5.476,45515
5.615,33258
5.61,19104
5.67,45877
5.775,82115
5.58,170253
5.58,75912
5.705,56766
5.615,77307
5.65,91097
5.515,159597
5.466,95942
5.431,55491
5.595,43600
5.685,35808
5.695,28801
5.685,52805
5.441,112740
5.341,84794
5.376,24744
5.401,29060
5.426,65067
5.456,86479
5.545,35515
5.665,29024
5.735,58455
5.74,58646
5.705,90178
5.725,88972
5.416,90174
5.476,20445
5.436,25629
5.446,19595
5.466,26935
5.376,53506
5.246,59503
5.336,22668
5.311,28194
5.301,11155
5.281,20827
5.321,125111
5.441,44693
5.511,22452
5.54,28025
5.441,42835
5.431,71238
5.361,100728
5.201,57439
5.121,55277
5.181,48072
5.241,22040
5.321,19135
5.411,124441
5.6,57438
5.71,45569
5.72,33204
5.72,19335
5.7,45749
5.75,97904
5.84,89866
5.91,57365
5.87,42930
5.82,29147
5.8,54326
5.745,120293
5.995,46639
5.85,56949
5.765,62253
5.815,46720
5.895,28020
5.95,90142
5.89,134017
5.9,94924
5.93,37347
5.94,59342
5.9,50953
6.065,150482
6.129,75016
6.149,68388
6.099,88779
6.169,85341
6.174,69314
6.229,135883
6.309,65531
6.439,96976
6.614,97477
6.619,75531
6.459,42136
6.649,175953
6.659,58298
6.674,34211
6.713,22578
6.703,28487
6.644,47666
6.604,141253
6.833,75422
6.948,86783
7.033,44533
6.978,39585
7.008,64269
7.098,141589
7.332,109151
7.287,82284
7.337,82336
7.377,64676
7.307,57829
7.342,199207
7.153,59561
7.228,64589
7.188,35542
7.148,62982
7.118,171738
7.277,172473
7.028,60550
7.108,38191
7.093,32929
7.043,76619
7.053,124318
7.058,288660
6.788,69721
6.908,48823
6.958,15843
6.983,30545
6.933,14199
6.963,121459
6.908,53225
6.863,54128
6.973,39127
6.918,23110
6.983,83387
6.958,111424
7.078,113985
6.983,52748
6.978,25699
6.953,35651
6.923,19025
6.863,171327
6.773,49043
6.968,52848
6.913,26315
6.848,32169
6.858,20786
6.788,114039
6.973,62743
6.973,52680
6.923,35330
6.958,32285
6.933,17293
6.898,106396
6.993,108483
6.788,39436
6.788,41117
6.783,32915
6.718,42496
6.723,130829
6.594,100120
6.524,39588
6.499,41501
6.579,24530
6.609,38835
6.654,102654
6.644,78279
6.649,64610
6.559,55710
6.469,39100
6.514,44579
6.499,114252
6.479,56737
6.594,28933
6.594,36712
6.688,46014
6.609,42734
6.579,164139
6.319,94637
6.469,60090
6.449,28286
6.389,39928
6.374,28276
6.414,149236
5.865,111311
5.7,47200
5.68,43885
5.595,60012
5.645,56198
5.511,182290
5.65,114842
5.635,57977
5.451,60212
5.361,75747
5.516,70019
5.366,204358
5.655,82814
5.535,47560
5.525,51357
5.396,42151
5.406,47868
5.321,136557
5.491,158385
5.381,111711
5.516,73834
5.535,201039
5.91,205841
5.82,371633
5.87,238828
6.025,222555
5.92,92771
6.005,38236
6.08,20601
6.109,164484
6.384,104042
6.239,107790
6.314,97998
6.304,136151
6.409,97539
6.374,233918
6.479,102214
6.514,157857
6.404,171784
6.474,174405
6.534,93442
6.634,239299
6.599,48970
6.629,50399
6.599,46473
6.594,37177
6.549,40868
6.569,105437
6.788,63509
6.733,62296
6.818,31070
6.768,74954
6.664,72658
6.614,91693
6.599,116592
6.514,107323
6.539,81624
6.624,39502
6.564,65743
6.589,110130
6.624,84498
6.504,46210
6.439,48768
6.319,36237
6.339,13947
6.394,116907
6.459,70361
6.469,92061
6.364,79804
6.319,69575
6.234,75235
6.169,226783
6.139,182275
6.214,105566
6.194,103068
6.249,121435
6.269,96229
6.189,219124
6.194,29283
6.224,35565
6.159,37831
6.209,30732
6.239,32644
6.219,94062
6.119,57249
6.179,54767
6.169,58507
6.189,31510
6.189,34813
6.154,116454
6.09,68705
6.149,43086
6.099,38510
6.109,45700
6.109,53490
6.149,98051
6.199,245699
6.234,32724
6.189,49350
6.229,28890
6.219,17259
6.279,84972
6.139,79620
6.179,26354
6.214,10789
6.189,22656
6.214,43715
6.224,110009
5.96,32969
5.95,68933
5.88,45638
5.895,29277
5.875,14565
5.92,161249
5.79,76427
5.805,54702
5.77,42316
5.79,52805
5.85,89373
5.87,231818
5.87,68168
5.88,50241
5.91,36586
5.94,31997
5.955,65776
6,152795
6.099,73487
6.109,34423
6.07,29969
6.09,26898
6.169,84247
6.299,297301
6.259,74487
6.284,38728
6.319,36090
6.304,33849
6.229,49699
6.229,143874
5.855,402661
5.74,220840
5.71,158441
5.62,86960
5.605,269981
5.565,362773
5.516,170608
5.62,99298
5.735,63634
5.755,71280
5.82,81920
5.87,192305
5.685,106386
5.75,112573
5.82,101426
5.74,72145
5.78,57932
5.83,141938
5.65,126010
5.74,152208
5.83,145838
5.805,91871
5.76,67821
5.78,248821
5.66,131651
5.535,96823
5.55,47409
5.585,59614
5.59,38836
5.56,152645
5.511,74658
5.53,85485
5.565,39648
5.59,63001
5.63,60459
5.615,115423
5.499,102357
5.514,66133
5.544,100912
5.564,69688
5.574,16777
5.589,82893
5.554,31502
5.604,8414
5.629,6991
5.649,11357
5.649,26101
5.674,57350
5.674,88266
5.769,41610
5.794,33848
5.839,43820
5.869,31341
5.874,84427
5.874,43631
5.854,124631
5.924,49636
5.924,78277
5.894,100428
5.909,88571
5.734,25297
5.744,58200
5.804,133305
5.834,21540
5.859,39059
5.869,192715
5.764,48423
5.869,25746
5.934,91757
5.864,37516
5.844,61060
5.869,213213
6.084,83264
6.179,24342
6.149,51326
6.174,80672
6.199,26632
6.194,242314
6.338,120227
6.308,79728
6.209,40136
6.184,63222
6.303,53244
6.313,107246
6.283,50545
6.243,59145
6.258,14148
6.233,41012
6.194,58935
6.174,154553
6.039,90724
6.084,57405
6.089,46756
6.014,69371
6.054,142066
6.144,147055
6.803,501936
6.848,185911
6.788,115365
6.933,35142
6.888,41096
6.868,146151
6.818,119563
6.838,63944
6.938,66509
6.983,54621
6.978,72713
7.008,308982
7.073,151801
7.202,80964
7.113,78004
7.182,121264
7.103,101749
7.242,229652
8.151,541797
8.416,411131
8.161,261860
8.346,177282
8.436,75104
8.396,250627
8.291,215257
8.231,237471
8.281,114136
8.166,121825
8.161,89924
8.271,321728
8.411,138577
8.406,85007
8.411,38899
8.431,57382
8.331,55359
8.396,139869
8.496,174205
8.326,75923
8.331,67610
8.311,28759
8.321,60992
8.341,199091
8.381,63946
8.281,56850
8.216,68715
8.266,131810
8.191,134152
8.231,140359
8.391,55731
8.406,104668
8.431,36461
8.476,38207
8.396,39739
8.291,149601
8.201,37839
8.161,34443
8.201,57993
8.316,43391
8.311,35218
8.376,84069
8.216,88423
8.196,48014
8.251,17513
8.256,32256
8.221,26593
8.236,113280
8.366,129210
8.501,161644
8.406,59266
8.426,73770
8.436,41178
8.421,163148
8.656,120454
8.441,69140
8.511,63046
8.471,40601
8.466,30142
8.301,112965
8.201,200686
7.957,97583
8.012,35739
8.012,47647
8.017,54769
8.022,174488
8.211,97738
8.331,73280
8.132,62706
8.062,72352
8.141,44998
8.092,103523
7.977,71676
8.057,47277
8.092,41450
8.072,30376
8.092,19140
8.072,60067
8.132,74208
8.122,50047
8.132,26904
8.161,24328
8.146,63434
8.112,84960
8.161,55538
8.156,26190
8.211,45713
8.331,109104
8.286,71276
8.231,141239
8.002,90344
8.042,71368
8.012,49841
8.042,68673
8.012,49596
7.942,172245
7.972,64043
7.992,75273
8.067,58498
8.122,43678
8.037,77278
8.132,153981
8.381,42108
8.286,70201
8.351,51572
8.431,72571
8.496,47658
8.421,163705
8.371,64246
8.351,88799
8.241,42356
8.386,58914
8.411,55549
8.441,143980
8.581,110886
8.421,54579
8.471,46211
8.471,0
8.396,62969
8.476,97703
8.486,41078
8.476,88396
8.491,56667
8.546,176301
8.426,163048
8.047,118122
8.017,116822
8.012,117998
8.067,64437
8.057,101232
8.341,212377
8.556,137283
8.411,84389
8.371,43397
8.381,84616
8.451,156664
8.361,129507
8.311,35337
8.426,35328
8.431,67755
8.441,67253
8.491,359354
8.861,401305
8.801,88499
9.14,56663
9.155,93136
9.17,105221
9.25,179091
9.415,233382
9.24,140697
9.23,106605
9.28,53695
9.21,30264
9.2,117159
8.911,103901
8.936,74785
8.841,57057
8.891,55907
8.971,55320
8.936,98977
8.716,159805
8.601,112228
8.631,72126
8.701,53907
8.726,51732
8.681,136981
8.426,102310
8.426,110453
8.396,58353
8.386,50213
8.441,36383
8.516,113542
8.401,85452
8.361,58883
8.376,61041
8.301,46641
8.366,48163
8.326,79351
8.631,79932
8.751,53079
8.601,39472
8.631,58922
8.631,29177
8.646,65748
8.581,103965
8.741,53894
8.811,55396
8.781,15511
8.791,23452
8.811,77150
8.931,78005
8.931,88134
8.796,76007
8.731,40420
8.741,46473
8.786,88277
8.656,57336
8.741,22935
8.691,29118
8.651,38130
8.636,49819
8.651,96121
8.551,49841
8.411,66848
8.351,27798
8.421,38344
8.551,40978
8.546,116935
8.161,34119
8.191,49853
8.251,31557
8.281,71906
8.251,50178
8.321,102221
8.221,76958
8.301,68440
8.241,26868
8.321,22254
8.361,34311
8.351,77767
8.361,68734
8.321,32978
8.176,28682
8.211,17110
8.281,55858
8.022,137435
7.942,76611
7.912,56049
7.932,59219
7.917,28247
7.887,49602
7.912,81900
7.872,68638
7.822,38634
7.902,17538
7.867,46312
7.762,69515
7.792,64055
8.146,21544
8.062,24813
8.077,4570
8.052,10657
8.052,28018
8.097,86125
8.291,61652
8.276,34723
8.391,44818
8.291,37043
8.331,52560
8.376,46904
8.381,100140
8.361,58603
8.376,28258
8.321,17761
8.386,38173
8.351,83646
8.661,116333
8.561,81504
8.511,77244
8.621,90670
8.761,90604
8.666,152848
8.781,48551
8.761,47307
8.681,32784
8.651,38732
8.521,61439
8.646,83980
8.721,108501
8.621,127322
8.761,116209
8.671,86600
8.711,88078
8.736,118861
8.751,46595
8.741,40103
8.836,50926
8.806,41387
8.821,24771
8.811,149594
8.896,68095
8.891,56495
8.916,34559
8.906,33427
8.916,44029
8.901,174923
9.011,99727
8.756,86802
8.861,49670
8.936,56541
8.916,58090
8.931,119952
8.776,45461
8.851,65710
9.071,59065
9.011,41781
8.951,63359
8.931,117313
8.671,90047
8.666,68966
8.611,73753
8.601,73466
8.676,83686
8.711,101822
8.791,97376
8.636,41595
8.626,20118
8.501,57346
8.416,71439
8.371,80626
8.441,46394
8.506,24223
8.491,12989
8.486,15867
8.521,33427
8.521,94943
8.561,100231
8.781,46637
8.611,24989
8.631,15715
8.621,24204
8.681,89032
8.641,173765
9.061,122222
8.996,66594
8.986,49981
9.091,54426
9.016,134326
8.921,85830
8.956,104637
8.941,72513
8.911,37614
8.876,49168
8.876,124517
9.011,62561
9.041,46781
9.081,33092
9.051,72532
9.026,35840
9.006,100880
8.861,27664
8.931,18740
8.901,24563
8.986,15179
8.976,14653
9.036,75698
9.046,90582
8.961,81948
8.921,62174
8.961,73183
8.966,59636
8.911,168987
8.985,147549
9.03,236161
9.185,171923
9.215,169687
9.11,145400
9.135,180875
9.075,303906
9.484,131559
9.504,63864
9.439,42877
9.504,67186
9.544,103266
9.579,126880
9.529,174869
9.479,143773
9.404,159646
9.374,97098
9.359,239353
9.195,350016
9.27,124876
9.225,54867
9.185,51569
9.085,80318
9.08,163669
9.384,88685
9.12,149048
9.225,112189
9.275,75642
9.21,83176
9.165,147059
9.344,111700
9.474,78819
9.534,83049
9.509,32234
9.409,49971
9.484,173680
9.394,135725
9.205,103759
9.115,76992
9.145,65947
9.14,64526
9.195,161067
9.13,72116
9.12,101224
9.175,86391
9.27,116369
9.285,102494
9.29,259694
9.729,226755
9.634,210772
9.654,301127
10.19,400308
10.32,227649
10.21,618121
10.73,213315
10.68,128365
10.65,80390
10.67,85642
10.6,108286
10.59,168288
10.63,132650
10.66,99050
10.73,96744
10.71,45276
10.71,41049
10.74,163135
10.75,158087
10.51,184494
10.4,114539
10.52,129261
10.48,62196
10.46,218418
10.27,76602
10.25,44842
10.26,77603
10.25,55672
10.38,202148
10.07,267185
9.859,101427
9.774,78638
9.824,69005
9.914,92802
9.954,101317
9.934,110822
10.27,98676
10.35,95267
10.42,98336
10.4,76126
10.47,70490
10.62,259231
11.4,274923
11.59,331879
11.89,92670
11.89,91826
12.01,78776
12.09,210967
12.47,251313
12.3,193483
12.19,201126
12.03,165388
11.9,210268
11.9,696178
11.87,106191
11.66,60828
11.48,59174
11.48,53553
11.43,53820
11.4,133464
11.53,145154
11.45,135495
11.62,95599
11.53,69464
11.53,155437
11.6,173271
12.26,189623
12.52,128816
12.27,109776
12.33,92058
12.38,64723
12.26,161873
12.39,152615
12.38,106301
12.49,84734
12.63,108277
12.45,90439
12.35,182122
12.56,175341
12.43,145512
12.25,101197
12.25,120245
12.14,70191
12.1,116197
12.97,91981
12.6,78448
12.44,66395
12.44,111032
12.16,110906
12.3,183307
12.12,209111
11.67,137493
11.66,89626
11.85,62449
11.95,26694
12.03,123859
12.36,123449
12.14,107710
12.42,81341
12.11,112803
12.06,84123
12.12,153327
13.39,188174
12.85,119740
12.99,108685
12.87,74934
12.93,65975
12.97,109759
12.79,103861
12.86,120706
12.63,73891
12.7,83504
12.56,66044
12.72,111929
13.58,184617
13.83,174369
14.01,125745
14.14,104329
14.05,69481
13.94,274336
14.25,324714
14.23,181903
13.94,142081
13.72,189789
13.51,94669
13.53,226128
13.7,150616
13.7,176978
13.35,143343
13.16,109288
13.24,93532
13.28,192833
14,101010
14.1,64682
13.95,42161
14.09,76486
14.09,32215
14.1,134678
13.9,100100
14.03,86243
14.1,98868
14.1,80091
14.24,51628
14.09,188820
14.38,148282
14.64,121587
14.71,101836
14.61,96788
14.67,122435
14.74,194030
15.07,142881
15.5,96094
15.36,206642
15.49,110374
15.51,148596
15.31,242615
14.48,241812
14.2,172081
13.94,159112
13.79,155300
13.93,71270
14.13,159107
14.11,56230
14.31,68005
14.34,46482
14.16,72567
14.21,60473
14.4,116794
12.64,194129
12.91,147048
12.95,142618
12.82,78756
12.88,79704
12.73,368777
12.81,256528
12.5,136019
12.47,178184
12.52,133060
12.47,78019
12.5,264313
13.08,146286
13.01,116073
12.9,90547
12.93,47318
12.95,55803
13,95634
12.87,94758
12.9,76327
12.99,53247
12.89,61215
12.73,71980
12.78,174215
12.39,233518
12.04,134900
12.24,71116
12.39,72665
12.51,74464
12.46,172611
12.66,115886
12.62,82689
12.66,115468
12.71,43010
12.79,62512
12.72,144173
12.84,64840
12.94,60472
12.83,30995
12.81,45663
12.9,135205
12.66,178863
12.75,95978
12.87,68110
13.01,49700
13.05,41369
12.93,55040
13.08,118599
12.94,47437
12.84,76247
12.76,68232
12.61,41643
12.72,53778
12.69,148434
12.81,102652
12.47,81827
12.41,35170
12.53,43082
12.49,44157
12.49,116427
12.04,131699
11.84,131908
11.99,125748
11.81,168564
11.62,207957
11.57,283653
10.26,147598
10.48,95925
10.55,51867
10.72,52585
10.69,48308
10.72,133618
11.17,159984
10.79,50696
11.06,54243
10.96,31235
11,41337
11.07,88155
11.06,161477
11.12,161772
11.05,234481
11.15,55860
11.18,135086
11.34,273139
12.05,160868
11.7,104020
11.74,71969
11.85,68971
11.89,49097
11.9,189924
11.88,77973
11.66,38506
11.69,28089
11.72,39327
11.75,40777
11.78,159689
12.32,123878
12.61,71243
12.62,59853
12.56,43080
12.75,88972
12.57,146446
12.39,76779
12.32,58408
12.43,42400
12.45,142190
12.13,120757
12.08,125500
12.04,70284
12.01,68384
12.18,33272
12.11,40537
12.05,35767
12.04,97664
12,67659
11.83,62303
11.83,36863
11.76,84244
11.54,114560
11.36,140771
11.66,99694
11.48,73082
11.56,59271
11.71,44350
11.76,60594
11.84,121963
12.23,96984
11.99,61037
11.77,58156
11.76,47378
11.89,40819
11.78,101040
11.99,72646
11.74,119978
11.22,163920
11.09,115903
11.01,86427
11.23,166877
11.03,126379
10.89,78559
11.22,59154
11.12,65160
11.12,42726
11.16,171876
11.56,81836
11.64,52905
11.67,53607
11.7,58983
11.89,49062
11.85,86069
12.15,86086
12.23,65358
12.32,99227
12.6,177419
12.52,113913
12.47,93582
12.71,96836
13.04,73731
13.21,60754
13.24,76248
13.45,90207
13.57,243301
14.61,201097
15.09,144159
15.17,220390
15.17,0
15.6,232372
15.71,137947
15.71,98282
15.69,76039
15.73,67095
15.63,200477
15.48,184040
14.99,132226
15.23,52487
15.46,81787
15.52,127367
15.82,254064
15.85,154335
15.95,89191
15.72,50183
15.83,49835
15.69,57471
15.83,236536
14.95,197629
15.13,129121
15.16,65208
15.11,75117
15.01,78883
15.04,161440
15.52,193661
15.55,158164
15.31,55903
15.45,42160
15.12,42864
15.1,117541
14.56,123985
14.57,39905
14.56,54514
14.72,53436
14.62,105330
14.49,212672
14.94,210743
15.39,127549
15.35,75776
15.24,45837
15.27,54499
15.27,170639
15.1,107258
15.16,69004
15.36,55580
15.4,43149
15.4,176266
15.53,182960
16.35,223571
16.54,153537
16.91,137719
17.13,233296
16.96,128794
16.97,227646
16.95,317380
16.24,174373
15.75,163296
15.94,71087
15.88,75593
15.93,128779
15.89,244754
15.98,99871
15.81,100754
15.96,80667
16.11,86835
16.28,117027
16.07,119631
16.24,75647
16.12,52263
16.04,73432
16.36,84883
16.36,146628
16.39,193411
16.34,156086
16.4,85363
16.56,102399
16.46,135419
16.36,170461
16.36,123785
16.45,137748
16.54,167209
16.41,76172
16.43,103892
16.14,214238
16.89,147983
16.97,138754
16.75,79918
16.84,77714
16.87,73819
16.9,188617
17.63,198645
17.54,52387
17.73,45129
17.67,69962
17.4,71471
17.45,114262
17.16,129229
16.98,82230
17.17,63484
17.25,58341
17.33,78708
17.38,157488
16.83,115715
16.91,60678
16.96,189200
16.96,0
17.1,186430
17.39,108887
17.28,88644
17.27,53482
17.38,70666
17.38,139149
16.67,185135
16.76,129689
16.94,59682
16.82,58474
16.74,53913
16.84,139195
16.89,200582
17.03,111474
17.18,101006
17.16,87237
17.24,91150
17.02,218432
17.1,148541
17.08,112356
16.97,90253
16.86,58317
16.85,119696
16.68,160884
16.77,168572
16.22,152679
15.68,77592
15.7,43646
15.6,80122
15.85,164872
17.62,259957
17.68,147812
17.34,113994
17.28,82245
17.28,97005
17.06,189732
17.83,152504
18.01,111567
18.17,122632
18.46,82760
18.44,108807
18.2,200683
17.02,145098
17.2,76698
17.52,57873
17.48,39698
17.63,51948
17.77,160246
17.45,113070
17.8,60469
17.96,36277
17.88,29561
17.78,21626
17.77,115537
18.85,188245
18.91,108517
18.88,104496
18.45,133595
18.71,110899
18.8,203994
20.35,186468
20.36,109372
20.42,61256
20.4,67952
20.3,63564
20.33,184894
20.97,172535
20.7,93924
20.46,123948
20.07,102791
19.9,87038
19.98,195060
20.14,179881
20.12,230538
19.92,115684
19.5,93277
19.73,101939
19.97,197704
19.64,129061
19.88,130814
19.86,79177
19.96,75632
20.12,88812
20.42,202296
20.14,274016
19.88,201563
20.35,114082
20.59,136164
20.93,119521
21.2,201230
22.31,346004
22.13,219719
22.49,163953
22.36,104787
22.46,128560
22.49,185734
22.36,328661
22.44,109267
22.6,112678
22.76,145931
22.42,412709
22.09,257911
22.94,232935
23.83,193103
23.85,192511
24.26,86153
24.04,94099
23.91,275987
24.56,221765
24.96,140620
24.96,154656
24.65,110915
24.85,147147
25.35,345412
27.18,380572
27.55,282712
27.62,169871
27.25,260080
26.58,298898
25.86,290650
24.98,434695
25.34,159965
24.88,106011
24.92,107298
24.81,69176
25.23,225542
26.36,242610
25.4,145813
26.2,113192
25.69,116733
25.38,261100
25.59,293630
25.99,589265
23.99,289699
24.41,152169
24.68,155986
24.87,119394
24.74,157690
22.88,391731
22.86,411400
21.95,341751
21.14,491291
21.63,235743
21.21,417162
20.45,290575
19.96,226529
20.34,119857
20.15,112715
20.1,184372
20.26,305424
21.66,249697
22,219726
21.93,201790
21.49,198058
21.4,224580
21.74,325972
22.57,465056
21.77,267536
21.52,254756
21.29,235226
21.14,274782
22.07,272358
21.01,289184
20.29,177636
20.79,87410
20.78,65032
20.77,91916
20.62,174285
21.55,100603
21.58,60920
21.77,64457
21.79,48104
22.09,34404
22.11,98725
23.18,108693
23.46,96175
23.71,112522
23.66,137367
23.83,66107
23.79,229958
23.79,117678
23.85,109879
23.8,92490
23.88,133102
23.67,147319
24.16,396271
23.76,329383
23.39,154216
23.59,90219
23.61,96892
23.42,106431
23.6,137664
23.12,128961
23.54,357590
21.97,201799
22.26,151523
22.04,144678
22.07,235635
22.56,221038
22.74,108914
22.77,91119
22.98,139469
22.88,157717
22.73,222238
20.75,180831
21.06,142593
21.38,95018
21.42,82457
21.76,93242
21.65,163915
22.1,119940
22.46,106050
22.47,65223
22.51,68202
22.51,95979
22.28,213559
24.27,137803
24.88,99539
24.13,71620
24.44,64557
24.14,96075
24.64,176757
25.68,249167
25.26,120087
25.86,98900
26.12,106053
26.39,86252
26.5,208594
28.89,499105
28.8,196636
28.43,117587
28.48,86427
28.55,115390
28.57,248059
28.17,259133
28.61,146316
28.77,90384
28.93,89323
28.98,107982
29.26,249855
29.74,213345
29.91,122430
29.81,94215
29.73,70040
29.65,72291
29.8,187018
29.18,165024
30,139558
30.12,120496
29.84,120606
30.09,117837
30.64,240120
31.19,226668
31.43,104281
31.24,98366
31.165,84937
31.16,82277
31.1,222542
30.855,180793
30.42,226511
30.36,115094
30.44,80526
30.76,95343
31.395,177103
26.995,208060
28.09,155847
28.765,90872
28.32,50034
28.425,86959
28.32,139987
28.71,99725
29.3,39897
29.31,39859
28.73,47354
28.76,29216
29.035,72758
27.28,175275
27,111323
26.67,106689
25.86,119346
25.925,139567
25.555,254354
25.55,231921
26.16,71876
26.2,63229
25.975,53639
26.2,44204
26.015,129493
24.445,200195
24.93,94537
24.955,39858
25.22,51628
25.06,97357
25.335,131230
27.16,115777
27.16,93608
27.325,100912
27.325,94641
27.215,203380
26.69,144880
25.42,144719
25.77,103217
25.29,66268
25.545,87887
25.195,50405
25.405,134890
25.06,146440
24.92,144158
24.89,107113
24.935,75899
24.88,96978
24.89,172940
24.085,159353
23.14,137692
22.93,96311
22.89,75827
22.72,93556
22.955,224206
23.06,132952
22.39,94159
21.85,131764
21.54,145355
21.775,131976
22.095,254161
22.48,88980
22.1,86515
21.69,94985
21.7,41407
21.79,69420
21.65,128154
20.35,193895
20.59,145535
20.42,117233
20.79,111121
20.68,147851
20.34,258001
18.565,264890
18.65,148654
18.67,112420
18.475,150018
18.69,121584
18.61,297773
18.64,181643
18.555,93811
18.48,76868
18.69,72181
18.575,111654
17.95,230146
19.315,205705
19.395,218166
18.82,170363
18.96,127000
19.19,153994
19.31,255574
19.735,214110
19.93,200459
20.02,121888
20.045,86756
19.77,100041
20.01,208881
20.7,184400
20.955,163619
20.895,91706
20.93,90340
20.82,153720
20.98,217065
20.46,137650
20.31,92821
20.035,181938
19.595,104332
19.49,66606
19.75,157270
19.45,128349
20.465,168928
20.43,79798
20.63,62655
20.32,72518
20.525,158656
20.28,140652
20.185,76998
20.265,49300
19.91,96690
19.775,73399
19.49,183593
20.98,150857
20.595,113661
20.64,76161
21.115,114205
21.07,114981
21.425,390962
21.84,253345
22.555,104999
22.79,47877
22.655,54096
22.545,87883
22.18,147448
21.71,125661
21.99,61150
21.96,31100
21.82,34468
21.965,36541
22.01,100753
21.67,126324
21.685,54742
21.505,32563
21.405,69063
21.405,54922
21.56,154335
21.05,92782
20.955,73537
21.01,56540
20.885,43533
21.105,51209
20.99,152836
22.2,129424
21.335,94691
21.72,69376
21.37,61449
21.275,105482
20.595,252212
20.78,94878
20.315,120398
20.575,77722
20.59,76702
20.765,83804
20.48,102057
20.96,87360
20.6,59724
20.685,47692
20.805,38086
20.66,25613
20.545,127503
20.65,69274
20.39,72417
20.46,40151
20.75,31410
20.67,58607
20.75,113972
21.435,98857
21.435,99013
21.635,59266
21.49,50778
21.55,77973
21.555,152570
21.555,89405
21.435,112151
21.055,54015
20.975,70356
21.055,48840
21.13,126011
21.335,71501
21.085,66625
21.295,56248
21.14,57399
21.01,44596
20.99,93744
22.255,188449
22.67,188224
22.53,119707
22.22,145404
21.715,106991
21.64,171174
21.23,162546
21.07,107265
21.2,44637
21.215,33908
21.21,58849
21.48,78802
21.2,117516
20.4,134740
20.48,84673
20.42,84332
20.52,84527
20.565,214931
20.885,127936
20.81,65035
20.86,47676
20.735,33695
20.78,22213
20.8,88978
20.325,85591
20.365,65867
20.3,41355
20.21,131694
19.935,88413
20.165,99901
20.21,64414
20.415,63562
20.565,45279
20.575,40448
20.49,35908
20.485,77132
20.1,68131
20.06,57450
20.04,26764
20.115,30709
20.295,28566
20.42,107451
19.795,131566
19.76,116127
19.375,107315
19.445,69785
19.4,73186
19.525,133059
18.91,123793
18.97,57280
18.96,49746
18.915,46447
18.925,62539
19.02,158202
19.335,76092
19.57,57670
19.46,57082
19.38,58039
19.52,47176
19.665,128795
19.97,91640
19.77,81110
19.8,38346
19.91,26289
19.97,48112
19.97,106523
19.815,93658
19.73,125607
19.465,79473
19.385,57809
19.41,44537
19.365,140482
19.465,81421
19.36,79670
19.215,42527
19.09,27020
19.12,48888
19.255,89064
21.13,200991
21.17,74449
21.06,47854
20.84,41974
20.905,68444
20.85,160667
22.38,160612
22.8,106835
22.23,150418
21.82,138966
21.66,89493
21.54,152929
21.865,150857
21.48,106671
21.105,57326
21.335,34149
21.29,98068
21.585,159074
23.08,187794
22.815,230513
23.65,188782
23.395,89601
23.285,137180
23.57,258610
23.5,257799
23.41,366373
22.585,176739
22.795,141203
23.375,152934
23.7,390200
23.19,185408
24.005,125740
24.3,136211
24.01,81689
23.865,74590
23.98,153834