38.96,233401
38.96,0
38.96,0
38.96,0
38.96,0
38.96,0
39.64,267684
40.26,146184
40.25,115521
40.31,109728
40.75,235257
40.89,440296
41.56,177774
41.3,91704
41.43,71068
41.32,102937
41.35,352234
41.27,345343
41.74,212025
41.8,119363
41.5,155410
40.91,229395
40.68,162710
40.7,389812
40.02,293082
40.55,224295
40.8,103060
40.51,106061
40.73,111572
40.72,326258
40.95,179816
41.18,108667
41.29,78978
41.54,75608
41.42,53787
41.43,250484
41.86,281627
42.03,127817
41.91,88015
41.92,99272
41.96,63702
42.05,417733
41.6,125220
41.91,90994
41.8,59827
41.9,56480
42,41490
42.01,407858
42.05,221923
42.28,92566
42.18,62651
42.08,47405
42,96622
41.74,378713
42.1,183820
42.21,322318
42.72,166265
43.05,165858
43.35,145968
43.52,496241
43.62,235060
43.6,162842
43.25,85681
43.3,82733
43.6,102356
43.67,182958
44.61,239312
44.42,172396
44.3,72934
44.27,70211
44.39,107758
44.09,232723
44.35,117058
44.69,118292
44.23,107851
44.27,72202
44.42,71789
44.32,175661
44.73,196889
44.74,110271
44.82,93511
44.59,122073
44.26,135893
44.1,199285
43.94,204829
44.19,209307
44.13,105457
43.82,191794
43.21,260989
42.97,340094
42.85,220578
42.36,211139
42.8,45784
42.89,126356
42.41,346046
42.47,325081
42.84,298218
43.09,152628
42.95,100480
42.86,145052
43.07,154802
43.03,524675
42.9,105954
42.97,80325
42.96,141069
42.71,233179
42.65,194043
42.86,296308
41.9,349812
41.9,208379
41.8,194505
41.81,195806
41.55,266006
41.48,761958
41.56,157286
41.4,83157
41.21,80189
41.16,43148
41.3,61361
41.46,165663
41.14,148032
40.93,101386
41.17,142675
40.99,75251
40.63,135523
41.16,244236
41.08,148691
40.71,166284
40.81,63217
40.73,79675
40.54,118224
40.33,296249
38.84,286769
38.64,161254
38.42,216604
37.98,172744
38.12,219621
38.7,407063
39.62,278069
39.97,209864
40.54,197939
40.65,112712
40.48,87726
40.3,422490
39.14,228506
39.31,196414
39.63,131832
39.39,139683
39.49,162684
39.31,353008
38.43,257452
38.26,229367
37.92,120850
38.08,142901
37.84,239590
38.09,467084
38.69,675627
38.57,672602
38.92,294529
38.94,253206
38.84,270612
38.73,750033
39.12,130083
38.25,160096
38.4,99091
38.6,70177
38.59,83146
38.38,257013
37.27,221938
36.81,327698
36.66,133409
36.88,120219
36.52,272899
36.46,548003
35.55,987152
35.1,318315
34.86,186705
34.93,189966
34.87,112904
34.81,458925
34.81,0
34.81,0
34.81,0
34.81,0
34.81,0
34.81,0
36.67,167534
37.13,145622
37.1,149038
37.49,158877
37.05,155317
37.04,409450
37.24,143789
36.67,121438
36.46,60123
36.4,102631
36.4,123738
36.61,189240
37.06,81689
36.97,103591
36.64,53600
36.64,139543
36.61,103192
36.62,216745
37.42,162911
38.05,238112
37.44,173693
37.45,145183
37.15,157853
37.12,373229
37.17,125252
37.4,150851
37.14,82780
37.29,76005
37.22,71744
37.37,192356
38.2,445743
38.58,249494
38.58,112858
38.5,126989
38.4,259689
38.23,515744
38.31,159399
38.13,133164
38.13,132660
38.48,111874
38.73,72426
38.66,267326
38.31,215466
38.3,131752
38.27,148017
38.42,103813
38.6,142268
38.55,414267
38.79,144585
38.85,71655
38.7,97157
38.63,78047
38.56,126998
38.37,263592
40.18,176615
39.89,154912
39.78,87432
39.81,37829
39.9,74828
39.72,355283
39.51,174532
39.39,158915
39.31,165979
39.13,227170
38.97,182272
38.96,446862
39.03,139767
38.88,83131
39,57986
38.84,53934
38.83,71505
38.75,156575
39.42,264605
39.9,125761
39.53,71011
39.36,95820
39.44,51757
39.39,218075
39.02,119778
38.85,71863
38.76,79677
38.9,41547
38.91,34811
39.12,113315
39.27,98061
39.42,80147
39.29,175927
38.99,169831
39.08,74772
39.14,243061
39.37,148686
39.06,72161
38.89,71595
38.86,65425
38.69,48979
38.65,181024
38.42,185939
38.23,160653
38.01,88921
37.81,91225
37.78,95618
37.63,583238
37.06,272294
36.75,256768
36.89,172575
36.63,711093
36.59,575541
36.88,1468002
36.79,336335
36.65,262065
36.71,437594
36.66,222805
36.77,214787
36.95,1017697
36.61,205543
36.45,118118
36.49,113415
36.52,115468
36.54,88312
36.45,419143
35.63,224032
35.74,221160
35.82,109749
35.99,197514
35.81,184089
36.04,443156
35.56,230673
35.18,196742
35.31,192574
35.15,300153
35.45,146311
35.63,416363
35.79,262917
36.04,204208
36.01,145226
36.09,97546
35.92,95152
35.9,203517
36.29,193264
36.14,129229
36.06,50661
35.84,84184
35.88,99390
35.91,201538
36.02,138992
35.8,56794
35.73,83815
35.66,102338
35.43,173439
35.29,512891
34.98,110082
34.78,162075
34.93,155832
35.03,108780
35.06,92124
35.03,346575
34.75,272629
34.55,172927
34.49,288559
33.96,194797
33.89,178005
34.05,919760
34.63,250083
34.96,149457
35.17,97616
35.31,247135
35.27,147263
35.17,358947
35.79,274111
35.8,152963
35.68,69561
35.64,67921
35.68,102514
35.74,298718
36.25,258810
36.29,200961
36.25,143850
36.15,149422
36.06,130890
35.84,485423
36.07,356075
36.04,281608
35.75,114298
35.63,163467
35.52,166057
35.08,772302
34.72,173809
34.65,163594
34.26,82341
34.25,67324
34.14,101581
33.99,448929
32.88,233953
32.46,143266
32.8,217550
33.12,88077
33.1,93942
33.46,236918
33.78,136355
33.39,103045
33.09,62078
33.33,163147
33.06,52603
33.23,361966
33.09,116933
32.92,85561
32.98,55488
33.05,45736
33,61260
32.81,314245
33.01,157054
32.85,123604
32.81,76935
33.2,97595
33.16,108985
33.2,246469
33.33,53601
33.04,58910
32.99,80718
32.63,55437
32.6,80388
32.38,344729
32.39,350359
32.62,107457
32.57,108367
32.26,79868
32.16,98399
32.14,348892
33.06,144615
33.2,157942
33.76,121321
33.75,104931
33.79,102737
33.69,323319
34.06,134687
33.98,69206
33.74,95203
33.92,126064
33.95,367277
34.44,518262
34.13,117040
33.77,159977
33.42,76822
33.7,82005
33.78,64367
33.75,298450
33.22,179999
33.54,148691
33.37,142380
33.8,139810
33.6,298197
33.55,542716
33.38,162303
32.78,110237
32.86,181937
32.81,108438
32.9,160961
33.1,450510
33.27,151393
32.37,206165
32.15,161673
31.93,241569
32.47,106880
32.34,365963
32.88,127370
33.05,80221
32.88,72164
32.52,102852
32.22,123409
32.43,269520
31.31,177201
31.75,123311
31.29,165670
31.47,103758
31.18,114100
31,661942
32.11,177819
31.91,133820
32,235674
31.92,120878
31.64,280785
31.59,312015
31.21,595826
31.16,273319
31.5,160037
31.39,140561
31.52,159721
31.68,414659
32.38,324403
32.1,180689
32.25,139807
32.45,149239
32.29,270312
32.55,394438
32.02,130696
32.07,151393
31.61,94160
31.76,103494
31.53,162597
31.43,565894
31.04,167542
31.06,226590
31.18,201360
31.05,118019
31.17,130703
31.24,325172
31.11,121793
30.7,118057
30.51,145783
30.14,288996
30.12,179421
30.07,438396
31.73,227472
32.4,249627
32.54,291000
32.46,186237
32.67,168763
32.5,726665
31.97,283042
31.66,160962
31.84,116300
31.78,83303
32.02,164419
31.93,380984
32.2,126859
32.33,83820
32.17,67443
32.03,62024
32.11,215935
32.55,589126
32.96,170931
33.03,154927
32.97,185070
33.18,153210
33.13,124730
33.09,302947
33.31,217805
33.07,170431
33.16,198360
33.13,126275
33.09,135068
33.24,499988
33.58,176149
33.42,107780
33.68,91597
33.69,85667
33.78,124009
33.6,372421
33.41,135225
33.04,87804
32.72,78945
32.79,156959
33.08,140831
33.27,353023
32.85,209051
32.9,158267
33.07,81411
33.16,74965
33.2,85464
33.14,165162
33.06,83712
32.95,65495
32.93,39858
33.02,86511
32.9,53815
32.94,207025
33.49,176948
33.48,112067
33.17,61052
33.15,148294
33.23,118192
33.03,351075
32.61,76900
32.93,47308
32.75,28645
32.88,25339
32.78,66408
32.79,187222
32.76,231755
32.58,78371
32.62,113883
32.34,77564
32.39,56476
32.44,179025
32.24,113851
31.84,148870
31.83,77944
31.93,58692
31.75,100044
31.61,400115
30.58,173070
30.28,107816
30.18,65325
30.08,100505
30.13,90292
30.34,286954
29.6,354777
29.18,101185
29.31,101255
29.27,86628
29.31,113443
29.17,525705
29.48,129253
29.14,122578
29.07,146458
28.86,282896
28.62,144265
28.47,496121
29.02,268988
28.88,256318
29.05,175698
28.88,98033
29.03,238828
28.95,450138
28.07,455859
28.21,276860
28.46,231230
28.76,273648
28.92,184593
28.66,404153
29.45,318837
28.9,244033
28.77,135980
28.89,99228
29.11,343073
29.3,541742
30.1,243803
29.92,193805
29.62,134420
29.84,142095
29.7,287541
29.88,483210
29.55,202131
29.74,104870
29.6,89389
29.64,59302
29.79,80560
29.81,287970
29.28,175543
29.04,178727
28.65,175107
28.47,117647
28.57,148367
28.84,349062
28.99,508751
29.34,284767
29.61,235449
29.51,188288
29.38,190261
29.37,731278
29.09,219461
29.27,249249
29.57,115042
29.37,210181
29.14,106814
29.23,354052
30.27,275467
30.01,176832
29.46,80964
29.6,52559
29.52,74316
29.29,229657
29.3,108974
29.15,88662
29.05,136440
28.88,89221
28.91,55945
28.95,316697
27.95,189022
28.19,183957
28.4,192342
28.48,120534
28.4,131308
28.24,417699
28.5,254619
27.96,187379
28.1,88437
28.23,68237
28.44,170724
28.58,278990
27.72,252083
27.8,227934
27.79,206854
27.85,128766
27.95,152562
28.07,342161
27.94,119087
28.02,69882
27.93,75079
27.91,79451
27.95,129268
28.21,259465
28.86,135372
28.87,172490
28.86,74531
28.79,97917
28.85,128165
28.91,290355
28.73,104585
29.03,81139
28.93,89150
28.81,81971
28.92,78464
29.03,232990
28.75,66497
28.49,44814
28.56,23801
28.6,52342
28.62,103851
28.48,280647
28.5,140689
28.68,137440
29.03,79543
29,49094
28.89,60794
28.68,205122
27.92,165867
27.83,185371
27.91,64163
28.06,174098
28.12,156383
28.13,362894
27.04,226237
27.1,144115
27.33,127829
27.08,152097
27.19,217119
27.4,407882
28.05,320060
28.7,146232
28.82,123082
28.93,334100
29.4,399671
29.52,990738
29.72,144724
29.63,161559
29.57,96687
29.28,99502
29.28,136732
29.31,335685
29.86,216550
30.06,114340
30.13,199515
30.17,278352
30.45,403250
30.42,616759
30.04,183788
30.31,96231
30.2,122757
30.09,135727
30.07,117408
30.23,211922
30.28,122985
30.13,81735
30.2,66256
30.42,91648
30.27,110169
30.33,370327
30.32,79968
30.56,89922
30.36,74500
30.29,112208
30.18,86695
30.12,342840
30.71,135215
30.76,77742
30.77,58024
30.72,60133
30.59,93234
30.5,351144
30.43,106109
30.53,114506
30.13,120971
30.2,66473
30.08,97798
29.98,261899
30.08,69623
30.08,49279
30.19,46513
30.06,50754
30.1,146643
30.36,325396
30.35,167947
30.14,92796
30.24,60769
30.25,50104
30.36,122163
30.24,220211
30.61,232674
30.73,113832
30.54,142325
30.59,147940
30.55,274061
30.67,618919
30.59,131095
30.63,70068
30.46,56107
30.54,96077
30.34,96374
30.59,259170
30.33,143864
30.42,69503
30.48,85768
30.53,136692
30.33,212266
30.21,420767
30.18,111685
30.26,95573
30.33,71790
30.35,55058
30.47,87688
30.53,306590
30.32,138151
30.25,118454
30.33,143130
30.24,95058
30.24,108316
30.18,291018
30.73,249379
31.01,146390
30.68,91375
30.77,93692
30.87,69839
30.83,161893
30.76,99158
30.68,103527
30.59,89981
30.57,48125
30.57,85625
30.44,199053
30.55,75820
30.65,101353
30.55,59081
30.66,136525
30.64,194764
30.61,270659
31.62,281439
31.86,297118
32.01,250520
32,319960
32,200533
31.84,476901
32.55,197174
32.6,117740
32.44,71770
32.62,154758
32.66,144462
32.47,648954
32.52,119779
32.59,47065
32.65,28480
32.71,20124
32.81,41311
32.77,175941
32.69,60263
32.58,57011
32.77,61954
32.9,62855
32.87,70423
32.93,184696
32.96,83679
33.12,75683
33.38,99915
33.33,79991
33.48,171715
33.23,106536
33.07,106482
32.93,53192
32.77,39262
32.92,36143
32.96,128103
33.03,120567
32.91,103387
32.93,75320
32.87,76505
32.69,80854
32.72,82336
32.83,117151
32.42,136096
32.2,101766
32.17,54379
32.2,40283
32.15,40221
32.1,242942
31.44,49440
31.34,74798
31.52,42643
31.57,51450
31.45,48565
31.41,235004
31.58,111008
31.41,61178
31.27,59334
31.31,53684
31.26,48243
31.28,149699
31,112562
31.22,102398
31.52,44500
31.3,61051
31.2,35751
31.22,118945
31.83,105982
31.89,170712
31.82,80599
31.71,120201
31.98,105972
31.78,257433
32.01,196253
31.45,104163
31.36,37441
31.18,32969
31.11,57313
31.07,259757
30.73,112907
30.6,59223
30.79,86492
30.85,75193
30.92,93849
30.93,296991
30.86,136983
30.68,126033
30.78,81066
30.78,90446
30.75,119403
30.84,232431
31.14,249524
31.02,86304
30.92,51034
30.79,52264
30.72,69647
30.58,361893
30.12,187736
30.08,189652
30.24,58745
30.19,65655
30.32,74627
30.4,179113
31.2,211201
31.34,129827
31.46,91722
31.05,97865
30.72,77930
30.63,266331
30.19,192019
30.23,120656
30.32,55283
30.14,178363
30.13,104307
30.15,238142
30.21,202827
30.5,125217
30.53,110907
30.51,119266
30.66,154771
30.74,210679
31.17,257614
31.49,120393
31.44,113562
31.53,90831
31.64,73688
31.54,204533
32.11,219579
32,100985
31.96,54174
31.97,75544
32,67204
31.94,352894
32.55,110683
32.25,79070
32.06,108208
32.14,68711
32.22,70121
32.19,203555
31.55,171232
31.34,79706
31.38,39204
31.44,29808
31.46,69980
31.22,295416
31.28,98095
31.07,77413
30.92,49710
31.06,103442
30.95,98525
30.85,225211
31.51,204230
31.38,74643
31.38,89948
31.54,268213
31.72,155539
31.67,413922
30.82,119285
30.98,108077
31.07,87040
31.06,95698
31,127643
31.03,280008
31.48,118252
31.78,52643
31.47,37610
31.57,117428
31.45,63190
31.48,194535
31.59,176458
31.51,174341
31.48,53616
31.25,61718
30.99,59822
31.11,146412
30.87,141503
31.06,89007
31.06,90432
31,155794
31.19,412099
31.24,399257
29.99,210241
29.75,122053
29.64,105733
29.73,109701
29.73,142196
29.8,403389
28.93,238863
28.83,241736
28.69,203802
28.73,144157
28.67,280243
28.55,517633
28.7,116353
28.65,108320
28.44,112525
28.35,118492
28.11,121762
28.45,277279
28.42,152675
28.37,92589
27.95,132099
27.82,231631
27.77,163049
27.96,306385
28.33,219615
28.34,156134
28.33,104371
28.35,81675
28.37,77731
28.37,233009
27.85,119490
27.94,62352
28.13,55539
28.03,71197
27.87,80781
27.89,231578
28.38,117382
28.31,131722
28.04,59953
27.97,51981
27.84,83946
27.68,295162
27.91,141358
28.35,87934
28.29,46137
28.3,55925
28.33,133843
28.55,432996
29.56,187800
29.59,121221
29.68,79267
29.61,107468
29.52,105261
29.53,369176
28.98,191522
28.75,88435
28.98,99147
28.98,40927
28.99,43357
29.15,204632
28.9,236028
28.98,150828
28.95,69432
28.85,102894
28.85,225494
28.78,247528
28.04,228512
28.27,103588
28.11,182109
28.04,53230
28.06,124206
27.98,288457
27.93,106511
27.97,214387
27.93,162142
27.77,102109
28.09,152981
27.99,265874
27.28,325661
27.1,289154
27.41,162863
27.6,159141
27.59,189956
27.23,557667
27.4,194587
27.58,135524
27.61,62221
27.59,72989
27.48,230881
27.51,308319
27.58,289470
28,392393
28.51,238928
28.67,135033
28.83,198322
28.88,530063
29.58,232186
29.18,346933
29.18,128367
29.2,75902
29.11,69992
28.99,368307
30.34,354139
30.35,202264
30.54,138716
30.54,167615
30.8,230151
30.74,717932
31.96,367883
31.79,263438
31.6,168009
31.72,206342
31.84,559007
31.69,924503
31.42,141356
31.34,92683
31.27,105598
31.02,148209
30.9,101964
30.95,303548
31.27,145896
31.3,266386
31.23,117316
30.98,104008
30.88,102383
30.85,233709
31.39,248516
31.27,119540
31.44,114312
31.56,57720
31.85,187380
31.84,271845
31.98,96608
31.91,66248
31.95,48049
31.9,74727
31.97,91105
32.18,199662
32.06,167360
32.18,86088
32.19,100202
32.42,63344
32.39,71723
32.37,256859
32.54,202829
32.71,92900
32.86,58963
32.59,56404
32.65,62963
32.53,175884
32.99,91789
33.03,86027
32.85,46765
32.94,61275
32.89,46445
32.79,166168
32.84,148219
32.85,104305
32.85,113823
33.01,147167
33.01,76839
33.11,298386
32.91,96797
33.02,101093
33,60135
32.94,76303
33.14,87587
33.12,317188
33.36,105332
33.05,63189
33.11,106639
33.01,127618
33.06,130987
33.06,252586
33.03,173323
33.05,146585
33.17,110359
33.22,143593
33.43,683602
33.36,754753
32.49,127701
32.74,97344
32.69,52862
32.78,91794
32.86,63083
32.96,290028
33.5,209063
33.71,217876
33.16,248033
33.3,138393
33.2,146811
33.42,264903
33.87,128151
33.79,52938
33.62,52399
33.62,140737
33.72,70906
33.79,134198
33.84,156955
34.01,94147
34.07,38429
34.03,90630
33.84,179263
33.85,147516
33.45,148908
33.46,72143
33.55,51600
33.59,58093
33.39,44579
33.41,183073
34.24,174511
34.4,222063
34.8,119851
34.61,107731
34.83,98743
34.79,326957
35.13,241802
34.95,111540
34.92,152961
35.1,52414
35.19,66750
35.23,204803
34.64,169839
34.89,98655
34.76,70949
34.83,55748
34.87,80358
34.66,182617
34.78,74428
34.59,97764
34.68,86848
34.6,147516
34.31,179505
34.47,213418
34.28,111907
34.06,62096
34.23,53570
34.21,39809
34.13,51192
34.24,173677
33.5,92488
33.64,77832
33.94,30178
33.95,40685
33.86,44830
33.87,285216
34.13,152924
34.03,138998
33.95,67037
33.81,81132
33.9,109064
33.95,284013
34.26,106765
34.06,76715
34.06,142371
34.16,53654
33.98,88530
34.01,140594
34.37,97488
34.49,38085
34.33,72435
34.29,107937
34.25,99991
34.27,223280
34.32,124227
34.25,105956
34.2,40081
34.18,43590
34.23,78763
34.32,153600
34.44,32624
34.54,29964
34.54,65554
34.54,0
34.05,141811
34,127096
33.95,91715
33.85,91385
33.81,88665
33.76,379651
33.81,149297
33.83,155998
33.67,91930
33.64,116846
33.67,151086
33.76,169360
33.32,183191
33.33,63017
33.51,56567
33.38,132141
33.87,139986
34.07,353662
34.04,450577
33.72,259333
33.67,97155
33.64,102347
33.61,175647
33.69,357043
33.33,353676
32.94,117187
33.18,133415
33.1,48970
33.16,88086
33.14,427752
32.65,229560
32.33,267986
31.99,158296
31.97,151592
31.74,169946
31.6,1043998
30.73,277986
30.71,251392
30.36,341666
29.93,241550
30.05,347001
30.12,535717
29.87,240183
30.12,95839
30.14,69712
30.05,40519
30.1,54350
30.08,197750
30.25,153460
29.95,156486
29.78,200632
29.59,302354
29.7,224188
29.79,407899
29.68,106225
29.77,112479
29.87,77433
29.77,58467
29.77,64432
29.82,182552
29.68,126554
29.79,105092
30.06,85806
29.94,97776
29.83,159814
29.87,383275
30.7,328560
30.32,234025
30.21,213605
30.08,95647
30.21,70732
30.22,414954
30.12,138754
30.13,129339
30.12,107432
30.06,146366
30.28,411550
29.69,427344
29.04,183173
29.17,197052
29.01,222220
29.05,208095
29.06,157319
29.27,485954
29.26,157164
29.14,220599
28.98,138809
28.85,56079
28.92,92519
28.97,223125
29.39,159054
29.48,151314
29.27,151564
29.45,136283
29.31,205643
29.35,437878
29.69,118496
29.86,158843
29.86,90123
29.72,91151
29.83,79286
29.71,170577
29.94,166960
30.08,77432
30.06,128400
30.09,73104
30.05,82807
30.04,169898
29.74,109659
29.61,79733
29.6,65600
29.4,80843
29.38,103477
29.56,261189
29.7,47994
29.8,59923
29.89,58274
29.84,17651
29.81,32041
29.88,72070
29.67,103960
29.89,30279
29.96,35679
29.97,61391
29.89,37924
29.87,104918
29.98,142443
30.04,134481
30.02,239432
30.12,219083
30.17,224386
30.27,475690
30.17,58509
30.25,67737
30.31,62717
30.4,48170
30.34,40173
30.4,104763
30.38,74741
30.53,73948
30.45,21423
30.41,28893
30.31,38409
30.25,145363
30.66,172313
31.25,77193
30.97,65550
30.69,44458
30.74,40310
30.72,280203
31.25,167346
31.44,272520
31.98,108302
31.59,104494
31.45,96977
31.35,217921
30.97,178381
31.17,161022
31.2,40879
31.19,53319
31.29,164356
31.31,237199
31.14,296793
31.41,172400
31.65,185309
31.54,91169
31.65,121651
31.7,291402
31.37,156063
31.49,142339
31.63,91477
31.36,92870
31.38,95405
31.25,324994
31.04,167779
31.18,114363
31.26,59930
31.37,102227
31.41,93480
31.36,340154
31.43,271906
31.33,303524
31.47,98350
31.43,53442
31.48,73799
31.57,286666
31.88,169255
31.97,105900
31.98,152165
31.97,97112
31.88,87080
31.82,650836
31.31,602195
31.62,205878
31.91,118356
32.21,161639
32.39,130408
32.39,448141
31.48,386489
31.59,169355
31.61,116613
31.61,186968
31.78,312221
31.87,507641
31.43,208531
31.19,176831
30.99,171875
30.84,186512
30.93,95862
30.99,336486
30.61,109131
30.53,193166
30.38,58019
30.54,108723
30.72,143296
30.75,271028
30.62,175238
30.61,133851
30.62,66999
30.8,107473
30.9,95878
30.97,417697
31.14,161140
31.37,133037
31.44,102196
31.53,102800
31.68,133484
31.47,199535
31.51,130055
31.93,98874
31.81,49096
31.82,57671
31.87,74711
31.83,167563
31.58,162440
31.65,154128
31.88,52864
31.88,51155
31.99,114988
32.04,207576
32.08,120752
32.12,118614
32.26,40520
32.23,65425
32.3,53485
32.38,178670
32.53,156925
32.53,186759
32.69,71331
32.79,32731
32.73,64885
32.81,217370
32.62,113613
32.55,77792
32.63,46736
32.56,96722
32.56,104602
32.44,209032
32.22,159680
32.27,100926
32.2,49462
32.35,48780
32.44,85210
32.44,276332
32.72,192815
32.85,105843
32.93,89072
32.83,117184
32.77,307570
33.05,505425
32.81,167803
33.37,139752
33.14,92728
33.26,75077
33.23,94401
32.93,177747
33.37,110722
33.66,220806
33.62,164986
33.56,182324
33.5,332636
33.28,394423
33.3,66191
33.16,104870
33.16,49733
33.26,96954
33.36,165796
33.46,301467
33.64,155122
33.64,260951
33.81,320962
33.98,119277
33.56,144910
33.81,313713
33.8,128577
33.71,126040
33.63,62637
33.7,32593
33.61,58676
33.61,153628
33.23,131531
33.28,76263
33.16,45748
33.04,71821
32.95,120051
32.86,223556
32.32,140281
32.39,88245
32.46,111285
32.55,87282
32.53,89999
32.56,260389
32.77,112768
32.79,84900
32.75,65450
32.74,56572
32.77,89655
32.73,203068
32.95,132450
32.78,126288
32.69,56299
32.89,100741
32.94,108522
32.89,340580
32.52,125661
32.56,62298
32.65,57709
32.56,64696
32.62,74435
32.57,232713
32.51,107529
32.72,55851
32.72,42139
32.7,55726
32.68,49091
32.69,165392
32.07,110514
32.11,77761
32.23,81191
32.21,90989
32.21,99315
32.46,180378
31.93,146245
31.75,93511
31.69,67222
31.69,62277
31.58,55115
31.72,255115
31.54,153857
31.53,106288
31.58,253527
31.7,108144
31.69,142638
31.44,451300
31.67,149408
31.41,111809
31.21,125361
31.33,91250
31.36,130969
31.48,327278
31.23,113874
31.18,98916
31.39,68265
31.31,32083
31.41,64246
31.45,173373
31.76,140621
31.75,78287
31.64,74896
31.58,47742
31.63,61512
31.53,194639
31.55,65315
31.49,123710
31.55,90221
31.63,88179
31.61,78920
31.58,205378
31.55,130843
31.55,103304
31.42,59173
31.47,91079
31.33,70887
31.27,201033
30.72,80877
30.77,90813
30.64,123269
30.68,89278
30.83,98950
30.91,216261
31.36,107979
31.47,146917
31.55,94692
31.57,101315
31.54,105840
31.66,294500
31.69,181688
31.8,107239
31.66,41876
31.58,91561
31.49,124908
31.65,155049
31.19,333490
30.76,295654
30.63,213220
30.69,197490
30.45,141562
30.46,465416
30.44,165954
30.26,120326
30.29,91613
30.08,80398
30.04,260498
30.08,226946
29.56,260818
29.34,530488
28.87,410577
28.39,744966
28.3,236426
28.29,564298
27.73,1088396
28.04,705583
28.28,311523
28.28,472555
27.73,768300
27.91,1569451
26.65,3260740
27.25,2072412
27.19,2624216
26.93,1374607
26.88,2031346
26.86,1522218
27.01,889302
26.72,426589
26.74,463054
26.68,410820
26.66,1079504
26.58,1208365
25.88,469857
26.03,471584
26.31,354772
25.89,185302
26.07,325053
26.29,512853
26.42,597399
26.65,314057
26.68,338195
27.04,288417
26.86,282654
26.61,1153651
25.94,1184452
25.78,408300
25.75,589877
25.8,438588
25.8,568699
25.77,1636677
26.12,560857
26.14,269371
26.02,408753
25.84,231355
25.71,261872
25.62,505805
26.77,718375
26.6,294218
26.61,221043
26.6,229222
26.56,187071
26.4,815474
26.43,220720
26.32,271275
26.04,247516
25.93,190069
26.04,338956
26.03,450093
25.8,353340
25.77,283354
25.56,340984
25.32,468114
25.09,396082
24.96,675066
24.56,650999
24.45,334847
24.82,397610
24.76,441254
25.11,507966
25.06,864214
25.98,339484
25.94,227980
26.18,220869
26.13,284973
26.13,280813
26.42,1050460
26.37,240702
26.27,150559
26.23,121831
26.14,100851
25.92,276023
26.11,391436
26.35,137262
26.25,217544
26.49,553149
26.52,173782
26.41,122254
26.51,515099
26.64,197390
26.47,133537
26.19,131310
26.07,105125
26.07,94542
26.11,238323
26.16,141473
26.31,89107
26.32,61242
26.26,50716
26.25,77632
26.18,315465
26.67,194374
26.36,91279
26.31,39517
26.33,87926
26.31,78561
26.46,276797
26.14,174441
25.81,209182
25.74,344013
25.73,83365
25.71,101419
25.71,250130
25.71,211218
25.48,137842
25.55,200177
25.46,302479
25.58,261366
25.54,267260
25.75,293720
25.77,65694
25.75,57830
25.78,98814
25.79,115842
25.8,241845
25.92,112732
25.95,48985
25.79,53807
25.82,96180
25.77,130562
25.81,255385
25.99,164856
26.19,110501
26.41,61044
26.36,44144
26.41,113818
26.48,299175
26.64,153263
26.32,119849
26.41,108758
26.47,129330
26.5,141231
26.39,251549
26.36,394754
26.41,225872
26.39,97526
26.46,178481
26.45,260976
26.41,480362
27.42,354550
27.19,174809
27.24,100222
27.24,84460
27.25,142376
27.35,426178
27.56,199100
27.74,220749
27.68,133345
27.83,124874
27.92,163076
27.97,594531
27.97,346742
27.75,177001
27.8,110076
28.01,159459
28.24,196333
28.2,462741
27.66,233313
27.81,268779
27.6,109265
27.76,221621
27.76,191074
27.8,442784
27.87,108154
27.91,87002
27.68,66593
27.74,71944
27.77,94673
27.71,197798
27.48,386712
27.49,165087
27.58,164550
27.69,89606
27.7,159729
27.67,432090
27.5,108964
27.49,79814
27.48,109313
27.58,33869
27.55,126080
27.5,220475
27.14,102678
27.05,137272
27.1,101296
27.07,122693
26.8,145390
26.79,392849
26.62,127475
26.51,264264
26.73,194931
26.66,111574
26.48,123676
26.24,250738
26.72,144319
26.54,75063
26.74,143722
26.69,123405
26.82,88817
26.86,187709
26.77,265833
27.06,137441
27.15,115113
27.12,93076
27.08,98261
27.01,243793
27.14,92975
27.16,59355
27.05,49282
27.06,63186
26.98,62024
26.97,162088
26.33,161860
25.79,175219
25.85,143705
25.81,91184
25.99,118623
26.05,517081
26.17,151348
26.06,84477
26.16,109190
26.25,86385
26.31,189829
26.08,284545
25.29,271105
24.98,601667
24.97,168631
25.07,153989
25.11,156924
25.13,778751
25.52,207538
25.65,102742
25.56,70984
25.67,93747
25.63,104312
25.69,311781
25.75,513553
25.82,163178
25.74,68619
25.63,71491
25.76,126017
25.71,117356
25.32,183657
25.5,135477
25.48,37806
25.46,56240
25.66,69750
25.67,205812
25.55,219096
25.44,178304
25.33,86880
25.26,196754
25.13,104084
25.13,143651
25.13,95264
25.14,63939
25.32,63170
25.31,25274
25.31,38601
25.4,182669
25.18,64427
25.12,56094
25.05,57262
24.92,90277
24.97,87243
24.95,318928
25.19,90021
25.4,139646
25.54,56546
25.59,127964
25.61,64496
25.59,154041
25.46,130754
25.5,70677
25.4,62888
25.36,59534
25.36,57925
25.41,116899
26.02,145373
25.95,181386
26.18,145957
26.35,168466
26.47,132956
26.42,362148
26.06,181406
26.16,79911
26.09,96940
25.98,96488
25.95,71248
26.1,340882
26.45,71597
26.49,142230
26,47587
26.09,99738
25.96,77844
26.04,168968
26.06,151476
25.96,135857
26.15,88612
26.11,83472
26.12,55711
26.19,171013
26.58,105988
26.66,120653
26.82,88558
26.67,77699
26.66,104017
26.56,200522
25.99,98262
26.02,193031
25.96,82186
26.07,81023
26.12,77562
26.03,168674
26.06,121203
26.03,149190
25.91,156830
25.87,219960
26,134062
26.03,122548
25.73,272754
25.92,110204
26,91901
26.12,151518
26.21,125587
26.22,194840
26.08,112462
25.98,108049
26,39726
26,103664
25.96,146764
26.03,322343
25.84,224059
25.46,58979
25.51,49978
25.49,77218
25.53,77082
25.7,231903
25.54,170765
25.97,102372
26.03,72302
25.96,48722
25.93,344168
25.97,298910
26.51,157783
26.9,122013
26.88,110553
26.94,77193
26.89,71911
26.91,339959
26.58,109853
26.55,54020
26.67,27707
26.71,52582
26.68,45485
26.69,115757
26.95,100803
27.37,96525
27.37,69506
27.28,117389
27.17,106227
27.15,238042
27.31,115179
27.41,132934
27.32,81318
27.5,99028
27.38,96624
27.64,266790
27.21,203451
27.15,123207
27.05,56105
27.16,37185
27.27,43949
27.33,252145
27.18,99380
27.38,55978
27.23,38775
27.25,57141
27.26,62055
27.27,135493
27.55,49452
27.34,77965
27.02,50714
27.14,25050
27.06,58694
27.04,182243
27.65,151562
27.62,109059
27.6,66771
27.54,134003
27.45,76357
27.39,143449
27.59,89806
27.52,65178
27.56,84130
27.51,29334
27.46,125998
27.19,227652
27.08,75487
27.11,64777
27.17,22273
27.22,26212
27.27,53962
27.4,201499
27.41,51661
27.37,72798
27.34,62142
27.4,90770
27.27,141672
27.24,261981
26.8,261911
26.79,202621
26.81,210209
26.89,111950
26.93,87234
26.94,183318
26.88,100340
27.02,104419
26.96,104991
26.75,147023
26.74,137563
26.75,230000
26.5,129987
26.37,191715
26.32,139261
26.32,238175
26.22,134342
26.21,506795
25.91,222566
25.93,166268
25.92,79714
25.91,86931
25.91,83885
25.81,467714
26.15,153630
26.24,260634
26.33,109742
26.3,88777
26.25,108817
26.29,156671
26.17,74532
26.44,113962
26.41,254513
26.41,320055
26.45,381164
26.39,300163
26.16,245201
26.05,92432
26.14,94102
26.11,66292
26.15,41786
26.13,206746
26.81,232714
26.75,108043
26.77,73680
26.8,152759
26.78,142121
26.76,325036
26.89,139576
26.77,80686
26.86,85211
26.93,83867
26.98,172014
26.92,445087
26.91,148449
27.12,121981
27.34,198571
27.34,0
27.11,54490
27.14,72815
27.34,49912
27.31,39463
27.25,43718
27.21,120757
26.52,187475
26.32,134687
26.36,173717
26.25,109298
26.31,66541
26.36,377366
26.62,101465
26.63,81571
26.68,61413
26.83,71442
26.79,51188
26.81,255576
26.83,82441
26.87,78237
26.86,29128
26.82,126775
26.75,117734
26.66,214998
26.64,135967
26.9,54498
26.89,53863
26.93,66596
27,133822
27.08,316651
27.57,105440
27.58,82828
27.49,53456
27.47,42411
27.43,49531
27.41,146181
27.53,123478
27.69,95998
27.59,92130
27.61,248755
27.53,238265
27.69,330757
27.64,126683
27.33,124674
27.36,85242
27.25,95666
27.22,83449
27.17,314279
27.45,138697
27.46,108064
27.47,50673
27.47,113899
27.48,70759
27.47,345236
28.49,488889
28.54,355511
28.66,214898
28.69,102212
28.57,132567
28.57,435903
28.93,208313
29.08,201324
29.39,151688
29.49,84363
29.52,105834
29.48,253617
29.57,281751
29.38,113020
29.52,144886
29.45,70560
29.5,71764
29.51,269339
29.38,207809
29.56,213456
29.78,237738
29.7,144732
29.86,208176
29.91,377358
30.14,246310
30.4,203916
30.47,160743
30.62,77256
30.52,99004
30.42,441009
30.28,243596
30.31,206363
30.27,136315
30.29,149805
30.28,232286
30.12,364885
30.16,169145
30.11,143645
30.13,121049
30.13,201365
30.07,249404
30.29,429014
30.17,173924
30.28,108941
30.18,52341
30.23,63807
30.02,130084
29.86,295794
29.95,237070
29.88,85354
29.88,57871
29.8,71921
29.67,90202
29.72,419490
30.01,65121
29.92,21080
29.84,22156
29.82,16927
29.79,88473
29.69,189353
29.65,185854
29.35,84803
29.4,107022
29.43,73430
29.39,86467
29.42,316612
28.98,150875
28.76,98473
28.93,87388
29,22215
29.03,43960
29.06,248935
28.99,47671
29.14,71051
29.22,25335
29.35,24758
29.35,37829
29.34,140661
29.48,60596
29.47,34804
29.42,31190
29.47,36877
29.36,55656
29.14,139109
29.43,62525
29.55,37715
29.52,30399
29.45,55106
29.64,54942
29.66,186619
28.74,159152
28.65,97633
28.77,50171
28.9,22731
28.97,42799
29.02,135100
29.03,26992
29.07,40675
28.79,38149
28.85,43955
28.9,71558
28.94,136893
29.08,68173
29.02,36219
29,47369
28.84,43317
28.74,52988
28.96,105496
28.93,193067
29.17,90745
29.21,57886
29.14,44850
29.11,54919
29.23,120411
28.72,116461
28.8,45579
28.82,40928
28.84,38488
28.78,44501
28.71,164356
28.25,95916
28.09,68924
28.16,64800
27.98,57141
27.98,57343
28,317220
27.64,181480
27.52,116919
27.48,169421
27.52,74336
27.45,96745
27.39,322574
27.25,127892
27.37,102137
27.22,90744
27.32,78582
27.28,188742
27.22,324781
27.25,82054
27.19,49242
27.23,33701
27.15,41695
27.15,59879
27.08,142739
27.21,103783
27.13,85492
26.92,57220
26.87,48849
26.93,29896
27.01,124903
27.03,225679
26.72,161959
26.68,58264
26.68,59995
26.6,60688
26.58,180917
26.38,120411
26.38,80979
26.37,74768
26.42,57353
26.54,98107
26.53,173687
26.83,93136
26.7,81290
26.56,45364
26.53,35094
26.61,44207
26.64,173930
26.53,319786
26.4,111910
26.53,54496
26.58,31335
26.56,35292
26.66,130976
26.98,49310
26.91,43208
26.84,20301
26.94,21734
26.86,27834
26.83,90749
26.96,94888
27.02,64769
27.13,51348
27.2,35026
27.22,62514
27.17,136330
27.27,122304
27.07,64416
27.11,76254
27.11,44201
27.11,71436
27.1,116617
27.18,55770
27.14,67740
27.02,71304
26.96,73601
26.96,127823
26.86,394330
27.29,69190
27.24,78439
27.19,44183
27.18,53774
27.22,67706
27.25,147359
27.08,133151
26.93,90671
26.87,71030
26.87,69958
26.83,86898
26.9,202919
26.71,123264
26.64,123673
26.55,57807
26.45,48668
26.58,60436
26.7,187814
26.69,166065
26.58,49869
26.54,54318
26.51,41359
26.51,40223
26.46,184697
26.41,140417
26.51,157201
26.5,72668
26.59,46351
26.57,166194
26.52,418213
26.8,101038
26.9,35380
26.76,34196
26.84,37457
26.75,61352
26.79,154786
26.88,79714
26.9,153460
27.15,126347
27.31,72272
27.3,54631
27.22,198034
27.23,207413
27.29,121312
27.21,63860
27.19,112650
27.16,87000
27.04,235750
27.64,57834
27.61,56563
27.6,65559
27.57,41990
27.5,224790
27.54,254812
27.25,176647
27.19,148421
27.2,48188
27.13,116079
27.13,79823
27.18,188238
26.88,56197
26.94,53904
27,33609
27.02,30493
26.99,29452
26.99,82872
27.15,48400
26.97,31955
26.93,39240
26.85,31202
26.89,35147
26.85,124631
27.22,68851
27.16,38757
27.16,28302
27.19,58594
27.12,87700
27.02,119852
26.67,89044
26.57,73203
26.64,71757
26.47,39907
26.51,89428
26.43,268325
26.32,133007
26.2,92146
26.06,79131
26.06,83964
26.02,66534
25.99,141419
25.95,76718
25.76,111318
25.87,38196
25.86,52159
25.92,76025
25.9,139804
25.86,93208
25.77,80732
25.64,54277
25.61,70044
25.47,89234
25.43,166219
25.71,118286
25.77,120742
25.85,83030
25.64,77075
25.64,63754
25.66,144094
25.8,116299
25.8,112891
25.91,110354
25.78,91239
25.8,84964
25.89,198177
26.08,79677
26.05,58446
25.98,97468
25.83,141292
25.66,143232
25.79,282388
25.51,118239
25.35,136184
25.32,168064
25.16,105775
25.14,126316
25.02,319037
24.85,229701
24.63,184706
24.56,89317
24.55,101545
24.47,149351
24.41,550025
24.26,221145
24.22,99950
24.32,181578
24.26,102318
24.11,156794
24.16,320914
24.29,160288
24.29,51044
24.1,66776
24.21,65488
24.36,62015
24.41,282399
24.09,211825
24.07,230004
24.61,158620
24.39,139593
24.52,87992
24.58,232908
24.38,275216
24.28,170170
24.45,187651
24.46,141320
24.7,222307
24.77,269979
25.28,352739
25.5,200703
25.56,82267
25.64,95075
25.55,211239
25.42,177253
25.54,70066
25.57,148993
25.35,71895
25.37,102000
25.37,56281
25.37,168934
25.1,181686
25.28,112127
25.2,123016
25.4,107073
25.15,68396
25.18,170846
25.64,192003
25.57,121412
25.41,96878
25.17,150925
25.03,109948
25.13,279913
25.27,115782
25.47,272442
25.4,164166
25.33,273653
25.33,144432
25.34,400949
25.44,421723
25.74,312556
26.07,179515
26.1,165681
25.9,89697
25.91,260834
26.27,575108
25.85,298188
25.81,228319
25.86,343777
25.94,217129
25.74,439571
25.81,244774
25.83,158125
25.82,226696
25.93,235161
25.81,297198
25.57,583911
24.94,252588
24.92,248673
25.03,95123
25,118095
24.9,122237
24.8,470303
24.45,265680
24.52,225062
24.59,251302
24.49,199904
24.37,168839
24.3,692378
24.23,248208
24.13,304491
23.99,199649
23.92,272958
24.02,187321
24.02,713152
23.77,163923
23.83,231417
23.94,111504
23.82,101802
23.93,86398
24.06,176339
24.25,380888
24.58,298591
24.58,231573
24.45,139090
24.59,92559
24.72,305324
24.03,217533
24.1,338993
24.05,172020
23.86,119728
23.73,131727
23.53,537088
24,210128
23.92,101755
23.86,49641
23.9,95455
24.12,95779
24.16,301503
24.28,92931
24.44,61136
24.5,84123
24.52,144361
24.56,245506
24.7,414781
24.84,124283
24.98,129843
24.92,111595
24.67,116989
24.71,229667
24.79,380263
25.2,314109
25.56,144181
25.61,77926
25.66,54414
25.78,233642
25.88,639212
26.98,193643
26.73,100909
26.83,158941
26.86,112334
26.9,93537
26.89,267145
26.76,268894
26.47,204539
26.6,94912
26.48,88667
26.47,82691
26.59,269112
26.51,120004
26.47,70201
26.47,69560
26.34,191057
26.43,101335
26.43,268482
26.35,43280
26.26,96278
26.14,46577
26.13,41206
26.25,78933
26.13,285930
26.19,276211
26.1,60533
26.19,40470
26.26,141984
25.88,100636
25.81,288249
25.97,50436
25.79,61020
25.76,69147
25.93,120929
25.96,40428
25.96,238932
26.05,74588
26,82151
26.12,51276
26.13,35647
26.06,75987
26.09,112639
27.13,192824
27.38,275343
27.45,202941
27.54,180348
27.45,156496
27.54,541309
27.83,207589
27.85,193811
27.83,170454
27.89,112289
27.88,164213
27.82,411923
27.76,270473
27.54,256644
27.61,174123
27.64,142598
27.7,116223
27.69,226677
27.88,181637
27.98,331685
28.03,164017
28.12,105409
28.17,169720
28.12,527007
28.14,104229
28.17,310785
28.22,146065
28.17,137772
28.29,63714
28.36,176769
27.85,145280
28.09,69424
28.01,88287
27.97,52896
27.9,67528
27.93,311042
27.93,106356
27.93,115913
27.89,72047
27.85,80406
27.83,130602
27.82,205959
27.81,70852
28.06,55281
27.95,90075
27.95,0
27.86,114523
27.85,72478
27.87,74048
27.77,60831
27.83,57081
27.8,108239
27.62,85063
27.85,36130
27.85,90483
27.69,66497
27.72,59104
27.78,181235
28.41,167040
28.5,196744
28.56,65613
28.72,113850
28.68,81361
28.64,394561
28.67,101206
28.85,78841
28.77,82022
28.79,49388
28.86,58166
28.95,321586
28.94,176942
28.91,147744
29.19,115862
29.42,114281
29.33,112252
29.3,196427
29.24,157554
29.13,75031
29.26,73731
29.22,73726
29.2,132671
29.21,195068
28.96,85724
28.88,102379
28.95,79927
29.01,67131
28.99,43948
29.02,142184
29.64,657685
29.69,199572
29.53,105996
29.29,73370
29.25,78834
29.08,180022
29.2,105323
29.16,81682
29.19,58834
29.15,78808
29.15,152678
29.13,162375
29.13,120196
29.39,68118
29.34,34203
29.38,40426
29.38,45295
29.38,110191
29.24,112152
29.2,78250
29.21,106934
29.27,76109
29.3,73891
29.25,256678
29.03,76271
29.17,68542
29.21,86253
29.19,105490
29.11,47932
29.13,189699
29.18,89723
29.23,62560
29.27,72305
29.23,42514
29.28,379732
30.34,441075
31.6,394137
31.72,391746
32.13,275742
32.11,343371
32,190060
32.22,562269
32.04,137603
31.96,184902
31.87,105227
31.72,85706
31.59,116323
31.6,411760
31.84,256664
31.8,153228
31.94,63871
31.78,113722
31.81,158239
31.72,120438
31.59,234440
31.41,164132
31.68,142124
31.74,48223
31.81,111703
31.83,123891
31.63,142253
31.77,80917
31.86,94573
31.85,50044
31.76,184904
31.47,319924
31.51,77350
31.53,71367
31.43,50103
31.26,57103
31.26,41472
31.27,112759
31.83,68915
31.64,51411
31.74,43126
31.82,47802
31.73,57310
31.71,114749
31.8,84176
31.95,78537
31.98,57395
32.03,66611
32.11,73266
32.1,142444
32.07,64472
32.04,39433
32.04,23629
32.02,53895
32,74859
31.98,86190
32.15,48161
32.11,42612
32.11,112068
32.15,24911
32.13,17750
32.1,125617
32.09,64096
31.97,44920
31.89,31935
31.88,38152
31.89,34682
31.95,147156
31.73,129830
31.95,100203
32.19,114209
32.26,63390
32.2,72572
31.95,328225
31.64,211446
31.58,85412
31.6,215695
31.74,138591
31.74,141187
31.87,160377
32.33,150602
32.34,86570
32.36,75049
32.18,49480
32.25,89428
32.13,139703
32.53,156990
32.85,114627
32.74,137527
32.65,91721
32.66,79252
32.58,230909
32.04,179351
32.12,94433
31.98,86895
32.03,27279
32.12,62195
32.24,204560
31.86,190558
31.8,139111
31.91,86931
31.91,72011
31.89,182957
31.82,138406
31.61,122917
31.68,120353
31.61,167557
31.55,134887
31.62,132836
31.76,302690
31.38,255433
31.26,199974
31.17,154882
31.23,114493
31.36,119680
31.39,354579
30.84,310554
30.65,573714
30.76,211719
31.01,85579
31.18,112696
31.19,400717
30.36,490415
30.38,344360
30.52,148425
30.43,185309
30.43,176711
30.31,418721
30.17,358127
30.08,155338
30.22,67119
30.1,105801
30.09,56034
30.02,129388
29.92,154849
29.86,141159
29.86,70528
29.92,70601
29.94,69979
29.96,130416
30.2,109423
30.24,107014
30.19,93691
30.37,123352
30.5,158360
30.48,233347
31.16,220359
30.94,95043
30.87,92064
30.86,101036
30.85,73927
30.83,164475
30.78,53105
30.83,77713
30.89,40638
30.91,117740
30.97,64503
31.03,230777
31.35,138241
31.35,165223
31.54,146607
31.48,66789
31.33,61936
31.36,189483
31.46,66249
31.26,122508
31.24,82673
31.29,55939
31.44,193159
31.47,412543
31.83,125293
31.77,44156
31.72,78516
31.66,67814
31.64,47017
31.72,154301
31.59,62182
31.61,108882
31.62,97669
31.53,23966
31.62,77375
31.6,173015
32.58,452332
32.68,314874
33,160397
33.01,170154
33.01,153179
33.03,434241
33.04,211298
32.92,142470
32.76,129561
32.77,102413
32.71,170256
32.56,298352
32.01,905579
31.26,394954
31.52,137679
31.73,86870
31.66,70775
31.77,236204
31.59,187479
31.67,111923
31.75,151072
31.72,120791
31.75,107524
31.91,198639
31.4,267388
31.29,122063
31.23,166138
31.33,70049
31.33,86029
31.31,338668
31.38,148588
31.22,53042
31.32,128069
31.29,70986
31.34,59763
31.27,145605
30.96,90349
31.11,66693
31.28,73047
31.41,72879
31.51,53491
31.43,103593
31.25,105540
31.27,112372
31.11,46094
31.17,51425
31.46,54751
31.45,154449
31.37,94379
31.3,70719
31.17,64178
31.37,40719
31.33,32730
31.25,125677
31.67,113138
31.74,165493
31.98,91520
31.99,124945
32.12,97847
32.01,317578
31.01,286250
31.09,92258
31.13,47445
31.08,61395
30.95,138907
30.78,249737
31.38,117809
31.29,59749
31.29,30560
31.33,48599
31.25,56823
31.33,103167
32.34,232617
32.06,126749
32.2,101223
32.05,67632
32.18,73788
32.26,269191
32.18,86554
32.16,93498
32.26,83603
32.25,54555
32.27,48962
32.29,96623
32.25,82004
32.28,44470
32.2,36393
32.19,54285
32.25,51529
32.3,176561
31.71,132016
31.81,47150
31.75,49181
31.77,70469
31.93,88786
31.94,135536
32.15,178988
32.17,140378
32.24,88788
32.02,74938
31.88,78653
31.8,247312
32.17,75299
32.27,79711
32.2,85920
32.17,89015
32.2,52133
32.08,145032
32.41,62597
32.11,70876
32.06,36280
32,132140
31.88,36677
31.92,113742
32.12,253957
32.49,96789
32.46,70842
32.49,64625
32.39,85495
32.4,301456
32.75,134695
32.78,100011
32.6,53502
32.54,64615
32.51,69558
32.41,230422
33.02,98776
32.88,46057
32.61,96538
32.75,27145
32.85,49072
32.81,276616
32.66,76810
32.96,96603
32.88,83731
32.78,75470
32.91,66177
32.87,123908
33.21,267657
33.38,187358
33.72,132150
33.74,107139
33.53,87650
33.67,274356
33.82,131231
33.96,135807
33.85,89520
33.95,63574
33.98,90563
33.76,224559
33.89,154659
33.9,116391
33.81,56514
33.85,38427
33.79,94721
33.82,190423
34.14,47505
34.12,49902
33.96,61040
33.86,54820
33.99,58761
33.93,180232
34.24,129739
34.34,256275
34.01,259809
33.95,43073
34.04,46841
34.06,143782
33.98,100783
33.98,38632
33.9,25791
33.98,63457
34.2,100195
34.23,170121
34.34,155190
34.46,64532
34.47,86704
34.41,31433
34.34,54922
34.43,98288
34.75,86115
34.62,62089
34.69,43841
34.5,58887
34.54,41171
34.49,178039
34.01,68024
33.97,118780
34.17,98695
34.12,98389
34.09,121998
34.04,410866
34.03,190008
34.27,98995
34.31,73932
34.11,82973
34.14,127502
34.15,278565
33.99,79841
34.07,70705
34.2,77160
34.18,121236
34.31,65679
34.33,158875
34.51,97636
34.48,52295
34.61,36703
34.6,75559
34.42,45718
34.42,190802
34.32,84583
34.51,45088
34.57,51456
34.48,29831
34.45,120179
34.91,231971
35.51,188237
35.75,201213
35.7,56712
35.7,67500
35.69,89499
35.71,220249
35.54,161852
35.45,151852
35.43,94495
35.41,81287
35.41,111735
35.47,210264
35.41,74196
35.37,43233
35.26,46150
35.22,34508
35.23,60595
35.22,233710
35.26,72948
35.29,69374
35.21,40735
35.32,57399
35.45,164632
35.45,247950
35.81,154725
35.7,166273
35.81,120785
35.82,78703
35.77,78907
35.84,268305
35.78,86156
35.95,55450
35.99,59070
36.12,50926
36.13,92983
36.13,143990
36.05,106769
35.9,96623
35.81,58701
35.81,36214
35.78,39838
35.8,114182
35.76,182972
35.73,87321
35.64,58443
35.65,88187
35.61,120425
35.59,239580
36.11,98268
35.86,94464
35.76,46486
35.82,52247
35.78,53186
35.72,188306
36.09,72537
36.05,31884
35.95,26625
35.93,65467
35.82,120615
35.33,222801
35.2,83733
35.37,49802
35.55,26646
35.59,35946
35.4,64114
35.48,185490
35.66,53373
35.74,56283
35.69,53397
35.81,50821
35.85,38931
35.83,121728
35.71,103962
35.58,64351
35.76,88432
35.83,84931
35.8,54282
35.84,150412
35.15,156998
35.33,121349
35.1,131262
35.13,210619
35.07,131709
34.9,230273
34.72,127457
34.49,149666
34.66,116849
34.63,173422
34.8,120004
34.83,211208
34.24,106941
34.26,244817
34.19,132115
34.11,82854
34.09,155660
34.05,204491
34.8,160193
34.53,89847
34.56,75580
34.53,132061
34.28,149747
34.25,288807
33.03,659898
32.97,347738
33.12,253007
32.98,225086
32.99,225557
33.19,612718
33.76,396317
33.72,443674
33.73,255439
33.72,158737
34.01,139044
33.95,549994
34.01,119545
34.25,114549
34.23,87718
34.12,106391
34.1,118831
34.19,216020
34.99,277461
35.15,165673
35.36,103536
35.32,81270
35.33,167941
35.27,361494
35.35,107391
35.6,64034
35.73,69059
35.94,137072
36.06,95449
36.11,288187
36.44,210044
36.56,119981
36.5,45071
36.58,44198
36.58,63767
36.49,154598
36.56,89055
36.61,54120
36.44,51000
36.55,27559
36.68,44216
36.64,368881
36.02,151474
35.97,84191
36.02,56383
35.97,66847
36.14,66125
36.13,134372
36.44,100580
36.26,81783
36.23,47234
36.34,54669
36.24,76882
36.23,146919
36.24,79667
36.21,52915
36.08,25263
35.99,33615
35.98,78027
35.88,203629
35.71,69843
35.92,41308
35.75,23302
35.57,43675
35.66,63824
35.45,175916
35.37,66672
35.39,58270
35.36,21734
35.24,45624
35.27,106126
35.78,242160
35.45,100635
35.18,66152
35.08,54607
35.09,72122
35.19,89896
35.23,191785
35.71,207635
35.5,75818
35.55,36339
35.52,70654
35.56,51096
35.49,122512
35.78,105527
35.85,45201
35.84,26369
35.87,235675
35.93,195856
35.95,286318
36.28,109926
36.36,75817
36.22,59717
36.23,56591
36.18,78876
36.13,129933
35.95,89129
35.96,97829
35.92,97291
35.84,105374
35.88,164264
35.96,356942
36.16,84749
36.27,40835
36.27,85516
36.19,34566
36.26,141975
36.44,196577
36.98,117198
36.8,70948
36.74,129856
36.65,56975
36.72,77469
36.72,329326
36.87,73785
36.68,97208
36.73,93929
36.68,156196
36.65,123872
36.65,152734
36.86,96937
36.86,122138
36.94,232836
36.99,90021
36.84,57275
36.88,144191
37.28,109596
37.23,52385
37.1,56995
37.19,60740
37.07,33095
37.03,201209
37.03,196782
37.29,49752
37.44,82691
37.46,89489
37.34,87190
37.44,317487
37.5,114728
37.48,215716
37.45,119081
37.43,113622
37.42,54752
37.44,182247
37.54,78656
37.62,138047
37.58,91091
37.51,105860
37.49,167910
37.13,143567
37.28,43504
37.38,109278
37.37,44617
37.37,56754
37.52,57139
37.59,214443
37.91,160500
37.85,173400
37.8,105321
37.78,68162
37.88,131998
37.7,458118
37.76,140331
37.64,77910
37.82,103811
37.64,138858
37.29,245589
37.27,213348
37.72,118417
37.72,50586
37.74,38020
37.72,27729
37.82,31587
37.81,111195
37.81,102319
37.67,41773
37.68,36573
37.64,72271
37.41,93595
37.41,200618
36.92,180118
36.89,119151
36.88,109895
36.92,96868
36.92,56385
36.94,236801
36.97,140980
36.94,357618
36.17,167690
36.44,108651
36.83,191885
36.91,278389
37.2,319999
37.49,154297
37.51,57753
37.53,172168
37.83,196211
37.83,344784
37.89,125110
37.9,102071
37.7,14232
37.7,0
37.7,0
37.7,0
38.21,71449
37.86,40132
37.7,47892
37.72,60343
37.66,66830
37.89,135538
38,80745
37.83,27018
37.87,45880
37.89,62103
37.86,47201
38.08,190094
38.16,57875
37.86,28754
37.84,26341
37.65,82148
37.88,264635
37.87,433299
38.07,181127
38.12,195548
38.18,120291
38.23,155338
38.27,112449
38.32,205417
38.04,148285
37.9,173572
38.07,86266
38.15,47235
38.18,53112
38.18,212016
37.26,214167
37.08,115212
37.23,88696
37.21,74017
37.23,81744
37.31,142281
38.2,240589
38.14,185895
38.07,68284
38.05,86000
38.02,176943
37.84,210706
37.55,120015
37.55,132937
37.61,170059
37.51,205966
37.57,91937
37.65,237833
37.63,183737
37.67,102265
37.81,71939
37.76,54395
37.49,59624
37.62,166861
37.6,113399
37.68,58660
37.67,91737
37.7,41403
37.7,85324
37.82,256283
38.28,83963
38.22,52376
38.33,43171
38.27,36143
38.33,59609
38.36,147133
38.49,67318
38.45,46986
38.34,37041
38.46,57888
38.52,79125
38.53,166812
38.1,68731
38.24,51560
38.01,94432
38.03,56463
38.03,75435
37.98,394372
38.37,207405
38.61,49809
38.6,34216
38.58,41535
38.54,56605
38.54,196812
38.25,129824
38.08,67050
38.03,74969
37.99,54762
37.94,71840
37.86,281019
37.48,204787
37.38,106346
37.25,114090
36.99,208383
37.12,150132
37.32,193548
37.07,123994
37.32,67011
37.54,46869
37.52,53738
37.51,51022
37.56,198362
37.99,296145
38.38,197649
38.02,132392
38.15,113799
38.12,108094
38.05,316453
38.61,102370
38.14,71335
38.28,40839
38.3,75007
38.31,63023
38.38,170422
38.62,68680
38.61,102446
38.68,98909
38.88,73529
38.93,65021
38.96,255911
39.25,104093
39.19,102457
39.31,79781
39.31,0
38.95,60658
38.88,32210
38.8,26437
38.77,30263
38.86,55776
38.79,131859
39.23,69010
39.24,59373
38.91,117327
38.92,49339
38.93,94951
38.96,186258
39.2,104714
39.36,136037
39.99,119873
40.08,81135
39.98,102933
39.87,252271
39.82,62062
39.79,80713
39.73,40675
39.85,68325
39.89,63020
39.96,136222
39.76,95648
40.05,116456
39.98,80015
40.03,57569
40.18,74023
40.13,174933
39.49,155310
39.97,93967
40.17,59113
40.18,126753
40.16,60569
40.14,178078
40.13,194730
40.27,166282
40.44,63059
40.37,79623
40.32,122030
40.33,285365
41.76,218418
42.29,110171
42.15,203476
42.46,189197
42.5,97375
42.61,276878
42.42,358785
42.27,201748
42.58,204775
42.39,109143
42.41,91980
42.35,387776
42.36,289177
42.25,195156
41.65,125594
41.63,159531
41.49,146859
41.46,267845
41.66,280369
41.56,177329
41.61,137515
41.46,167122
41.52,98142
41.41,264855
40.49,166746
41.01,90548
40.7,103366
40.68,45107
40.67,43736
40.56,165175
40.77,97254
40.85,61146
40.95,102761
40.97,167840
41,117571
40.99,675555
40.79,83688
40.81,96460
40.95,116310
40.92,74061
40.83,126436
40.68,329366
40.58,150893
40.5,124419
40.35,261060
40.48,122716
40.47,98191
40.24,278047
40.16,277674
40.21,222368
39.97,147758
39.96,113930
40.06,137211
40.05,249308
39.7,133558
39.55,61578
39.73,53077
39.47,36383
39.48,37879
39.56,125630
40.13,134612
39.79,63646
39.81,56475
39.51,90494
39.47,66108
39.31,231246
39.39,214011
39.51,112719
39.33,71660
39.27,112642
39.21,125030
39.32,446730
38.13,284906
37.91,250648
37.93,99465
37.83,183346
37.64,105168
37.53,379449
36.73,294337
36.34,207733
36.4,167746
36.3,155532
35.9,277316
35.87,576285
34.47,396880
34.72,242596
35.33,308689
35.2,144584
35.35,138847
35.18,488802
35.52,254094
35.63,141950
35.7,50643
35.72,56386
35.71,88289
35.68,436121
36.96,259930
36.61,139382
36.29,84376
36.15,98355
36.06,131767
35.86,393923
36.53,133990
36.52,135594
36.52,126585
36.62,71402
36.69,129176
36.85,434716
36.69,126789
36.9,97669
36.54,68179
36.6,57731
36.58,73187
36.7,248381
36.71,99123
36.75,156156
36.83,84413
36.68,105293
36.57,35971
36.58,228098
36.7,74384
36.71,40144
36.72,30462
36.79,23365
36.82,38896
36.81,187790
37.01,51059
36.96,128747
37.12,76580
37.16,60117
37.25,50269
37.32,269370
37.93,132763
37.97,174089
37.86,70957
37.82,49891
37.66,101887
37.58,354576
37.73,140970
37.67,76795
37.62,72853
37.69,60107
37.75,70291
37.81,272754
37.93,47190
38.05,54003
38.02,28509
38.09,38898
38.06,63182
38.1,191164
37.1,188933
37.33,141662
37.29,85651
37.26,102755
37.24,60055
37.21,263356
37.11,176848
36.94,205401
37,167026
37.09,93335
37.03,194888
37.12,269282
37.19,86532
37.25,84928
37.31,82188
37.44,131370
37.43,185225
37.67,442919
38,122980
38.27,387663
38.18,102198
38.12,147956
38.04,102986
38.12,408794
38.3,150754
38.19,163780
38.15,140769
38.32,148132
38.32,107342
38.32,542436
38.35,96307
38.39,83063
38.21,101501
38.11,27891
38.2,63570
38.13,384140
38.27,244211
38.49,214898
38.55,81193
38.3,107360
38.11,123397
38.25,358363
38.17,300611
38.3,177797
38.57,112528
38.62,190804
38.63,176236
38.55,485743
38.7,119079
38.8,115020
38.74,91110
38.85,110742
38.95,159722
39,431391
39.06,321813
38.87,181839
39.15,130841
39.2,98872
39.18,156369
38.99,564279
39.27,180770
39.24,140441
38.91,76646
38.97,149214
38.78,106721
38.73,410594
38.87,155977
38.76,160041
38.5,68821
38.5,101432
38.73,187224
38.81,333905
38.36,207404
37.98,321340
37.42,186107
37.36,110199
37.59,208474
37.42,402459
38,154097
37.92,135006
38.19,145577
38.35,105141
38.17,94096
38.19,340843
37.97,410907
37.47,190778
37.17,120614
37.09,701847
37.8,199783
38.08,467828
37.16,255318
36.91,138940
37.08,93980
37.22,56133
37.3,114068
37.46,335572
37.58,168295
37.67,95199
37.73,87811
37.77,101703
37.77,236221
37.57,511980
37.65,178943
37.31,252276
37.34,114136
37.23,78722
37.33,158666
37.17,310679
37.87,122517
37.69,95695
37.65,154850
37.71,64763
37.78,64935
37.85,249713
38.1,169044
38.25,137557
38.38,95928
38.19,96550
38.24,94099
38.18,309403
38.28,144633
38.17,215175
38.25,113103
38.23,187220
38.34,484242
38.44,746105
39.13,280062
39.32,130173
39.19,167567
39.34,153992
39.41,389951
39.57,853329
39.14,253611
39.17,176546
39.05,76413
39.05,112618
39.04,85163
38.95,764610
38.87,158018
38.63,86825
38.49,79243
38.5,78425
38.57,75944
38.52,283595
38.52,230350
38.22,143027
38.05,83048
38.03,71182
38.16,69957
38.18,391292
37.82,108934
37.79,174704
37.81,176236
37.92,98978
37.94,109872
37.97,296617
37.97,329420
37.98,195490
37.98,190847
38.08,230715
38.31,142998
38.25,511770
38.2,181480
38.43,120800
38.34,84734
38.29,56407
38.24,83405
38.22,303041
37.97,165599
38.28,232609
38.35,176685
38.3,218679
38.22,216258
38.19,387052
37.87,159789
37.99,96743
38.07,69027
38.12,82732
38.08,144209
38.12,243354
38.13,212670
37.9,246367
37.93,129546
37.81,118046
37.86,112325
37.81,292084
37.5,139730
37.63,81488
37.74,96385
37.78,81064
37.87,130139
37.9,327935
38.74,244880
38.41,126539
38.48,112835
38.66,147868
38.7,127306
38.73,376576
38.91,144631
38.88,150984
38.76,80603
38.73,63049
38.65,94683
38.47,230310
38.7,344403
38.67,210182
38.7,56837
38.72,191149
38.78,111994
38.77,305844
38.69,198025
38.66,141864
38.91,78878
38.88,238312
38.89,173145
38.73,442641
38.62,113392
38.53,69040
38.54,63471
38.56,114119
38.56,128123
38.51,536756
40.63,623771
40.47,250198
40.59,104831
40.48,146461
40.63,280012
40.59,438369
40.5,179386
40.57,190734
40.58,119963
40.67,130607
40.6,179614
40.56,546386
41.44,410605
41.07,441920
41.29,249969
41.22,150588
40.95,354412
41.15,666832
41.38,239055
41.31,226647
41.28,255612
41.5,445179
41.55,262230
41.48,423150
41.38,285652
41.42,167787
41.38,101623
41.38,237318
41.41,190430
41.37,518581
40.83,388054
40.91,174705
41.07,158984
41.07,132031
41.05,150460
40.99,537819
40.82,152716
40.75,187903
40.61,140367
40.54,412337
40.5,101118
40.43,551811
40.4,190519
40.63,188573
40.79,114265
40.75,51181
40.75,87711
40.77,615704
40.78,189953
40.94,77628
40.98,50906
40.97,97747
40.74,140895
40.87,388501
41.03,292896
40.87,261963
40.67,135894
40.81,247703
40.87,194129
40.97,469436
41.18,163219
41,147355
40.69,155879
40.68,81996
40.49,184831
40.54,389567
40.86,136899
41.01,102527
40.97,115908
41.05,84781
41.06,156701
41.17,321543
41.21,139051
41.15,129945
41.15,93310
41.22,108071
41.08,129388
41.17,386723
41.26,409617
40.96,161750
41.27,166501
41.19,166032
41,216572
40.94,359722
41.09,203521
40.53,172856
40.58,143890
40.6,139560
40.5,104307
40.57,418944
40.79,205881
40.84,50078
40.68,96277
40.58,105861
40.52,108419
40.53,343831
40.16,228879
40.06,282554
39.78,140606
40.02,174593
39.97,67349
39.93,572416
40.46,100846
40.43,340409
40.38,124043
40.41,123879
40.32,143224
40.28,692954
43.06,910147
43.52,644019
43.72,356114
43.98,531719
43.84,401767
43.69,1951668
43.42,358150
43.42,189927
43.35,144206
43.25,149230
43.3,314915
43.41,882550
43.84,355964
43.73,238069
43.49,146423
43.74,328149
43.79,213728
43.76,524414
44.68,237832
44.75,198394
44.85,223239
44.86,248765
44.6,138200
44.63,507542
44.81,246711
44.67,414918
44.64,347350
44.43,260508
44.53,229509
44.44,545234
44.64,258447
44.7,216844
44.72,349924
44.56,282886
44.52,83145
44.32,515544
44.47,205064
44.53,219079
44.43,283447
44.28,247458
44.28,203345
44.51,533003
44.65,225527
44.66,216999
44.87,173176
44.83,253658
44.82,405890
45,542884
45.17,224743
45.29,197428
45.38,176789
45.35,137494
45.2,152399
45.2,511782
44.8,198060
44.88,197837
44.96,68410
44.94,131129
44.98,115184
44.8,366784
44.61,137609
44.71,178791
44.56,145668
44.47,100866
44.48,111871
44.53,473804
45.1,379971
45.28,210253
45.28,212793
45.34,177007
45.21,316930
45.14,466011
45.18,261330
45.49,230146
45.55,200725
45.37,210931
45.43,169948
45.4,412260
45.86,296572
45.69,249851
45.81,203888
45.9,256690
46.08,368994
45.97,894940
45.96,129099
45.91,140343
45.85,84992
45.99,105632
46.06,151403
46.16,451795
46.27,188506
46.24,106762
46.16,149048
46.22,119784
46.19,66417
46.07,162016
46.13,224479
46.29,282679
46.19,610362
46.19,0
45.77,144909
45.38,165925
45.48,113661
45.62,190321
45.66,129074
45.62,461837
45.55,207049
45.22,177737
45.15,159782
45.41,163321
45.36,161629
45.24,588427
44.98,190041
44.72,142360
44.64,109467
44.75,168162
44.68,144587
44.82,239882
45.43,295776
45.45,116071
45.53,102289
45.53,92880
45.57,116471
45.58,388796
45.41,149767
45.37,138984
45.32,125725
45.27,122663
45.28,103105
45.24,282635
45.34,176353
44.87,205448
45,82276
44.89,113503
44.96,142533
44.81,401969
44.83,205132
44.72,159451
44.75,169462
44.63,110919
44.46,183322
44.51,254698
44.39,113212
44.4,107040
44.35,138964
44.38,323520
44.62,170699
44.64,422308
44.91,192482
44.91,124987
45.01,159305
45.09,152548
44.97,144876
44.93,358406
44.38,178744
44.28,88529
44.34,125930
44.29,93808
44.24,124148
44.38,378736
44.2,130706
44.16,154402
44.05,136961
44.13,100384
44.18,166787
44.26,378586
43.88,235065
43.71,214368
43.71,215750
43.61,180448
43.49,193320
43.5,418959
44.02,209748
44.05,185987
44.05,86026
43.9,95103
43.84,488515
42.99,1093849
43.2,255978
42.61,233981
42.49,177893
42.25,125441
42.57,155914
42.2,447336
42.37,271348
42.78,228803
43.06,265166
43.06,212924
42.94,185657
43.01,562304
42.59,12574
42.84,99218
42.97,78831
42.97,139870
42.97,0
42.97,108839
43.1,43385
43.21,53458
43.13,38836
43.13,32767
43.17,131838
43.45,118814
43.13,65560
42.94,70812
42.96,34798
43,35926
43.15,225188
42.47,52855
42.6,39045
42.68,31922
42.76,39043
42.83,63098
42.81,150807
42.93,82574
42.68,51502
42.59,47088
42.69,49604
42.63,39507
42.64,190507
43.3,159642
43.17,131730
43.08,191073
42.9,144795
42.75,124585
42.85,333537
42.98,187710
43.17,145149
43.15,56201
43.14,117396
43.14,106580
43.28,297909
44.19,187465
44.14,317282
44.71,170839
44.52,121582
44.24,190361
44.14,459476
44.73,359859
45.04,223104
44.84,274105
44.87,165574
44.99,373856
44.92,690263
44.52,300718
44.76,238000
44.84,301918
44.7,215169
44.81,233571
44.78,346620
43.97,344146
43.69,202207
43.5,224168
43.85,136428
43.97,211298
43.91,364880
43.75,179099
43.67,111588
43.49,136613
43.64,121682
43.73,180931
43.71,694429
44,327169
44.27,206336
44.05,174617
44.39,158177
44.61,182688
44.44,505461
45.89,498830
45.88,245801
45.84,234505
45.74,229213
46.03,217148
45.93,666400
45.78,296803
45.37,328180
45.31,261278
44.76,249461
44.92,191318
44.86,486318
45.41,316626
45.39,173481
45.39,352927
45.09,191868
45.14,284018
45.27,533368
45.7,311766
45.64,253136
45.68,128780
45.42,191848
45.41,162294
45.25,494237
44.86,169996
44.88,158850
44.77,159984
44.6,130783
44.74,126385
44.7,484936
45.33,168015
45.39,361772
45.38,156039
45.46,121809
45.25,117305
45.14,301544
45.17,155800
45.43,74404
45.52,86682
45.39,80768
45.36,72006
45.23,232958
45.42,224373
45.23,181074
45.3,117468
45.18,142605
45.35,221650
45.53,785009
45.74,171311
45.88,155186
45.43,104195
45.52,82741
45.46,163203
45.54,284609
45.85,124927
45.85,118196
45.66,69265
45.59,82818
45.54,182071
45.54,306885
45.47,152129
45.3,134528
45.41,74984
45.39,131607
45.5,216020
45.61,421037
45.36,118763
45.15,85038
45.16,86701
45.25,157424
45.15,181434
45.01,388673
44.05,236968
44.67,168517
44.74,153028
44.77,122573
44.91,210256
45.08,383297
45.4,210026
45.44,233321
45.61,180916
45.5,87404
45.59,119360
45.56,348929
45.47,152169
45.48,169484
45.48,148421
45.47,91539
45.53,94148
45.49,396866
46.05,277832
46.4,175908
46.62,686962
46.46,272828
46.35,110208
46.23,369092
46.49,240824
46.2,158912
46.32,133331
46.36,82529
46.22,100600
46.22,302373
45.79,149688
45.58,203693
45.26,121242
45.37,75935
45.38,44752
45.44,276149
45.29,152086
45.26,92309
45.44,77811
45.49,79872
45.44,102118
45.54,238199
45.11,258842
45,144552
44.76,129441
44.92,215468
44.8,165771
44.87,368562
44.98,167940
44.78,124360
44.83,187764
44.71,138959
44.77,116206
44.9,368303
45.58,81810
45.45,67968
45.43,50683
45.47,87282
45.66,91519
45.64,360410
45.1,295695
45.05,376887
44.95,108954
44.98,142318
45.04,69038
45.12,236628
44.4,229459
44.38,182758
44.48,121387
44.49,133495
44.59,120197
44.68,372484
44.67,199081
43.94,175027
44.01,96635
44.06,76716
44.11,85163
44.2,302817
44.1,240434
44.1,110519
44.21,133603
43.76,148483
43.54,229923
43.43,443521
43.62,193745
43.6,129802
43.57,109110
43.64,201124
43.67,233022
43.45,462018
42.95,353868
42.59,304507
42.4,252505
42.59,166861
42.7,147043
42.71,515808
43.17,85974
43.23,76892
43.05,74774
42.96,109850
42.72,135132
42.7,289417
42.9,172432
43.27,71640
43.07,146295
43.16,184782
43.2,98597
42.93,350332
43.7,380391
44.15,394751
44.1,293321
43.88,233073
43.96,259201
44.39,733139
45.16,353679
45.4,285442
45.06,116119
45.11,194187
44.67,217306
44.43,575292
41.91,895750
40.96,604702
41.44,447041
41.63,243472
41.95,232098
42.12,679772
40.93,414647
40.93,331691
40.76,248068
40.94,388087
40.99,294944
41.18,574036
40.2,787629
40.43,561788
40.03,454409
39.97,270187
40,244960
39.91,449831
40.42,521648
40.21,331491
39.74,237491
40.05,197404
40.41,186117
40.46,420298
39.52,512927
38.44,307152
38.83,191904
38.6,130221
38.58,363161
39.1,433802
38.96,261968
38.64,195448
38.87,222361
38.85,184994
38.99,147927
39.3,338606
39,191173
38.93,189279
38.64,221924
38.62,193561
38.64,213163
38.87,462991
39.64,226481
39.82,170379
40.01,101121
40.02,131296
39.91,134883
40.02,352961
40.1,226448
40.12,151702
40.34,250605
40.5,161502
40.57,163240
40.71,562041
40.44,411926
40.61,245749
40.55,265173
40.59,180123
40.62,163960
40.72,401835
40.67,248764
40.72,142078
41.06,156620
41.04,115695
40.93,298425
41.57,561735
41.3,188282
41.68,105842
41.6,218694
41.52,233471
41.52,238547
41.54,1124190
41.14,184097
41.3,161313
41.22,153594
41.57,89672
41.64,95756
41.55,441044
42.18,205114
41.96,260479
42.01,104195
41.88,228571
41.85,236860
42.03,406534
42.22,140140
42.26,125385
42.24,192450
42.3,102251
42.23,97736
42.21,287639
42.61,212741
42.52,225725
42.09,181243
42.09,181006
41.92,109748
41.81,371064
42.03,250975
42.1,163467
41.82,103062
41.7,171621
41.63,84906
41.69,252015
40.86,274436
40.41,308225
40.52,199358
40.26,144619
40.19,146005
40.22,451964
40.04,261989
40.26,115462
40.41,94967
40.46,150753
40.37,147177
40.6,447672
40.35,213159
40.52,187958
40.66,116784
40.58,152568
40.43,128611
40.4,341267
40.46,170587
40.79,130845
40.71,90786
40.88,114417
40.78,143719
40.63,390702
37.14,1588092
36.57,984762
37.24,406500
37.18,320981
37.12,459957
36.62,1265622
34.17,1223711
33.39,907087
33.26,614173
33.82,474910
33.83,326171
33.37,1149348
33.83,2476418
34.55,881444
34.16,434533
33.9,596347
35.01,677577
34.51,923749
36.34,440042
35.45,391021
35.35,407208
34.82,449218
34.99,390201
34.43,914257
33.4,1142895
32.35,1047998
32.67,428064
32.89,1352708
35.9,1172356
36.12,1957278
34.72,474089
34.78,325715
34.54,427463
34.34,445360
34.98,360934
35.08,812488
35.06,474282
34.38,268508
34.44,239119
34.81,320161
35.21,251891
34.94,631843
35.87,449972
36.01,225924
35.57,246265
35.7,225546
36.05,119549
36.04,430884
37.31,375961
37.3,283918
37.39,251535
37.41,272092
37.42,273670
37.34,879105
36.89,395359
36.68,252529
36.85,217471
36.9,404736
36.44,277225
36.5,710122
36.77,507198
36.57,462436
36.71,287361
36.83,184959
36.87,215796
36.82,636418
36.15,221700
35.92,167114
35.76,138626
35.9,154747
35.74,108215
35.75,425519
36.9,249383
37.04,260827
37.2,190685
37.22,257661
37.01,144402
37.39,736779
39.05,398492
38.71,427412
38.24,267427
38.27,222381
38.27,220913
38.01,646269
38.1,219230
38.34,149165
38.58,169241
38.78,127069
38.72,137705
38.73,397423
38.68,187798
38.69,147497
38.71,134954
38.75,132233
38.64,90588
38.76,297492
38.98,152137
38.95,226390
38.79,93070
38.72,77613
38.77,131945
38.85,384993
38.85,298061
38.9,186673
38.93,137160
38.98,229478
39.16,98832
39.08,427280
38,330449
38.38,164285
38.59,136806
38.67,146201
38.68,207803
38.57,456697
38.88,227268
39.29,154790
39.22,125061
39.34,106613
39.35,147513
39.43,497989
39.9,199288
40.03,121595
40.06,141248
40.13,98900
40.09,176079
40.21,456303
40.13,190592
40.43,103471
40.44,85153
40.5,191240
40.5,161644
40.43,390955
39.95,210853
40.22,128284
40.19,185293
40.08,175567
39.94,159832
40.16,331419
40.24,153604
40.23,119844
40.29,81171
40.43,172607
40.26,211065
40.24,481532
40.66,268993
40.57,239645
41.02,130559
41.18,124312
40.98,105328
40.93,526398
41.02,230415
40.89,188115
40.91,118029
40.81,153048
40.97,102292
40.93,292409
42.47,488079
42.37,230726
42.18,215504
42.48,169999
42.43,188470
42.45,642981
42.89,414378
43.04,298587
43.27,418560
43.37,201435
43.3,208312
43.36,368252
43.41,291909
43.53,211823
43.67,311348
43.82,193624
43.77,202143
43.84,581845
43.52,540435
43.14,206587
43.13,190684
43.13,258402
43.33,227719
43.52,532345
42.92,265018
43.16,299503
43.46,131316
43.55,136038
43.64,137282
43.75,501198
43.85,325238
43.85,173868
43.86,72041
43.81,78905
43.71,58382
43.79,323218
43.63,174505
43.77,156936
43.9,149098
43.82,136015
43.72,144094
43.52,348879
43.42,312972
43.04,331642
42.71,252872
42.82,252110
42.43,424929
42.27,640947
42.21,309947
42.28,221205
42.43,161876
42.38,197243
42.49,139564
42.55,402366
42.1,360022
42.06,296050
42.15,334453
42.25,202976
42.38,304199
42.32,605317
42.67,244445
42.74,159780
42.9,186764
42.97,132277
43.21,61983
43.16,430730
43.36,304568
43.07,189418
43.02,267516
43.05,177656
43.18,185694
43.2,491871
43.19,200326
43.21,184958
42.99,144734
43.19,100047
43.13,121484
43.13,393786
42.9,223196
43.09,199159
43.02,265337
42.86,201478
43.01,374667
43.24,488468
42.51,301101
42.81,157213
42.92,184044
42.99,151398
43.04,238638
43.14,552638
43.01,218162
43.45,167121
43.62,129951
43.67,92946
43.64,120899
43.68,377440
43.76,153435
43.65,106087
43.49,105498
43.47,154704
43.54,131692
43.44,309983
43.07,468354
43.44,283381
43.57,161010
43.42,215166
43.52,247120
43.52,806581
44.25,303120
44.18,344173
44.13,216865
44.1,133476
44.14,221438
44.24,633985
44.63,201075
44.46,101103
44.36,133827
44.31,130817
44.44,84307
44.4,234096
44.28,146563
44.28,158125
44.32,99040
44.39,67929
44.37,146176
44.32,291732
44.59,593907
44.22,681447
44.01,313176
44,213750
44.09,410540
43.96,570715
43.61,160385
43.78,95219
43.69,80200
43.77,97981
43.82,91093
43.89,261204
43.07,251984
43.36,190688
43.63,117221
43.69,113198
43.62,208531
43.41,487130
43.87,186376
44.14,152238
44.02,78860
43.96,80521
43.81,103056
43.83,310397
43.81,181637
43.76,122741
43.66,118027
43.63,161364
43.48,165829
43.6,292308
44.02,182502
44.11,165963
44.2,122246
44.26,89949
44.26,302369
44.19,420251
44.71,220867
44.68,162952
44.8,155092
44.89,139850
44.72,214344
44.77,696564
45.11,156904
44.78,147300
44.69,228039
44.52,258926
45.14,135665
45.27,618470
46.2,200591
46.25,256160
46.02,222603
45.95,331135
45.99,343092
45.89,502430
45.84,148909
45.91,132993
46.07,99720
46.1,108139
46.15,74805
46.07,315786
46.48,221221
46.67,187202
46.56,166637
46.67,125876
46.75,136736
46.74,443069
46.48,251065
46.68,169731
46.57,165115
46.54,126326
46.38,183527
46.22,468262
46.73,489835
46.75,303232
46.68,274091
46.48,171841
46.31,266640
46.44,501786
46.69,469102
46.74,259596
47.09,335257
47.17,317803
47.48,328484
47.6,719090
47.4,540804
47.74,322767
47.86,258000
47.75,264657
47.7,410676
47.81,824259
48.42,296906
48.26,241118
48.14,311930
48.14,0
48.35,263889
48.24,208351
48.09,181531
47.7,170972
47.82,211716
47.76,356949
46.94,697413
46.25,467096
46.38,499833
46.46,302126
46.52,355491
46.58,845302
46.34,501813
46.03,305802
46.11,336685
45.99,330449
46.25,199090
46.17,551407
46.35,306209
46.4,303757
46.27,220417
46.31,196827
46.21,265187
46.11,480339
45.63,218800
45.72,176972
45.69,144321
45.79,148933
45.88,190109
46.03,465469
45.88,174710
45.94,167466
46.1,125425
46.1,114014
46.17,169073
46.2,462691
45.76,278272
45.76,214149
45.87,332019
45.65,306620
45.46,386504
45.49,1148881
45.31,319600
44.64,490819
44.66,224960
44.9,254390
44.93,235566
45.27,460060
45.3,325555
45.39,288478
45.74,234507
45.81,308355
46.11,341590
46.29,866173
46.26,272361
46.25,150988
46.39,161403
46.49,171646
46.56,209023
46.55,454903
46.71,323408
47.02,188100
47.16,134873
47.04,79884
46.98,116289
46.84,391267
46.81,261445
47.18,165088
47.31,69691
47.24,152848
47.2,163278
47.15,417272
47.31,209312
47.25,163372
47.28,75907
47.3,99153
47.42,128126
47.45,399087
48.1,379669
48.11,188857
48.15,265261
48,234694
48.07,173787
47.82,420669
47.29,192681
47.45,181035
47.4,88511
47.53,148151
47.65,114187
47.66,549395
47.68,131526
47.6,153647
47.46,77737
47.41,98281
47.39,91114
47.4,244774
47.58,158801
47.37,217706
47.28,245643
47.28,167654
47.24,124115
47.27,361131
47.27,228675
47.62,163383
47.5,78304
47.57,126088
47.59,239320
47.09,526929
47.09,269734
46.89,323967
46.74,122576
46.89,123137
46.76,183001
46.85,465160
44.83,377131
44.89,307091
45.02,344210
44.73,502638
44.89,536552
44.96,790816
45.27,197288
45.1,245238
44.94,201335
45.14,253095
44.99,236036
45.07,442013
44.85,335149
44.28,371691
44.53,250162
44.72,289436
44.86,371776
44.91,498209
45.12,232071
45.06,171284
45.04,101926
44.84,103097
44.81,135796
44.73,377758
44.56,170478
44.33,146708
44.41,177597
44.45,121680
44.43,144864
44.35,480018
44.54,360685
45.08,327543
45.15,200527
45.3,211516
45.42,163690
45.39,365454
45.38,281664
45.4,198786
45.63,131572
45.44,204904
45.52,126379
45.43,557306
46.2,374975
46.62,220244
46.75,118609
46.7,136937
46.69,87750
46.62,372822
46.79,212073
46.74,177900
46.72,384654
46.37,175058
46.3,205011
46.47,308539
46.45,172358
46.65,81887
46.68,88429
46.62,89970
46.72,98443
46.81,366221
46.74,222208
46.36,241460
46.34,136400
46.34,163285
46.31,169712
46.41,474404
46.41,307578
46.61,212515
46.86,164231
46.87,247550
47.01,172013
47.14,422708
46.87,208570
47.02,219874
46.99,190413
47.03,342901
47.16,377480
47.16,883593
47.27,285176
47.25,262287
47.45,242446
47.44,230099
47.62,181811
47.56,388991
47.37,179700
47.57,191461
47.53,117909
47.55,207109
47.56,167421
47.53,317041
47.8,562281
48.52,386191
48.56,173651
48.61,138503
48.64,252157
48.77,823872
48.63,460227
48.57,295183
48.53,208768
48.62,204830
48.62,161802
48.77,390574
48.54,173038
48.72,186387
49.04,164630
49.09,211162
49.21,227670
49.24,622083
49.38,201396
49.45,660480
49.46,581921
49.48,430759
49.5,350485
49.57,703973
49.72,261413
49.57,151264
49.76,101419
49.65,63011
49.62,150755
49.77,360978
49.86,260934
49.86,173535
49.94,135179
49.96,138481
50.03,182175
49.99,375077
49.36,392095
49.49,316583
49.33,189315
49.39,139575
49.33,227136
49.33,442485
49.54,376345
49.52,244599
49.32,179710
49.03,219927
48.94,167385
49.13,496971
49.56,322750
49.53,247079
49.63,202702
49.72,214576
49.96,207347
49.78,640599
49.7,475903
48.87,459248
48.94,249213
49.18,227797
49.01,152104
49.09,503735
48.69,331519
49.15,346713
49.07,237860
49.1,203167
49.05,879230
49.08,537989
49.31,368173
49.7,290726
49.76,233832
49.66,222945
49.72,194589
49.81,464135
49.98,327070
49.52,256799
49.69,222697
49.72,217374
49.65,232914
49.72,527199
50,379786
50.3,342043
50.17,171233
50.13,140434
50.19,239902
50.07,488999
50.25,123598
50.11,88267
49.95,66771
50.11,65125
50.11,82743
50.1,223252
50.45,123183
50.44,191273
50.1,88258
50.07,128141
50.13,179464
49.98,307231
49.84,273347
49.78,305176
49.91,375551
50.16,297502
50.24,354436
50.23,656463
50.85,231854
50.89,224242
50.92,147085
50.64,173428
50.73,444340
50.63,594858
51.13,488978
51.17,308553
51.3,182778
51.46,176404
51.28,200973
51.4,397533
51.52,191759
51.64,543963
51.73,337321
51.92,313029
52.01,241257
51.99,969063
51.68,313459
51.71,121335
51.62,121400
51.63,197337
51.33,143077
51.34,366519
52.29,145579
52.03,137079
51.64,89362
51.63,165580
51.01,148298
51.02,286988
51.61,157082
51.56,177030
51.08,132193
51.09,132328
50.96,108454
51.03,380402
51.28,225634
51.67,131259
51.41,61803
51.35,93218
51.18,90654
51.27,171190
51.97,174690
51.47,92772
51.59,60160
51.8,66229
51.79,88192
51.69,211376
51.68,134292
51.64,111259
51.65,73655
51.69,76254
51.63,67449
51.7,198646
51.64,197776
50.78,162145
50.88,193898
50.65,135225
50.6,99959
50.85,360864
50.43,222008
50.44,117310
50.52,303631
50.22,164851
50.13,150232
50.22,424701
49.91,269071
49.71,126777
49.75,108499
49.81,132595
49.9,159887
49.92,337941
50.42,184459
50.34,202451
50.24,212418
50.3,271228
50.21,178632
50.25,436375
49.84,349964
49.95,135833
50.01,145297
49.76,190459
49.8,158096
49.74,323612
50.17,225274
50.01,221762
49.68,151174
49.74,147741
49.75,133615
49.77,269118
49.4,189790
49.82,193139
49.8,105591
49.85,98882
49.61,131965
49.36,275746
49.22,223563
49.29,210810
49.19,179150
49.21,191245
49.28,212875
49.26,353668
49.42,308264
49.11,383792
48.66,232211
48.64,219367
48.55,176372
48.33,501770
48.61,353493
48.53,286537
48.65,384738
48.65,220038
48.47,242645
48.38,609763
48.15,401061
49.38,342920
49.63,295980
49.7,189489
49.86,274366
49.75,759193
51.38,600145
52.17,424443
52.01,297681
51.56,309288
51.59,230848
51.86,651586
51.3,433879
51.58,349675
51.12,332048
50.76,301217
50.48,453054
50.22,953235
50.32,639345
50.49,1155507
51.07,551760
50.63,409782
50.72,308758
51,649735
51.14,281734
51.6,223892
51.52,122502
51.58,136476
51.59,159184
51.58,433677
51.58,383468
51.58,175136
51.36,139584
51.16,139823
51.21,255758
51.18,538784
50.6,497870
50.33,292417
50.42,254761
50.43,257724
49.94,231866
50.43,443917
51,211572
50.97,234605
50.98,159445
51.08,186959
51.18,191154
51.05,493353
52.01,573512
51.95,248343
52.19,258902
52.04,174877
51.93,244493
52.03,870015
52.21,364350
52.23,327906
52.24,204228
52.26,122956
52.37,145880
52.31,381575
52.32,569200
52.24,333241
51.88,137740
52.03,155115
52.15,149306
52.11,351101
52.3,137969
52.17,139676
52.32,138055
52.21,177115
52.21,444455
52.28,574685
52.54,406628
52.78,369564
52.68,312721
52.62,234156
52.67,332776
52.5,700720
52.46,313025
52.48,328261
52.31,344289
52.38,344448
52.48,305775
52.74,931768
52.65,328180
52.44,346625
52.57,206797
52.55,196888
52.74,325185
52.81,535796
52.86,488136
53.34,399064
53.14,295957
52.86,413027
52.9,387335
52.89,998782
51.42,709251
51.49,502988
51.87,464897
52.35,352636
52.17,312188
52.18,985697
52.4,457205
52.5,421869
52.38,375978
52.71,233890
52.85,304989
52.99,1119204
52.7,546479
52.54,449964
52.32,400969
52.54,319895
52.74,309854
52.85,640110
52.99,257917
52.83,248051
52.97,208118
53.2,157757
53.12,135524
53.06,506324
53.15,239456
53.15,214937
53.33,183841
53.31,122968
53.2,104738
53.16,353146
54.05,431030
53.97,230545
53.73,168688
53.73,176450
53.66,218923
53.45,696251
53.12,334283
53.13,270128
52.86,218668
52.83,256121
52.67,240208
52.57,658124
51.98,394308
52.05,342960
52.16,293063
52.16,331647
52.14,211746
52.32,593752
51.66,349147
51.87,285089
51.74,194486
51.64,324930
51.36,499542
51.04,932871
50.9,417281
51,308195
51.24,373970
51.5,275469
51.38,308476
51.34,809490
51.65,385397
51.69,439634
51.74,252273
51.6,226125
51.51,147327
51.28,335134
52.12,346709
52.12,360535
51.21,556960
50.9,256633
50.77,351980
50.99,809112
50.56,597314
50.58,362264
51.07,149439
50.95,337297
51.02,308975
51.04,501909
51.24,286640
51.42,251100
51.32,164402
51.48,150751
51.54,182766
51.51,699404
51.74,281283
51.86,254014
51.96,151459
52.12,204171
52.21,221217
52.24,462031
52.21,294231
52.42,247736
52.49,162163
52.52,152747
52.51,184345
52.51,458049
52.89,415249
53.29,306836
53.18,390836
53.18,0
53.3,368664
53.05,271574
53.08,150571
52.97,201868
52.96,183202
52.71,696583
52.66,449204
52.82,318581
52.64,227819
52.5,306493
52.55,304955
52.79,543917
52.97,286712
53.16,295012
53.08,215971
53.43,203611
53.43,317666
53.53,635723
53.98,1012379
54.04,404034
53.91,262819
53.92,281359
53.86,614954
53.64,1370084
54.24,373529
53.92,244685
53.89,175333
53.95,157068
53.89,177053
53.73,492595
53.86,377239
53.6,254827
53.36,167324
53.56,215063
53.59,184707
53.63,543954
53.78,270812
53.82,329970
53.81,383608
53.42,334437
53.09,162089
53.28,482202
53.27,413433
53.49,276799
53.53,122158
53.51,249959
53.55,771784
54.11,1549070
53.57,398912
53.84,382626
53.84,243810
53.89,288122
54.07,289087
54.24,691679
54.19,375927
54.41,340407
54.6,273502
54.89,257637
54.81,195532
54.82,422189
55.33,323759
55.17,220626
54.98,249723
54.95,213245
55.11,237756
55.2,512790
54.93,352270
54.83,270497
54.55,187168
54.47,244014
54.71,301514
54.7,568952
55.12,443033
54.6,353522
54.47,234426
54.5,252673
54.2,234471
54.33,595090
54.78,415549
54.33,288117
54.08,335366
53.85,265169
54.06,407734
53.93,827437
54.46,277721
54.71,229860
54.6,197330
54.64,394659
54.79,236215
54.88,981424
55.42,199587
55.4,174906
55.67,258874
55.78,199331
55.62,141988
55.58,489445
55.8,249716
55.77,276546
55.65,144812
55.67,172836
55.83,224381
55.66,320597
55.72,216527
55.95,209085
56.1,316586
56.1,0
55.93,152645
55.95,97005
55.82,77476
55.82,95382
55.77,74100
55.76,253050
55.5,256311
55.29,260406
55.16,227836
55.13,197384
55.11,191415
55,308134
54.99,277607
54.94,199168
54.9,141133
54.91,177579
54.89,151332
54.95,357101
54.88,145752
54.75,143877
54.76,83540
54.66,99699
54.82,85476
54.82,269297
54.94,388745
55.28,192318
55.21,184487
55.19,91768
55.32,194548
55.63,415249
56.85,398016
57.07,321698
56.9,278020
56.88,234310
56.83,325521
56.64,427601
56.56,270711
56.66,441319
56.73,169543
56.78,288431
56.9,133530
56.96,450417
55.9,634333
55.77,322757
55.78,264546
55.75,193338
55.52,240571
55.52,552655
55.67,238596
56,245773
56.21,262625
56.19,182903
55.93,290182
55.88,522135
55.92,438781
55.87,249521
55.89,199305
55.77,308130
55.82,217470
55.81,684646
54.99,708073
54.77,385255
54.67,181754
54.53,200159
54.48,183551
54.74,497922
54.56,541301
54.69,322761
54.4,221398
54.34,254563
54.36,313698
54.12,578899
51.92,869332
51.65,796819
51.49,595770
51.56,606803
51.99,477877
52.16,1029191
52.31,541760
52.65,214615
52.47,174969
52.45,237157
52.52,236972
52.4,558628
51.99,387219
52.38,272713
52.45,301703
52.96,269901
52.76,327468
52.81,786367
52.55,349797
52.92,229977
52.57,220117
52.21,212700
51.87,329422
51.8,696077
52.29,386197
52.37,286641
52.05,293828
52.24,240051
52.1,383430
52.14,539849
52.52,299075
52.35,223505
52.58,231041
52.73,141628
52.38,125083
52.16,326626
51.48,451542
51.28,301490
51.15,210666
51.17,198388
51.34,236777
51.38,461330
51.74,355934
51.76,311279
51.61,221377
51.76,220101
51.81,149720
51.81,402665
51.68,348386
51.73,176465
51.65,211131
51.64,241012
51.74,169174
51.88,498926
51.67,328815
51.63,272548
51.37,194222
51.23,212088
51.07,377740
51.11,502392
52.04,411233
52.04,418555
52.35,283047
52.28,309428
52.39,289372
52.55,460430
52.9,507196
52.87,455193
52.59,334350
52.59,278889
52.65,327727
52.81,689049
53.18,371080
53.29,287502
53.47,250535
53.75,148847
53.65,187158
53.54,588821
54.69,457515
54.51,376650
54.29,529943
53.54,465269
53.69,285072
53.82,560086
55.15,611527
55.52,469120
55.39,528460
55.39,543409
54.91,449850
55.18,498630
54.87,586715
54.11,528050
54.5,334623
54.62,239228
54.48,212828
54.59,401408
55.83,339739
56.04,251514
56.12,291332
56.45,258533
56.39,275573
56.31,774292
56.18,489423
56.34,274480
56.11,294591
56.2,216569
56.3,216983
56.35,385881
56.25,406024
56.2,564393
55.74,367905
55.12,558321
54.08,638464
54.83,798353
55.04,423622
54.55,404766
54.17,378901
53.9,661326
53.05,491379
53.77,906493
53.08,580458
52.46,952459
51.75,542393
51.87,558164
52.18,509477
52.51,612817
51.77,331592
52.1,292068
52.4,179722
52.2,209710
52.16,240468
51.98,453541
52.91,340195
52.81,322913
52.79,241472
52.48,225064
52.57,172360
52.55,561057
52.99,532991
53.08,432090
52.93,288531
53.07,271612
52.96,131907
53.07,369339
52.11,509650
52.23,359009
52.35,199759
52.13,174560
52.14,205495
52.14,484138
51.94,228594
52.25,219747
52.37,174389
52.41,184056
52.66,121012
52.51,428796