194.22,25575
194.22,0
194.22,0
194.22,0
194.22,0
194.22,0
193.69,34860
194.87,12190
195.07,17851
196.64,17847
199.92,25190
201.29,46891
203.22,29035
200.36,15412
201.79,8002
201.01,10982
200.95,36241
199.58,52252
200.88,30085
201.5,23112
200,17603
197.92,27650
196.1,24329
196.77,67823
188.16,87688
185.62,67192
185.19,37903
185.73,40108
186.82,70909
184.6,100099
182.64,32888
185.35,16892
184.53,28192
185.96,39473
185.61,25008
186.67,67443
189,24246
189.74,4718
188.95,7793
189.46,4947
189.52,12599
190.3,29044
187.66,12819
188.45,13559
188.78,10630
190.7,9520
190.43,11521
190.17,30497
188.78,30011
188.95,15978
188.62,12368
187.65,8483
186.96,22803
186.66,28101
185.22,33874
182.63,18345
183.33,12168
183.21,13678
184.14,17246
185.18,61049
184.59,11085
185.93,6388
185.23,2371
184.76,11553
185.78,5860
186.97,22373
186.41,14155
186.01,8242
186.65,7639
187.4,4418
187.5,8835
186.07,33886
188.95,16497
189.26,15191
188.97,6061
189,3806
189.29,5859
189.22,35807
190.46,14981
191.1,8299
190.9,6772
189.98,17565
189.5,24474
188.42,56026
188.47,15171
189.7,8569
189.16,14387
188.89,21490
187.14,44534
187.43,43359
185.94,24057
185.05,9650
185.95,3230
186.42,5561
184.41,8324
185.36,19934
187.56,9674
189,8183
189.35,2603
188.94,3819
189.2,7798
188.87,27057
189.15,8431
189.09,4852
189.4,2872
188.97,2986
189.12,9299
189.65,31459
185.13,13046
185.15,9996
185.52,8575
185.21,12366
184.38,27768
181.93,80034
180.41,12485
179.69,15949
178.68,17254
177.84,15395
178.9,18670
179.46,34645
180.05,15099
179.6,11186
180.16,8931
179.08,9171
177.98,19374
179.09,23649
176.76,22133
176,17993
176.19,10383
175.7,11779
174.76,12071
173.98,40398
169.88,57686
169.49,30704
169.41,22884
168.2,31851
168.05,36555
170.26,95944
171.17,16527
172,15772
174.08,14614
174.01,12072
173.79,17070
173.11,36522
173.22,18298
175.03,12920
175.16,11708
173.92,11549
174.26,23486
173.21,53054
172.53,23414
170.27,28768
168.5,25976
169.09,23868
168.27,26928
170.25,51847
173.73,15499
174.54,19898
176.64,13911
178.13,26431
179.07,33142
178.63,51708
180.49,30572
179.12,12116
179.98,21196
181.51,12052
181.84,32421
181.48,71298
179.64,32777
177.64,19064
178.45,28601
180.94,30287
181.07,26001
180.31,78741
184.44,98428
187.61,62723
186.41,53201
185.2,21092
184.43,36426
184.54,54324
184.54,0
184.54,0
184.54,0
184.54,0
184.54,0
184.54,0
194.46,36082
197,16910
195.75,26547
193.65,20454
193.17,31888
194.49,125268
201.47,59940
197.6,37537
197.78,20834
195.69,16343
195.76,28757
196.6,72702
199.45,36377
201.66,23251
201.75,8564
200.99,14397
201.13,14220
200.86,40102
199.6,27203
202.56,24226
201.58,13195
199.94,15995
197.98,38316
199.58,109698
198.16,67317
198.74,35549
198.75,22865
200.58,35151
199.93,40414
201.18,90746
202.52,54429
198.33,21695
200.13,13938
200.64,12395
199.98,35480
198.72,56761
200.84,43041
202.79,23175
203.56,19556
204.41,18908
204.11,19505
205.32,46697
203.36,11630
203.47,5562
203.32,6757
204.17,5789
204.59,7106
204.64,39494
209.06,55404
208.93,7180
207.68,10643
206.71,7424
207.62,17290
207.66,21379
208.88,23631
207.94,12218
206.05,7263
206.51,6973
206.45,8185
206.48,36905
207.28,16107
207.44,8819
208.55,7129
207.85,4329
207.29,3969
207.38,21014
207.91,17282
207.4,9552
207.56,4864
206.87,8581
206.76,12265
206.32,29805
207.02,11368
207.29,4690
206.89,2542
206.72,4543
206.96,6527
207.17,24360
205.38,8036
205.06,18054
203.46,9187
204.69,5402
204.71,6953
205.7,28673
202.03,32988
202.56,18365
203.5,16161
202.71,16213
203.1,12602
204.64,39620
208.2,14673
207.99,9139
205.72,10287
205.67,2784
205.42,5670
206.03,35440
207.55,10290
208.24,8302
208.45,14999
208.34,16601
208.77,17931
208.68,68630
208.45,13953
205.81,7608
204.57,11682
203.59,7019
203.42,7683
204.66,32092
204.01,17530
203.86,7053
204.94,4023
204.6,18045
205.2,9101
205.4,28251
203.45,34008
200.99,14940
200.63,10088
201.16,16403
201.01,26051
200.96,68163
199.53,21114
200.57,9420
199.7,9166
199.62,5080
199.71,9652
200.65,42261
199.34,20417
198.96,5548
199.7,4283
199.19,8141
199.75,14320
200.47,24021
199.96,9482
202.05,8884
201.41,3789
201.89,3870
201.69,2833
201.82,19237
202.47,16581
202.06,11166
202.22,9722
201.86,10268
201.88,6033
202.18,25500
203.34,12648
201.42,12601
202.29,28319
201.74,15220
201.12,45842
200.96,37517
202.9,41739
201.87,15791
201.79,7575
201.75,5826
201.72,6237
201.98,31531
206.45,43764
208.59,19644
208.89,38148
210.81,27065
212.06,65692
211.71,71225
215.17,33472
216.06,21197
214.65,16730
214.9,7905
215.66,15172
214.69,17441
213.02,24222
213.78,12824
213.86,17034
214.78,7858
215.12,6696
215.37,23847
216.77,18434
218.88,15645
218.03,11424
219.13,7972
218.96,18548
218.09,37192
220.31,14523
219.93,14613
219.88,17609
218.7,14728
218.52,15192
216.93,56432
211.59,30223
209.89,21526
207.98,20548
206.8,15758
204.6,70126
201.64,50716
198.41,33248
197.73,36129
197.2,22786
198.33,14230
199.16,19199
201.34,36513
201.66,28302
200.16,36303
198.21,21280
197.1,16658
195.99,15118
197.23,47449
197.55,51094
199.15,16074
199.71,6127
199.8,13741
200.49,14985
199.78,43774
190.48,82627
189.09,49319
190.23,54300
193.58,33689
195.3,54091
197.53,67182
199.41,31796
199.93,32896
200.79,25673
198.84,22637
198.18,13719
197.68,42496
197.79,31839
197.21,17057
198.1,18001
196.17,18201
194.98,19230
194.98,36060
198.28,14182
199.11,8756
200.38,5540
199.91,4702
199.92,7523
199.79,19841
202.32,20064
201.31,4605
201.02,7022
202.08,6168
202.24,24903
205.17,56524
205.47,22856
204.78,14986
201.55,7532
202.62,9942
201.8,8444
201.32,30228
197.2,29321
199.65,15331
199.45,11138
201,4753
198.81,8085
198.62,24848
196.24,24480
193.28,8887
194.47,11138
193.09,14946
193.08,12613
193.35,38660
194.47,22579
192.3,23290
190.33,15494
188.58,39443
191.01,16324
190.16,31077
193.6,26068
194.11,7019
194.31,11954
191.95,13109
191.17,15855
192.98,25425
188.76,48775
190.76,20613
188.13,18998
189.19,16167
187.03,22674
186.95,42997
191.04,17612
191.93,11225
191.36,9319
190.85,5996
190.27,6839
190.57,30102
192.09,27845
191.6,25280
192.86,24646
192.72,29581
193.06,31169
195.2,42060
197.74,17142
197.47,20215
197.5,12473
198.01,5540
198.02,13419
198.48,35524
202.61,59988
198.73,14991
197.14,24318
196.04,26165
194.52,24993
194.5,43130
188.72,27416
190.41,16241
192.12,5707
192.31,11191
194.11,9413
194.75,25912
188.72,26792
185.9,63090
185.91,53163
183.26,52430
182.47,35123
182.67,63703
188.84,27586
190.39,16330
190.95,15823
190.99,21706
191.35,13393
191.05,27072
189.64,24457
189.08,15161
189.52,13599
189.97,8468
190.13,12715
190.07,35659
193.06,21315
194.4,14863
193.98,9622
194.49,9024
193.7,25626
195.31,49313
197.42,8149
197.66,7615
197.39,5881
198.42,8062
198.82,10177
198.61,22368
201.49,6921
200.27,5664
201.36,2366
201.29,2502
201.12,3677
201.72,17964
202.24,15182
203.01,4723
202.59,9408
202.48,9123
203.34,11770
201.31,34302
201.62,38038
201.25,22061
200.99,12730
201.52,16594
203.03,23737
203.94,46165
204.34,11631
204.22,11508
204.19,2778
204.69,3901
203.96,8189
203.87,36562
207.57,23568
207.72,15666
207.57,4529
208,9243
207.24,5057
207.77,17997
209.01,11389
209.01,10032
208.38,2590
208.36,3271
208.62,4000
208.03,62390
207.91,8145
209.94,6032
209.48,7063
210.44,6302
210.77,7888
211.54,20396
212.06,52512
214.5,47690
215.73,37532
215.48,46094
214.38,28395
214.1,62793
212.28,44219
210.28,37110
211.37,11750
211.32,13294
212.69,17824
210.4,47404
204.13,15436
202.43,9527
202.31,6512
201.4,8147
201.4,10426
202.42,27898
194.66,31544
191.66,17739
193.88,20449
194.43,21516
195.31,11350
194,64956
194.85,17023
193.76,10360
193.27,7942
192.57,7412
192.13,12605
192.44,37927
193.08,6653
192.04,10896
192.19,3309
191.57,8460
192.47,29320
192.1,36525
185.27,67632
183.1,94165
184.05,24798
183.87,20895
182.07,31029
180.61,59732
183.06,29304
178.88,14988
180.13,18424
180.16,25567
181.27,33628
181.17,75124
183.34,11588
184.95,11840
183.32,9792
183.86,8757
182.9,10410
183.56,22939
178.39,22128
178.68,15993
177.57,16502
176.22,13432
176.24,17151
176.88,47485
172.07,44059
170.7,69443
168.33,56590
166.82,47779
165.02,40250
165.7,69658
169.05,41580
172.19,27829
172.72,15437
171.99,17670
171.86,14415
172.5,68452
175.37,36493
176.65,22120
175.99,9628
174.88,12993
174.45,8376
174.85,50962
179.22,23373
178.56,16702
177.06,14217
176.94,4769
176.46,9131
175.88,31726
172.85,28674
170.25,10644
171.29,12522
170.68,10960
171.29,11242
170.96,43348
165.54,33093
167.65,27539
168.46,22835
169.02,42606
167.88,35220
166.75,73784
167.59,36276
163.3,14842
164.21,13778
164.71,17333
166.38,13870
166.51,49939
160.09,39397
159.89,21502
160.47,13274
159.31,33934
159.57,26518
160.92,57145
159.31,15172
159.29,13560
158.57,24906
158.38,18300
159.55,27749
160.78,34163
166.59,49722
166.8,12406
166.72,17897
167.3,15272
167.87,15418
168.94,65922
165.3,16108
167.18,5256
167.21,3020
166.68,8674
167.33,11773
168.29,40111
166.17,17566
163.57,12024
163.61,23758
163.84,5648
164.36,5763
163.13,24317
163.83,15924
165.11,9324
164.89,9621
164.55,7409
165.08,15240
163.93,32036
162.32,13189
163.02,11709
162.1,5784
162.81,6172
162.25,8100
162.78,15529
157.03,13325
157.35,9921
158.02,5490
156.87,11914
157.8,9840
158.36,25109
158.93,16127
160.92,6505
160.77,4759
161.3,4454
161.32,4617
161.56,39910
163.82,16558
163.6,8637
163.21,3003
163.2,9349
163.05,7218
162.37,19961
164.88,18245
166.23,13981
166.24,14857
167.16,20273
167.63,23214
167.94,82953
167.61,40087
169.66,18272
168.75,8273
168.41,11186
168.19,10834
168.57,36114
168.51,20397
167.34,11688
167.58,4527
168.42,5685
167.9,7302
168.4,50438
169,13247
169.48,2723
168.84,3779
168.04,8717
167.46,10474
166.9,10594
170.12,13008
170.05,6379
171.18,3969
171.16,4937
170.27,3168
170.19,18631
171.79,6809
172.37,5288
170.15,2052
170.74,2793
170.79,3210
170.06,19885
169.82,5204
171.31,4928
171.19,2955
171.18,3153
171.31,13404
173.57,47340
175.07,23181
174.88,11277
175.29,3668
175.28,5134
176.3,4274
176.74,16047
179.72,35003
183.36,16162
183.86,7673
184.63,10926
185.54,33584
187.1,51674
184.1,25766
184.52,30078
183.41,12428
183.44,11848
182.48,9361
183.97,24829
174.3,129014
177.07,88412
176.88,22774
176.5,29555
174.92,43941
173.63,80429
172.99,30058
171.74,18463
172.9,12308
172.42,16108
172.49,25159
171.74,27812
172.38,21692
174.46,11489
173.79,5564
173.48,5023
174.13,6752
173.73,14797
174.15,16375
174.6,5030
173.09,8523
173.82,4868
174.25,3583
173.96,13070
175.89,25919
174.47,33947
174.24,12486
174.41,8255
175.27,5096
174.58,15758
174.83,17942
175.44,25688
175.77,16523
176.38,17650
175.87,15547
174.56,36646
178.23,7753
178.93,16513
179.69,6290
179.25,4900
179.54,5235
178.61,26395
182.23,23165
183.3,10797
182.99,7544
183.03,8164
183.64,8449
182.19,17090
182.94,8908
183.22,7232
183.54,2831
184.05,2132
184.23,6962
184.22,12175
182.38,8777
182.8,5474
183.95,3001
184.4,2467
183.89,3969
183.67,15214
184.53,15311
184.15,3035
185.14,3379
185.58,2313
185.86,6114
185.51,14961
184.05,9097
184.2,18116
182.7,6040
183.34,6953
184.03,7486
184.63,8876
184.32,25760
184.48,10785
184.81,2735
184.59,2403
184.98,11213
185.21,32770
183.4,15501
184.47,6708
184.04,5392
184.63,5014
183.87,10110
183.22,10604
181.51,9056
181.56,4234
181.8,1985
180.95,2440
180.49,4332
180.59,18328
184.65,18309
184.88,21898
185.25,11301
185.29,23417
184.47,5748
184.78,43023
184.57,18963
185.06,14083
184.64,13256
183.4,5657
182.62,6534
181.99,22666
185.95,14542
185.88,6022
185.6,3932
185.78,6207
186.21,8618
186.14,23383
186.98,12983
184.59,7237
183.07,2627
182.89,3154
181.9,3047
181.65,25735
179.1,11580
179.22,7722
180.74,5449
181.2,7717
181.24,7495
181.2,21178
176.29,24832
174.57,29238
175.48,9004
175.44,9270
175.62,4417
175.44,22352
174.5,16417
175.1,14560
175.37,10416
174.79,6566
174.13,2422
173.56,21623
171.06,14804
169.69,8857
170.76,5910
169.91,5122
171.29,6152
171.5,24558
172.02,9544
174.01,6148
174.34,7361
171.85,5990
170.54,6091
170.08,29356
170.32,17815
169.91,6986
170.53,4093
169.94,11131
169.36,5935
169.46,24524
168.24,15807
169.21,9603
169.56,6190
169.39,4081
170.23,3636
170.58,38326
168.49,27761
170.42,7373
171.13,6264
171.08,6295
171.9,4954
171.61,22255
177.07,11694
176.95,10617
177.31,5741
176.93,8833
177.23,5622
177.79,27256
180.81,12221
180,20944
180,11954
180.33,8820
180.68,10389
180.51,22518
178.13,19746
176.22,6667
175.58,7922
175.68,3288
175.41,7682
174.73,24157
173.06,13299
173.1,6246
173.13,5126
173.83,6362
172.79,5146
172.12,29522
175.18,16895
173.48,10774
172.07,3815
172.58,7336
172.78,4478
171.89,13691
167.73,19074
168.57,14822
167.96,9796
167.64,12905
167.51,10480
168.15,28601
169.5,16528
170.96,7810
169.99,4233
170.46,6578
170.17,5583
170.65,40232
167.28,14506
167.35,6093
168.21,5644
167.4,10466
166.28,7779
166.53,42227
167.99,19020
167.47,13065
166.59,11589
166.38,15677
165.93,63493
166.57,73283
160.98,15779
160.69,16004
160.71,5733
160.95,7737
161.45,12948
160.91,30247
155.47,33018
154.86,27896
153.58,14520
153.61,59278
152.74,37585
152.31,30877
154.79,34466
155.53,25821
154.95,36538
154.68,14592
152.69,12088
153.55,23210
153.53,33105
154.21,23982
152.45,17186
151.67,12309
151.44,12044
152.51,29773
155.69,19947
155.76,14371
156.08,8525
155.82,13229
156.08,14220
156.73,67142
154.27,30983
155.29,19011
155.7,9905
155.01,22480
154.32,21913
154.37,50627
156.93,22128
157.04,9319
156.23,11321
156.76,10580
155.14,20191
154.18,34027
158.73,21919
161.44,13959
161.24,10130
161.18,10905
161.76,26784
162.71,58391
167.26,18242
168.66,23847
167.91,8292
167.97,22428
168.86,17463
169.05,74024
167.92,43044
166.32,21931
167.51,16760
168.07,27773
167.8,29251
168.5,63400
168.6,19562
169.81,6944
168.36,3066
168.5,4165
168.29,17527
168.1,56505
165.02,9097
166.6,2466
166.38,11999
166.45,12422
166.64,9619
166.57,40852
168.98,16126
167.73,8491
168.34,7801
165.68,11061
167.71,8085
167.8,46607
166.79,5893
168.53,11676
170.48,13742
171.4,4788
170.47,10239
168.7,51419
170.03,17145
169.19,17494
169.5,16890
169.05,16122
169.19,28082
169.01,54189
165.03,60583
168.18,23138
172.2,18362
172.63,10498
172.57,8620
173.41,38531
169.88,20891
168.92,10169
168.95,7609
168.14,9526
168.14,13725
167.78,36564
170.01,21509
168.99,9951
169.79,19387
170.04,18645
170.92,15662
170.26,42825
172.84,29950
171.82,18149
170.91,4064
171.52,14052
172.99,11754
171.71,37386
171.42,11702
172.8,10308
173.97,7974
172.44,7754
172,10948
172.47,41265
173.03,21463
173.07,13437
171.38,10996
170.91,5548
170.1,2784
170.33,40088
173.99,14158
173.49,9057
176.62,23269
177.28,12603
178.84,22838
178.92,36157
180.19,38891
180.28,20119
180.82,6001
180.2,5516
180.61,14458
181.59,21443
181.78,13303
181.76,5579
183,5552
182.99,4971
183.1,8998
183.85,40046
184.7,20249
186.46,12904
187.47,12359
186.16,16372
187.17,16676
186.07,40532
201.01,49444
203.82,73450
201.27,23787
202.03,26144
202.1,22630
201.1,72147
204.34,68483
205.48,32276
205.82,14662
206.2,10726
206.89,18713
206.77,88269
204.2,24414
205.62,17861
205.23,15787
204.69,9143
205.42,10180
204.82,48564
206.97,14409
205.88,9688
206.68,16877
206.96,7153
206.96,21340
206.7,48506
206.09,6641
206.31,6209
206.22,9022
206.4,10099
207,59398
205.38,107624
201.67,27422
206.69,16493
206.84,18841
207.01,5691
208.05,8991
209.28,35280
214.84,131040
216.6,36676
213.72,25048
212.78,14974
213.65,23519
214.5,68374
211.16,35561
213.61,12585
212.98,9905
213.56,17157
215.47,17280
216.18,36697
215.59,31061
219.03,23155
219.72,12999
218.28,17366
216.7,20422
217.01,38437
215.27,164038
215.61,100845
215.68,83788
215.05,85938
214.6,92306
213.67,94710
216.86,24910
217.59,20144
218.68,8885
217.29,4708
218.22,28565
219.13,63095
222.29,38216
224.68,17622
224.12,8203
224.36,10639
224.06,21630
225.06,29702
223.9,29659
224.5,20340
224.78,25738
225.98,15360
226.59,9920
225.78,39816
225.47,31309
223.55,31237
222.5,21443
223.1,25620
221.44,20728
222.38,62942
220.75,19857
220.07,14072
220.42,9446
220.21,11477
219.47,16559
219.07,54516
214.81,25639
214.16,33847
215.87,23705
216.06,18668
216.82,8777
217.29,30980
217.5,19208
217.34,13600
217.83,16931
216.9,29010
217.44,11208
217.73,40638
217.47,14093
216.48,10890
216.61,11938
219.91,15548
219.2,6557
218.86,24372
222.69,40809
223.21,23864
223.2,13636
223,7268
223.28,26489
223.5,38028
224.44,15975
224.7,7067
224.06,8156
223.2,6151
224.15,9237
224.75,25758
223.86,9121
223.03,7290
222.83,16924
221.38,13559
221.38,15107
221.82,21829
221.04,6191
220.28,8688
219.38,25795
220.45,19161
221.17,8393
221.54,12039
222.49,11685
222.73,8268
222.02,27333
221.23,13651
220.68,9851
220.58,10508
219.12,11014
220.91,6939
222.32,58248
223.11,31556
220.77,21279
221.64,6153
222.74,8314
222.3,7771
223.37,25431
223.28,10843
222.66,7440
224.06,7744
222.42,10016
222.62,10596
223.87,29040
221.6,8932
222.15,8497
220.49,7227
221.32,8711
221.15,14622
220.21,39641
219.76,11197
219.57,19525
217.36,20275
216.8,22866
214.9,15120
214.6,26806
214.52,37032
215.42,16238
214.71,23967
215.94,6964
216.35,10529
215.99,26486
219.31,10683
218.42,7882
218.34,6970
218.09,27788
218.27,20965
218,30794
218.78,8842
218.28,10209
218.86,8485
217.96,13137
217.08,10326
217.02,39044
215.9,25340
216.25,24037
217.14,22922
217.16,21831
217.18,24332
218.74,68004
223.24,36925
219.99,18171
220.74,15436
220.51,13853
221.66,11171
221.67,36461
223.47,12351
224.46,10389
224.94,12767
224.2,13365
223.49,22410
221.89,50034
218.63,13523
217.95,16510
216.42,9763
216.09,9765
216.67,15061
217.84,34007
218.58,25229
218.32,21773
218.08,14552
218.28,13230
219.2,20955
220.09,74666
222.64,17639
221.39,12744
222.32,11575
221.4,14381
220.12,12679
218.81,23237
221.05,17595
222.59,15600
222.13,8822
221.94,10333
222.43,12882
222.27,23977
225.32,18206
226.45,14558
227.12,20500
227.25,12730
227.74,21121
228.46,54258
226.16,27649
224.74,17543
223.01,14776
221.8,13621
220.81,12009
223.33,46794
224.38,15776
225.56,6880
226.72,7535
226.97,7030
226.68,31671
227.1,40113
228.74,30471
229.78,23933
231.45,10915
230.46,13112
230.32,12014
229.8,20484
228.46,16685
227.79,10198
226.36,13802
227.35,13401
227.12,16011
227.98,24664
226.45,16072
225.92,8955
226.36,6195
227.11,4419
226.66,8945
226.97,21010
226.1,6337
226.01,2468
226.43,2743
226.3,3635
225.38,2865
225.39,16157
225.24,16176
226.23,14088
225.24,13717
224.95,6468
225.25,14291
225.33,24659
227.69,11856
227.07,5561
228.82,8094
228.01,5858
228.42,6660
228.25,23477
226.82,12149
226.91,15520
226.44,9360
226.52,16646
226.96,14282
228.03,30851
230.94,18420
234.23,16389
234.62,5017
234.52,13059
234.78,30614
235.77,65144
236.29,26781
236.24,17346
236.08,42253
235.54,5931
234.8,12885
232.85,31273
235,38397
234.4,21805
235.23,14879
235.51,13050
236.07,17137
236.14,33139
236.72,10465
234,7838
235.78,5093
235.95,3482
235.94,4360
236.96,31325
239.7,38938
242.33,18919
242.16,15126
242.87,10071
242.9,9470
241.83,44709
243.34,19693
243.84,26672
242.36,11356
242.92,11535
243.24,6263
243.28,36252
245.39,33323
244.3,20122
243.62,10915
242.97,9280
243,20503
243.46,37009
244.64,26574
243.74,22319
241.19,20450
241.45,17489
241.55,11621
240.63,49189
235.99,35331
233.89,14726
232.68,26118
234.43,41363
234.56,18770
235.18,51881
233.48,13051
235.11,22988
236.2,6332
236.3,8605
236.24,8440
236.6,39098
237.86,22320
239.2,14728
240.21,16195
240.41,8024
240.71,26736
238.48,32862
238.05,25443
243.13,31850
243.33,19580
244.32,31662
245.86,22378
245.88,64699
243.17,38514
243.79,15795
244.64,13046
245.13,9743
245.91,10190
245.62,29740
245.05,21742
245.41,12889
246.88,11058
246.68,12284
247.62,13470
248.18,38567
250.45,15436
249.89,8806
250.61,11264
251.39,14503
251.74,28271
252.68,45320
251.01,28876
251.55,15018
250.8,16623
249.99,13157
250.26,20906
249.57,50556
237.47,55218
238.6,31509
237.89,33165
240.67,14506
240.37,22123
239.04,85629
237.39,67446
235.1,17861
235.15,16835
235.22,12731
234.55,42975
236.93,96450
232.04,61284
230.77,47300
231.82,22908
233.17,21608
234.06,24466
231.29,66507
235.35,41957
238.45,29301
237.96,25277
236.6,23581
235.44,19663
235.42,65259
237.51,13487
237.56,16072
238.07,16739
238.64,7378
239.16,23519
238.79,34805
239.13,18223
236.2,22223
236.36,19713
237.65,23316
233.99,26407
237.85,26173
236.4,14256
236.71,24620
237.39,13799
238.34,5500
237.71,11934
236.92,32924
237.26,19857
239.21,17315
238.11,13581
235.73,19667
234.98,12306
234.73,44561
233.44,15720
235.27,15524
235.42,9375
235.63,7954
234.89,20826
234.4,18085
232.26,25286
234.11,9268
234.81,21466
235.12,17853
235.37,13632
235.5,27525
234.21,20941
231.16,23274
230.87,10869
231.99,8523
232.98,7169
233.26,28850
232.55,15560
234.02,17302
234.6,14188
235.06,12721
235.9,12816
235.72,31851
232.79,14172
234.45,5949
235.11,4202
235.5,5760
235.45,4896
235.94,17343
234.2,40820
236.72,11224
235.85,11314
236.1,7074
235.46,9019
236.02,38885
233.61,13037
231.7,24303
231.17,7141
230.14,4614
229.23,10744
229.41,24994
229.13,16655
229.28,35150
228.83,13437
228.4,15610
228.55,45784
225.48,70260
228.37,24423
225.78,25467
224.5,16966
224.79,15861
224.7,13998
226.32,30706
222.3,15318
222.81,6959
224.65,9012
222.93,4335
223.85,5547
224.34,18840
228.1,4773
228.15,11236
227.37,12042
228.07,4885
228.47,5310
228.45,16204
227.75,9950
228.35,5243
227.7,10346
227.63,6275
228.35,7759
227.52,29277
233.38,17782
235.28,18766
236.09,16371
236.31,7191
235.2,10321
235.01,63925
236.07,14047
237.44,10843
237.71,5128
237.83,5856
238.37,11946
238.24,36023
239.04,14065
238.73,5898
240.8,4573
240.94,5673
241.23,4520
242.08,23293
239.86,17485
240.92,11352
241.29,15664
241.09,26585
241.16,8235
240.99,41229
241.31,28637
238.59,19142
237.68,25184
236.98,19434
235.83,14198
235.66,48226
237.21,15701
236.73,9085
236.29,2206
236.16,4190
235.25,5647
234.89,16327
236.47,8935
236.12,9689
234.68,10381
232.75,12547
231.62,19020
230.77,32870
224.52,29492
222.47,27282
220.73,31599
220.16,66147
217.2,31296
217.6,47308
213.08,52477
215.28,37820
215.13,22485
212.89,14949
214.43,22505
214.73,51662
215.56,21474
215.24,17167
215.91,12307
214.53,12579
212.52,20633
212.55,41582
207.76,43569
206.4,21702
204.59,26501
202.58,13719
204.43,26937
206.29,53108
205.62,29414
207,19050
207.92,15555
208.32,11658
208.08,13145
208.08,31618
204.46,19871
201.79,11178
202.86,27816
204.57,11076
205.11,14335
203.75,36581
210.78,11123
209.58,17868
209.71,12730
209.72,9740
210.01,13938
209.78,33912
214.36,32093
213.09,13751
213.29,11099
213.89,8720
213.34,12350
213.52,27607
213.16,21561
213.35,7530
213.58,6036
213.18,4104
213.16,12046
213.21,65330
211.97,17024
213.82,14984
213.14,18260
210.81,15657
209.62,13709
208.04,53040
204.61,16922
203.61,43566
205.27,22135
206.06,12387
205.32,11854
205.35,51472
205.34,8483
204.61,7345
205.33,16158
206.47,11183
206.91,8519
207.79,23248
208.64,13710
208.28,5689
208.71,2814
208.8,4623
207.74,3338
208.7,11637
211.45,6748
210.75,7028
211.45,11088
211.31,6506
211.11,5819
211.36,22657
214.45,7440
213.77,4119
213.35,3840
213.53,4876
213.76,3337
213.51,14801
215.36,15123
214.9,3666
215.46,5754
215.19,3083
215.09,6454
215.99,26997
221.76,21090
218.69,10416
218.25,3725
218.42,2737
218.48,2996
218.5,31015
213.9,33066
209.84,21467
206.78,11265
206.88,12828
207.25,9864
206.84,32068
206.54,28373
204.81,13909
203.86,20245
201.56,15077
202.96,8739
202.67,26778
200.87,20188
201.43,13613
200.67,10188
199.66,14336
199.25,6928
199.67,25978
204.59,30109
204.48,7613
204.22,8528
204.83,7038
204.46,3875
204.46,18328
207.38,24435
209.84,23342
211.68,8548
210.86,15202
210.62,12528
211.04,35712
210.78,15753
210.2,13515
210.5,9055
210.53,5598
210.79,7028
209.22,28131
206.86,7879
208.97,3269
209.21,3879
209.66,2890
210.3,2490
211.13,16288
213.28,6894
212.61,1931
212.13,2150
211.06,3657
211.38,2793
211.63,13220
215.09,9747
214.6,17777
214.39,10562
214.12,9756
213.62,7161
214.21,28626
213.7,12718
214.17,13105
213.49,14019
213.46,11891
213.76,8945
214.08,32421
212.38,15632
213.09,7239
211.85,6316
212.6,5256
213.07,5480
213.67,27142
211.64,14363
212.94,12207
212.19,9080
212.46,7467
212.67,9299
211.6,42732
209.31,8304
208.23,9125
209.09,4106
209.31,5878
210.13,5598
210.09,19826
212.8,31396
212.22,18621
212.47,8398
212.89,7249
213.16,7070
213.27,26166
211.68,12236
211.48,7916
210.27,4457
210.22,8294
209.11,9567
209.2,28985
208.99,18685
208.61,19725
209.65,11464
209.83,10727
208.45,15607
207.28,31928
199.31,55319
197.9,31032
200.06,18072
201.94,20976
202.93,13499
206.32,47091
207.23,39457
207.9,10307
210.45,17730
209.39,10450
208.86,11828
208.15,31467
210.4,20127
209.87,11800
208.51,7745
209.21,9833
207.81,16835
207.56,35509
203.68,20031
201.86,14952
202,4166
204.01,3732
204.15,8414
205.25,26135
208.16,20593
207.73,3988
208.2,10960
209,14386
208.68,14968
209.01,25775
203.66,19788
202.11,21854
200.91,26164
201.2,16639
201.16,6450
201.34,23569
204.41,17334
204.45,8015
203.71,4013
204.18,3585
204.33,4686
205.76,12865
205.49,13360
205.79,11016
205.43,13958
205.47,7026
205.16,5735
205.53,17176
205.23,5168
205.48,8266
204.72,6807
204.56,6787
204.58,10608
203.84,31652
202.7,20108
203.23,5667
203.07,2733
202.6,8757
202.06,10537
202.12,20358
200.45,14050
199.59,7736
200.08,13488
200.62,7927
200.21,4921
200.65,20271
202.43,7039
201.83,6311
201.38,11690
199.58,13525
199.22,10043
199.2,18774
201.2,6436
201.4,6054
201.68,5534
203.44,7949
202.33,2395
201.95,12523
199.8,11761
200.02,12710
200.17,8332
199.67,8101
199.04,13169
198.74,30213
200.84,11216
201,10267
202.49,13396
204.02,7594
203.91,5846
202.69,29025
201.9,16319
205.96,10109
204.44,5111
203.61,5561
203.14,5669
204.31,18681
208.91,32608
207.17,15456
204.34,5490
205.51,8501
204.52,7612
205.41,31446
204.4,12957
202.99,7319
204.11,5655
204.1,12354
205.08,11475
205.69,13557
204.5,5225
204.73,4768
205.06,2395
204.62,3149
204.29,10561
203.5,14363
200.58,15509
201.06,6621
200.92,4374
200.54,2960
200.73,2743
200.14,16150
202.42,6162
200.88,7847
200.34,7868
199.8,3797
200.98,4156
200.52,9962
202.38,4575
202.61,5842
201.84,4812
202.44,1179
202.24,5145
202.84,16774
201.98,11819
199.87,7151
200.01,7557
200.63,6185
200.26,6268
200.55,24564
197.91,12487
198.02,8983
197.31,14242
197.23,6792
197.71,10688
197.28,34684
198.05,13501
199.15,13898
200.97,7993
200.37,10039
200.25,6466
200.67,27292
207.01,37920
210.31,28338
213.72,53262
216.01,38916
215.5,15701
216.3,68195
214.9,68949
212.68,20097
212.2,23193
213.91,6489
213.34,7358
212.71,28078
215.58,14812
217.48,22296
216.85,10092
216.35,13204
215.24,7549
215.86,34555
220.14,43471
222.65,18581
223.54,22805
224.9,16821
224.22,10741
224.03,35010
224.04,25100
223.34,12507
222.8,9443
223.85,7256
224.13,8822
224.6,28784
223.74,7114
224.38,6404
222.1,9918
223.23,11072
223.89,9068
224.1,11497
226.58,22573
225.98,11267
226.16,10414
226.04,15814
226.74,6310
227.26,21378
232.12,37546
234.41,23063
234.2,13134
234.74,5465
235.42,7024
234.33,20455
235.52,13754
236.12,7220
235.3,5281
235.62,8569
234.02,25179
233.27,15885
235.04,19759
235.03,20093
235.79,7777
236.35,5984
236.38,5180
236.97,13897
236.2,9946
236.53,11843
236.33,2348
236.59,3817
235.86,11025
235.31,35774
231.5,19316
230.94,15187
230.66,7542
231.03,8889
230.27,4518
230.46,21683
231.74,30115
234.19,6307
233.03,5113
232.02,5221
231.98,3332
232.1,20859
226.82,7980
227.44,5897
227.43,5257
227.08,7514
227.29,5180
227.65,12214
224.38,8099
223.98,9031
224.33,9099
224.31,13824
224.64,16930
223.52,55013
228.11,15556
226.67,1820
226.5,1183
226.66,5593
226.31,2435
227.32,10075
226.21,8027
228.25,8005
228.81,3818
229.34,8013
229.76,6121
229.22,27328
229.01,6651
229.11,10926
230.27,3605
230.26,3389
230.75,2309
230.24,14945
235.02,13165
233.5,8405
232.92,3051
233.2,2430
232.91,4962
232.55,22276
234.72,9046
234.62,5253
234.74,6097
235.7,7048
235.65,5046
235.9,14191
235.64,8196
236.11,2482
237.07,16044
235.46,17147
235.44,9523
235.99,7706
234.78,1318
235.1,4393
234.97,10564
231.27,17447
229.29,12154
229.53,5949
229.5,7754
229.4,6559
229.68,40869
233.52,15391
235.82,18577
235.4,12325
236.49,11064
236.24,7884
235.83,31460
237.36,28459
237.59,13888
237.06,10686
236.95,7793
237.31,8421
237.28,29437
241.39,81751
241.69,24951
240.67,4659
241.08,9115
241.08,7199
241.47,23261
245.47,21940
245.36,14505
242.69,13510
240.38,15113
241.71,10858
241.81,29120
243.69,7380
243.7,6698
243.98,6056
244.34,4991
244.31,6615
244.77,14368
243.29,14580
242.56,3356
243.21,3414
243.05,4693
244.12,10403
243.65,20994
244.91,15841
245.41,7129
246.16,6721
246.53,7424
246.73,6963
246.53,24800
248.34,31972
250.8,17856
250.13,20134
251.35,10513
251.34,6975
251.3,30552
251.33,14400
250.2,10679
250.15,19743
250.9,10813
251.16,28354
251.6,45604
254.73,9777
252.93,10731
252.45,9427
252.07,9414
251.27,7695
250.94,26034
249.79,13974
249.22,13050
248.7,10156
247.48,5288
248.56,4964
248.33,18174
250.54,9387
250.44,11118
250.69,5247
250.33,7023
249.93,9345
249.37,17992
251.99,13086
252.13,9603
252.09,2501
253.1,3992
253.25,6934
251.67,12102
250.58,12964
249.62,13395
248.07,10004
248.45,11355
248.4,26173
248.37,42868
249.07,15309
248.93,6034
248.84,7918
250.48,8594
249.05,11721
248.18,33519
252.15,22706
250.66,4195
250.4,5794
250.52,2838
250.06,6463
249.86,13328
253.41,16749
253.78,12612
253.33,15324
252.74,6851
253.42,9732
253.36,34948
272.25,69924
273.08,33793
274.36,47617
275.88,11733
275.72,16241
276.25,51266
279.04,27357
279.42,12550
278.51,18937
275.61,10332
277.59,3651
277.15,15902
272.3,24630
271.83,9035
274.08,4471
273.89,9058
272.29,7191
271.75,22429
269.15,18934
269.75,6294
269.83,3109
269.1,2714
267.47,15162
265.47,17725
265.52,9248
267.6,6300
268.35,5056
268.63,13503
270.71,6201
269.91,22680
264.86,6796
266.77,8035
268.03,32642
270.15,11481
270.95,8615
272.28,16009
274.87,12971
274.51,11706
273.58,4698
273.4,7989
274.46,15536
274.81,40923
276.1,21097
272.48,13741
271.38,7863
270.81,12293
271.75,9379
273.35,16072
272.8,9253
274.08,9075
273.52,4631
273.26,3109
273.2,5200
273.95,11775
270.74,15295
271.12,7501
271.46,850
271.97,4250
271.65,4717
272.28,11161
268.02,22141
266.38,21331
267.06,10644
266.67,8899
266.83,5827
267.38,16945
268.64,5312
269.29,18592
266.15,25158
265.1,15126
265.11,10231
264.9,19296
267.35,8588
268.16,5668
266.69,2327
266.88,8909
266.04,5125
264.34,10213
261.48,13340
263.05,9531
264.2,6809
263.43,4326
263.24,4485
263.45,16432
261.4,12171
259.47,12199
259.46,1839
260.59,7769
260.81,2379
262.05,13790
260.43,6753
260.03,4721
260.34,2477
259.35,1062
259.31,1449
259.9,12085
260.82,5332
260.46,5016
261.71,1941
262.02,1887
262.83,1494
261.93,8709
263.77,3094
261.34,1140
260.33,1289
260.48,1261
260.31,1628
259.94,7557
261.76,3815
258.59,5089
260.29,1441
261.38,2601
261.78,3218
262.33,10069
264.8,2983
264.48,1246
264.05,3479
264.49,3029
263.84,5759
263.94,10552
265.54,10001
266.38,5147
268.05,4784
267.99,1968
267.87,2313
268.63,16207
272.24,5195
270,1280
270.88,2837
271.16,2560
270.57,2131
271.13,6952
271.64,9537
272.29,5781
271.67,3220
271.5,4333
271.23,6114
269.84,13458
275.54,11789
274.06,4105
273.8,2630
274.13,2596
274.09,6401
273.79,12112
274.46,13941
272.69,7316
273.17,10014
271.58,2764
270.94,3348
271.41,22586
271.63,7000
271.48,6840
269.9,4970
268.37,2454
269.68,6235
270.94,23861
268.54,5145
268.85,3663
269.37,2352
270.62,3373
270.43,4131
270.17,19220
269.63,4405
271.8,2836
271.36,3516
271.35,1170
271.45,2171
270.81,7093
271.27,2752
269.83,2047
269.28,1996
270.26,2542
270.75,3032
270.35,6258
272.25,5886
271.55,5373
272.63,3040
271.97,3377
271.48,3745
270.28,16305
269.64,12048
269.45,4624
267.8,4073
267.9,3431
265.43,11090
262.97,9508
270.41,6432
270.58,11928
269.35,1639
270.99,1310
270.84,6535
271.38,16418
268.31,9979
267.1,8517
266.59,6079
267.2,2556
267.21,2901
267.82,11309
268.7,4494
271.47,1318
270.81,2954
270.73,3678
270.25,1489
270.2,2582
269.7,11171
267.09,12074
268.67,3687
267.43,3838
268.53,2615
268.56,11514
274.97,2961
272.66,1741
272.68,4689
271.8,1637
270.41,2775
269.42,4684
261.35,10713
261.82,5131
262.11,2119
262.36,5982
263.65,3783
262.88,10089
262.51,4343
262.35,4261
261.43,1858
262.49,2863
262.55,3928
262.78,14068
261.84,6006
260.44,4575
263.22,3952
263.19,3532
263.39,2288
262.89,6664
261.28,5279
261.71,2850
260.56,2909
261.24,6943
259.86,6656
258.97,15404
260.99,7257
261.29,7984
261.62,3222
261.87,3787
260.09,6346
261.93,9573
262.94,3140
263.53,3952
265.73,3050
265.58,4379
264.43,1842
265.63,10506
266.2,3510
263.51,2314
262.47,1962
262.35,2635
260.85,2101
262.94,6516
262.34,4928
262.58,3892
261.24,3942
260.79,3430
260.52,4681
259.66,9386
261.08,7675
258.8,8570
258.13,4675
259.19,4602
257.82,7594
258.2,15164
254.97,14344
253.08,9972
256.2,5149
255.78,3226
253.9,7557
253.04,15947
252.71,6079
251.79,2120
250.78,5036
251,3241
252.28,2841
252.37,11277
249.66,13212
252.14,11194
256.15,3594
255.22,5331
256.51,2375
257.56,35079
255.49,9515
256.99,2713
257.46,5223
257.2,21598
259.87,4198
260.56,15458
262.7,7816
262.55,5946
264.21,2600
263.51,4937
262.71,3952
263.28,6282
261.41,13453
261.45,12642
260.34,3639
259.98,3862
260.63,2097
261.37,5835
259.92,6033
260.22,5181
261.26,4218
261.2,5942
256.71,6446
258.92,10156
260.77,5226
257.35,6260
257.99,4214
258.6,10061
256.64,4117
257.03,8425
261.14,5741
262.89,3382
261.68,550
260.61,2912
259.38,4050
259.63,10487
260.2,8186
261.59,12740
263.64,6556
262.27,3497
262.05,1195
261.94,7076
250.38,21928
250.31,19002
252.33,6898
250.72,16283
250.56,11415
249.63,27584
248.04,17473
247.87,6159
247.2,12902
248.69,11108
246.23,14719
243.19,36924
242.89,5661
240.41,11782
241.23,6699
241.89,6179
241.88,11908
241.71,30940
240.12,23241
240.43,35985
241.8,19393
242.79,23229
240.61,40173
240.85,109524
240.95,13332
241.87,6457
240.32,4064
240.36,8956
241.02,8146
241.85,26419
241.26,7669
240.49,6312
240.12,5964
239.41,3005
238.45,11208
237.45,33656
235.38,19604
236.66,10443
234.76,13962
232.79,5260
233.35,8847
235.37,29528
231.72,26964
233.05,11412
234.44,8398
233.27,10963
232.27,5478
230.84,24603
231.48,44836
233.24,20001
232.84,30553
233.08,20512
234.79,20580
234.43,58305
220.93,52275
221.45,22316
221.35,21471
219.71,10250
219.51,15579
219.44,141050
219.5,16161
220.09,18379
220.21,16604
219.55,6935
221.38,6155
223.39,36285
227.12,13609
226.19,10511
226.03,4298
226.53,4691
229.38,11120
230.29,45696
235.4,12796
232.72,11777
231.62,11438
230.98,4422
231.95,4750
232.48,22287
230.07,7707
229.44,9630
229.83,2130
229.34,3473
229.11,5661
229.26,16967
227.13,9659
227.76,10592
228.14,6800
226.85,11342
226.47,11929
226.83,38786
228.51,27848
227.61,11413
228.03,13691
227.87,13378
227.73,12064
226.65,33874
230.84,29916
229.08,8496
229.63,11296
228.91,10575
227.31,4807
226.36,31812
227.48,7170
227.92,5459
229.02,4470
230.05,2118
230.3,4953
230.98,29686
232.78,11499
232.51,6851
234.22,4718
234.21,4864
234.56,14265
233.81,21071
237.65,18348
240.32,15696
240.42,17102
240.57,7397
239.91,8700
240.19,27770
241.91,11207
243.77,5310
242.92,9958
242.43,6428
242.99,7518
243.49,29189
242.25,23609
239.48,13686
238.34,12489
239.92,8693
238.69,11363
239.21,18679
242.58,16824
244.62,5384
243.65,3292
244.38,3265
245.11,6579
245.24,23073
242.13,18577
241.56,6471
241.55,7412
241.48,2085
241.77,2611
241.98,12179
240.36,6505
240.48,5167
240.26,6146
240.75,5471
240.24,5323
240.88,15427
235.32,23863
236.02,5034
238.44,4099
238.06,3865
238.04,9000
237.35,18696
239.45,8789
239.92,5679
239.06,11790
238.58,4322
239.01,2135
238.49,3675
237.98,2047
238.79,2052
239.19,10571
238.18,19821
239.19,3301
239.92,3848
238.19,3529
238.09,5257
239.52,14302
242.13,8809
241.45,4489
241.25,3950
241.71,13446
241.77,10097
241.03,21059
242.5,7720
242.49,6923
240.25,2905
240.34,4764
240.44,7656
241.73,23151
243.19,20417
243.68,15717
245.47,17368
247.36,39137
247.59,38189
248.34,30594
244.99,14002
243.91,7707
245.47,6515
246.21,5366
245.27,9904
246.01,13677
247.66,21006
247.21,10466
246.64,9326
246.86,4603
246.86,5871
246.33,31282
251.52,24894
249.89,22242
248.25,8239
248.48,5118
248.46,11528
247.5,21234
248.98,10162
249.28,6975
248.55,5186
248.02,6322
247.96,6834
248.29,12831
251.15,12098
251.77,4133
250.56,3110
250.4,1948
250.78,3188
250.77,7550
252.78,7925
252.24,5673
251.51,3085
251.68,1416
252,4911
251.96,18775
251.13,42204
251.06,34135
250.7,25144
250.29,15358
251.71,4961
252.64,10711
252.33,20172
252.29,13555
251.51,15703
251.33,8518
251.77,20952
257.17,53198
268.79,66387
270.09,11590
271.03,11482
271.65,10950
271.53,17171
273.98,61592
275.53,21622
276.49,11116
275.76,5361
275.18,5297
273.76,8189
274.71,32771
277.87,12708
275.36,5926
275.94,8660
275.35,6767
275.17,9585
274.95,15561
279.4,5981
280.18,8287
280.33,3713
281.18,7343
281.34,10254
282.3,35099
283.8,23807
286.77,7040
286.98,5687
287.73,5722
286.34,13704
282.83,29962
278.02,19780
279.04,15505
278.3,11345
278.06,7640
277.93,7681
278.2,20273
282.08,7328
280.21,2499
280.84,2271
281.53,2319
281.35,7280
280.54,18463
284.9,7725
284.79,5766
285.07,2410
286.16,4115
286.54,3372
286.69,11693
288.36,6449
286.6,5064
287.58,4757
288.12,5149
287.21,4677
287.53,11809
288.1,8623
287.03,4643
286.91,5913
286.87,3073
286.95,3277
286.93,12134
287.3,13806
283.95,5774
283.86,3635
284.85,3220
284.97,3457
285.15,10324
285.78,12305
283.82,6905
284.3,5328
283.63,5488
283.33,9563
281.76,15333
275.58,20281
275.41,5435
275.48,15437
276.06,7683
276.4,10472
276.39,20411
276,26044
277,8811
277.09,11608
277.28,6643
277.3,7444
277.52,37395
278.19,12088
279.79,3435
278.88,8142
278.24,5274
279.56,3100
278.39,9668
276.69,5753
279.15,2816
279.43,6132
279.84,1885
280.99,3898
281.67,9047
279.01,9512
279.28,5873
280.55,3301
281.53,2096
281.4,4425
281.82,17387
282.73,4610
282.66,5427
282.09,4247
282.57,3451
282.52,4285
283.06,15598
283.39,9662
280.74,4350
280.74,2687
281.31,2628
281.54,4874
281.51,8984
281.42,8593
279.14,5474
280.21,3402
280.36,2192
280.66,12859
279.42,11587
278.08,17878
279.23,19097
278.44,16575
277.6,17504
276.96,24749
276.96,32913
270,18179
271.36,11204
269.58,6815
269.03,10781
268.18,6593
268.84,14895
269.7,10056
269.49,3898
269.31,3958
268.42,12997
269.89,5354
271.62,13430
272.29,6659
273.08,4413
272.85,3418
274.5,4100
276.05,9061
277.05,12272
281.43,13197
279.12,6468
279.85,4275
279.98,2887
280.33,4035
279.37,8588
283.67,9547
280.25,14354
279.62,10026
280.03,4635
280.23,1104
281.11,31865
280.39,5842
282.46,7187
283.48,4135
283.61,10604
280.9,7527
281.58,15158
290.49,32796
290.67,24010
290.23,25110
288.53,9348
289.31,9504
290.14,18580
291.65,16709
293.71,4008
292.1,3292
290.45,3895
290.45,3849
290.75,9733
290.89,8279
290.73,4237
290.95,1989
290.81,1503
291.15,1313
291.87,6791
294.91,11285
294.55,6953
295.29,4050
294.7,4509
295.81,5034
296.42,11278
295.42,7687
293.4,11550
292.87,4339
294.59,4508
294.16,15325
294.08,22720
295.49,17975
293.22,12468
294.38,10325
295.87,8683
296.65,12292
297.35,18176
299.64,14802
300.76,15162
303.31,8980
303.52,11386
304.64,11227
306.62,32034
312.52,51359
307.64,27957
311.46,8972
312.19,8753
311.8,11226
313.72,25845
314.36,8027
312.57,9140
312.46,7125
312.81,16076
312.45,9868
311.83,16672
314.77,10774
315.57,7328
314.64,7017
315.45,4825
316.2,2657
315.48,9068
315.24,6203
313.28,6693
312.55,2385
312.96,2641
313.55,2190
313.99,21006
309.58,5470
307.82,6089
307.53,5930
308.26,7579
307.13,7016
306.58,24928
308.29,8309
309.55,9735
312.4,5177
312.71,6816
312.57,7997
311.4,12929
302.55,19820
304.88,4742
304.53,2684
304.42,3630
303.27,2280
301.9,9086
306.6,4960
305.12,2986
306.64,963
307.39,4236
307.47,10054
307.83,19259
307.4,18939
310.12,4065
311.15,6244
309.61,5046
312.23,4182
312.81,21399
315.07,13475
316.81,12036
314.81,8899
314.01,6872
314.55,6543
313.31,26770
305.96,11398
307.15,4561
303.98,2728
304.21,3460
305.45,2546
305.86,24175
305.3,5352
306.08,11786
306.49,3671
307.36,3311
307.67,5629
306.4,10441
312.13,7272
312.47,5944
311.97,4167
312.43,3340
312.26,4275
312,12586
313.5,18123
313.36,9362
314.07,13095
314.47,3002
314.42,1710
314.02,13771
314.98,5635
316.02,6932
316.69,9382
316.99,5729
315.78,2353
315.69,8376
316.91,8878
315.67,5150
314.48,2716
314.99,2581
315.27,2497
315.88,8864
320.07,7298
320.86,9395
319.79,11557
320.27,5619
319.76,4849
319.28,5114
321.61,6046
321.85,7282
322.07,2858
322,3472
322.77,7010
323.4,12937
325.68,7496
327.45,5472
325.85,3335
325.82,4482
326.48,7500
326.42,11361
328.3,10468
328.7,7762
328.27,4701
329.02,4581
329.55,4143
329.68,14530
327.3,16020
326.74,9265
326.44,2914
325.92,3682
324.38,3204
322.48,12173
325.45,7798
325.48,4734
326.45,1077
327.25,4541
325.67,3245
325.56,6262
331.97,1996
329.52,2874
330.04,2636
330.62,901
330.62,3701
330.53,7839
333.82,5821
331.6,6992
330.12,3612
329.66,2744
329.36,3270
331.02,14660
323.11,40949
324.13,5093
323.22,2249
323.45,4827
323.9,2038
324.83,10153
325.03,4766
326.68,4218
327.08,2828
325.77,1938
327.08,1769
327.73,15944
331.89,4130
331.37,2881
331.84,3637
331.89,5166
331.88,1971
331.52,11108
331.78,7268
333.2,7320
332.64,5223
332.49,3134
332.33,2646
331.03,18585
333.36,8890
335.27,9223
335.25,4467
334.01,8063
334.45,14583
334.83,23852
339.03,6719
340.48,5484
339.04,3133
340.08,4347
341.56,8868
341.89,17681
340.74,14940
339.34,6302
341.2,2435
342.36,1239
341.76,1991
342.21,6081
340.18,5408
341.09,5122
340.18,5352
339.77,1586
340.56,12608
344.53,23469
347.63,6557
351.02,6180
351.12,1157
352.39,2026
352.06,2967
352.4,14095
353.53,3808
351.05,7714
350.47,5407
349.99,3924
350.11,6326
349.9,15731
347.04,2981
345.78,4362
345.31,5915
345.31,4207
345.32,4020
345.3,8089
348.21,5598
347.85,4093
347.03,2979
348.14,958
347.9,1818
347.52,9946
349.4,3818
349.75,6269
349.55,3158
350.07,6169
350.05,9397
351.59,12783
354.47,3600
353.97,2714
353.88,5333
354.73,1838
354.47,3572
355.4,9189
355.55,7387
355.19,4970
353.24,3453
353.06,1374
352.19,2457
352.33,8794
351.35,7053
351.56,3781
351.14,840
352.45,5427
351.37,3860
352.52,15487
360.13,9753
360,7695
359.31,4105
361.65,1161
361.96,978
361.68,21507
365.74,11508
367.72,2085
369.02,2878
369.34,9456
366.14,15100
359.56,14081
364.22,6195
366.53,5149
367.58,3215
368.4,4112
367.43,3144
368.35,12386
366.44,9489
366.3,4931
365.69,7633
365.72,5590
365.6,12112
363.64,27116
362.85,20773
356.31,12895
358.47,4265
359.58,5595
359.85,3163
359.57,11454
355.43,9787
358.91,3279
359.41,4510
361.03,8307
360.15,4581
358.46,10182
358.07,10463
356.89,5803
358.3,7250
359.64,9520
360.19,6168
361.2,15068
358.13,12002
355.3,3605
357.06,5887
354.14,7497
353.51,4778
352.12,15366
360.43,10093
356.55,10171
357.04,3029
355.21,12024
352.5,7327
352.62,24770
348.88,10871
347.93,5428
349.67,4603
349.85,3093
349.89,5922
351.28,20287
350.13,10112
347.76,10412
346.03,10176
343.24,9177
347.54,8538
346.35,14985
349.18,22332
350.53,2369
350.92,2256
347.64,3089
345.95,3130
345.85,16304
350.48,12231
348.55,4680
346.21,6088
345.03,4916
345.14,7935
343.55,28054
346.93,8524
346.17,6081
347.39,7541
348.87,7993
351.41,7595
351.35,18752
352.72,12674
354.73,3312
353.23,2532
354.09,3647
354.6,3405
353.96,7933
355.79,14089
354.14,8432
352.49,7117
350.86,9549
354.03,11931
353.37,30212
324.83,35349
329.24,27046
328.6,25531
330.7,38298
330.48,10900
330.53,53872
334.98,15192
333.21,11038
333.72,7047
335.35,7231
335.4,9874
335.38,31362
337.23,10850
338.33,7540
339.36,6538
340.88,3380
341.54,4196
340.85,16733
333.4,27417
330.81,26356
327.71,9663
326.98,9311
327.56,12840
326.02,83542
324.61,17981
323.91,7831
322.77,8545
322.62,6207
323.18,25080
329.21,54265
323.69,10456
323.57,3783
324.98,7197
324.52,4952
324.95,6205
326.39,17286
331.03,11511
326.29,16879
328.36,3058
328.09,5359
328.83,3754
327.81,14584
331.57,5375
330.94,4904
331.96,4148
332.16,2764
332.5,6864
332.94,11488
336.6,15627
338.56,3668
338.51,3537
338.59,2924
337.71,1601
337.4,40945
333.81,26016
334.49,14864
335.15,29422
334.88,16328
334.92,18082
335.72,57663
339.12,42129
341.29,18312
341.46,8794
341.89,14157
342.47,57807
342.95,113785
346.2,12598
345.8,8018
344.63,5643
346.26,5150
346.01,5513
345.86,36414
347.77,12375
347.62,5247
347.61,5532
346.83,7903
347.25,4759
347.44,32198
349.92,3708
350.31,2653
349.69,2603
347.99,2903
347.84,2705
348.5,11604
350.73,6401
349.77,8179
349.86,4669
350.02,3226
348.97,3023
349.33,13009
345.77,6448
346.47,6095
342.62,5221
342.5,4486
341.27,8023
341.95,26277
344.2,7745
344.43,5923
344.7,3920
345,4042
344.73,2254
345.73,22305
349.34,9493
352.36,8167
353.99,5261
353.86,4877
352.51,4249
353.24,16129
349.64,6188
350.15,21155
349.65,5895
348.67,5279
349.44,7173
349.58,15917
348.53,13242
347.56,20897
346.33,10031
348.31,5782
345.75,11240
344.62,15239
345.44,20294
343.8,10695
346.27,12277
344.36,8180
341.87,22171
339.68,33452
338.64,19231
339.08,10088
340.06,5289
339.22,7815
340.58,3870
339.88,25259
336.14,13065
337.71,8854
339.14,3269
338.67,10550
337.05,22711
336.45,20814
333.44,14447
332.11,9331
332.33,13757
331.96,28277
331.49,12912
330.39,64288
334.51,9359
332.47,7169
331.36,8285
332,4295
332.04,5433
331.35,33497
328.66,28927
328.18,27984
326.69,13042
327.28,9794
328.96,18043
328.59,84863
327.63,28534
322.07,16217
320.31,3383
320.31,0
320.31,0
320.31,0
321.34,21657
318.69,6206
317.39,16004
316.72,7779
318.92,12344
319.67,62574
319.55,23155
318.31,24322
320.54,13883
319.54,17625
320.3,8948
321.18,29096
320.9,14005
319.38,3970
319.96,27820
319.82,2699
320.07,14615
319.82,32775
319.54,25768
322.28,13159
321.77,8645
321.91,4387
320.94,4752
322.05,20359
321.46,8185
320.63,3414
322.89,3131
322,7719
321.41,11637
321.47,37296
316.19,11926
319.06,10213
318.67,6662
318.81,8841
318.99,5178
318.71,90557
324.3,39829
323.16,34162
320.31,10300
320.89,7651
317.75,14077
320.66,34527
313.49,40776
313.95,6736
315.04,10862
316.25,15851
316.83,18213
317.89,36630
308.45,28708
310.39,17792
311.91,15066
312.7,6893
312.35,10250
313.32,35452
311.95,29088
312.87,14845
313.49,10336
314.02,35723
314.13,18961
313.96,53559
316.1,20067
315.51,21963
316.19,6317
316.23,7364
316.47,7605
316.45,20295
319.57,18956
319.61,10997
318.94,4711
319.35,10064
320.5,11679
321.64,29784
319.19,9890
319.68,2808
318.8,8240
318.79,6602
318.45,12755
318.39,19037
323.67,15741
324.15,11452
324.04,11310
323.24,5750
321.36,3239
322.21,16922
317.61,8735
316.64,8741
317.09,6907
317.13,3516
317.73,7156
317.72,36677
316.24,4441
317.32,3703
318.72,2973
318.04,10442
317.44,17599
317.63,18205
319.87,10960
319.49,5098
318.33,4336
318.48,3622
318.39,8146
317.87,12334
324.31,24141
322.78,6698
322.48,10893
322.54,26562
323.23,8786
322.24,34318
321.21,13147
318.13,7259
320.2,3802
320.74,7104
320.57,4541
319.63,20015
320.46,22708
319.75,9742
318.69,17152
317.04,17537
318.58,5406
319.3,11048
321.7,15614
321.36,7672
322.08,23667
321.85,11803
320.22,6086
320.5,9410
320.06,3860
320.19,4736
320.48,29993
322.09,17941
320.93,6907
318.8,3175
319.84,996
320.04,3373
319.12,19651
318.37,22578
318.32,4320
319.47,8745
320.51,7318
318.68,3464
318.09,14068
315.18,11359
315.28,10951
316.97,9795
317.64,5782
317.24,9441
317.57,22307
322.57,10206
325.18,9906
324.13,7560
323.94,8051
323.46,8974
322.99,25719
327.51,11304
327.7,12260
327.77,7168
326.94,7949
327.69,8391
328.17,29663
333.42,25414
336.19,16514
337.28,8926
337.7,6519
335.85,6621
337.34,30027
341.54,32064
346.53,60510
348.98,7998
349.27,7227
350.66,22223
352.16,70928
351.83,40876
346.88,16863
350.28,14863
349.82,5420
348.31,6921
348.32,21190
357.34,38767
354.6,18917
351.56,6265
353.4,10677
350.76,13445
348.11,15313
343.49,21037
339.79,10492
340.12,2977
338.13,4841
338.64,3335
338.63,17246
334.29,28814
337.11,12007
335.74,9139
338.31,4305
337.92,3017
338.79,18426
337.39,7184
337.96,4999
338.39,10145
334.82,7850
336.66,5888
338,17570
332.57,10607
333.85,6085
332.69,4904
331.7,5486
331.6,5083
330.57,23243
329.37,16987
333.37,14262
335.66,8477
338.58,16953
338.42,22914
338.07,23369
342.67,9550
340.41,2067
342.06,7549
344.44,6950
343.1,3967
341.79,24991
341.77,9368
336.65,5492
338.56,6443
336.7,5268
336.26,3307
338.26,24393
335.67,12280
332.87,10753
332.91,6763
332.7,3524
334.15,4085
333.24,18564
335.11,27122
338.65,3305
339.99,4864
341.45,3696
339,7349
342.56,22415
337.59,38514
330.93,29424
324.03,22489
324.65,11121
323.58,15327
321.39,41686
313.5,30395
312.49,20020
313.27,22237
311.8,12708
311.84,23967
313.75,48562
308.78,35335
308.31,20260
311.17,18617
309.86,10367
309.57,13692
309.04,58317
320.24,51084
320.9,18683
321.58,12698
323,7500
321.85,9973
321.42,32858
324.32,19949
325.24,7150
323.78,10589
321.26,6440
319.26,13630
319.75,41167
323.69,6966
326.69,10148
326.1,7576
325.38,8058
327.83,7706
327.26,34865
326.04,10702
328.22,3158
327.44,1819
328.55,4835
328.55,4686
328.9,31578
327.69,8917
329.74,20157
328.36,3949
326.48,4788
326.97,5126
327.33,17052
328.63,6751
328.37,5126
328.41,2649
329.74,4624
330.63,2779
331.06,12053
331.23,10369
329.59,9783
330.27,7897
328.99,2856
329.82,1876
330.69,8145
333.76,6282
337.14,7948
339.24,6238
338.65,2537
338.29,1857
338.05,18552
336.45,9517
333.71,7338
335.18,14134
335.76,6110
335.84,3014
336.46,14464
336.56,22263
337.46,6076
336.55,3343
337.14,2809
336.52,3231
336.59,11862
336.25,7858
334.53,4165
336.45,4016
336.4,3803
335.5,5379
336.26,11895
335.23,11203
335,2221
334.74,3547
335.75,3064
335.74,18115
335.17,49933
335.48,8534
335.8,8172
335.45,14206
335.54,7672
334.48,6785
335.75,23312
335.57,35516
338.51,16306
338.2,5376
338.88,6978
338.99,6489
339.31,17092
344.46,7959
343.61,3557
341.77,2249
344.64,1588
343.4,1355
343.98,10705
340.66,6063
342.96,2914
342.11,2094
342.02,4268
342.63,3024
342.78,12696
345.49,3421
343.51,6419
341.68,5727
341.18,3576
338.47,8290
341.37,12048
341.19,4702
344,5820
345.66,6394
347.33,2066
347.2,6277
344.9,20647
345.39,4274
344.7,6069
343.2,4119
343.71,4880
343.97,5276
344.9,30950
336.49,18837
332.53,5846
333.82,14613
333,9136
332.62,12218
332.03,34474
332.17,14703
332.62,8593
330.31,2575
329.93,2540
328.86,8956
327.91,15516
324.79,12946
325.39,24659
325.39,9781
326.18,10365
327.33,7389
326.37,34817
328.29,12168
322.65,12367
321.85,15583
322.21,8033
321.35,13276
321.46,38648
327.43,15070
326.35,5327
327.48,5767
328.14,1928
327.16,3643
326.9,34587
325.76,15005
326.58,6726
323.31,8339
324.4,3560
324.86,9656
325.85,33114
320.63,18212
320.15,6142
322.92,4390
324.25,11194
325.73,6021
326.39,16701
326.53,5975
329.23,11535
329.29,4126
331.76,8424
332.8,9952
331.21,28491
335.17,6208
336.19,2982
338.83,5091
338.09,5859
337.53,6396
336.69,33435
341.27,5173
338.7,12806
338.81,2931
339.43,4239
340.4,6019
340.66,21091
343.92,9678
345.09,4981
345.5,2907
343.6,2591
345.03,1375
344.51,23326
344.83,8937
345.21,1961
346.11,1101
347.31,3061
347.85,19250
349.97,26840
356.43,21474
358.59,30003
361.12,22544
365.33,37800
365.49,13721
364.36,33664
358.41,12847
360.85,4749
360.72,3568
362.25,6154
361.62,12980
361.54,25634
359.95,10288
361.73,11786
361.91,9273
362.59,7066
363.87,9765
363.13,33209
374.63,29951
376.03,15837
375.13,4631
375.87,5269
376.25,8083
375.18,37143
376.42,8239
374.56,7311
373.37,4952
372.05,10383
372.1,14083
370.84,33149
384.09,34480
377.88,19957
382.23,9418
381.22,7620
383.64,8253
382.97,26972
382.21,35153
384.44,22335
385.08,9026
382.98,10513
381.66,11666
382.7,29248
380.57,6951
382.65,5644
381.99,1352
382.28,5440
382.8,9414
380.18,21614
381.78,23542
379.93,9212
383.3,8489
383.94,8552
385.27,6203
385.6,18840
385.04,8234
384.99,7967
386.26,3612
385.12,4114
385.94,4684
385.71,19446
382.11,9146
381.66,4520
383.88,1900
380.64,3851
380.19,8061
380.67,23733
386.91,11543
384.89,9699
387.9,4903
386.85,4841
384.92,5078
385.75,21475
388.14,7808
389.99,4358
391.13,4003
391.49,5177
390.45,10220
388.02,20348
379,16276
378.63,7700
380.02,6187
380.79,5584
380.22,4127
379.83,18365
382.32,9324
384.5,10191
387.14,4358
386.42,2617
387.09,8938
385.89,18748
383.8,11738
386.5,4449
386.56,3312
387.33,3960
386.92,2502
386.75,12829
390.65,11878
393.37,8354
393.78,6570
392.5,2183
392.85,3551
393.08,29090
382.43,24373
384.27,13414
386.47,5514
386,3183
385.75,6952
385.03,22732
380.96,27772
381.93,5699
381.34,7350
381.24,7817
381,5114
380.29,25813
381.55,11858
383.66,6287
383.43,4036
383.62,4784
384.42,5227
385.02,22792
386.59,8447
384.4,3027
384.9,2151
386.01,4902
385.56,2877
385.85,11001
383.35,18581
382.57,4148
384.85,6407
385.18,4360
384.32,8196
384.79,18145
384.17,4700
383.33,8129
382.88,1477
383.67,5543
382.99,7976
382.66,12862
379.2,13874
381.05,8332
381.38,9628
381.72,3085
382.12,10577
381.1,10819
381.59,3663
379.91,7662
378.4,3663
379.83,5549
376.51,5882
378.51,12847
378.56,6349
377.74,6806
376.22,5593
377.76,4430
378.15,4429
379.26,12118
381.63,9868
380.02,8694
379.31,6046
378.99,3210
377,3155
379.1,17182
382.77,9786
382.78,6969
382.25,2133
383.01,3651
382.75,4125
382.76,15720
379.29,15509
379.89,15556
379.66,9467
379.94,5202
379.52,12681
380.22,39460
371.52,47923
374.23,34109
379.02,10700
375.22,5066
374.8,7480
374.73,23816
369.76,10534
367.5,11292
367.92,11368
369.73,8768
370.7,11787
371.19,24311
372.24,6397
372.89,5998
374.3,7304
373.27,7153
371.4,9602
372.49,24432
373.43,4473
372.6,6061
369.03,6988
371.43,3807
371.2,5802
370.34,23074
375.3,14749
377.02,8587
376.8,6191
376.54,7248
376.33,3630
375.58,19180
401.03,41564
406.64,22576
407.27,16762
409.32,17787
408.71,10626
408.74,32722
404.87,16829
401.02,15483
401.15,3679
401.6,3015
401.75,11958
401.03,29465
389.62,19335
389.33,14628
386.32,8116
386.81,13355
386.69,8913
388.18,24152
392.87,15069
390.21,8973
389.94,3189
389.17,2641
388.44,6292
388.75,7941
389.18,8896
385.7,7937
385.1,10773
383.82,3682
385.52,5891
386.81,13729
379.71,14143
379.86,9198
381.8,1368
381.71,2198
381.34,2963
380.05,17304
379.99,7916
381.95,8950
380.58,4352
380.12,3777
380.14,2895
380.78,14968
377.53,16120
376.61,14239
376.69,9167
376.15,3576
376.28,9325
376.53,19337
376.18,5657
377.44,7018
378.14,2581
377,10426
377.32,4239
375.73,15958
372.12,11468
373.44,11029
373.95,3831
374.6,9153
375.49,3208
374.4,11765
374.76,11317
374.65,11780
373.35,12073
372.83,5216
372.38,3092
373.41,16177
374.07,10118
380.33,4977
381.03,3809
383.25,4470
383.49,2539
383.04,7637
384.08,3885
384.82,14029
386.63,40985
388.32,72098
388.57,32375
389.66,39979
396.85,14448
396.5,15145
396.72,9187
397.1,10905
398.81,16130
399.05,45414
397.23,9931
397.68,7178
398.21,4250
399.02,2828
398.92,4512
398.96,21131
402.12,7065
398.92,4385
397.25,2501
397.02,3012
396.89,3532
396.32,10209
400.6,4758
401.02,3557
401.17,8178
401.17,0
396.21,10063
393.67,3660
394.53,1499
394.88,3089
396.79,1053
395.72,13594
393.87,8074
391.45,11914
389.48,4726
392.33,2929
391.22,3704
391.72,11470
393.42,7320
391.42,1493
390.25,1436
389.32,780
389.7,2702
390.08,7047
393.06,4259
390.54,2757
389.8,4579
389.21,716
389.69,4293
388.71,21967
390.16,2880
390.17,1904
388.14,6599
386.22,4995
386.29,2690
386.05,12135
400.46,6555
393.67,9641
395.77,3788
392.4,2938
391.99,2630
392.2,10490
381.69,12973
387.1,5452
385.07,9838
383.83,15589
383.71,8439
383.08,15845
382.01,24153
381.7,3619
381.9,11018
381.99,8908
382.03,12513
382.49,16106
378.07,16828
375.1,5369
375.52,7263
376.45,5764
375.19,2566
374.61,18506
374.99,4553
374,5937
373.24,1631
372.44,3450
372.44,5614
372.46,20618
373.73,9972
374.37,8112
372.87,2109
373.15,1766
373.42,3696
372.83,7855
370.15,9469
369.62,9176
370.85,8857
368.94,1326
368.79,5342
367.41,10578
373.21,5666
371.52,5195
370.65,3707
371.26,3549
371.68,6333
365.11,34764
359.21,15717
355.05,7623
356.34,5475
353.8,19786
356.51,10344
354.43,41429
354.91,17335
359.61,8467
363.38,7732
362.46,9387
360.98,3891
361.17,15300
356.41,1995
356.88,3205
357.73,3597
358.08,5931
358.08,0
358.87,670
358.97,1065
359.37,1937
358.59,1792
359.57,1026
359.31,6556
358.93,3862
357.51,4911
355.6,2175
356.08,2305
358.07,1254
358.17,8459
353.22,5323
354.01,7664
356.37,4572
356.7,4676
357.52,4350
357.11,10932
358.53,5032
357.03,3252
356,1778
356.88,1473
355.87,2382
356.95,13093
361.27,5223
356.77,3502
356.83,9793
352.14,7169
352.55,5691
352.09,10298
352.93,6554
354.47,2850
354.87,2721
355.17,2545
356.69,1563
356.82,10948
363.33,6360
358.78,4854
360.28,2605
358.33,4115
357.12,7342
356.24,13048
357.37,7931
358.13,4879
356.7,4874
357.53,4722
358.23,4152
357.27,34117
353.36,18810
353.05,4283
352.16,10649
351.47,7872
352.22,4096
353.73,14747
349.52,13191
347.42,7004
344.66,16208
344.81,9678
346.87,9488
345.27,22868
350.82,13704
352.16,5452
350.6,4432
352.8,7787
354.29,6805
354.69,26823
361.22,6727
361.35,6239
360.39,6953
361.21,5301
363.95,4235
363.39,18700
371.73,14450
370.54,8576
370.24,7590
369.9,6234
369.26,5116
369.23,17979
368.97,10593
371.59,4653
372.19,3326
371.35,3603
370.75,15248
373.26,42927
376.44,11146
376.66,4255
378.8,5650
378.57,5027
378.41,9206
376.85,15174
386.94,13382
389.74,7694
392.73,20386
390.04,8553
391.63,11240
391.43,26608
391.86,18667
389.58,9418
391.25,7716
390.94,8312
391.56,7262
391.71,19666
393.88,11928
399.74,22400
401.96,14433
402.34,9339
401.4,5384
401.47,44630
400.28,13202
400.47,7921
402.47,2004
401.67,5745
400.73,6692
401.09,16632
390.62,16163
385.85,12406
384.92,15465
385.68,6554
385.55,6738
387.01,24333
385.69,9909
385.92,10464
381.92,6041
382.62,2829
382.63,4345
384.23,23227
390.89,9372
391.14,3176
391.34,5415
390.61,5432
389.88,14065
389.23,33530
368.62,27977
371.64,16801
369.42,5880
369.06,6928
371.56,7548
371.89,40235
367.29,8525
369.27,31798
369.16,10164
368.26,10729
366.97,9868
366.18,23288
355.61,34318
361.5,8280
359.56,26340
356.7,21693
357.87,14188
357.11,42802
355.36,16211
354.79,10493
356.08,17987
357,12745
356.58,22410
357.21,46329
353.21,21061
353.13,20556
353.49,8945
353.38,12908
353.7,4684
353.52,30665
359.49,23348
360.34,16464
359.54,9384
361.01,11561
359.08,21921
358.36,98493
362.5,11469
358.82,17612
358.3,10019
357.99,11001
357.24,9265
357.46,30151
358.42,17671
356.7,9183
357.62,12046
358.4,13732
358.73,12516
358.23,17706
357.41,8870
358.24,4201
357.9,6172
356.91,3344
356.55,4318
357.52,14834
349.54,25693
350.2,18228
349.61,21095
350.17,17122
348.85,7227
348.26,37261
347.11,31213
346.84,15730
346.46,23194
347.76,30238
349.61,17404
349.58,70417
351.58,8293
348.4,11031
348.59,6232
347.6,5240
348.91,14551
348.28,55345
347.4,34474
349.25,10035
348.7,17453
349.06,20159
350.6,23652
348.93,68707
346.77,8731
345.11,6745
345.56,7888
344.78,7661
345.28,5630
346.77,23907
347.42,10459
344.4,5956
342.15,9153
343.43,10598
343.2,11381
343.3,34887
341.05,32495
338.9,11423
338.68,8699
335.89,15683
334.05,22852
333.16,28014
333.19,14009
333.08,10051
334.68,5533
335.2,9451
334.77,9093
334.26,22357
334.38,19394
335.08,13278
335.65,24102
336.9,17671
335.92,25838
337.79,74315
342.74,19020
341.41,20976
339.5,13673
337.47,14206
335.74,14056
335.14,19923
336.55,9416
338.49,3814
337.18,2204
336.72,4830
336.23,9969
334.13,33375
337.15,9500
338.48,7119
336.96,8613
334.72,11785
334.45,10032
336.17,37335
335.55,6101
335.84,9210
335.02,9687
333.21,21018
331.61,10512
329.25,45679
315.29,35989
316.85,17424
318.28,17810
320.38,22023
322.87,20967
325.13,43516
328.07,25551
327.83,16460
329.38,10928
329.98,9750
331.54,25600
333.22,49792
332.09,6909
335.19,2781
332.42,7188
331.6,9868
332.66,7661
333.56,44735
340.63,20892
340.35,14836
339.37,14042
341.79,8432
343.92,11126
344.49,50134
336.75,13009
334.07,8512
334.3,9878
332.53,8387
333.28,18334
336.77,30411
332.59,12858
330.98,4431
333.43,3209
333.65,5802
333.79,5982
334.83,20153
331.12,8986
332.9,11822
329.07,5779
329,13201
326.68,9393
329.18,24584
334.52,9458
334.88,3275
335.03,4523
335.02,6432
333.73,4733
333.91,18452
334.54,6048
334.98,5639
335.83,5584
336.28,6063
337.83,8787
338.27,9798
333.49,9589
333,11404
331.14,6750
331,9905
332.32,5297
333.36,28145
332.35,3908
333.62,8598
334.55,6347
334.58,9276
332.67,14196
335.37,26916
331.93,12763
333.61,6773
333.14,8939
332.09,6151
332.58,5589
332.68,18906
325.56,6285
327.15,3063
325.37,7182
328.42,4697
329.13,9893
329.2,47626
335.6,4318
336.81,7342
336.88,3777
335.5,2397
335.27,6828
336.4,23326
336.23,9125
337.38,4171
337.24,4351
338.39,27318
338.04,5181
337.63,11054
340.59,5845
339.98,3258
338.39,2946
336.73,5267
334.69,5175
334.4,18448
336.23,8293
335.68,5538
334.43,2329
332.5,3307
333.28,2991
334.36,20346
328.29,5877
325.64,8522
324.82,3817
323.38,3364
324,5933
323.85,19852
319.88,8223
321.43,5651
323.11,4593
322.85,6132
323.44,6906
324.09,20220
321.02,12635
324.25,7662
326.98,7373
326.09,4945
324.75,9017
324.17,20016
322.92,7261
326.01,8939
326.98,7215
329.66,3112
329.02,6429
328.07,24551
313.84,32724
304.23,15747
306.63,13530
307.03,18063
303.75,22920
302.23,43952
283.53,58604
281.97,46412
285.54,50385
286.18,43346
287.62,36877
284.08,106576
271.47,69598
278.02,24905
272.93,27522
274.78,25474
277.33,25311
274.38,51044
280.68,15633
278.25,13856
279.43,12793
273.25,14648
274.12,10488
270.47,40924
268.99,34183
265.46,12557
267.13,15912
268.14,47407
291.29,43507
289.45,89832
284.07,15220
284.39,18479
281.26,16838
281.18,15862
283.84,24203
285.14,50739
285.73,23115
282.14,7223
283.63,6315
286.95,11107
289.24,6652
288.17,32954
294.36,14653
296.84,18044
292.33,8555
292.69,7876
294.12,6324
295.38,16265
295.64,9054
293.69,2546
293.73,5291
291.44,13055
289.25,20644
289.13,61137
287.95,9539
288.2,11590
288.62,8125
288.09,9103
284.63,8840
284.38,35519
291.8,11687
288.9,6485
291.03,6020
292.52,1969
292.32,5497
290.76,10271
281.84,25531
281.82,13699
279.69,6067
280.13,3126
280.17,9475
279.96,59433
285.54,5286
286.9,5506
288.79,5823
288.61,10536
286.3,2276
289.35,23697
301.9,12428
297.65,12298
294.55,6958
294.56,6570
295.18,8859
293.76,16154
297.29,6586
301.8,13107
300.81,7318
302.77,4076
303.79,10819
304.34,24935
302.83,6739
302.7,9965
302.62,6569
302.63,14319
301.58,5171
303.26,21199
306.55,6804
305.57,6599
303.22,9487
301.73,4688
302.15,7244
302.69,24472
301.44,8349
302.03,7373
302.89,11890
301.94,7549
304.46,8426
304.85,60490
301.38,27866
303.11,14941
303.19,2211
300.54,1963
300.52,3996
300.08,70930
314.3,19547
313.99,13344
311.58,11064
310.26,9850
310.2,6119
310.98,24701
317.08,9020
317.91,14069
318.58,15737
320.92,5032
320.72,10104
320.1,84199
320.22,9177
321.57,5421
322.66,3722
322.04,5144
322,8574
320.96,9351
318.68,6938
319.51,3772
318.88,6162
317.37,7694
316.94,5027
318.59,11216
318.4,3466
316.62,6000
317.65,2707
318.61,7859
316.72,5516
317.46,12923
320.85,5959
320.07,16496
324.53,4562
324.66,4599
323.29,3576
323.04,32699
322.56,7455
320.75,5577
320.73,5169
320.77,4237
322.61,3446
322.42,27584
340.38,35581
337.54,17471
336.45,10245
339.12,12545
339.5,9466
339.78,37330
345.69,6771
347.51,9030
350.05,9786
351.17,17260
349.64,14753
350.72,43647
347.37,8168
346.74,8372
346.93,7745
345.98,4149
346.2,2986
345.7,19034
346.64,7920
346.18,4848
346.78,4488
346.5,5070
345.56,4154
346.31,11682
346.26,5727
345.19,5615
346.29,11123
347.94,9466
349.08,8672
349.69,37676
346.95,4616
347.12,4102
347.71,3862
348.56,5507
348.69,2766
348.22,23396
347.47,6297
347.27,3185
347.42,6387
346.28,13221
346.18,16749
344.21,35569
343.78,3625
343.47,3098
343.47,3973
342.48,4380
340.41,4451
339.23,28498
339.68,8233
339.75,3273
340.7,6501
340.22,3265
342.17,10867
342.85,21137
338.59,7185
337.68,7121
338.43,6022
339.47,2826
340.78,3985
340.62,13422
343.22,15689
346.36,21163
348.46,19247
349.02,7804
348.88,13011
347.97,36849
348.15,6007
347.45,2556
346.54,2115
346.75,4151
347.54,5180
346.28,22739
348.72,5464
347.26,8136
345.65,10228
348.01,9038
348.17,7347
348.15,27810
347.73,4186
348.25,8563
348.75,18239
346.14,7506
347.21,3708
347.89,71373
339.13,16776
338.25,15846
336.46,15364
337.61,5637
339.16,9443
340.97,22310
342.77,5900
346.13,4567
346.36,1493
346.28,1845
345.8,5105
345.46,28147
346.5,4661
347.01,4537
346.83,1315
346.46,5822
346.35,2646
346.34,14605
342.55,6189
345.09,2389
346.52,5753
345.51,4064
347.67,3113
346.29,12651
352.27,5864
351.44,7608
350.16,3000
348.9,4200
349.31,3866
349.76,15178
352.24,3349
353.98,4091
354.17,5535
355.35,4714
356.01,6117
355.92,24930
354.24,5643
354.72,3591
355.5,3426
355.91,3410
353.65,4958
355.35,20078
357.58,6584
359.61,5114
359.17,3591
359.09,5888
359.13,18084
358.72,24231
355.93,5424
355.63,10915
356.99,4639
357.27,2464
357.37,2501
357.04,14752
353.34,2266
354.47,2945
355.48,5250
356.06,1720
355.57,1828
353.06,24858
358.78,9243
360.3,6484
358.64,3272
358.85,5837
359.57,2925
358.62,15349
357.5,4444
357.39,2178
356.8,4888
356.53,3326
355.24,5476
354.75,19025
357.1,6080
358.63,4916
357.76,3341
357.85,5151
359.18,13725
357.49,34840
359.49,12770
356.47,2806
357.58,2915
358.16,4542
355.78,7335
355.96,23019
360.63,10782
358.71,5041
356,5983
356.4,5830
360.67,1861
361.77,20322
365.69,17569
367.16,2975
368.16,5789
367.75,3757
367.84,5835
368.69,39007
368.21,5868
367.76,2354
367.53,3480
366.83,3475
366.47,2999
367.85,16690
372.6,16247
374.45,8475
374.96,32644
377.39,31522
377.2,17235
377.49,33011
380.45,11922
381.62,11014
382.41,5896
381.78,12562
381.03,9787
379.33,18462
382.44,9522
382.87,6537
383.79,3384
384.11,5620
384.23,10744
384.79,32145
381.03,4434
384.98,6247
387.8,6466
386.07,3108
387.61,5242
388.52,18826
389.04,9097
391.31,6712
392.29,7560
391.57,6543
392.35,13285
393.08,31509
396.84,13713
396.56,6152
394.97,41346
394.97,0
392.54,19140
389.52,14808
389.36,12659
385.76,11785
385.32,18054
386.91,32789
389.78,9014
389.84,6241
389.51,6143
390.26,14535
390.86,7791
391.17,19852
396.87,11041
394.21,5656
396.03,8579
397.01,24611
398.7,20377
398.45,24561
402.84,16314
405.59,15613
406.1,7695
405.49,4500
405.28,6767
404.37,15208
398.03,9273
400.52,7299
399.95,3881
401.18,2024
401.48,3761
402.29,16675
400.14,12778
399.86,13592
398.79,9592
399.6,6841
400.48,9467
400.8,16636
401.25,12255
401.7,13363
402.18,6291
399.32,6142
400,3502
400.82,15093
401.39,7044
402.58,19618
403.98,1970
405.49,9660
406.41,14243
407.55,33255
414.29,13106
411.84,16843
412.61,16188
412.3,8130
413.77,7645
414.5,22222
412.84,14128
409.49,13509
410.31,32291
409.47,10966
408.85,4994
408.62,21112
413.19,8452
411.8,5507
412.33,2848
412.52,1454
411.69,5502
408.93,14427
409.53,5468
410.18,8846
412.53,6442
413.5,9437
413.35,9032
415.08,24810
420.48,9751
422.08,12431
424.18,4192
423.61,6794
423.59,4880
423.24,15756
424.66,6713
425.85,4802
425.19,4860
425.11,3585
426.21,5842
426.56,14656
426.37,8517
427.53,6551
427.08,7493
428.26,5328
429.47,6712
430.32,28068
430.11,10337
431.89,8119
432.25,13439
431.22,27232
430.89,21397
430.23,35487
431.55,14498
423.01,8354
423.42,7738
422.93,8974
423.09,10511
424.65,31575
427.07,15546
430.29,14798
430.92,7526
432.39,14917
432.73,23999
428.93,37550
435.33,17203
434.94,14127
436.77,10932
437.8,14528
435.52,15176
436.61,51789
421.15,31256
424.12,15060
427.52,8112
425.19,11275
424.47,9670
424.99,29086
430.02,23934
432.09,29548
432.25,22392
433.27,31128
430.84,33928
430.35,57987
427.17,22924
427.55,18154
429.74,21196
432.73,8430
433.78,12673
431.21,29818
430.14,16442
430.31,13927
427.02,5334
426.19,7246
424.87,8219
423.45,24750
419.43,31437
409.22,14044
412.59,16359
412.07,6349
413.98,5809
414.1,46189
417.34,8734
415.82,8864
414.28,5962
413.19,7230
414.54,8137
414.06,48308
411.27,13817
406.96,11673
405.29,5670
404.55,7223
404.4,18158
406.24,55279
409.45,11300
414.6,6685
413.96,7802
412.59,5943
411.56,8752
410.85,51134
411.91,25653
408.86,16113
409.3,16023
408.88,21466
410.51,21676
410.47,56302
410.26,15321
409.94,9566
409.03,2160
410.01,3531
411.25,9811
413.67,28412
407.83,13394
409.68,7366
408.88,6903
407.58,9228
407.1,10288
406.71,51327
404.88,6455
406.07,2225
405.43,2735
406.93,4015
407.37,3838
408.94,18961
413.67,24667
415.97,8825
416.11,9315
414.38,6176
412.54,13339
411.9,33813
411.33,37799
414,28221
415.38,6594
417.06,10750
416.57,8195
417.37,50024
414.01,6070
413.34,15345
412.02,9109
412.05,10589
412.82,12668
414.64,26023
420.8,23915
430.67,17717
432.54,19690
433.93,19273
433.27,16094
432.84,36511
432.48,9087
430.14,7853
430.28,6722
430.36,6133
430.11,8551
431.01,31288
427.3,19147
428.08,9887
425.74,9382
425.43,6411
425.1,4575
425.85,17360
427.65,18345
427.54,23056
429,9327
429.85,4397
431.21,5658
431.81,28931
431.38,3796
430.98,1978
432.43,319
431.78,437
431.09,1247
431.46,9352
419.87,29816
414.36,9673
412.34,6149
413.28,9105
413.97,7032
413.37,27680
412.45,12154
413.18,7473
410.59,9734
410.97,6726
411.49,7098
411.57,18242
410.79,24810
409.41,4930
409.04,768
410.24,629
409.41,865
409.99,9803
413.18,11363
411.66,6434
412.87,5454
413.17,7038
415.67,7893
415.38,22665
420.38,5718
415.97,3843
418,1580
418.16,2709
417.86,3418
421.01,13041
415.55,7540
419.17,7282
419.6,707
418.73,1428
417.71,5921
419.13,12117
417.95,5210
416,3184
414.25,4184
414.72,3860
415.32,4330
413.7,16692
420.28,3711
419.22,6002
422.65,12930
422.14,2914
421.31,6475
418.77,11344
429.94,28212
430.88,11364
427.95,4114
428.24,1751
427.6,3742
427.31,12242
425.99,3883
427.84,17590
429.07,2454
428.54,2761
428.15,2934
428.38,23086
430.01,5875
432.08,3024
429.64,6987
432.34,8019
432.88,4169
432.34,20742
433,13749
432.87,4677
432.98,3297
434.7,8024
434.93,7464
436.79,19234
444.54,16511
444.46,26571
446.06,10422
443.87,8334
446.43,26399
444.92,43864
450.09,30516
456.61,12412
457.47,31704
462.06,16926
461.27,24159
462.63,59216
464.86,27536
462.73,8574
459.84,11927
461.73,14055
462.4,7670
462.64,26254
460.27,12005
460.49,6400
462.4,5695
465.72,6203
467.47,7784
467.56,44852
477.98,28272
478.02,23263
470.85,11853
470.78,12140
466.34,10876
467.2,38275
471.34,10558
470.23,15461
467.9,12580
466.94,8496
466.32,17311
466.19,38061
459.79,18157
461.52,10168
461.27,12599
459.33,18734
458.28,19758
460.71,53997
464.56,8940
461.34,8423
461.58,4971
462.7,4822
462.28,7774
461.5,29376
466.88,9153
468.84,8133
467.31,3885
467.16,3373
466.64,5641
468.25,23465
470.93,9430
470.75,12661
469.02,6540
469.59,3486
468.78,5836
469.98,36097
468.58,28326
475.44,29971
479.89,17127
475.73,13815
475.94,12284
476.89,52104
489.13,20867
481.46,12487
482.91,13621
483.43,6775
485.83,5727
486.85,26466
491.91,12357
498.51,4530
499.22,4626
498.71,9382
494.76,2876
496.64,20463
492.25,12080
492.52,4631
491,4297
493.23,3448
492.46,3730
492.76,14038
492.32,12111
487.42,23142
481.68,8233
482.92,8469
482.16,5594
484.14,16621
491.92,17768
495.37,20888
503.37,27251
502.78,12987
501.47,16241
499.6,35025
496.47,15428
496.52,4888
497.98,7217
496.27,7686
497.55,7410
496,30272
504.84,28010
501.85,29348
492.48,9496
494.84,10904
494.55,5168
491.47,59741
497.07,12579
492.75,3436
497.48,8589
501.33,11655
501.57,9964
500.18,27440
502.58,13953
509.99,32105
520.18,28486
524.45,48166
524.68,11593
527.25,88820
529.8,10714
530.71,16706
528.46,9512
528.13,17799
530.53,11850
530.12,30256
533.81,20394
534.05,9888
534.51,14854
535.84,34994
540.26,7638
538.19,17055
531.81,9963
531.8,11744
528.79,5540
525.74,6910
526.55,10876
525.79,28131
527.18,5675
529.1,2958
526.09,1799
526.86,6401
529.58,10841
531.8,23628
521.7,18151
530.29,17277
528.38,11135
526.85,7867
527.41,5976
524.31,27502
521.8,46565
515.12,23778
513.62,39500
512.3,28478
509.96,18294
510.9,38241
515.4,14988
515.32,8998
515.29,12023
514.68,14615
516.92,20594
519.89,36395
522.82,13674
523.17,6469
522.87,2003
522.63,6431
523.19,1700
522.77,28603
525.81,9085
522.18,6374
520.66,4794
520.1,4783
519.79,14125
521.42,29795
521.73,18741
524.52,21501
522.63,11602
525.24,13583
526.2,10532
525.57,49655
588.7,38589
590.2,22908
589.33,19136
588.96,8750
586.01,14811
586.53,56120
589.75,9688
586.93,11100
584.28,10403
582.02,6206
583.38,5571
583.87,21795
580.86,11088
579.14,11163
575.58,12171
572.45,9841
573.02,6862
575.68,36347
567.04,21785
568.63,13894
572,9513
570.12,8267
571.38,10623
568.92,30685
561.57,21267
550.02,25307
550.85,15177
548.41,12756
548.3,8329
544.04,38514
558.75,11074
560.57,19597
555.95,12154
564.19,12171
567.44,10040
569.27,39679
567.61,14270
564,10573
562.88,12128
567.23,5688
567.36,7722
570.76,16692
554.53,16253
555.1,8711
552.94,5219
556.58,6907
558.66,9828
562.41,22184
566.46,6652
560.73,4331
565.46,3302
569.08,6338
569.69,5432
570.11,14191
560.85,8025
564.55,5419
565.5,6262
566.88,2952
567.27,4995
566.99,13723
575.44,12621
577.1,16594
573.96,6421
574.31,4194
574.94,6504
573.57,25700
566.49,30269
551.98,18051
549.51,15241
549.33,16971
545.18,23430
547.59,37787
552.08,25058
548.92,11139
554.67,6885
553.25,4547
551.26,4901
550.8,22669
556.48,10947
554.66,5101
556.05,3589
553.16,7469
550.71,9022
546.19,19742
540.35,14172
540.44,6820
545.17,4058
545.99,6612
545.4,4001
548.48,11792
556.76,6829
553.99,7474
551.47,5855
551.43,2897
553.64,8438
551.47,20777
563.98,13786
559.1,16147
542.74,13018
540.55,21731
541.76,11668
546.11,56362
543.84,26032
544.16,8325
551.72,9598
549.22,13730
548.58,19168
547.94,40054
554.82,8201
559.61,11160
560.5,5471
561.36,5188
561.06,7643
559.99,48255
550.38,10079
555.72,6739
555.76,7594
560.92,7138
559.73,11927
561.39,36390
564.7,9715
569.35,3291
569.85,3412
570.5,3484
571.53,3714
572.22,18287
572.08,2540
572.32,4632
574.5,8273
574.5,0
572.23,4700
570.91,2469
570.7,9515
572.02,4881
570.12,9650
567.3,20254
573.29,15479
573.64,9439
574.35,8069
576.16,8398
577.26,6594
580.1,30638
567.53,14515
579.71,10977
580.14,6991
584.9,19756
588.78,14606
587.55,28769
589.61,8830
597.12,5833
596.4,6830
599.56,5113
599.75,16912
598.74,19612
602.45,20866
599.19,8580
596.5,5453
599.71,5628
601.62,12990
601.08,20676
595.55,6739
593.43,8656
593.93,7472
593.92,8047
591.21,6348
592.15,22265
596.11,5574
594.47,9656
593.8,9764
593.85,10886
593.17,16043
591.89,32975
601.14,9493
597.92,5596
601.47,3954
600.58,2495
601.38,14176
609.42,35160
603.27,19772
616.25,12653
619.43,7504
621.55,9476
622.66,11175
623.76,27636
619.65,61492
608.13,92759
598.57,49059
607.99,34824
610.8,23183
605.66,56216
587.02,32174
590.54,31353
593.21,16035
592.51,12132
589.72,13842
589.31,51409
592.24,22427
592.09,7135
591.23,7883
588.38,12312
587.04,13544
584.98,29963
585.04,33101
562.01,34986
559.09,28567
563.39,21486
558.67,13950
559.03,35118
567.55,10066
568.32,4488
565.06,5818
564.51,4251
564.92,6593
563.98,18198
575.78,19374
573.39,7650
571.42,3827
572.87,7628
573.45,5911
574.1,28172
577.46,14093
575.23,5411
577.7,4885
578.19,2159
579.26,7201
582.05,16935
582.61,5649
584.76,2605
584.8,5674
584.32,7111
584.92,5168
582.97,16041
581.98,29817
580.54,15026
581.17,21810
579.18,7361
579.23,3521
579.05,1971
579.39,2396
579.84,3101
579.56,12949
575.88,14830
574.08,21287
574.4,5817
574.13,4782
575.28,3901
576.55,16973
575.82,4400
575.5,6962
575.91,2332
575.87,3150
575.59,6584
574.35,11758
575.57,2328
573.29,3984
573.11,1824
571.84,6084
573.23,4164
570.32,10236
582.23,15994
588.34,8599
590.19,7405
592.35,7214
591.49,8229
596.67,21836
611.69,16569
615.31,19273
617.46,14631
615.81,9022
618.74,7882
614.31,37322
612.83,15838
613.67,10405
620.26,6962
621.44,8715
623.14,19387
619.79,35777
607.78,10155
604.46,14829
606.28,13954
602.42,11074
601.33,14718
597.24,23832
592.37,9188
595.73,8363
597.24,6764
600.85,5170
603.39,5417
603.25,21790
614.86,7240
612.11,6610
614.35,4165
614.21,4667
614.97,2732
615.18,14862
623.89,10284
623.4,9142
622.91,8189
625.91,8092
625.03,7130
625.65,18012
638.5,10998
639.8,4523
637.87,6351
636.31,4743
637.15,7507
635.7,16237
629.84,8515
628.08,8965
625.08,5773
624.48,9687
630.92,6824
633.28,27161
644.44,6448
647.33,5529
648.2,4277
647.84,5906
646.71,3542
646.21,13562
644.51,9355
643.24,6359
641.27,3244
640.24,6173
640.44,7013
640.59,20075
636.39,15016
638.81,8246
631.78,17914
627.89,19652
627.16,31706
625.43,69541
630.55,10507
633.8,8338
631.48,4142
629.95,3987
636.05,20350
643.27,18612
641.79,6479
643.53,2625
646.54,3472
648.09,2849
646.74,5344
647.22,9587
633.67,16362
633.3,9626
629.55,8755
625.12,7514
624.12,7072
625.05,22654
623.34,6698
623.15,5813
622.67,11498
633.27,13565
636.16,8110
635.88,16873
641.49,20565
637.39,8578
640.27,8805
636.17,4520
637.18,5611
639.1,14528
631.11,20019
635.19,9743
639.6,8214
641.39,6313
643.02,17697
643.54,44460
667.61,21850
647.72,23108
667.15,10510
665.5,9042
658.23,20015
657.51,31157
667.65,20793
661.27,16888
657.59,9593
651.34,10650
656.96,8943
656.89,27573
669.31,24940
679.83,10580
679.6,6299
685.11,6552
685.82,8502
686.8,29871
692.73,12734
707.35,9792
702.2,12170
695.17,8950
690.56,6900
698.67,18551
711.94,41925
708.52,34729
696.48,34716
687.14,25156
678.05,11443
690.95,26952
679.39,28508
675.06,9759
678.14,11867
679.55,7209
676.13,6398
678.45,19661
703.01,17105
710.88,8792
717.62,9693
721.65,6846
719.97,13752
721.63,24101
727,14112
735.22,10797
734.92,9682
732.79,6808
736.79,10000
738.55,34378
744.86,9220
738.41,6831
741.26,13280
740.34,10176
739.67,11415
741,40626
770.4,47772
762.96,15279
770.26,51263
766.39,35777
767.26,21247
770.21,58319
781.83,21846
777.59,26432
767.41,21893
759.81,19975
758.67,10899
764.39,40496
766.06,17031
776.82,17885
779.89,10207
778.95,5445
777.88,7382
774.2,21957
756.76,24448
756.24,11983
763.14,15880
765.55,11696
769.17,16104
764.04,32911
769.17,10023
766.37,6380
769.56,6108
767.05,5538
757.74,9441
751.14,18842
745.49,28913
757.53,15304
754.05,10502
752.99,16165
757.18,23972
753.03,25829
761.56,7841
764.2,4708
758.2,5131
757.15,5108
761.09,6718
758.16,12056