29.04,18287
28.86,9198
28.84,6473
28.84,25541
28.69,14636
28.87,23821
29.29,28904
29.18,21917
29.18,18501
29.19,10111
29.15,9792
29.28,24869
29.14,19709
29.14,20952
29.05,12653
29.07,12517
29.07,9947
29.08,65601
29.05,24207
29,5483
29.04,8029
29.1,4101
29.19,6199
29.2,33168
28.63,19959
28.54,16031
28.61,8900
28.69,11841
28.64,20420
28.46,36846
28.54,6401
28.73,10102
28.91,10446
28.94,12329
28.9,14587
28.99,20565
29.09,3107
29,1417
28.95,3258
28.86,4540
28.93,11852
29.03,7604
29.03,11300
29.16,6643
29.12,4000
29.18,5300
29.26,10839
29.29,23320
28.99,17339
28.93,14981
28.96,9910
28.99,5450
28.95,7796
28.92,13621
28.91,9829
29.01,2402
29.04,11976
28.97,8851
28.99,12213
28.97,16530
29.08,4500
29.09,9593
29.01,8833
28.94,11571
28.99,19888
29,11657
29.07,8485
29.05,6728
28.93,3801
28.87,8902
28.91,4500
28.94,52713
29.2,14664
29.22,13159
29.22,10721
29.13,9739
29.13,6914
29.15,32129
29.17,24774
29.14,9298
29.18,11686
29.23,8715
29.15,12632
29.2,37756
29.03,15064
29.05,12044
29.02,8666
28.96,15142
29.03,12743
29.02,47512
29.2,19556
29.15,11954
29.15,17822
29.18,20650
29.22,15660
29.24,30483
29.45,36749
29.51,4560
29.59,5580
29.69,1931
29.64,7265
29.67,26016
29.74,9265
29.94,21648
29.76,13471
29.78,24229
29.84,24659
29.85,43774
29.77,15844
29.8,31518
29.87,5130
29.85,6014
29.88,6629
29.91,27179
29.98,12886
29.96,7125
29.91,10497
29.92,7437
29.86,8316
29.82,20903
29.86,7027
29.82,17219
29.78,16247
29.77,5700
29.81,20531
29.82,16298
29.99,4617
29.93,93223
30.34,94587
30.35,71661
30.3,60241
30.41,57515
30.65,20019
30.65,12520
30.44,61490
30.5,23498
30.56,9230
30.61,30197
30.68,10089
30.75,12068
30.88,9333
30.8,7925
30.65,11822
30.57,15515
30.53,12317
30.53,18164
30.2,42840
30.32,34235
30.38,8596
30.37,29220
30.04,21484
29.81,10582
29.85,7446
29.88,10189
29.79,11510
29.83,36844
29.8,7838
30.01,5209
30.01,4787
30.03,7867
30.1,5517
30.11,14993
29.72,15325
29.78,8181
29.8,12087
29.9,7581
29.95,9738
30.02,36559
30.23,12536
30.15,17883
30.18,10224
30.03,5216
30.05,5679
30.03,24539
29.97,9916
29.96,11259
29.89,5437
29.93,4272
30,2836
29.98,10715
30.14,8486
30.17,3835
30.2,3372
30.17,3826
30.17,5434
30.19,7028
29.97,6004
29.99,4134
29.99,3457
29.97,3360
29.98,4791
29.94,30473
29.89,8084
29.87,4802
29.96,2619
29.95,5446
29.95,3614
29.92,16106
30.14,7935
29.91,4588
29.94,3380
30.05,4963
30.02,3381
30.08,16055
30.31,2461
30.23,1988
30.29,1925
30.34,2899
30.26,7150
30.32,10751
30.5,5186
30.41,3517
30.47,1242
30.45,3085
30.42,8987
30.52,13259
30.2,8448
29.97,6584
30,10260
30.01,2950
30.14,2411
30.18,8686
30.26,7301
30.17,8371
30.2,3185
30.22,2700
30.17,2882
30.17,15404
29.89,4577
29.82,3091
30.02,1300
30.01,5888
29.87,2506
29.77,26978
30.06,2957
29.99,3813
30.08,1795
30.09,2922
30.15,2134
30.16,12779
30.15,5169
30.16,2709
30.18,2250
30.18,2859
30.14,6721
30.15,11550
29.95,3802
29.93,729
30,1288
29.95,2748
29.99,6013
29.93,15627
29.91,4521
29.91,5028
29.8,3657
29.86,3011
29.8,8521
29.71,22379
29.63,8966
29.55,10212
29.55,5947
29.55,4378
29.42,2550
29.41,16642
29.54,6399
29.48,2457
29.62,7233
29.58,5229
29.5,7311
29.39,20389
28.47,18182
28.39,7481
28.34,5642
28.17,17534
28.1,15061
28.23,43108
28.31,10442
28.43,13204
28.48,6138
28.46,5847
28.42,9561
28.42,21320
28.84,10828
28.94,9195
29,3254
29.13,2014
29.13,1834
29.1,12698
28.95,6893
28.91,3067
28.94,1702
29.09,4396
29.13,4877
29.17,12803
29.02,6910
29.03,4833
29.05,7083
29.02,5549
29.11,4560
29.13,10136
29.35,4864
29.36,4177
29.3,17107
29.08,5771
29.2,6095
29.23,11269
29.22,5650
29.25,2545
29.3,2635
29.25,2275
29.16,2435
29.29,3991
29.27,5213
29.32,4706
29.37,3906
29.42,1902
29.38,4275
29.62,6298
29.71,4605
29.68,2800
29.77,3110
29.87,3042
29.83,1152
29.87,8621
29.73,8074
29.38,1165
29.42,3333
29.44,1164
29.48,1913
29.49,20782
29.99,1703
29.8,1414
29.55,3042
29.58,5896
29.45,3001
29.51,10710
29.18,10962
29.37,4104
29.59,3766
29.59,5483
29.61,5673
29.65,5856
29.51,12807
29.64,7124
29.6,4493
29.49,8215
29.44,5357
29.38,15360
29.67,1400
29.73,1400
29.71,1067
29.66,3610
29.69,3102
29.65,9880
29.63,5697
29.57,3269
29.68,3304
29.71,2313
29.68,5590
29.66,10850
29.53,3377
29.38,1100
29.52,2000
29.53,1880
29.46,4522
29.5,11803
29.72,9892
29.78,6689
29.81,3083
29.84,5002
29.87,7568
29.86,16412
30.06,5503
30.08,7597
30.17,2000
30.17,5729
30.27,9757
30.23,43974
30.1,4998
30.01,4829
29.96,7141
29.98,8579
29.89,9576
29.92,32911
29.75,7297
29.95,6729
30.04,4505
30.02,7052
30.01,13659
29.96,52927
29.65,12804
29.94,9181
30.01,7149
29.93,4838
29.92,6578
29.92,15848
29.78,1777
29.81,4030
29.61,11372
29.35,12799
29.43,7386
29.49,17600
29.47,7707
29.47,3267
29.49,9848
29.41,4073
29.38,7128
29.36,16013
28.55,12314
28.38,2877
28.51,4778
28.49,4674
28.42,9209
28.39,9157
28.55,6147
28.69,4425
28.79,5790
28.83,9968
28.81,6966
28.85,13201
29.36,6903
29.4,1329
29.31,3802
29.34,9298
29.39,5408
29.46,32781
29.56,6544
29.71,3938
29.68,2664
29.78,4501
29.83,3492
29.87,13509
29.71,1788
29.71,1899
29.86,3307
29.89,5376
29.9,5607
29.92,14385
29.91,10100
29.68,7684
29.82,6162
29.85,7610
29.71,9153
29.7,15894
29.98,6642
30.1,4220
30.13,10486
30.17,1600
30.12,7866
30.1,10448
30.16,3867
30.26,5236
30.19,1700
30.16,3258
30.16,8967
30.13,13493
29.91,18064
29.79,20079
29.86,12591
29.91,11136
30.02,5443
30.09,18050
30.18,10655
30.2,3642
30.16,1000
30.2,3319
30.17,3252
30.2,5594
30.38,11741
30.38,7988
30.34,6813
30.35,2645
30.3,6829
30.39,5660
30.45,2228
30.44,2552
30.43,2354
30.46,6870
30.49,4057
30.57,9890
30.55,7968
30.53,9170
30.56,17340
30.55,4100
30.52,4613
30.52,10430
30.91,10987
30.69,4586
30.81,3155
30.81,3262
30.83,5534
30.81,22629
30.85,5641
30.8,2141
30.72,1020
30.72,3814
30.62,4926
30.64,18747
30.52,2155
30.44,2989
30.45,2400
30.55,1334
30.55,3962
30.54,10436
30.77,5310
30.78,5058
30.75,3427
30.66,3012
30.67,3153
30.68,4342
30.73,2425
30.54,911
30.58,1024
30.58,3284
30.52,4584
30.39,8248
30.61,2865
30.62,987
30.61,846
30.72,2334
30.77,1200
30.76,5231
30.59,2840
30.58,6159
30.53,2670
30.58,10734
30.62,5675
30.7,12909
30.43,4324
30.22,1588
30.36,2964
30.39,5437
30.3,4620
30.3,18792
29.94,18346
29.84,6191
29.68,6711
29.52,23946
29.6,22462
29.5,22117
30.07,28753
29.85,6116
30.05,7386
30.04,7082
30.05,10925
30.04,17953
30.2,16278
30.23,4108
30.31,3536
30.33,2467
30.38,12446
30.17,39223
30.62,8095
30.6,6685
30.64,2075
30.66,8308
30.74,10719
30.64,19751
30.56,3440
30.59,6820
30.52,5215
30.57,2192
30.54,1969
30.59,7564
30.85,12452
30.89,11957
30.78,7650
30.85,3548
30.86,6962
30.92,50609
30.6,14224
30.47,5184
30.39,4573
30.36,4827
30.39,1112
30.49,16353
30.56,5111
30.55,3402
30.63,5751
30.55,7765
30.46,6299
30.5,25153
30.46,3883
30.44,6489
30.52,4957
30.46,4822
30.42,3132
30.51,13380
30.41,4303
30.36,3824
30.5,5018
30.45,5155
30.56,1702
30.62,17772
30.99,6480
31.05,8131
31.09,6519
30.86,4818
30.88,5233
30.84,43065
30.86,13123
30.88,9577
30.78,7408
30.7,7391
30.73,4804
30.79,33517
30.36,6032
30.49,4110
30.51,5459
30.43,6591
30.62,7389
30.78,42227
31.2,19031
31.23,26500
31.23,93677
31.2,21245
31.15,49674
31.14,46175
31.37,13133
31.52,16963
31.49,19886
31.53,14523
31.53,13938
31.62,52343
31.84,10058
31.72,17232
31.56,8394
31.43,3417
31.44,5965
31.62,19251
31.85,11015
31.93,5964
31.89,4190
31.91,12342
32.06,10136
31.98,33940
31.82,6786
31.87,7314
31.95,5051
32.04,3645
32.03,11227
32.01,33022
32.43,11007
32.43,15920
32.42,4023
32.51,9810
32.57,9067
32.49,32963
32.57,4360
32.6,6233
32.56,2652
32.54,11822
32.56,1679
32.55,25049
32.59,1506
32.65,13524
32.71,3709
32.71,3818
32.58,11401
32.61,18474
32.79,15759
32.83,3880
32.87,3070
32.87,5312
32.82,5217
32.75,19494
32.69,14962
32.96,19244
32.86,11381
32.82,18272
32.83,16230
32.91,45125
32.82,19327
32.74,6640
32.68,11835
32.53,6591
32.45,17815
32.53,49234
32.62,6777
32.64,4991
32.46,4740
32.51,4355
32.56,3808
32.63,13264
32.74,19368
32.54,25154
32.46,16858
32.45,6666
32.51,11442
32.53,17282
32.76,7079
32.7,3294
32.67,3058
32.64,10685
32.59,6127
32.58,9737
32.44,15109
32.36,10408
32.37,9059
32.32,7754
32.39,10221
32.33,29466
32.16,9093
32.05,5495
32.12,5104
32.17,2003
32.19,6160
32.1,17570
32.16,4906
31.98,2361
31.94,9800
31.92,3693
31.98,7536
31.98,20961
32.1,9074
32.07,8356
32.25,5475
32.36,8170
32.33,8105
32.36,13815
32.21,5887
32.25,2930
32.1,2878
32.06,2592
32.13,4222
32.13,10483
32.07,27739
32.11,26587
32.14,19319
32.1,14738
32.15,17707
32.15,21213
32.15,16093
32.01,8064
31.95,2075
31.92,4688
31.94,10061
32.01,47698
32.73,29724
33.01,16114
32.99,13601
33.08,16024
33.03,21510
32.93,54459
32.57,21209
32.53,12133
32.53,12294
32.55,35827
32.46,13964
32.38,30590
32.51,23410
32.42,11368
32.39,12904
32.47,4889
32.41,40181
32.39,45154
32.41,17446
32.36,11701
32.39,11812
32.26,14641
32.19,19805
32.24,37211
32.01,21531
31.98,29207
31.98,16494
31.97,16063
31.97,34426
31.99,56129
31.4,28831
31.4,15781
31.56,14213
31.48,31543
31.47,23628
31.36,56220
31.3,7850
31.32,10936
31.4,11422
31.34,15115
31.37,12204
31.37,46057
31.38,12788
31.38,9282
31.35,8353
31.36,20889
31.36,48302
31.33,44890
31.43,23751
31.33,4990
31.24,4618
31.19,8222
31.13,8185
31.12,15109
31.09,4846
31.06,11232
31.08,9922
31.13,14869
31.07,2907
31.09,37193
30.67,14362
30.7,16869
30.72,6882
30.72,7851
30.68,11793
30.7,69852
30.61,18319
30.63,20946
30.72,3284
30.68,9960
30.72,22505
30.73,46148
30.71,13331
30.67,14875
30.78,6898
30.76,17431
30.89,29132
30.84,64491
30.85,12652
30.98,18749
31.01,7787
30.97,10012
31.02,11916
30.99,53429
30.26,21121
30.16,11881
30.18,24834
30.18,0
29.86,14470
29.68,16746
29.58,14061
29.67,17735
29.69,18937
29.63,74242
29.29,21358
29.02,21549
28.92,17600
29.04,18249
29.08,22713
29.15,62501
29.47,14947
29.5,16036
29.28,9854
29.23,8048
29.08,12164
29.04,33325
29.02,15291
29.13,11745
29.19,7091
29.14,7758
29.14,5580
29.15,27935
29.09,12418
29.04,7203
28.92,5775
28.98,9016
28.93,4237
28.87,59785
29.18,35464
29.28,18958
29.34,16968
29.33,16236
29.33,14498
29.31,39808
30.15,16291
30.11,34932
30.07,9229
30.12,16446
30.08,15353
30.08,87112
30.01,33855
29.86,26146
29.73,13101
29.8,14405
29.78,26946
29.74,43019
29.52,21546
29.42,13817
29.35,5342
29.33,18698
29.33,16352
29.33,41287
29.45,10206
29.34,5343
29.34,3454
29.32,2021
29.29,4816
29.32,58560
29.2,13789
29.15,4951
29.13,3601
29.16,2423
29.14,6283
29.21,37877
29.07,9316
29.02,15659
29.02,3362
29.02,2200
29.02,6363
29.05,22823
28.73,11793
28.77,16988
28.78,25964
28.8,19997
28.75,43166
28.81,95404
29.14,56405
29.26,31686
29.16,14404
29.15,32127
29.12,39002
29.04,69995
28.64,18341
28.85,24522
28.7,19943
28.78,6422
28.73,35931
28.74,110127
28.23,32189
28.23,35802
28.4,36892
28.48,30254
28.57,36277
28.63,135112
28.97,17273
29.09,28237
29.11,37379
29.16,33543
29.09,17215
29.11,63754
28.98,17637
29.11,10073
29.14,11402
29.17,4529
29.19,11826
29.18,25989
29.32,16921
29.52,20837
29.6,8253
29.57,5985
29.55,12185
29.57,20346
29.37,10304
29.6,3214
29.64,809
29.69,11221
29.8,9301
29.83,15718
29.89,4763
29.69,3615
29.73,2140
29.71,1700
29.75,3913
29.75,9963
29.65,20244
29.77,8889
29.65,10732
29.64,12170
29.72,13725
29.73,23648
30.01,13461
29.9,11540
29.9,21906
30.02,18401
30.04,6171
30.06,23604
30.06,4556
30.1,7249
30.06,11550
30.13,20475
30.16,5962
30.16,44055
30.56,10606
30.53,3241
30.51,5386
30.46,2024
30.48,8285
30.54,22175
30.55,17833
30.41,6458
30.43,2338
30.36,6576
30.23,3778
30.35,27498
30.61,16073
30.76,9948
30.79,10084
30.83,8454
30.74,12349
30.52,35173
30.55,19572
30.66,21477
30.79,31262
31.01,17286
30.96,19085
30.96,75137
30.96,21827
31.1,19592
31.2,22227
31.27,29539
31.44,23629
31.48,79695
31.4,18089
31.25,4926
31.38,7989
31.46,16071
31.54,8601
31.59,25094
31.67,9960
31.7,11745
31.82,4277
31.93,9513
31.98,8616
32.01,35152
32.24,14296
32.12,11566
32.06,7412
32.17,5858
32.17,10532
32.24,30231
32.53,18164
32.58,14371
32.58,12488
32.51,11084
32.6,17855
32.52,55511
32.34,5033
32.16,10115
32.1,3570
32.03,8262
32.19,2770
32.22,30719
32.55,10870
32.52,8675
32.53,6521
32.42,5780
32.57,13556
32.76,29225
32.53,12470
32.43,16634
32.64,21009
32.68,13770
32.7,10632
32.75,64074
32.66,10982
32.64,7708
32.69,7638
32.67,18579
32.74,32860
32.62,89838
32.03,13795
31.95,12996
31.82,13240
31.69,10292
31.63,20041
31.47,53250
31.01,22359
30.73,18544
30.45,23452
30.39,22158
30.77,37475
30.9,54914
31.17,33088
31.53,13157
31.41,16601
31.59,13130
31.76,20226
31.87,38876
32.29,12805
32.23,11476
32.37,16289
32.39,10504
32.38,15793
32.11,25191
32.31,28666
32.04,8165
31.97,11017
31.92,8974
31.89,15192
31.86,15360
31.9,9178
31.94,6899
32.18,9005
32.05,7704
32.14,9167
32.16,17236
32.27,9840
32.48,5263
32.66,10453
32.76,14243
32.84,28754
32.87,51841
32.9,15101
33.04,22325
33.01,26689
32.96,5168
33.06,7747
33.04,33272
33.36,10862
33.28,7813
33.23,8850
33.32,11967
33.43,6452
33.48,23237
33.29,25287
33.28,7708
33.3,11584
33.23,12514
33.38,13796
33.35,34417
33.41,15880
33.16,7570
33.31,4828
33.28,17564
33.36,21923
33.37,25947
33.59,17924
33.61,5326
33.53,8647
33.48,11604
33.61,17063
33.71,21878
33.38,15567
33.32,14251
33.38,4906
33.38,8451
33.4,18276
33.16,23030
33.34,8450
33.38,11550
33.35,5863
33.26,8428
33.28,9635
33.26,18442
33.52,24447
33.52,22161
33.58,23422
33.46,17066
33.41,28262
33.33,40408
33.58,21504
33.73,11966
33.71,15562
33.84,19861
33.76,19284
33.73,46484
32.93,37523
32.64,32660
32.73,16295
32.7,29045
32.47,22013
32.47,37400
32.26,17456
32.46,16848
32.56,20661
32.54,12913
32.68,8237
32.55,22734
32.81,10123
32.5,5862
32.61,5616
32.67,8780
32.79,13474
32.9,38649
32.58,17867
32.62,10577
32.68,11291
32.78,11014
32.81,17356
32.67,45924
32.71,10708
32.56,5443
32.47,15273
32.48,4162
32.47,5292
32.53,23211
32.64,26556
32.69,9560
32.53,8614
32.34,17176
32.12,17549
32.41,45825
32.75,41460
32.68,15121
32.77,8681
32.75,11737
32.69,22857
32.69,45461
32.46,19832
32.5,16225
32.33,36558
32.45,35618
32.46,16022
32.59,25465
32.99,24325
33.23,19106
33.39,22082
33.44,17900
33.47,38519
33.49,104988
33.66,66386
33.87,38448
33.99,10120
33.74,10832
33.77,16992
33.85,62545
34.65,16677
34.19,23637
33.96,16113
34.09,9403
34.07,13913
34.23,62796
34.68,35383
34.61,21057
34.91,31408
34.95,34376
35.09,34317
34.89,23685
35.12,17044
35.05,8504
35.11,10469
35.09,4509
35.14,9365
35.03,41269
35.07,30594
35.01,38719
35.03,25802
35.22,16821
35.22,46811
35.25,88448
35.42,20571
35.33,22558
35.23,28233
35.09,23774
35.04,23645
34.86,55053
34.86,0
34.86,0
34.86,0
34.86,0
34.86,0
34.86,0
34.57,9747
34.67,17878
34.99,9837
34.79,7811
34.51,14630
34.61,33757
35.04,18312
34.64,5299
34.78,3962
34.76,5728
34.87,21282
35.05,189946
35.05,9578
35.12,8416
35,6593
35.02,7256
35,6507
34.98,50288
34.54,24286
34.86,15190
34.69,9276
34.63,15456
34.58,9630
34.5,39117
34.1,11482
34.18,17114
34.48,10646
34.64,11235
34.62,4853
34.66,15172
34.9,11239
34.79,9967
34.68,4746
34.65,3075
34.59,12177
34.54,16711
35.07,10241
35.28,7738
35.43,4529
35.35,4128
35.26,6181
35.23,26935
35.32,10116
35.18,8730
35.15,8754
35.26,10238
35.32,9823
35.35,46347
35.67,10805
35.67,13370
35.57,3990
35.54,9862
35.63,26153
35.61,56444
35.72,15771
35.54,2308
35.56,4931
35.64,9119
35.74,7721
35.67,21966
35.63,6534
35.78,5661
35.67,4302
35.65,9159
35.58,17165
35.58,24630
35.61,8506
35.78,2214
35.73,3414
35.7,629
35.78,8336
35.61,22907
35.97,10850
36.05,4374
36.13,4637
36.17,8256
36.24,11328
36.42,40630
35.93,7035
36.07,8929
36.05,4958
36.1,8015
36.14,4903
36.2,16322
36.09,17204
36.16,11985
36.23,10150
36.13,12719
36.25,15197
36.3,40569
36.49,9906
36.37,2500
36.4,6198
36.35,1672
36.44,4262
36.47,16508
36.43,6326
36.56,2373
36.54,2449
36.62,1811
36.59,5397
36.52,15371
36.6,6862
36.45,9271
36.52,15278
36.41,6290
36.38,7434
36.45,15585
36.69,10382
36.68,1510
36.69,3762
36.75,7287
36.84,8860
36.82,27675
37.27,7348
37.02,6634
36.94,3273
36.9,3233
36.91,4161
36.88,18448
36.79,9607
36.8,5544
36.88,5491
36.86,7532
36.82,9408
36.77,21919
36.16,9778
36.14,12159
36.07,14613
35.94,7960
36.24,4618
36.31,27650
36.54,3902
36.64,5058
36.8,9149
36.88,1944
36.88,5069
36.85,21564
36.52,10665
36.57,20060
36.37,10709
36.31,8410
36.31,12184
36.32,36997
36.47,7560
36.46,10331
36.67,7663
36.61,6664
36.44,7101
36.49,35164
36.46,9867
36.35,7326
36.45,8130
36.51,4045
36.47,8723
36.51,17909
36.63,12740
36.49,3757
36.4,10436
36.52,12753
36.65,6236
36.57,12426
36.48,3963
36.43,4078
36.41,3964
36.55,22667
36.51,6325
36.44,13864
36.57,3880
36.62,6290
36.52,2975
36.55,5397
36.54,9199
36.52,17215
36.67,9685
36.86,3214
36.88,2384
36.97,5324
37.02,22109
36.86,47982
37.09,8236
37.19,12724
37.14,9754
36.96,7210
36.8,10802
36.57,21138
36.24,6751
35.94,16821
35.68,14634
35.72,10873
35.56,16198
35.36,30854
34.46,17325
34.28,8942
34.13,7717
34.35,6276
34.39,10038
34.72,24473
34.65,15805
34.63,9344
34.81,8667
34.91,8756
34.77,8436
34.63,21044
34.64,12633
34.43,5816
34.6,8081
34.68,11160
34.77,7793
34.53,32635
34.61,11690
34.79,6851
34.96,5899
35.19,5461
35.2,10076
35.28,35583
35.14,6068
34.82,6434
34.68,5063
34.62,5459
34.75,8400
34.42,37832
34.29,6711
34.22,6272
34.16,8685
34.12,5328
33.98,9626
33.82,28489
34.51,12396
34.78,9160
34.87,6929
34.72,4558
34.68,8342
34.67,15757
34.84,5549
34.89,8328
35.06,6684
35.11,8503
35.13,24387
35.59,35112
35.87,29254
35.34,8754
34.88,10105
35.17,7562
34.93,14927
34.91,42481
35,17961
35.41,7816
35.59,8546
35.71,8943
35.78,10129
35.55,41061
34.89,16617
34.38,16096
34.64,16998
34.41,12894
34.38,13986
34.36,49342
34.52,21920
34.13,16235
33.77,14761
33.52,20878
34.01,23786
33.94,29750
34.55,43706
34.61,14867
34.64,14194
34.36,15330
34.14,20343
34.19,32097
33.8,18396
33.92,11622
33.72,41809
33.94,28143
33.89,18791
33.8,44362
34.65,17309
35.13,13523
35.19,6232
35.09,6424
34.94,14919
35.06,25290
35.31,9750
35.27,8914
35.51,4846
35.56,9879
35.7,15472
35.85,22656
35.89,5368
35.93,7318
35.89,7508
35.91,3404
35.93,14979
35.94,15476
35.8,12687
35.89,7257
35.65,2792
35.73,8125
35.53,10345
35.35,33430
35.29,14106
35.28,10719
35.48,6860
35.51,8962
35.71,9125
35.74,42064
35.88,8079
35.54,9149
35.38,3473
35.24,6026
35.27,7650
35.32,22845
35.97,10879
36.22,7784
36.15,12842
35.97,6223
36.06,5894
36.14,23237
35.84,17260
35.57,13254
35.68,13685
35.84,8619
35.92,10169
35.92,47168
36.07,7570
36.1,4489
36.11,6445
35.99,3125
36.02,11969
36.14,28719
36.38,6041
36.51,8768
36.64,13619
36.73,13130
36.7,9700
36.76,35186
37.01,9833
36.92,7097
37.13,10248
37.11,26359
37.12,71787
37.08,91023
37.17,11783
37.21,6157
37.21,18300
37.21,18094
37.22,23779
37.03,39191
37.16,21423
36.95,11774
36.83,7975
36.92,53421
37.01,42774
37.03,124317
36.81,13876
37.13,10576
37.33,9113
37.56,6586
37.49,13599
37.41,32355
37.6,13416
37.64,7773
37.55,1441
37.47,2197
37.41,13990
37.57,21378
37.65,7316
37.81,8385
37.76,5056
37.66,4500
37.77,4727
37.72,23776
37.84,4348
37.82,4314
37.89,3123
37.95,4023
37.95,9267
38,18579
37.95,6758
38.09,1628
38.13,3770
37.98,2888
37.79,5416
37.58,15462
37.59,16207
37.39,27140
37.34,5114
37.36,5803
37.26,9568
37.17,30665
36.6,7963
36.42,10995
36.41,7026
36.21,6850
36.3,7612
36.59,25749
35.37,27936
35.12,15848
35.49,11192
35.5,9640
35.56,10019
35.45,57450
35.26,15297
35.03,16632
34.73,16249
34.6,20087
34.44,26398
34.31,74334
34.55,10414
34.21,5075
34.09,8715
33.88,12136
34.06,43502
34,55413
33.17,29312
32.85,16086
33.11,15354
33.23,13139
33.03,10834
32.83,29250
32.71,21933
31.69,16901
31.88,9572
31.89,20344
32.26,29212
32.5,63916
33.18,15400
33.47,8193
33.22,9886
33.4,7396
33.17,12697
33.3,38889
32.71,17957
32.97,11453
32.91,7698
32.97,6035
33.15,9420
33.2,27153
33.12,17584
32.87,13806
32.5,20810
32.66,12247
32.66,11197
32.54,35488
32.95,12467
33.3,9127
33.49,13664
33.46,6162
33.39,4713
33.43,20974
33.68,7284
33.87,13516
33.81,4707
33.81,8983
33.83,17269
33.8,51844
34.42,27447
34.36,15029
33.95,16517
34.18,15524
34.12,17570
34.01,64856
34.3,10155
34.04,10822
34.09,8603
34.12,7447
34.14,18212
34.1,52900
33.6,13578
33.59,6989
33.71,12588
33.83,10822
33.81,8822
33.62,41071
33.86,47862
33.67,14602
33.83,6381
33.99,4124
34.08,3263
34.1,14381
33.15,19278
32.76,36400
32.67,34195
32.4,24796
32.6,16065
32.92,43759
32.85,16343
32.48,9274
32.77,5403
32.76,6555
32.96,25765
33.01,33958
33.55,11902
33.61,5097
33.59,10758
33.55,9505
33.68,8700
33.71,18567
33.49,9299
33.91,9411
33.95,6601
33.78,6165
33.79,12573
33.83,14551
33.53,7338
33.51,8764
33.63,7840
33.63,7613
33.71,8975
33.65,21543
33.29,9029
33.47,5420
33.48,5362
33.41,4778
33.52,5525
33.42,24628
33.32,12986
33.39,12751
33.43,5301
33.46,11908
33.47,7664
33.53,25438
32.41,14329
32.35,19423
32.78,14960
32.55,10555
32.57,12730
32.77,25793
33.25,13187
33.26,5537
33.11,3671
33.2,4521
33.18,5551
33.29,19817
33.87,5597
33.98,8241
34.16,6971
34.13,8908
34.12,5921
34.15,24744
34.36,11940
34.46,9879
34.48,7292
34.58,4958
34.59,9145
34.62,24990
34.28,10953
34.53,6384
34.43,5127
34.48,6053
34.33,5280
34.52,15664
34.17,5551
34.35,10897
34.37,4789
34.37,6030
34.28,8271
34.22,18855
34.54,6390
34.68,7559
34.63,5594
34.51,6404
34.28,5608
34.22,15120
34.72,19149
34.84,7903
34.98,9270
34.95,6442
35.05,9053
35.1,28577
35.41,22361
35.24,16039
35.04,9543
35.14,7088
35.17,11533
35.11,57993
35.18,24896
35.29,5932
35.35,6093
35.38,7601
35.45,46363
35.73,56596
35.54,17795
35.51,12792
35.68,16735
35.83,10274
35.86,7853
35.83,34076
35.74,13348
35.94,12761
36.08,10728
35.98,9463
35.89,12766
35.94,19735
35.28,2451
35.41,5114
35.48,4989
35.6,5004
35.46,6046
35.65,11630
35.58,17576
35.56,19297
35.47,16554
35.6,13579
35.35,14085
35.36,27981
35.26,7111
35.16,6364
35.11,4532
35.17,5222
35.33,4922
35.39,20682
34.96,8665
35.01,5892
34.92,9537
34.84,8702
34.91,9213
34.79,45956
34.16,19522
34.1,9201
34.11,7953
34.25,7878
34.18,14432
34.07,28028
34.81,3673
34.78,2216
34.67,4512
34.68,11698
34.83,11653
34.83,26660
35.03,8897
34.83,4869
34.81,3281
34.83,3694
34.79,4333
34.76,12290
34.98,13376
35.17,7565
35.22,2640
35.23,3507
35.28,3128
35.15,24240
35.45,10395
35.41,6505
35.44,6418
35.64,6341
35.6,19099
35.52,17864
35.31,5819
35.3,7577
35.25,4470
35.22,5293
35.2,8648
35.23,20696
34.57,6433
34.76,11270
34.69,5479
34.81,3436
34.75,9278
34.69,23178
34.99,5009
34.84,5889
34.75,4248
34.96,1934
35.06,3913
35.02,9729
34.79,3620
34.74,3278
34.7,3674
34.8,5081
34.82,4544
34.8,14196
34.98,22668
35.06,3823
35.16,4637
35.02,5268
35.08,10806
35.25,12178
34.91,5028
35.04,3641
35.04,2711
35.21,3630
35.22,5551
35.17,21096
34.84,9784
34.85,4361
34.91,3146
34.91,2943
34.82,2431
34.84,19441
35.37,3763
35.52,6852
35.5,4951
35.52,5013
35.38,6020
35.43,20264
35.58,8433
35.81,5379
35.83,3041
35.78,2603
35.75,3692
35.71,17456
35.97,7284
35.86,5669
35.85,2740
35.91,5888
35.94,8969
35.97,20023
35.92,5957
35.62,8891
35.57,7398
35.45,6030
35.5,4238
35.43,21840
35.54,7538
35.51,6088
35.68,2569
35.73,2910
35.76,21857
35.78,27317
35.06,6737
34.98,6596
34.97,10035
34.86,6116
34.7,7772
34.72,19869
33.8,13379
34.02,11231
34,8467
33.93,9079
33.88,12439
33.7,49742
33.04,19009
33.25,38228
33.35,13097
33.16,11600
33.24,20203
33.25,57268
33.7,70823
33.94,46047
33.93,34414
33.64,14811
33.44,17506
33.59,53087
33.6,24472
33.6,13668
33.52,7880
33.39,7363
33.26,11494
33.19,37106
32.87,7871
33.11,14726
33.24,2593
33.26,5129
33.35,3608
33.42,10686
33.28,14879
33.32,15563
33.25,22446
33.19,13381
33.34,15322
33.28,36675
33.93,10472
33.93,9218
33.91,4810
33.95,11736
33.93,11059
33.93,25111
34.8,18177
34.84,13113
34.85,11968
34.87,14772
34.88,7646
34.89,29059
34.45,8455
34.34,13445
34.29,11091
34.34,9691
34.37,21661
34.27,29779
34.51,8012
34.71,4148
34.58,4056
34.62,7351
34.39,8561
34.26,22083
34.16,13487
33.97,16353
34.01,12219
34.05,18271
34.04,22557
33.95,103222
33.37,13735
33.43,6641
33.32,10003
33.15,10668
33.13,8507
33.24,32281
33.08,6087
33.3,4223
33.33,2378
33.45,1910
33.4,4516
33.46,22890
33.11,6359
33.04,4519
32.97,1848
32.93,5079
32.81,7883
32.97,12681
33.28,10754
33.22,8853
33.21,5220
33.19,8582
33.16,20059
33.26,27516
32.57,16616
32.58,7092
32.63,8237
32.7,7790
32.67,8891
32.71,27519
31.33,39666
31.16,18229
30.99,12505
31.06,13471
30.94,16181
30.86,35526
30.67,27393
30.74,18599
30.3,12943
30.31,11740
30.09,13074
30.29,32468
30.7,11368
30.76,8978
30.51,6913
30.33,5908
30.42,5062
30.53,19752
30.79,9896
31.08,14720
31.15,10296
31.21,9609
31.29,28105
31.29,90886
30.55,14610
30.59,18320
30.74,14363
30.67,11069
30.49,15621
30.49,32143
30.79,18513
30.67,5314
30.63,6078
30.62,8262
30.48,5344
30.27,30821
31.01,17341
31.08,10179
31.06,12240
31.33,13160
31.35,12259
31.43,38780
31.9,15314
32.11,15422
32.06,6947
31.96,14827
32.01,14420
31.94,28420
31.74,12467
31.44,7950
31.55,5261
31.66,7714
31.76,16316
31.85,43817
31.11,28784
30.83,17890
30.53,27290
30.52,18325
30.46,21755
30.13,54344
30.31,22884
30.44,14076
30.35,10222
30.13,12952
30.19,11189
30.14,45006
30.16,20048
29.74,2624
29.8,3961
29.7,12732
29.8,6115
29.64,25471
29.55,25040
29.25,7812
29.55,6696
29.56,12652
29.72,14008
29.29,47165
29.09,25007
29.11,11419
29.1,2005
29.04,7098
29.08,7396
28.98,25077
28.94,20393
29.09,51515
29.84,21880
29.87,14880
30.1,20549
30.31,67720
29.87,10609
29.73,12798
29.44,4075
29.48,3782
29.41,6583
29.31,13790
30.01,11850
30.29,3624
30.32,4662
30.23,10628
30.34,7556
30.16,24131
30.42,17375
30.26,10865
29.98,33658
30.11,3763
30.23,34400
30.1,21746
30.2,9793
30.29,7231
30.27,4505
30.29,5398
30.33,4044
30.32,9165
30.49,13538
30.66,5228
30.35,4547
30.27,4759
30.21,6679
30.18,19469
30.47,6512
30.29,5016
30.63,8963
30.74,10316
30.81,16746
30.86,36502
30.83,5342
30.8,4985
30.81,2846
30.74,1707
30.69,4957
30.71,13691
30.79,5856
30.85,5539
30.92,3067
30.87,1947
30.89,5006
30.9,15914
31.18,21611
31.59,6736
31.57,3413
31.48,3761
31.49,2501
31.37,18056
31.88,9236
31.82,5854
31.83,2200
31.83,5739
31.84,6307
31.65,21497
31.79,10787
31.65,8537
31.65,5095
31.6,6361
31.56,7621
31.67,12960
31.46,6579
31.6,5860
31.59,2888
31.59,3997
31.7,5526
31.78,14276
32,8043
31.64,5586
31.81,3830
31.74,2100
31.76,3606
31.73,6703
31.58,4682
31.68,8525
31.83,4835
31.79,2543
31.86,24304
31.8,15781
31.27,14915
31.67,10099
31.7,7933
31.84,5236
31.66,8649
31.79,25103
32.88,9420
32.9,4706
32.39,6150
32.35,10456
32.37,7417
32.62,26185
32.25,9043
32.51,9771
32.41,5895
32.4,11005
32.28,11847
32.41,25098
32.27,8389
32.6,9861
32.52,5889
32.62,6199
32.55,8671
32.51,23635
32.46,7518
32.25,5434
32.41,2189
32.35,6988
32.08,10211
31.97,19531
32.93,7845
33.1,6272
33,1640
32.84,2661
32.98,5467
33.09,35207
33.58,14406
33.91,6938
33.68,5770
33.84,7869
34.01,10159
34.1,30194
33.68,5660
33.81,5792
33.58,5733
33.53,4783
33.51,4703
33.43,20180
33.49,8630
33.35,8379
33.47,5173
33.48,8121
33.23,9028
33.39,11677
33.29,4191
33.42,4746
33.35,6653
33.39,2703
33.28,2734
33.43,21334
33.2,8731
33.23,5735
33.13,5061
33.16,7381
33.22,6806
33.24,20133
33.15,9293
33.13,4994
33.13,6951
33.17,3979
33.11,5484
33.3,22282
32.88,12191
32.72,4408
32.78,8012
33.01,15262
33.14,6296
33.1,16185
33.8,11733
33.81,2805
33.97,3499
33.96,1761
33.91,10346
33.88,35216
33.87,6327
33.98,3498
33.88,6796
34,6595
34.05,9329
34.15,15498
34.75,3845
34.71,3669
34.58,11758
34.58,0
34.15,6623
34.29,4383
34.21,6491
34.14,2171
34.07,5665
33.94,12231
33.9,23982
34.05,46395
33.82,11481
33.86,13320
33.85,12371
33.81,22599
34.36,12162
34.03,9884
33.86,7535
33.67,11165
33.82,8043
33.98,35331
34.3,16204
34.09,6711
33.91,8465
34.05,4694
33.85,6766
33.79,23213
33.44,18333
33.57,15330
33.71,9382
33.55,8962
33.56,7998
33.61,22426
33.4,8404
33.27,6051
33.07,6344
33,3171
32.98,9372
32.94,12277
33.01,9661
32.77,5317
32.68,7391
32.52,12932
32.48,4937
32.56,15381
32.51,11022
32.62,5535
32.4,5741
32.45,6923
32.34,6126
32.45,25744
32.69,3814
32.39,4948
32.42,1900
32.41,1978
32.48,3189
32.38,30221
32.4,4875
32.45,5424
32.57,5768
32.38,3470
32.3,11243
32.36,13348
32.28,3957
32.28,3325
32.37,3480
32.25,2875
32.27,3145
32.33,17142
33.12,9900
32.87,10807
32.95,6777
32.78,8257
32.95,7095
32.89,19181
32.75,7027
32.89,13198
32.93,1841
32.94,11013
32.87,20390
32.79,19462
32.2,26474
32.25,24391
32.01,21123
32,20983
32.14,17410
32.17,38476
31.73,7612
31.5,12129
31.49,18157
31.42,14861
31.52,14897
31.64,25977
31.44,11513
31.29,11017
31.45,7333
31.53,7799
31.47,8258
31.17,16987
31.55,10391
31.62,12968
31.62,12090
31.78,7319
31.92,6671
31.78,14348
32.07,11984
32.25,3173
32.23,17061
32.3,4734
32.38,12744
32.35,19091
32.17,23686
32.05,7626
32.05,10490
31.75,16923
31.71,16557
31.88,27497
32.31,10471
32.41,4261
32.51,7417
32.62,3341
32.51,1722
32.56,9656
32.54,1923
32.66,300
32.68,1060
32.71,1401
32.71,1852
32.68,9474
32.5,7353
32.28,9413
32.13,4522
32.21,2718
32.15,7170
32.16,21887
32.37,3285
32.31,11444
32.42,7758
32.49,5310
32.42,7276
32.45,5890
32.26,2332
32.32,2654
32.42,2208
32.39,1626
32.22,1101
32.25,10048
32.28,6040
32.32,8619
32.09,6700
32.15,3568
32.24,27555
32.23,52751
32.47,14432
32.69,11664
32.94,15941
32.95,9629
32.86,12978
32.84,22702
32.68,8928
32.52,2995
32.53,8529
32.73,2404
32.79,4728
32.7,8900
32.94,14684
33.36,16175
33.42,4132
33.45,6239
33.4,4792
33.5,19083
33.91,8051
33.88,8253
33.91,5184
33.9,4049
33.93,6693
33.89,26497
33.72,14221
33.62,11892
33.7,7015
33.69,5223
33.79,4150
33.8,16801
34.01,4199
33.85,12360
33.91,5425
33.91,3908
33.99,17898
34.07,16863
34.15,11166
34.38,11954
34.46,8642
34.66,9948
34.64,11708
34.59,11804
34.4,9832
34.56,9501
34.49,49214
34.55,16937
34.57,9717
34.56,27044
34.45,13215
34.43,3333
34.37,4427
34.35,7970
34.41,10712
34.43,26110
34.64,7424
34.5,5091
34.25,4731
34.08,10778
34.15,23483
34.04,22521
34.03,5255
34.01,3160
34.09,2719
34.24,9960
34.21,4231
34.23,29532
34.13,1918
34.27,2603
34.26,3163
34.4,3076
34.53,6289
34.52,15246
34.5,7274
34.68,5957
34.61,8957
34.59,4414
34.61,7113
34.55,15502
33.96,4929
34.28,5991
34.33,8254
34.27,16751
34.26,7404
34.35,17292
33.54,17959
33.47,5485
33.55,12716
33.42,18664
33.4,24637
33.43,49018
33.44,6443
33.38,2767
33.52,6257
33.46,4525
33.52,7831
33.56,32224
33.72,4799
33.66,9711
33.8,5577
33.79,6657
33.73,4349
33.78,19628
33.56,6080
33.7,9364
33.67,9211
33.65,3061
33.65,3781
33.53,15486
33.41,12146
33.52,3171
33.52,3441
33.53,5161
33.67,4830
33.63,31098
33.72,4397
33.44,10133
33.41,2493
33.46,6549
33.36,12206
33.66,48795
33.54,6819
33.73,9189
33.73,6433
33.69,3945
33.7,6886
33.66,35145
33.34,13609
33.55,7148
33.31,8286
33.43,8610
33.41,2325
33.41,22389
33.39,15509
33.32,6104
33.33,4792
33.28,3798
33.41,6536
33.41,13812
33.4,6762
33.36,5822
33.46,8711
33.79,6140
33.42,3031
33.58,16505
33.13,22889
32.77,14547
32.74,8247
32.73,6265
32.58,11364
32.56,16290
32.76,8764
32.72,6047
32.66,3455
32.47,5437
32.54,6490
32.47,25100
32.84,23826
32.94,11866
33.05,5118
33.24,9889
33.2,6740
33.36,41119
33.55,7014
33.62,6955
33.62,2313
33.73,6086
33.72,4222
33.72,21494
33.44,17174
33.23,6472
33.12,5230
33.23,5825
33.24,3405
33.34,22276
33.05,23972
33.05,11816
33.12,15532
32.93,4607
33.06,13513
33.05,38361
32.63,10950
32.83,4937
33,3184
33.13,5003
33.03,10236
33.04,28625
32.37,7260
32.59,7008
32.65,7510
32.68,13899
32.73,3859
32.69,17887
32.27,9526
32.27,7515
32.12,7226
32.09,4704
31.96,5674
31.96,22921
32.12,8432
32.08,3277
32.1,2941
32.21,55457
31.96,102062
31.57,57414
32.1,10512
31.9,21421
31.59,21891
31.58,26311
31.68,34346
31.78,99968
31.56,13224
31.51,18479
31.6,5239
31.53,2678
31.57,11266
31.67,24226
32.05,19015
32.08,8836
31.99,9465
32,6846
31.97,8930
31.93,22710
31.72,7832
31.7,4308
31.61,5204
31.7,4057
31.65,11721
31.58,17778
31.83,14693
31.94,6958
31.82,5510
31.73,8302
31.72,8927
31.81,24374
32.19,18388
32.27,10689
32.24,14182
32.27,7741
32.34,10648
32.41,21475
32.58,12975
32.47,4652
32.61,7122
32.64,1797
32.6,3019
32.67,17439
32.57,9636
32.52,5226
32.51,3696
32.45,9353
32.47,7407
32.52,25871
32.33,12756
32.06,7883
31.93,13686
32.14,10838
32.1,17344
32.11,31219
32.29,7946
32.18,5189
32.16,14957
32.12,12295
32.17,9832
32.18,25976
32.5,11450
32.5,4256
32.45,12009
32.37,17558
32.24,11300
32.07,44689
32.01,26391
31.97,5767
31.91,8659
31.85,11329
31.64,16310
31.84,33542
31.93,38897
32.17,31764
32.07,16972
31.92,16576
32,25788
31.98,60215
32.41,9083
32.41,6194
32.39,8583
32.25,7720
31.98,4316
31.85,12411
30.83,62971
30.62,30296
30.45,23583
30.37,13127
30.56,26387
30.74,43911
30.68,11605
30.86,13208
30.78,22549
30.93,21286
30.93,8319
30.94,25046
30.96,14651
30.58,5277
30.62,5615
30.64,3257
30.69,7275
30.7,46427
31.12,17228
31.11,9606
31.12,5697
31.22,4539
31.14,16539
31.26,74441
31.32,8808
31.12,6622
31.07,6554
31.09,5767
31.12,6346
31.16,36310
31.18,7226
31.45,7921
31.31,6490
31.18,15424
31.17,64220
31.08,48229
30.95,9492
31.06,8604
31.1,5574
30.92,6355
30.71,16381
30.56,23164
30.28,13823
30.4,6252
30.57,6735
30.58,7193
30.68,10261
30.74,10937
30.78,15408
30.79,4589
30.9,8979
30.93,6073
30.95,8185
30.91,9276
30.81,14560
30.97,12997
31,10521
31.01,5471
30.9,7050
30.89,26055
31.54,18230
31.53,11052
31.6,5293
31.6,6869
31.63,13040
31.59,26716
31.9,8314
32.04,9509
31.96,8737
31.84,4890
31.86,5664
31.88,30785
32.07,15609
31.99,9060
31.99,3713
32.01,6766
31.89,6659
31.92,13315
32.71,16581
32.44,10204
32.67,11676
32.64,11010
32.64,6210
32.66,26539
32.68,11586
32.5,11201
32.43,7541
32.46,3833
32.55,5552
32.49,18626
32.84,6355
32.61,6117
32.87,3253
32.78,3290
32.96,6243
32.92,8192
32.91,8489
32.84,6009
32.93,13128
32.88,9711
32.73,13013
32.71,10474
32.63,3446
32.66,7028
32.51,5651
32.66,4367
32.57,9627
32.72,10550
32.86,5375
32.95,1712
33.02,3592
33.14,4664
33.21,4444
33.21,22251
33.56,8138
33.3,5295
33.35,4392
33.37,9737
33.41,17080
33.44,13821
33.45,3841
33.5,9220
33.51,3295
33.53,7132
33.67,5777
33.65,6756
33.62,4351
33.49,3586
33.52,12179
33.49,7581
33.52,2260
33.58,8808
33.59,5541
33.49,5296
33.47,6334
33.47,8805
33.41,7388
33.54,13926
33.66,9603
33.55,5871
33.47,3012
33.49,3021
33.49,2102
33.44,9493
33.36,10024
33.36,6473
33.38,1737
33.39,1386
33.38,1005
33.29,9401
33,4821
33.12,2764
33.02,2797
33.13,1430
33.08,3718
32.98,12549
32.9,3548
33.02,2743
33.02,8624
33,2901
33,3615
32.96,7994
32.88,7702
32.98,5375
33.05,4824
33.1,3136
33.09,4171
33.08,19729
33.13,5867
33.13,6734
33.07,3010
33.08,3863
32.91,8340
32.86,10679
32.78,6703
32.91,4775
32.98,2122
32.93,2975
32.76,6076
32.71,15432
33.17,1685
33,6211
32.86,3351
32.9,1539
32.94,28990
32.98,25875
33.05,8463
33.21,5700
33.33,910
33.31,2999
33.38,7937
33.35,15067
33.39,6937
33.33,6745
33.31,4463
33.26,3494
33.23,6001
33.22,12757
32.69,8563
32.43,8160
32.35,15498
32.33,14171
32.31,20345
32.36,22908
32.59,12806
32.74,7524
32.69,8884
32.74,12252
32.79,29427
32.89,36315
32.61,11176
32.7,7465
32.71,9033
32.95,17881
33,18492
33,23897
33.57,10645
33.36,9996
33.42,9282
33.44,6801
33.48,11651
33.52,27020
33.65,10572
33.33,5669
33.38,3588
33.4,2390
33.38,2938
33.34,14607
33.39,900
33.38,3501
33.33,10245
33.44,2616
33.5,3629
33.5,12657
33.37,5087
33.34,3531
33.34,4199
33.22,10050
33.22,2485
33.28,18541
32.95,14243
33.06,1572
33.05,1817
33.14,600
33.09,2588
33.09,13859
32.95,6329
32.86,3950
32.79,3345
32.72,9389
32.67,7381
32.67,7904
32.64,10477
32.8,10581
32.81,5359
32.95,13958
32.84,9488
32.89,20270
32.46,7490
32.08,12998
31.99,4383
31.98,16535
31.79,11730
31.76,31497
31.54,3985
31.53,7094
31.62,2230
31.7,3101
31.68,3991
31.62,10915
31.33,13190
31.4,14406
31.42,12097
31.39,21327
31.4,24948
31.49,25210
31.7,24446
31.65,23948
31.52,13854
31.59,1443
31.52,1753
31.59,12960
31.45,8512
31.33,8708
31.35,13166
31.37,4830
31.43,4655
31.41,14155
31.45,6239
31.36,18510
31.42,28520
31.3,5064
31.29,8750
31.23,39773
31.08,5376
31.27,6894
31.19,6924
31.25,5818
31.21,2605
31.17,18572
30.86,14453
30.72,10549
30.51,11960
30.57,8113
30.73,11793
30.59,28746
30.7,2717
30.66,8595
30.6,3820
30.6,4285
30.57,7953
30.59,27826
30.5,8319
30.36,6452
30.36,8009
30.43,2951
30.33,3838
30.32,9571
30.05,8598
29.98,5356
29.99,4502
29.93,5053
30.08,4677
29.97,21700
30.33,12018
30.46,21401
30.69,15749
30.76,15682
30.89,26492
30.97,80057
31.12,15944
31.25,17020
31.56,13586
31.64,16688
31.81,12382
31.84,38128
32.14,11276
31.88,5836
31.96,8126
31.94,11965
31.87,8760
31.82,14581
31.72,6720
31.89,7650
31.99,5082
31.88,2081
31.89,2429
31.99,9617
32.22,6152
32.24,4183
32.25,6107
32.25,8042
32.26,5965
32.29,13469
32.25,4056
32.27,3217
32.2,822
32.36,1738
32.42,2012
32.45,6330
32.41,3562
32.42,2960
32.23,1705
32.26,2302
32.26,7121
32.29,13953
31.96,3653
31.93,1887
31.94,744
31.86,4508
31.86,3857
31.78,16341
32.15,7033
32.19,7126
32.09,6252
32.15,5629
32.07,6485
32.01,11914
31.93,9945
31.86,5184
31.78,4640
31.75,8479
31.68,5749
31.5,25865
31.68,6322
31.91,11389
31.87,3707
31.84,5168
31.88,5553
31.84,19874
31.89,4713
31.85,1778
31.84,8327
31.88,3686
31.9,4677
31.96,43777
31.47,12621
31.41,8659
31.34,10792
31.42,6663
31.36,10045
31.44,29021
31.26,7072
31.48,7247
31.51,8302
31.46,4432
31.48,4404
31.46,23099
31.25,5373
31.26,4991
31.22,3603
31.14,3419
31.2,1854
31.21,10381
30.96,5155
30.9,1773
30.81,3037
30.82,1622
30.84,1817
30.81,9643
31.3,12481
31.32,5199
31.45,6518
31.4,3148
31.39,11519
31.39,27940
31.16,7090
31.2,2886
31.16,4333
31.12,3868
31.19,5832
31.15,8875
31.02,17668
30.96,9490
31.06,10898
31.15,16457
31.2,4495
31.28,30536
31.37,3610
31.38,1020
31.47,802
31.41,1432
31.41,1585
31.49,7333
31.51,7349
31.56,13615
31.55,1703
31.62,7021
31.59,7080
31.62,8274
31.68,3602
31.79,909
31.76,9336
31.76,0
31.41,8760
31.31,16681
31.34,3618
31.31,5331
31.32,11239
31.27,28480
30.94,3862
30.84,2867
30.82,3181
30.79,1922
30.8,4763
30.79,25977
30.83,9353
30.94,8773
30.96,7555
31.1,8869
31.06,7453
31.08,21722
30.85,9525
30.86,4519
30.88,3582
30.94,3801
30.93,3461
30.84,17530
30.93,3306
30.91,5759
31,2845
30.98,3710
30.91,5885
30.92,24230
31.16,6568
31.22,11488
31.21,3405
31.29,5036
31.32,4364
31.33,15906
31.56,4490
31.67,2460
31.7,2304
31.63,1376
31.67,1631
31.77,12803
31.51,8168
31.43,6079
31.41,2580
31.41,5066
31.41,3807
31.38,14501
31.34,3523
31.28,5051
31.23,2692
31.22,3863
31.15,6334
31.17,13199
31.22,5237
31.28,3775
31.13,4906
31.09,4537
31.09,5274
31.11,15412
31.38,6451
31.34,2770
31.35,2379
31.35,3410
31.28,1213
31.3,8073
31.52,11236
31.43,8915
31.43,5313
31.57,9035
31.61,11872
31.67,26224
31.63,11893
31.76,8795
31.86,4200
31.81,3836
31.81,2646
31.84,14376
32.05,4947
31.94,5339
32.02,6504
32.11,4679
32.14,2022
32.13,26157
31.85,8219
31.74,4456
31.8,12080
31.8,11732
31.88,15012
31.89,19281
31.5,7916
31.65,21916
31.67,10487
31.64,10816
31.55,14778
31.7,27275
31.69,4945
31.73,2849
31.6,1254
31.65,10267
31.53,4541
31.37,19368
31.01,15075
31.33,8129
31.22,11336
31.02,19615
30.92,15824
30.96,59969
31.38,29230
31.29,6907
31.31,12709
31.26,24271
31.32,10048
31.27,43207
30.99,5494
30.94,2141
30.87,1104
30.88,4422
30.96,9104
30.9,14230
30.74,16621
30.52,4289
30.59,10544
30.68,14539
30.67,12527
30.68,38475
30.65,23152
30.58,7078
30.6,12226
30.75,7027
30.66,8306
30.63,30511
30.73,21528
30.86,23631
30.98,22720
31.03,10571
30.88,19214
30.59,51227
30.52,15965
30.81,3913
30.83,4262
30.7,7597
30.65,8870
30.63,28085
30.19,11526
30.25,2690
30.33,3537
30.47,7493
30.53,9773
30.55,9835
31.04,10795
31.06,25034
30.99,21105
31.02,12954
31.01,9029
31.05,30687
31.36,7237
31.18,3940
31.19,9274
31.04,4275
30.92,6558
30.98,20496
31.16,13716
31.31,5463
31.27,21125
31.08,9119
31.16,5749
31.22,23391
30.68,13276
30.67,7333
30.77,9217
30.77,6800
30.75,8909
30.69,18030
30.47,16941
30.29,6552
30.26,9556
30.07,9212
30.07,10860
30.04,24642
29.97,4301
30.03,4456
30.02,8111
29.82,3371
29.9,3882
29.91,17098
30.13,5642
30.28,7608
30.17,5781
30.23,4523
30.07,2643
30.06,8751
30.16,34991
30.03,10391
30.04,9907
30.01,4733
30.06,8221
30.08,19741
30.12,16059
29.96,11747
29.86,3495
29.9,4726
29.96,4712
29.99,22055
29.98,9230
29.85,2594
29.82,8351
29.77,5042
29.69,1904
29.69,9284
29.47,6958
29.57,4228
29.64,3499
29.74,2519
29.81,4060
29.72,14320
29.8,4742
29.64,1862
29.64,3508
29.65,2422
29.59,3725
29.6,13372
29.7,4744
29.62,7780
29.75,3673
29.77,6513
29.69,14043
29.76,26599
29.99,5790
29.95,3683
29.89,2560
29.93,2699
29.85,3382
29.91,17950
30.06,14417
30.09,4463
30.16,3404
30.21,1997
30.27,3305
30.29,10428
30.6,3269
30.52,2683
30.57,1730
30.51,4164
30.47,3588
30.51,9576
30.52,3806
30.55,2866
30.37,1829
30.36,6917
30.48,4261
30.45,30951
30.55,13548
30.58,8519
30.61,7408
30.61,9987
30.75,6488
30.75,43099
30.7,12584
30.6,12625
30.68,6736
30.71,6426
30.6,12252
30.5,23915
28.71,265636
28.84,102974
28.89,51854
28.8,53965
28.86,76532
28.85,137094
28.71,19110
28.65,52054
28.8,10367
28.77,13211
28.74,20091
28.71,74674
29.06,14484
29.09,20101
29.11,15504
29.09,16587
29.05,18770
28.99,49053
29.13,16187
29.23,14956
29.27,16026
29.31,11947
29.21,16779
29.18,41806
29.27,16358
29.33,16845
29.36,21564
29.33,31509
29.29,23262
29.4,49364
29.59,29133
29.64,28730
29.75,15931
29.66,11873
29.59,19235
29.48,91670
30.06,22722
30.16,50830
30.2,64871
30.39,35771
30.39,66329
30.41,175592
30.32,24455
30.23,35111
30.29,15622
30.39,11902
30.34,13061
30.36,50034
30.19,14624
30.29,4904
30.29,3334
30.31,3410
30.23,7149
30.18,33466
30.42,53842
30.17,26673
30.13,8603
30.03,13441
30.24,13522
30.23,39458
30.4,5279
30.56,13938
30.34,5816
30.41,24571
30.43,32744
30.22,43036
30.05,12953
29.88,16378
29.82,27957
29.86,27852
29.91,25410
29.76,34838
29.82,19941
29.82,12994
29.67,11553
29.77,8909
29.77,17070
29.76,49111
29.73,10829
29.64,26247
29.8,20944
29.8,10878
29.82,20857
29.72,50598
29.48,13764
29.38,9609
29.34,14255
29.31,7013
29.19,7468
29.13,40096
29.16,35934
28.98,21294
28.86,23069
28.87,5893
28.84,6808
28.98,33676
29.06,10529
28.99,11057
29.03,6927
29.02,6036
28.84,10833
28.92,51862
29.04,6089
28.89,8228
28.84,5645
28.74,12488
28.67,23399
28.8,36221
28.1,15678
27.92,20218
27.69,33519
27.52,39850
27.48,25909
27.56,36662
27.24,28152
26.99,18685
27.01,12581
27.16,7463
27.12,10759
27.15,70545
27.14,9462
26.84,8689
27.02,12901
27.09,6961
26.92,9936
27.02,26352
27.21,25628
27.27,10276
27.35,9916
27.31,9116
27.4,20370
27.46,48632
27.23,19018
27.15,11412
27.51,11156
27.4,5500
27.48,4830
27.46,41313
27.89,10031
27.86,4246
27.79,7820
27.77,2345
27.91,14926
28.04,24646
27.72,26643
28.03,14054
28.04,17584
28,15782
27.9,19703
27.98,66459
28.17,11802
28.31,4309
28.16,16789
28.2,4705
28.26,9852
28.33,30051
28.17,13018
27.99,20182
28.03,12995
28.04,20785
27.86,22462
28.02,48230
28.2,13566
28.13,7454
28.2,18106
28.2,14981
28.23,9167
28.22,17289
28.33,7273
28.52,9958
28.52,17235
28.67,18422
28.66,5459
28.58,15801
28.27,11710
28.42,6735
28.4,7390
28.33,5092
28.17,20514
28.05,58186
27.78,9430
27.7,18387
27.64,6702
27.79,3505
27.84,8751
27.69,34486
27.73,9806
27.69,8863
27.82,11935
27.86,6757
27.8,18061
27.72,14814
27.56,8441
27.49,15108
27.44,4322
27.44,6370
27.49,10922
27.5,23909
27.5,16505
27.56,20689
27.76,23117
27.83,22630
27.79,17007
27.82,42460
27.74,4885
27.86,5110
27.83,9120
27.66,12249
27.7,24510
27.78,32661
27.64,9475
27.8,12343
27.9,8388
27.91,5559
27.82,6289
27.88,23556
27.62,15463
27.69,10660
27.63,9652
27.61,7335
27.71,6768
27.72,15808
27.4,19713
27.34,9684
27.28,16375
27.2,8054
27.2,8721
27.09,40943
27.51,9030
27.29,7599
27.35,10654
27.31,8945
27.42,9754
27.47,30031
27.4,25944
27.55,15342
27.66,10051
27.65,6958
27.71,5213
27.66,22279
27.74,7567
27.91,9531
27.8,5959
27.76,3681
27.84,17515
27.9,15498
28.56,13198
28.72,27006
28.77,16073
28.85,12450
28.92,22705
28.9,69429
29.4,22291
29.1,14782
29.16,14905
29.33,7428
29.33,9628
29.33,30444
29.41,4856
29.4,19051
29.36,6553
29.28,10613
29.27,19333
29.25,34660
29.09,10530
29.15,7368
29.15,7988
29.04,18537
29.21,15066
29.06,35054
29.07,17809
29.15,9477
29.04,8312
28.87,11039
28.94,8171
28.92,24890
29.18,5594
29.17,5712
29.13,11706
29.09,16370
28.95,27513
28.87,62599
28.8,17927
28.69,20533
28.8,12713
28.87,3902
28.87,23548
28.81,14806
28.93,22709
29.12,3454
29.15,4787
29.17,3731
29.23,6138
29.17,12119
29.33,16676
29.4,9174
29.3,14521
29.15,11355
29.17,11977
29.28,21150
29.6,15481
29.48,13391
29.35,6079
29.37,8382
29.31,23159
29.32,65371
29.1,22185
28.97,16116
28.83,9342
28.83,9506
28.81,18404
28.86,42951
29.28,26748
29.44,7700
29.43,9666
29.55,11179
29.66,9821
29.61,41130
29.67,15568
29.63,17522
29.65,14655
29.56,12225
29.61,7808
29.61,41968
29.62,9867
29.63,1313
29.65,14232
29.69,17082
29.76,27412
29.8,29500
29.61,9335
29.62,4342
29.74,9911
29.75,4210
29.78,6117
29.77,37195
30.01,47100
30.15,31174
30.04,34222
30.04,0
29.91,64654
29.86,52609
29.84,19065
29.77,3798
29.82,8611
29.83,31825
30.04,10712
30.18,18432
30.1,23375
30.03,17523
29.96,22354
30.1,37256
30.34,23963
30.38,33022
30.33,15791
30.39,12499
30.47,22762
30.37,52542
30.4,27712
30.37,15511
30.26,11706
30.34,12230
30.42,15175
30.61,56649
30.81,9348
30.74,12180
30.86,26628
30.92,15830
30.97,7511
30.96,36197
30.77,17168
30.87,14255
30.98,13891
30.93,5034
30.92,11996
30.92,17665
30.88,21341
30.92,18963
30.92,4876
30.94,4411
30.9,12809
30.87,36435
30.92,5555
30.83,8957
30.66,12842
30.73,4830
30.81,4705
30.68,28750
30.59,8286
30.61,4752
30.6,12660
30.57,6237
30.58,5603
30.55,11276
30.54,7125
30.64,5461
30.59,2869
30.66,3964
30.63,8591
30.67,21371
30.7,11378
30.79,7913
30.75,4629
30.72,13642
30.75,18312
30.73,19933
30.36,24033
30.39,13434
30.29,8341
30.33,8919
30.38,24469
30.44,51421
30.51,7876
30.7,9090
30.66,6034
30.56,3822
30.7,23202
31.01,71132
31.26,45924
31.49,46916
31.58,63557
31.51,11795
31.44,21079
31.29,54514
31.15,8883
31.16,3779
31.15,8800
31.1,9283
31.02,11963
30.98,25993
31.36,8024
31.15,5067
31.17,6299
31.22,6767
31.21,8782
31.22,14471
31.52,12910
31.56,11279
31.6,4851
31.57,3542
31.59,8010
31.51,24755
31.66,10264
31.62,9469
31.55,5299
31.52,8652
31.51,18720
31.26,38757
31.27,10151
31.3,5554
31.36,5986
31.38,7204
31.37,10157
31.43,22883
31.68,7348
31.7,8431
31.74,5036
31.77,3582
31.77,5534
31.71,18547
31.86,16624
31.96,11397
31.91,8972
31.92,4034
31.91,2494
31.92,10959
32,38817
32.05,14447
32.01,19020
31.98,9310
31.94,11275
31.93,10858
31.96,6036
31.84,8299
31.76,3832
31.72,3796
31.67,5558
31.67,23117
31.67,3968
31.72,2438
31.64,4487
31.66,1723
31.66,3321
31.66,14413
31.71,4674
31.71,5680
31.74,10394
31.87,7523
31.8,1806
31.81,47898
31.8,12438
31.87,5693
31.91,5040
31.99,3063
32.05,9670
32.07,26603
32.34,5833
32.22,7032
32.15,3616
32.09,3147
32.09,2441
32.06,17752
32.35,13106
32.38,5592
32.25,1383
32.17,4023
32.27,2142
32.19,20117
32.15,9146
32.32,9751
32.51,8999
32.53,12295
32.61,12620
32.69,28169
32.33,10735
32.32,6482
32.35,8496
32.37,3640
32.3,5327
32.3,10010
32.34,5435
32.27,5759
32.34,4873
32.42,7556
32.48,45087
32.47,53649
32.25,10648
32.02,19015
32.06,5050
32.18,6403
32.13,6832
32.23,20376
32.48,6111
32.41,8166
32.34,4182
32.4,5265
32.41,5535
32.39,15337
32.18,9895
32.32,7403
32.45,4454
32.28,2815
32.2,4241
32.19,40253
31.95,11486
31.88,5283
31.72,4325
31.73,3225
31.68,14555
31.73,21485
31.58,28925
31.39,16579
31.49,6983
31.42,14679
31.49,25025
31.48,31425
31.51,22175
31.56,12235
31.49,7916
31.51,5076
31.48,9798
31.57,27307
31.6,19586
31.45,22937
31.38,16209
31.42,24363
31.45,11371
31.44,16243
31.48,28256
31.41,10817
31.51,19833
31.59,18769
31.48,21104
31.53,32986
31.54,6348
31.57,16503
31.52,24752
31.47,12949
31.37,16042
31.28,34668
31.37,7522
31.32,4994
31.41,42499
31.29,48620
31.29,48324
31.3,80468
31.39,19124
31.46,9118
31.47,9438
31.48,9991
31.53,11517
31.57,41958
31.44,23910
31.38,23050
31.46,17443
31.46,38040
31.47,10040
31.52,49011
31.58,6653
31.46,2952
31.63,7151
31.57,3198
31.61,1662
31.65,14240
31.6,36089
31.71,25383
31.66,16359
31.62,23431
31.58,14798
31.48,34594
31.46,13883
31.45,9205
31.67,9111
31.53,12170
31.57,10102
31.48,12995
30.95,5558
31.07,15747
30.91,8702
30.83,4145
30.85,3822
30.99,19895
30.65,34203
30.46,11045
30.47,14554
30.51,5871
30.43,18280
30.46,39146
30.43,34102
30.52,4912
30.59,10634
30.65,3871
30.63,2757
30.53,19970
30.45,7326
30.43,3869
30.37,13037
30.32,9634
30.25,17247
30.28,60920
30.21,27933
30.19,23494
30.2,19832
30.17,14805
30.2,11942
30.18,44565
30.11,16119
30.07,8469
29.95,17388
29.85,10122
30.04,14717
29.92,41910
30.45,20568
30.43,28798
30.73,15767
30.68,26692
30.64,23138
30.63,29638
30,79908
30,42784
29.99,20926
29.93,24864
29.91,27370
29.78,93970
29.89,47533
29.93,19023
29.87,31208
29.77,18940
29.8,26291
29.77,62654
30.14,19975
30.17,6102
30.3,5964
30.31,11206
30.42,11612
30.44,21555
30.56,17533
30.73,16804
30.71,9598
30.73,19611
30.75,19797
30.74,29417
30.89,30948
30.81,21805
30.83,44166
30.86,10913
30.79,12642
30.78,39375
30.99,8235
30.97,33693
31.04,13669
31,6337
30.92,12081
31.03,77516
31.13,35461
31,17348
31.1,35352
31.17,27895
31.16,15626
31.08,54127
31.05,18160
31.03,14783
31.11,30481
31.03,31755
31.14,7918
31.15,23423
31.02,6005
30.86,11204
30.81,10202
30.76,6376
30.68,7279
30.69,40458
30.96,26038
30.82,18551
30.8,12890
30.81,10024
30.82,18843
30.77,49908
30.75,3802
30.74,15980
30.72,15672
30.79,5108
30.74,10705
30.69,46404
30.86,16525
30.83,13014
30.86,8648
30.85,31411
30.84,16731
30.86,43323
30.82,11032
31.04,10107
31.01,22111
31.09,8777
31.07,22357
31.14,67517
31,10921
31.12,9631
31.12,8277
31.12,8487
31,6984
31.05,7976
31.18,6579
31.27,6915
31.09,3384
31.14,8950
31.18,4293
31.09,16428
31.51,19467
31.55,8838
31.51,8014
31.45,9994
31.37,10097
31.33,24059
31.7,12127
31.69,11902
31.74,17059
31.81,17190
31.87,21875
31.8,41771
32.09,21794
32.04,28790
31.95,17532
31.95,13892
31.9,14171
31.97,34051
32.03,15045
31.95,11510
32.04,6873
32.07,10377
32.07,5445
32.1,15764
32.15,12130
32.25,12329
32.19,7040
32.11,4779
32.13,6688
32.2,29099
32.45,13329
32.42,2741
32.42,1308
32.44,2853
32.41,4243
32.36,10022
31.9,10888
31.87,18506
31.9,5411
31.83,2466
31.8,8151
31.77,34080
31.78,3047
31.81,7517
31.81,5155
31.72,5534
31.79,7603
31.7,38235
31.65,4380
31.65,8957
31.7,9175
31.67,8063
31.7,11641
31.64,20242
31.75,4250
31.76,10602
31.96,3819
31.99,2668
31.94,2510
31.9,9337
31.98,3310
32.02,3516
31.89,2805
31.89,5735
31.96,7241
32.13,25284
32.29,17520
32.24,3882
32.07,2757
32.07,910
32.09,3054
32.04,39992
31.76,5903
31.69,3347
31.65,6767
31.68,4189
31.67,4653
31.65,33682
31.83,6722
31.88,3425
31.92,4392
31.89,5945
32.05,19981
32.08,29538
32.01,7135
31.99,8654
31.96,5000
31.97,2913
31.97,6756
31.96,19876
31.68,25547
31.81,25852
31.81,13676
32.02,9091
31.92,10395
32.03,30495
32.3,5851
32.32,6366
32.26,1790
32.28,2950
32.36,12305
32.35,25196
32.18,12900
32,6040
31.99,7976
32.03,11695
31.97,10868
31.96,32242
32.03,31294
31.91,31516
31.83,15709
31.93,17387
31.89,15798
31.85,43425
32.08,7428
32.02,24634
32.01,10871
31.94,5451
31.93,4965
31.92,25149
31.98,22889
32,18157
31.97,6425
31.93,3495
31.89,11684
31.72,32195
31.53,13611
31.61,3915
31.66,4244
31.64,5710
31.52,7890
31.57,15302
31.59,8870
31.53,7710
31.41,6752
31.41,3743
31.45,9669
31.49,17720
31.47,18476
31.44,11747
31.5,12167
31.42,10109
31.41,3948
31.41,15874
30.82,21831
30.9,16111
30.72,5002
30.77,10680
30.78,10660
30.76,23644
30.72,10246
30.49,11213
30.7,6341
30.71,9669
30.86,17350
30.83,36382
30.99,14670
30.94,8287
30.74,8307
30.65,10942
30.56,13842
30.4,33895
30.58,5857
30.41,12430
30.47,11092
30.28,15833
30.14,17064
30.06,82342
29.68,34611
29.68,14434
29.66,23629
29.67,19247
29.64,14628
29.72,42756
29.74,12269
29.57,11072
29.41,6529
29.47,5505
29.63,6591
29.64,32587
29.98,13414
30.09,15416
30.13,11957
30.13,12876
30.12,9859
30.14,37890
30.68,28899
30.99,21045
30.93,11299
31.07,14397
31.05,14518
31.09,30213
31.09,66343
31.18,70507
31.22,32492
31.37,54110
31.51,48105
31.52,48191
31.65,48218
31.69,61383
31.72,58538
31.68,38424
31.61,42861
31.65,145093
31.56,24626
31.51,19082
31.59,18074
31.61,15561
31.77,17363
31.74,93476
31.6,16976
31.78,10055
31.99,10323
32.05,8595
32.19,20574
32.31,77595
32.29,14299
32.12,25230
32.08,9716
32.06,12175
32,15916
32.07,40577
31.94,28905
31.99,25492
31.94,30413
32.03,28170
32.03,28297
32,107130
31.96,26024
31.91,23957
31.89,9896
31.79,11704
31.86,27160
31.87,78425
31.61,6561
31.64,18946
31.58,9690
31.67,8244
31.69,40407
32.03,62015
32.03,11292
32.16,17756
32.23,10295
32.33,10003
32.4,11746
32.55,34782
32.85,16067
32.64,10017
32.6,3396
32.53,6692
32.5,5327
32.48,26459
32.71,20205
32.76,11787
32.76,9837
32.75,13742
32.78,14394
32.85,38416
32.88,5075
32.91,11399
32.89,19098
32.88,17707
32.86,16212
32.84,58134
32.96,5806
33.08,25637
33.16,7687
33.33,15563
33.46,15229
33.47,80447
33.43,28390
33.46,26709
33.45,25782
33.45,17255
33.45,29711
33.37,75417
33.92,37315
33.86,21124
33.81,21999
33.72,31288
33.68,33937
33.77,88734
33.81,4604
33.77,10223
33.66,35939
33.67,10861
33.67,18589
33.78,33417
33.51,13528
33.41,19617
33.31,16508
33.42,28584
33.4,15643
33.54,70659
33.53,12765
33.57,11819
33.63,9946
33.72,7545
33.65,17221
33.65,17731
33.36,17406
33.29,20394
33.4,8127
33.35,8455
33.39,7480
33.36,29718
33.29,20185
33.41,20897
33.35,18521
33.36,29844
33.34,21478
33.34,38860
33.39,5800
33.43,5162
33.42,5945
33.39,3876
33.36,5586
33.34,26832
33.29,15023
33.43,45075
33.42,43546
33.47,17760
33.46,6265
33.35,31123
33.24,9650
33.27,13428
33.26,16232
33.35,16458
33.4,28573
33.18,52527
33.13,16666
32.9,17901
32.89,21863
32.83,16033
32.68,21752
32.57,25019
32.87,9491
32.88,7574
32.91,7179
32.92,3269
32.94,4815
32.87,8217
32.84,11527
32.73,7791
32.79,34443
32.81,17031
32.7,16612
32.73,35661
32.46,6960
32.42,5214
32.4,18323
32.41,13279
32.36,11576
32.38,30296
32.57,12360
32.6,4453
32.55,9163
32.59,6020
32.49,8512
32.5,19903
32.69,16065
32.78,22558
32.9,4340
32.94,6637
32.98,14348
33,41680
33.15,56444
33.1,15205
33.07,12520
33.04,3854
33.13,12406
33.13,25907
32.56,11971
32.59,6685
32.54,7629
32.61,9186
32.62,18014
32.58,65454
32.81,62020
32.85,24694
32.79,15511
32.79,13141
32.82,14999
32.88,27108
32.98,15543
32.86,26599
32.87,7836
32.77,9559
32.84,7830
32.88,33045
32.53,17888
32.6,7931
32.57,13862
32.62,10910
32.58,19374
32.55,38001
32.4,12291
32.3,10384
32.44,6634
32.41,8360
32.42,12667
32.4,18111
32.09,11832
32.16,3543
32.18,7517
32.16,3077
32.15,14986
32.18,38018
32.52,8608
32.46,4852
32.5,17110
32.56,11223
32.43,6043
32.44,32685
32.17,6242
32.12,3334
32.12,7920
32.13,5203
32.15,12426
32.14,37930
31.82,5539
31.81,10422
31.79,11714
31.85,9106
31.78,7445
31.77,34914
31.63,11811
31.53,6262
31.65,10999
31.64,5728
31.61,7711
31.68,17183
31.68,17473
31.6,20900
31.62,16855
31.58,13652
31.57,5496
31.52,29207
31.58,10805
31.58,15662
31.44,10506
31.44,11449
31.46,10867
31.54,34203
31.56,6249
31.54,9241
31.46,2463
31.48,18640
31.43,17312
31.47,57557
31.74,11049
31.71,7153
31.75,10072
31.78,2183
31.8,6218
31.85,32148
31.74,7213
31.86,5357
31.75,7242
31.71,15636
31.71,17460
31.71,66721
31.56,10502
31.58,13870
31.85,9193
31.84,9264
31.93,13752
31.98,42219
32.04,7849
31.99,11408
32.01,4030
32.03,7756
32.03,10676
32.01,30899
32.1,12428
32.12,19100
32.15,2862
32.21,9982
32.19,22555
32.12,57139
32.49,5506
32.27,2907
32.22,6389
32.1,12401
32.14,5819
32.03,19538
32.51,10182
32.37,3849
32.35,4715
32.31,2922
32.22,1870
32.29,15884
32.82,12432
32.71,22135
32.63,14487
32.63,0
32.45,4701
32.43,10134
32.38,4055
32.29,4195
32.28,6132
32.34,34318
32.31,7585
32.2,6855
32.14,3080
32.18,8438
32.16,4964
32.05,22820
32.02,9197
32.02,8459
32.04,7390
32.07,8418
32.07,13707
32.02,24644
32.13,5385
32.29,2854
32.27,6529
32.33,4679
32.36,4705
32.37,22584
32.57,6922
32.56,5843
32.43,5996
32.47,6785
32.52,11956
32.44,24832
32.45,11260
32.69,8758
32.69,1254
32.72,2386
32.81,2953
32.72,17745
32.76,7866
32.66,9941
32.65,5045
32.61,5545
32.61,9506
32.71,28929
32.45,6483
32.55,2539
32.63,8955
32.68,16671
32.72,8420
32.71,23233
32.9,6927
32.82,2778
32.91,8158
32.81,4176
32.8,6368
32.86,16762
33.03,9228
32.98,6307
32.99,9895
32.95,5414
32.94,8167
32.85,29156
32.9,16276
32.91,11908
32.94,26151
33,26535
33.24,27853
33.16,75227
33.12,16516
33.22,28642
33.34,29627
33.3,17038
33.35,20425
33.32,41033
33.18,19178
33.12,21066
33.15,7412
33.16,14826
33.18,14841
33.14,54592
33.06,5606
33.11,7039
33.27,11438
33.3,13475
33.24,9190
33.2,22985
33.17,9916
33.1,9602
33.26,22588
33.28,15945
33.1,17341
33.05,42704
33.11,2871
33.07,3845
33.2,4026
33.24,5107
33.32,5958
33.3,16909
33.33,17672
33.26,7513
33.36,8560
33.25,10173
33.21,9538
33.22,16294
33.39,22952
33.52,19049
33.58,21999
33.66,19198
33.65,23089
33.73,63951
33.86,20265
33.84,6975
33.89,7530
33.87,10578
33.83,25959
34.06,42739
34.02,17068
33.83,11299
33.91,19070
33.99,19546
33.94,25169
33.89,42868
33.87,27878
33.73,34955
34.06,21927
34.2,39331
34.16,29388
34.23,101732
33.43,19047
33.78,15347
34.04,14124
33.92,5931
34.04,12430
34.11,49917
34.21,49446
34.43,27091
34.38,18760
34.51,16630
34.63,17396
34.69,83341
34.95,23968
35.15,16476
35.11,21893
35.04,16242
35.07,15737
34.9,36388
35.08,24501
35.1,16260
35.11,34084
35.13,23174
35.09,31743
35.13,28590
35.07,13019
35.15,10512
35.22,33595
35.2,12499
35.18,6784
35.29,30576
35.28,3640
35.52,7177
35.44,5580
35.38,16649
35.39,16020
35.44,37217
35.48,20189
35.65,4825
35.65,4619
35.73,7412
35.77,16206
35.8,44120
35.74,8717
35.89,11770
35.9,5145
35.94,2419
35.98,5325
35.94,25832
35.53,8703
35.57,17423
35.7,17183
35.62,9050
35.59,7526
35.57,42702
35.63,13579
35.5,7808
35.5,8759
35.48,6128
35.53,11720
35.62,23296
35.72,7274
35.92,10825
35.99,29668
35.96,20046
36.01,21156
36.02,36047
36.07,20865
36.03,31752
36.03,2585
35.96,6797
35.92,4066
35.95,47976
36.06,5847
36.04,5559
36,1930
36.01,5849
35.96,6799
36,34460
35.83,6600
35.92,7808
35.93,6737
35.87,2274
35.78,9155
35.84,24079
36.25,10687
36.5,12351
36.39,11315
36.44,15915
36.49,9873
36.5,64881
36.77,15654
36.78,12023
36.79,8678
36.82,8280
36.78,12541
36.8,31461
36.67,14275
36.77,3566
36.68,3080
36.57,5075
36.58,2220
36.55,25964
36.41,6963
36.37,7126
36.29,7736
36.22,5462
36.15,18747
36.24,36786
36.26,2928
36.29,7485
36.39,4640
36.38,5409
36.44,8252
36.43,32855
36.64,8915
36.67,17990
36.64,20884
36.72,3917
36.75,3161
36.77,59914
36.64,12112
36.62,9921
36.96,9177
36.95,7140
36.97,15192
37.05,34372
37.31,5715
37.36,13898
37.21,10803
37.16,3406
37.1,4969
37.21,14402
37.43,46357
37.5,19148
37.37,8118
37.31,4172
37.32,10112
37.31,45753
37.47,17391
37.17,5667
37.03,5683
37.06,14351
37.06,16092
37.08,51322
37.36,9514
37.45,5666
37.5,4042
37.5,6562
37.47,5445
37.52,60693
37.39,28511
37.24,7273
37.13,6121
37.07,8746
36.97,7562
36.98,29085
36.74,26724
36.72,16421
36.79,21788
36.87,17031
36.93,17228
36.92,50445
37.03,10818
37.14,9071
37.13,7504
37.14,6775
37.13,6071
37.19,28635
37.34,8080
37.33,3359
37.36,3236
37.36,5460
37.41,15051
37.45,68520
37.82,16212
37.69,13003
37.71,15332
37.75,13483
37.8,12101
37.79,70430
37.81,8141
37.8,7441
37.65,10918
37.56,3469
37.57,8171
37.59,33644
37.5,12645
37.38,11207
37.34,20024
37.39,32509
37.51,21891
37.31,35183
37.15,18283
37.28,10866
37.29,9442
37.11,30680
37.07,17661
37.17,75486
37.04,11113
37.18,16638
37.07,14615
37.19,13390
37.16,23058
37.22,48439
37.38,15800
37.47,11814
37.48,16937
37.42,16754
37.52,14667
37.59,35475
37.66,12294
37.69,5060
37.5,3328
37.62,5483
37.63,7937
37.6,25382
37.73,9936
37.77,2628
37.81,6240
37.73,6180
37.74,3948
37.71,30205
37.36,14738
37.57,25074
37.59,20709
37.59,22501
37.51,15618
37.61,54750
37.39,6893
37.57,12806
37.42,14843
37.47,12952
37.46,17345
37.52,37673
37.15,11546
37.24,11662
37.17,8141
37.24,15202
37.26,19219
37.21,39529
37.68,14733
37.83,20808
37.76,18280
37.75,26169
37.73,23838
37.8,47543
38.01,9259
37.7,12942
37.76,10278
37.63,8848
37.59,16712
37.6,30738
37.32,13980
37.36,7892
37.41,27478
37.32,13046
37.41,7631
37.5,25377
37.63,16550
37.68,17141
37.71,11832
37.69,14588
37.69,13564
37.71,37525
37.69,6809
37.65,19673
37.68,8626
37.65,5131
37.58,6036
37.4,57477
37.27,36008
37.29,35905
37.25,19601
37.26,13018
37.31,29483
37.18,99494
37.42,25566
37.39,4589
37.51,2710
37.55,1606
37.52,10475
37.52,27232
37.62,3601
37.78,4159
37.67,5916
37.58,6467
37.58,8896
37.43,29867
37.76,8566
37.69,6379
37.68,11965
37.7,20051
37.8,14083
37.75,64824
37.86,7339
37.94,7678
37.85,17265
37.89,6196
37.83,1792
37.8,23995
37.54,9721
37.88,8315
37.9,2794
37.97,7033
37.84,6595
37.93,27227
38.2,6257
38.25,11292
38.29,11077
38.4,6957
38.45,10847
38.47,29231
38.67,19202
38.52,20936
38.52,10038
38.51,10991
38.39,11392
38.43,37396
38.37,20726
38.4,15044
38.51,9410
38.56,9281
38.53,13901
38.55,24934
38.71,20561
38.43,26492
38.2,26749
38.2,18743
38.17,14994
38.22,38993
38.12,21434
38.13,13134
38.18,17988
38.13,10405
38.16,10705
38.16,45310
38,17432
37.93,12136
37.92,14279
37.94,14048
37.87,17971
37.86,41331
38.08,14643
37.94,19657
37.81,22798
37.76,16361
37.68,14288
37.73,40428
37.55,32912
37.71,18891
37.63,29231
37.7,27365
37.69,16944
37.76,56424
37.61,59970
37.63,17065
37.65,10715
37.74,9859
37.76,19796
37.65,50963
37.3,5618
37.27,7207
37.01,12780
37.08,11618
37.06,12654
37.18,40467
37.24,14626
37.26,19769
37.35,15468
37.19,17599
37.37,8293
37.36,30425
37.39,10591
37.2,15608
37.1,19752
37.16,12034
37.26,13719
37.32,50268
37.52,32699
37.38,21253
37.19,21935
37.01,22834
36.97,66884
37.07,145106
37.53,10260
37.73,23494
37.38,11992
37.51,19513
37.37,7965
37.4,81503
37.47,17423
37.66,7613
37.79,9592
37.75,14883
37.72,10844
37.76,20455
37.92,17037
38.15,23883
38.05,10096
37.99,35036
38.04,31116
38.17,65715
38.57,25000
38.9,25931
39,6627
38.99,16419
38.9,11923
39.12,46274
38.97,25104
38.8,13096
38.87,9971
38.9,4907
38.9,10087
39.08,39971
39.31,25227
39.3,15259
39.47,16172
39.4,12386
39.35,18528
39.35,28237
39.34,15861
38.9,9546
38.71,7385
38.82,13237
38.72,9244
38.75,41072
38.75,17827
38.85,10434
38.88,11342
38.95,10782
39.05,16312
39.06,68575
39.53,13924
39.43,28414
39.57,27160
39.59,48496
39.71,29969
39.84,72744
39.22,18047
39.23,19898
39.23,19590
39.19,17967
39.14,18300
39.31,58323
39.6,24004
39.78,9260
39.81,10392
39.77,11577
39.69,29250
39.65,30568
39.56,17819
39.73,15187
39.86,12317
39.89,28323
40.09,34135
40.05,49190
39.88,14768
39.74,13521
39.76,6403
39.79,9583
39.65,8912
39.75,28421
40.15,22376
40.4,27386
40.35,17141
40.33,14605
40.45,5607
40.46,61485
40.69,12899
40.62,13109
40.49,14539
40.56,11428
40.41,19828
40.45,78957
40.47,9440
40.24,12781
39.97,4133
40.03,10918
40.11,11775
40.19,76445
39.85,20421
39.6,18522
39.61,17132
39.68,26785
39.6,14773
39.65,61683
39.81,11551
39.9,10508
39.94,14302
40.02,13075
39.87,9673
39.9,27935
40.19,6729
40.25,9178
40.38,41225
40.38,0
39.89,22580
39.9,40016
39.99,22910
40.21,12658
40.3,22336
40.27,70416
40.66,21822
40.55,14972
40.58,7278
40.84,8852
40.75,8192
40.67,28907
40.8,64739
40.66,16433
40.73,10870
40.6,10822
40.58,10779
40.63,25458
41,11204
41.03,9170
41.05,7903
41.05,10695
41.12,12810
41.06,32913
40.45,17678
40.43,5068
40.39,1674
40.34,4951
40.4,2956
40.25,31971
40.28,6696
40.2,4569
40.06,8224
39.89,5961
39.74,3845
39.71,42725
39.4,10425
39.52,12029
39.41,5341
39.41,13798
39.51,8930
39.54,40780
39.6,14725
39.66,11076
39.8,14695
39.57,7596
39.41,6677
39.56,36349
39.42,8464
39.33,8493
39.33,6393
39.36,4250
39.24,12151
39.16,35618
38.96,5620
38.98,8238
39.07,7682
38.93,5103
39.09,4377
39.07,31752
38.84,18651
38.76,14943
38.75,7828
38.74,10692
38.75,20165
38.7,47207
38.56,11223
38.54,16681
38.46,8762
38.47,7725
38.56,10286
38.52,39203
38.43,14345
38.49,7355
38.46,6307
38.45,23789
38.37,24534
38.06,62318
37.9,24952
38.09,68534
38.09,16353
38.07,43447
38.17,38794
38.01,186926
37.95,17792
38.12,13296
38.28,8528
38.4,4624
38.31,3786
38.44,73699
38.37,2062
38.9,2671
38.97,1527
38.94,13584
38.94,0
39.1,9259
39.04,7050
39.05,5626
38.98,5342
39.03,5688
38.94,24200
38.96,10487
39.05,4885
38.76,4121
38.85,5548
38.91,7865
38.98,27042
38.68,7247
38.85,2733
39.08,3761
39.18,1748
39.21,3500
39.18,23051
39.53,2897
39.41,7132
39.3,3984
39.41,5239
39.45,7421
39.54,13227
39.67,7871
39.84,8095
39.83,6131
39.86,5804
39.64,4568
39.89,15894
40.12,5199
40.4,4043
40.42,1809
40.34,3152
40.33,4218
40.46,59909
40.36,20691
40.03,9766
40.23,7664
40.19,6393
40.09,6877
40.18,21604
40.55,13108
40.68,7729
40.53,17008
40.55,5831
40.7,6540
40.71,27539
40.62,6887
40.92,10459
41.07,4612
40.82,7314
40.77,7394
40.8,26292
40.54,25047
40.51,29275
40.33,17270
40.58,13421
40.74,15181
40.58,33383
40.88,35426
40.92,22037
40.69,24043
40.67,27028
40.46,16591
40.63,59865
40.49,13069
40.69,13177
40.71,7175
40.93,9275
40.96,8812
41.04,58738
41.55,14598
41.38,8770
41.45,8858
41.43,7503
41.42,14663
41.4,27725
40.93,38271
40.85,26504
40.9,28384
40.89,20483
40.88,24544
40.89,50527
41.46,35800
41.67,41329
41.7,23922
41.63,38700
41.49,61702
41.43,65046
41.82,30058
42.28,32576
42.54,51591
42.53,28105
42.28,24879
42.26,72987
41.94,55336
41.81,27339
42.05,15489
41.91,31088
41.84,28759
41.91,47235
41.61,24079
41.66,42740
41.71,33913
41.85,34691
41.7,25086
41.76,75435
41.69,7458
41.73,7588
41.93,14900
42.01,5481
42.01,12941
42.13,63936
41.7,33658
41.41,23823
41.42,16936
41.36,11482
41.52,14896
41.67,74440
41.5,35280
41.63,21401
41.53,17149
41.42,20691
41.37,25038
41.37,40460
41.57,11879
41.41,5418
41.4,4334
41.44,2893
41.37,6653
41.33,28649
41.31,24048
41.57,10224
41.53,7526
41.65,7650
41.72,11234
41.6,92652
41.09,38338
41.18,9953
41.29,30482
41.43,26069
40.89,40935
40.63,86008
39.64,32232
40.32,10712
40.15,28818
39.92,18711
39.99,22112
40.04,62806
40.99,17958
41.03,15107
41.09,11503
40.95,13639
40.95,17835
40.95,29151
41.02,16095
41.32,16280
41.31,12841
41.34,22091
41.24,17247
41.11,48798
40.91,16305
40.88,10256
40.99,13930
41.05,9910
41.05,13978
41.15,72426
41.14,15660
41.03,8494
41.09,9956
41.29,5877
41.22,8245
41.3,44434
41.57,9992
41.8,13409
41.8,11031
41.74,14195
41.82,16991
41.9,47524
41.78,13107
41.99,13638
42.04,9543
42.08,7535
42.1,6555
42.12,60224
42.1,14528
42.28,12162
42.25,24583
42.18,16998
42.05,24889
41.98,44912
42.19,12183
42.39,11819
42.49,14912
42.44,18950
42.39,19016
42.52,58405
42.24,49512
40.94,38475
41.12,22681
40.89,19486
40.97,13638
40.84,49067
39.89,34101
39.98,26031
40.33,22963
40.42,15552
40.72,19890
40.6,87494
40.1,30623
39.97,14711
39.98,17919
39.79,18821
39.78,9618
39.87,51387
39.55,17338
39.53,14292
39.45,3663
39.61,7763
39.71,13304
39.68,47614
39.55,21265
39.61,17575
39.71,17702
39.53,19109
39.43,21443
39.38,45330
39.29,23208
39.2,14990
39.35,13562
39.37,22219
39.4,15794
39.21,45813
39.19,24702
38.86,16769
38.98,29204
39.21,22902
39.38,17239
39.38,86594
39.43,15163
39.58,13779
39.58,18762
39.52,13277
39.28,17944
39.32,42240
39.2,11688
39.43,7666
39.49,17640
39.53,14068
39.67,13974
39.57,35013
39.63,29569
39.83,15410
39.92,15904
39.93,17935
39.99,22270
40.11,67626
40.7,33960
40.79,24901
40.71,14129
40.88,35063
40.51,38711
40.25,59691
39.66,101830
39.57,57430
39.29,41143
39.26,33547
39.19,39580
39.37,87543
39.83,42163
39.79,38729
39.95,22049
40.14,19615
40.11,32249
40.23,64319
39.31,19229
39.73,18597
39.59,31296
39.42,17546
39.26,22975
39.25,54828
39.58,22452
39.43,12123
39.44,24575
39.6,15651
39.78,20244
39.66,52267
40.25,24572
40.02,17410
40.16,17018
39.9,15072
39.82,18605
40.01,96260
39.97,10536
40.09,16840
40.26,19267
40.24,19554
40.4,24878
40.47,55906
40.36,24629
40.38,27083
39.89,15109
40.14,33260
39.77,8038
40,42546
40.31,6705
40.37,7412
40.51,3457
40.46,6093
40.44,4792
40.4,43566
40.78,10876
40.84,7310
40.82,8134
40.89,7588
41.03,8032
40.98,23552
41.03,12910
40.83,14587
40.58,8328
40.67,9116
40.7,17988
40.67,33707
41.19,15983
41.31,9693
41.32,6158
41.31,4264
41.22,11309
41.43,25845
41.49,8144
41.58,7226
41.5,4629
41.53,3271
41.56,8494
41.59,31566
41.37,10950
41.41,4535
41.23,3278
41.39,6472
41.39,6666
41.3,60055
41.76,6881
41.84,4200
41.97,13948
41.75,8217
41.69,12857
41.72,33235
41.97,10024
41.82,11084
41.85,6968
41.92,5091
42.04,5578
41.98,39308
42.2,8597
42.14,13557
42.11,18733
42.04,10382
41.9,14273
41.89,33965
42.04,17258
41.98,10492
41.97,7007
41.95,4808
41.87,9936
41.79,18943
41.74,8692
41.85,18077
42.02,11576
42.02,14822
41.98,9943
41.94,40384
42.13,10791
42.11,12167
41.79,15536
41.75,17773
41.7,10394
41.81,73293
41.55,16625
42,15918
42.03,6102
41.93,9967
41.85,17976
41.76,31319
41.97,3390
42.33,3330
42.32,3358
42.36,7421
42.37,1103
42.33,24962
43.49,40648
43.25,20161
43.05,20946
42.93,13510
42.86,15509
42.89,50442
41.75,43836
41.43,30288
41.59,34326
41.11,19449
41.36,11522
40.85,48877
39.63,46338
39.38,27767
39.44,37623
39.15,47586
40.02,34786
39.65,65368
40.16,48442
39.7,22312
39.72,25390
39.27,19727
39.04,21490
38.7,96868
38.55,20660
37.62,19669
37.78,15282
37.7,25992
39.31,30970
39.21,80614
39.03,41019
39.17,28595
38.93,19095
39.12,11414
39.44,12529
39.36,49028
39.99,50025
39.98,13966
40.15,8705
40.58,12860
40.71,39427
40.82,97983
41.43,19734
41.17,14958
41.06,7658
41.32,8152
41.51,6001
41.62,65038
41.98,24792
41.93,19276
41.87,26297
41.79,17290
41.81,10930
41.76,46302
42.24,3537
42.25,6681
42.31,2192
42.36,3376
42.07,5895
42.1,24792
42.69,16794
42.67,28208
42.98,18761
43.17,15639
43.1,17877
43.03,66281
43.02,14404
42.76,10082
42.56,1892
42.43,4160
42.13,5845
42.35,22060
42.87,14323
43.06,4341
43.41,3613
43.19,8680
42.88,10444
43.07,50482
43.12,8959
43.07,11260
42.76,2644
42.8,3578
42.89,5455
42.91,16713
43.24,22546
43.41,18904
43.64,15000
43.68,26363
43.57,17030
43.66,106757
43.62,28009
43.57,22215
43.49,17045
43.49,20059
43.44,51006
43.43,37683
43.51,17489
43.79,4823
43.65,5838
43.82,6261
43.89,1520
43.95,21430
44.05,2368
44.16,5266
44,4516
44.04,2363
44.12,1796
44.04,31357
43.67,9692
43.97,8793
43.7,5639
43.76,2671
43.9,3851
43.83,32207
44.16,7450
44.33,14152
43.91,4728
43.85,6639
43.92,13713
44.03,23354
44.08,11711
44.15,7730
44.11,14964
43.88,18489
44.03,16163
44.11,27342
43.73,10629
43.77,4728
43.93,2600
43.97,7471
43.99,5586
43.97,16731
43.95,14668
44.04,12953
43.7,10873
43.5,9978
43.64,11573
43.82,48441
44.07,4310
43.99,8289
44.17,3759
44.24,7809
44.15,9145
44.19,35895
44.04,13561
43.65,17843
43.67,13756
43.73,8936
43.59,9876
43.35,63006
43.51,11329
43.28,20128
43.4,18238
43.29,14473
43.51,11076
43.36,53649
42.25,36639
41.96,22072
41.84,40240
41.67,32439
41.48,26012
41.69,65596
42.06,15969
42.26,25858
42.13,45178
42.03,14540
42.15,16162
42.18,37338
41.96,20229
41.9,19899
42.06,12027
42.04,8825
42.13,11530
42.23,42454
42.6,35122
42.53,13316
42.52,13674
42.6,16107
42.73,16337
42.78,42718
42.95,19438
42.88,13086
42.86,11076
42.93,9422
42.93,13137
42.92,52960
42.75,6682
42.86,8908
42.87,10285
42.82,8511
42.83,4135
42.86,22723
43.42,23017
43.22,21241
43.36,18352
43.62,29174
43.71,20946
43.58,42926
43.45,12563
43.09,25420
43.14,31273
43.55,44480
43.55,33824
43.7,99868
43.23,15406
43.28,13028
43.28,14108
43.14,8211
43.24,9806
43.37,63574
43.32,11418
43.46,15272
43.58,23529
43.7,21879
43.86,36632
43.87,72947
44.29,18081
44.26,12952
44.11,8631
44.18,10770
44.17,7379
44.22,52413
43.67,43708
43.9,26054
43.75,11621
43.78,12587
43.74,10574
43.61,71950
43.67,15581
43.75,19446
43.68,9535
43.72,8645
43.8,13657
43.82,24826
43.86,14190
43.96,15466
44.02,20570
43.98,22205
44.18,12623
44.26,80777
44.5,21845
44.64,19159
44.89,27733
44.91,21092
44.93,15730
45.05,55341
45.06,28797
45.09,31083
45.18,19770
45.19,20007
45.23,26818
45.11,49698
45,15293
45.18,16794
44.91,18013
45.18,8498
45.09,14338
44.97,73085
44.82,17440
44.77,6553
44.72,10366
44.86,6179
44.82,11817
44.79,36480
44.74,7306
44.59,22638
44.61,10427
44.57,8491
44.61,5681
44.59,35426
43.97,30267
44.14,19314
44.28,15453
44.29,28221
44.2,18971
44.02,63367
43.89,10675
43.66,11693
43.69,17529
43.6,6910
43.72,15334
43.74,104571
43.84,25787
43.66,23761
43.68,22179
43.71,14499
43.81,22573
43.79,44753
44.36,16444
44.28,18572
44.47,17124
44.49,14510
44.54,23814
44.56,51736
44.55,23983
44.69,16649
44.65,14800
44.49,18362
44.41,28624
44.66,47602
44.78,9748
44.61,13923
44.41,22485
44.32,14080
44.07,17857
43.98,49028
44.08,9819
43.97,8698
43.99,8131
44.07,6674
43.89,3987
43.93,27993
43.23,15888
43.11,27770
42.83,9420
42.93,17227
43.07,16972
43.01,66242
42.76,25307
42.97,15404
42.79,19811
42.83,19555
42.89,35626
42.91,93640
43.3,10941
43.15,4390
43.2,9451
43.03,10038
43.04,11926
42.9,36210
42.86,10899
43.08,8868
42.93,8223
43.07,6001
43.18,7423
43.2,30272
42.51,8568
42.5,6621
42.55,7703
42.43,8919
42.51,15210
42.44,72935
42.96,9435
43.03,17789
43.19,8414
43.13,9671
43.12,18011
42.99,39441
43.22,14341
43.19,40570
43.09,13955
42.9,24775
42.61,20620
42.61,47477
42.71,14211
43.01,13616
43.01,10665
43.27,20326
43.16,18366
43.31,44863
42.91,28168
42.96,27113
42.92,53025
42.87,32517
42.85,43921
42.97,38874
42.52,55750
42.34,31744
42.59,17649
42.77,14326
42.8,7817
42.95,52445
42.83,7176
42.83,14642
42.76,22687
42.76,0
42.51,21144
42.38,23258
42.27,18927
42.19,14154
42.18,21559
42.11,39986
42.09,33933
42.09,23582
42.22,16770
42.1,28328
42.23,12946
42.29,45829
42.23,18461
42.14,11669
42.06,7863
42.04,8137
41.91,11224
41.89,30142
41.71,21704
41.76,17255
41.82,6676
41.85,10557
41.97,18186
42.22,109086
42.29,33156
42.57,63305
42.56,38960
42.56,16120
42.62,22678
42.61,102892
42.94,33349
43.09,13520
43.02,11084
42.99,8805
42.99,10301
43.08,40117
42.89,18361
42.82,21426
42.84,25812
42.79,46483
43.19,42907
43.17,73844
42.88,35818
43.05,68366
43.32,29820
43.4,15476
43.3,23279
43.29,67868
42.84,18797
42.98,15182
43,10097
42.85,11141
42.9,16590
42.96,55032
43.13,13012
43.25,17725
43.15,14881
43.02,13006
43.11,9625
43.1,33326
42.93,30558
42.93,29159
42.94,21908
42.92,16767
42.82,20336
42.6,39549
43.05,30479
43.17,25687
43.05,17853
42.97,14366
43.06,14938
43.21,41621
43.6,49984
43.38,29847
43.45,27144
43.39,22695
43.54,24221
43.51,43674
43.33,24677
43.46,17456
43.58,17060
43.53,33418
43.5,31332
43.42,30136
43.32,11391
43.24,22535
43.21,18726
43.01,18335
43.09,16891
43.09,41801
42.88,19593
42.9,30348
42.83,26331
42.76,20606
42.66,20812
42.7,38473
42.92,23050
42.96,22927
43.08,12155
43.09,38367
43.11,16825
43.07,44713
43.24,15580
43.06,23420
42.97,6339
43.02,6840
43.04,13986
43.03,27698
43.22,28296
43.2,34019
43.32,22668
43.47,26269
43.25,20275
43.33,49819
43.37,41746
43.58,22879
43.77,13754
43.87,17366
43.81,13842
43.82,37779
44.37,27505
44.55,16557
44.52,10029
44.39,11126
44.44,7372
44.47,35684
44.94,41168
44.9,37986
44.91,30272
44.72,21962
44.63,16799
44.65,54083
44.74,14004
44.85,21557
44.89,10024
44.89,10123
44.78,30518
44.71,54110
44.89,24207
44.73,26869
44.89,18374
45.05,7162
44.98,10554
44.9,68099
45.15,21637
45.1,17557
45.19,6442
45.12,8849
45.21,8503
45.11,30540
45.01,25886
45.06,27870
45.29,11641
45.39,16959
45.46,25039
45.47,71202
45.52,38797
45.15,34613
45.16,20541
45.1,13720
45.27,10786
45.33,50082
45.56,37573
45.76,34895
45.74,14909
45.69,16954
45.59,15543
45.67,51700
45.61,29996
45.72,18366
45.83,19255
45.81,25449
46,18784
45.89,78056
45.72,42769
45.54,36008
45.6,20975
45.63,17077
45.5,25659
45.56,50916
45.39,17702
45.46,12712
45.37,11868
45.3,10305
45.24,10073
45.24,38050
45.34,16112
45.44,14241
45.44,10559
45.56,28203
45.67,14110
45.7,63319
46.27,26267
46.4,17974
46.4,12623
46.57,10076
46.5,12823
46.59,62630
46.54,23378
46.33,17331
46.33,16840
46.31,18870
46.45,14509
46.5,39162
46.64,34459
46.58,19619
46.66,16725
46.62,11569
46.49,11849
46.44,31413
46.28,12187
46.14,14276
46.16,9157
46.14,7708
46.08,7102
46.1,40931
45.76,11979
45.68,14105
45.64,8271
45.75,5986
45.77,6697
45.83,62605
45.85,31453
45.96,31651
46.03,12388
46.13,13448
46.25,28846
46.18,120894
46.02,17868
46.12,22084
46.15,10173
46.1,14229
46.21,18396
46.3,59657
46.67,34663
46.82,24108
46.85,40723
46.99,20074
46.92,14107
46.88,60315
46.78,46597
46.74,38835
46.73,33794
46.7,9594
46.62,19820
46.56,42612
46.54,32127
46.73,14987
46.94,10009
46.68,10597
46.68,8492
46.69,58787
46.84,28386
46.61,18835
46.72,9180
46.68,17519
46.67,19855
46.66,70700
46.81,20794
46.61,40971
46.5,14800
46.55,14351
46.53,20121
46.54,65633
46.88,33610
46.77,16253
46.56,16015
46.69,15631
46.65,25965
46.72,43082
46.82,24720
46.73,27016
46.92,5960
46.97,15679
47.01,17705
47.03,53872
46.92,41665
46.88,18134
46.94,20531
46.87,22260
46.95,28855
47.07,74659
47.04,13976
47.04,19072
47.18,11978
47.19,9749
47.13,10539
47.1,39010
47.19,10953
47.5,8065
47.32,26402
47.33,16205
47.38,9269
47.46,42404
47.28,16971
47.29,17537
47.37,12681
47.37,8986
47.38,10692
47.39,39914
47.51,29441
47.46,25810
47.5,36341
47.5,10390
47.47,44658
47.43,50604
47.56,15546
47.65,16266
47.6,18490
47.57,7853
47.66,29171
47.57,88458
47.25,25842
47.36,24341
47.51,18877
47.54,12771
47.53,26283
47.56,43269
47.6,32614
47.58,13757
47.57,14087
47.77,9572
47.82,15786
47.74,85400
47.8,33367
47.73,17290
47.86,34957
47.91,29442
47.97,16303
47.93,52139
47.8,41484
47.99,21563
47.95,29065
48.13,22214
48.15,35685
48.09,94913
48.26,48193
48.53,43868
48.32,30774
48.37,32106
48.46,20747
48.39,56011
47.84,29502
47.87,22096
48,26521
47.97,33643
48.02,17930
48.05,61316
48.24,17645
48.18,23548
48.1,15773
48.23,9532
48.11,14074
48.03,45886
47.84,21721
48.08,18846
48.09,19499
48.08,15332
47.98,16596
48.18,38542
48.38,47237
48.47,28232
48.45,16425
48.58,21546
48.63,27066
48.81,78390
48.65,59010
48.06,42266
47.82,34431
48.07,14405
48.2,25859
48.23,61218
48.27,74405
48.13,25258
48.05,20176
47.97,42723
47.9,28820
48.06,66941
48.16,19893
48.37,14597
48.54,10363
48.51,11071
48.51,33004
48.56,50464
48.01,36640
48.18,16927
48.15,9488
48.17,8439
48.27,11712
48.19,52031
48.04,37825
47.97,30469
47.99,29669
47.81,23999
47.91,14150
47.88,73084
47.5,38301
47.41,17912
47.34,14134
47.34,13957
47.24,7487
47.32,64156
46.84,30810
46.87,14932
46.73,7963
46.67,18235
46.63,19079
46.54,50468
46.4,9722
46.36,33803
46.3,17028
46.3,29115
46.32,12340
46.28,54434
46.22,14982
46.21,13598
46.34,5039
46.31,7576
46.35,7560
46.32,22153
46.23,21648
46.06,17233
45.87,11854
45.99,8933
46,6578
46.06,37009
46.27,25685
46.23,16366
46.08,15678
46.03,17581
46,19818
46,48271
46.1,15530
46.14,21833
45.88,10343
45.83,12128
45.82,18887
45.76,46995
45.63,21526
45.37,28774
45.33,19224
45.49,13209
45.46,19637
45.54,56084
45.67,14757
45.55,9439
45.63,11508
45.6,7339
45.79,5149
45.75,36085
45.47,28366
45.56,26902
45.56,14025
45.45,20528
45.48,20776
45.55,54296
45.97,33135
45.94,47817
46.12,36929
46.22,24502
46.13,36969
46.11,51214
46.04,42772
46.08,52480
46.08,32265
46.05,30440
46.09,41787
46.1,104424
45.49,45567
45.37,35874
45.35,37472
45.34,30640
45.35,38157
45.36,43833
45.37,28119
45.4,42181
45.52,36860
45.56,31614
45.63,39895
45.55,44553
45.65,44437
45.81,31512
45.73,39649
45.66,31889
45.72,38605
45.71,73786
45.36,31464
45.62,27900
45.47,53502
45.5,39210
45.42,45111
45.25,77386
45.4,43403
45.55,54284
45.58,38359
45.56,25854
45.48,33089
45.48,63623
45.44,38192
45.38,39397
45.24,41491
45.15,25648
45.27,21302
45.21,51167
44.86,23220
44.88,30723
45.03,23308
45.07,20345
45.11,23504
45.06,62112
44.7,44533
44.89,41159
44.94,47117
44.8,42438
44.85,29074
44.8,71345
45.06,47509
45.31,69478
45.37,37426
45.18,46141
44.95,38783
44.98,84166
45.07,95007
45.14,68430
45.26,38065
45.03,34897
45.13,25323
45.21,87339
44.92,48712
45.43,46187
45.68,27392
45.68,34496
45.8,38792
45.96,73820
46.11,35119
46.48,28590
46.28,96340
46,43053
46.07,26910
46.24,56508
46.71,62786
46.6,82489
46.48,46755
46.66,58206
46.79,25587
46.73,42931
46.55,78018
47.06,30002
47.26,28070
47.18,39408
47.03,55030
47.15,99488
47.2,35040
47.04,59812
47.06,44350
46.76,55281
46.7,41289
46.47,95462
46.07,62390
46.6,40559
46.81,32361
46.68,37248
46.7,27516
46.78,72524
47.34,67760
47.08,33329
46.99,44025
46.99,28290
46.89,54430
46.72,130861
47.14,43836
46.98,45579
47.17,64494
47.15,41819
47.1,32372
47.24,108200
47.08,28013
46.97,28689
47.06,19981
47.21,29996
47.36,20559
47.35,66659
47.66,32856
47.67,36021
47.44,34011
47.19,38843
47.15,43360
47.33,145991
47.08,42711
46.99,71078
47.03,46981
46.98,34467
47.12,39763
47.07,55034
46.68,77135
46.78,58435
46.61,24541
46.59,27471
46.62,33958
46.42,91533
46.38,45163
46.43,29003
46.64,28720
46.7,27989
46.69,30048
46.63,71010
46.75,24438
46.72,23278
46.8,14676
46.93,16432
46.95,24084
46.96,45274
47.45,25812
47.68,43959
47.75,45954
47.75,0
47.86,47444
47.93,49840
48.02,50977
47.97,29624
48.08,39804
47.98,60214
47.63,55900
47.27,47231
47.24,47208
47.02,28076
47.05,35082
47.13,69411
47.23,24190
47.27,19835
47.29,16702
47.19,24475
46.95,23140
46.96,60558
47.2,92803
47.2,40695
47.09,17231
46.98,22695
47,25375
47.12,49901
47.34,38204
47.3,44767
47.17,31449
47.15,40596
47.03,41366
47.17,88590
47.01,38548
47.22,25172
47.28,24274
47.26,30386
47.28,42399
47.17,50019
47.5,39099
47.29,24874
47.2,18547
47.04,15848
47,14761
46.74,70619
46.51,16485
46.63,14249
46.43,17771
46.26,25103
46.21,37857
46.09,64947
46.35,45473
46.37,39371
46.35,26313
46.54,21168
46.56,17159
46.51,53036
46.56,40398
46.42,24448
46.48,25771
46.69,25917
46.63,19843
46.56,41428
46.65,17918
46.63,19732
46.62,20978
46.55,11370
46.52,12703
46.63,46750
46.38,21561
46.25,16057
46.15,14830
46.01,19265
46.05,28745
45.84,63924
45.44,46564
45.61,40263
45.64,17706
45.69,22226
45.77,18710
45.96,50418
46.03,31839
45.94,19676
46.03,19397
45.93,12425
45.84,19283
45.97,57882
46.34,24628
46.24,22446
46.24,18058
46.08,13989
46,18524
46.01,53189
45.67,25452
45.68,21170
45.72,22719
45.8,13519
45.76,13700
45.79,51109
46.19,25915
46.37,11526
46.28,18421
46.33,20018
46.49,17295
46.47,27203
46.48,18810
46.61,13923
46.58,25685
46.58,0
46.71,5629
46.61,6543
46.52,9227
46.44,2093
46.42,2861
46.45,19011
46.89,14410
47,13976
46.89,18263
46.89,15142
46.95,16374
46.98,35925
46.84,15940
46.91,18093
46.89,14752
46.99,9876
47.02,14971
47.07,52020
47.02,19767
46.81,18540
46.68,16647
46.75,12879
46.86,10999
46.77,35790
46.56,31909
47.05,24906
47.04,21280
47.11,21049
47.19,29949
47.24,59484
45.34,107908
45.5,53992
45.68,39678
45.57,33519
45.66,27893
45.81,138963
45.56,84128
45.06,53822
44.76,44415
44.7,39908
44.77,36409
44.65,76370
44.6,23534
44.46,29448
44.41,31928
44.4,11452
44.26,31301
44.35,56806
44.6,62941
44.28,61852
44.23,27207
44.22,45902
44.29,37231
44.37,127018
44.74,43665
44.7,17909
44.72,16377
44.63,13412
44.56,25873
44.69,83043
45,38951
44.87,41640
44.86,34597
44.74,24502
44.64,47966
44.69,84860
44.97,45982
45.18,33398
44.93,42426
45.11,44144
45.13,40906
45.33,74891
45.54,56276
45.71,50990
45.77,17215
45.71,20464
45.87,26369
45.74,71620
45.58,42453
45.61,15622
45.59,13808
45.61,16022
45.8,19989
45.77,62089
46.5,65381
46.28,30821
46.25,20951
46.37,28449
46.37,54942
46.46,83640
46.21,46683
46.29,21628
46.22,14129
46.29,15286
46.33,30800
46.19,61592
46.51,37043
46.34,29821
46.29,24143
46.41,25487
46.28,44258
46.39,70781
46.45,33864
46.46,32464
46.37,36855
46.53,46748
46.61,27328
46.6,59043
46.65,14866
46.99,36439
47.08,61622
47.09,26024
47.08,29853
47.17,79737
47.26,25414
47.04,24745
46.75,20675
46.74,15055
46.73,20789
46.7,85710
46.98,68799
46.77,71325
46.78,45746
46.89,47606
46.98,39908
46.9,86692
47.17,57556
47.51,65144
47.3,29318
47.06,40868
47.16,79928
47.47,195186
48.08,44195
47.86,32404
47.96,31654
47.82,29051
48.04,38878
48.04,73687
48.09,34545
47.71,24041
47.68,31217
47.22,29889
47.28,21916
47.62,75981
47.54,56941
47.43,55954
47.24,50367
47.17,55423
47,66606
47.09,96776
47.72,45535
48.04,28215
48.07,48576
48.17,37128
48.08,34133
48.26,74687
48.64,33339
48.68,34941
48.67,33732
49,34225
48.8,59538
48.97,92820
49.31,37932
49.05,51443
49.38,37477
49.47,14979
49.39,50338
49.41,73736
49.86,51143
49.49,67205
49.26,48297
49.21,32978
49.3,72219
49.27,108991
49.38,55076
49.1,67699
49.15,37395
49.16,34905
49.08,75156
49.42,138374
49.7,49785
49.74,37755
49.85,20508
49.83,28984
50.02,26912
50.14,72318
50.41,26292
50.42,33012
50.63,29175
50.74,46969
50.68,58662
50.7,80113
50.76,78002
51.07,77363
50.78,56900
50.66,58938
50.8,46014
50.86,137282
51.77,55185
52.13,36938
52.73,41762
52.86,38043
52.79,36230
52.77,107522
50.57,107221
50.24,66422
50.81,87306
50.74,34395
50.95,30073
51.02,80189
50.59,134017
50.51,77141
50.52,51294
50.85,49575
50.77,53685
50.52,155994
50.87,74941
51.11,77313
51.15,44801
51.23,51812
51.28,49513
51.04,130836
50.88,42232
50.94,33255
51.01,24295
51.07,38184
50.99,33664
50.88,118778
51.93,39790
51.74,24788
51.68,20229
51.58,15942
51.62,24377
51.74,59960
51.84,50209
51.57,23631
51.47,12833
51.54,13077
51.63,23774
51.71,65445
51.36,41544
51.48,33893
51.75,15563
51.77,19484
51.84,20667
51.88,74443
52.08,54891
52.1,49201
52.1,22906
51.79,39812
51.62,39043
51.79,70428
52.6,51506
52.88,69974
53.1,42428
53.01,21723
53.01,40172
52.79,119649
53.05,66577
53.29,59532
53.4,59076
53.38,41544
53.2,25680
53.33,105296
52.82,65317
53.19,66343
53.62,52025
53.77,39634
53.74,38059
53.66,86893
53.17,40469
53.5,35481
53.54,26927
53.6,20196
53.37,22341
53.59,70092
53.66,41609
53.45,31486
53.3,25920
53.35,21100
53.45,23880
53.35,78417
53.22,29829
53.33,16649
53.24,27746
53.4,60150
53.45,22044
53.63,72798
53.5,57718
53.56,34460
53.65,26280
53.6,17063
53.46,21779
53.61,51668
53.37,34528
53.61,23056
53.59,17099
53.47,22461
53.27,41744
53.26,60301
52.99,21973
53.36,35952
53.23,21827
53.3,17381
53.23,21161
53.15,50369
53.6,29747
53.66,38119
53.74,22832
53.63,23379
53.65,18397
53.55,69742
53.67,26744
53.49,26362
53.26,31983
53.4,43259
53.57,24185
53.67,87034
53.64,35913
53.66,30033
53.74,24898
53.57,23385
53.8,38155
54.06,70834
53.88,32346
53.91,23343
54.04,24160
53.86,24752
53.59,20245
53.58,42474
53.31,22886
53.18,20413
53.11,21178
53.37,17135
53.25,20030
53.15,70986
53.24,52412
53.3,36818
53.49,35862
53.33,31585
53.44,27582
53.45,93289
53.87,44022
53.31,29081
53.47,31303
53.48,19278
53.57,38326
53.37,92419
52.8,58607
53.18,79903
53.15,73615
53.35,53658
53.55,50113
53.64,95948
54.17,93992
54.39,31529
54.41,53529
54.27,63487
53.99,48641
53.94,79369
53.86,44634
53.82,45146
54.05,29699
54.16,26936
54.11,22265
53.96,54784
54.1,39562
54.02,36120
53.98,29561
54.26,34045
54.02,18633
54.05,75338
54.26,76347
54.4,53302
54.31,39198
54.18,33626
54.1,21351
53.97,69957
54.1,71812
54.82,49786
54.78,31313
54.58,22954
54.26,63246
53.97,64849
53.81,51532
53.84,46429
53.76,38460
53.77,79713
53.2,51404
53.14,149352
53.25,74658
53.06,46600
52.97,26070
52.88,33391
52.81,41428
52.87,73025
53.88,38492
53.61,44008
53.59,21587
53.62,16048
53.7,10110
53.64,48449
53.68,20036
53.46,11397
53.37,13086
53.37,13135
53.29,15521
53.26,37692
53.61,24880
54.04,20377
53.99,24820
53.86,15544
53.77,16286
53.71,69015
53.18,38009
53.48,24990
53.51,33703
53.38,19746
53.48,22887
53.78,46486
54.73,15124
54.59,27885
54.26,17027
54.23,13366
54.12,21281
53.96,31678
54.35,20869
54.17,10886
54.31,15590
54.3,13832
54.19,13170
54.05,51948
53.83,17342
53.95,28253
53.66,25873
53.43,15207
53.3,18813
53.16,51639
52.76,27139
52.38,15317
52.38,10176
52.31,7920
52.29,14105
52.44,46098
52.63,12971
52.61,13027
52.31,12577
52.45,16680
52.39,18282
52.26,49302
52.59,33702
52,17892
51.8,19146
51.77,26029
51.8,52516
51.86,100906
51.53,33939
51.4,27610
51.41,25684
51.55,16214
51.85,29015
52.08,48453
52.26,64912
52.39,35703
52.35,24373
52.38,44499
52.34,43298
52.09,90650
51.74,26248
51.59,21108
51.57,11434
51.59,14422
51.52,16581
51.47,47633
51.7,44900
51.4,19665
51.46,19796
51.33,22466
51.14,23936
51.22,38314
51.95,31595
51.8,34892
51.82,30876
51.8,28052
51.92,19358
52.02,45921
52.33,18536
52.16,12850
52.04,28926
52.44,25655
52.34,32492
52.69,38038
52.74,16913
52.48,20949
52.27,32982
52.27,23241
52.12,31942
52.09,49033
52.56,22396
52.72,23068
52.78,19180
52.59,10200
52.49,19783
52.46,53315
53.04,13765
52.97,18885
53.12,20729
53.09,17038
52.99,35269
52.65,124592
53.65,36248
53.94,32137
54.17,24982
54.34,31686
54.15,32464
54.47,117962
54.51,18167
54.82,21766
54.75,26188
54.52,16754
54.39,14626
54.52,48767
54.32,21390
54.68,32082
54.7,28634
54.66,35742
54.54,40632
54.37,123952
54.61,74226
54.31,26524
54.58,25271
54.71,26072
54.8,34233
54.72,100204
54.08,37514
53.87,34713
53.66,40270
53.82,44564
53.92,43063
53.85,69709
52.97,28280
53.04,16832
53.32,22304
53.13,42652
53.4,28177
53.45,103684
53.07,53603
53.44,36688
53.51,26282
53.07,32711
53.01,27221
52.9,62757
53.84,15382
53.97,17318
54.31,12042
54.11,10618
54.1,12285
54.01,45628
54.02,30709
54.08,27517
54.22,15139
54.3,13560
54.14,20645
54.2,51729
54.72,42108
54.39,36399
54.42,31548
54.43,40203
54.46,41668
54.58,92573