310.18,88051
316.24,48537
315.12,52949
314.18,35491
319.63,50663
319.7,93090
318.44,45594
321.63,16523
319.96,23775
320.7,19036
323.35,59089
324.34,99016
326.09,37729
323.8,25181
326.08,11904
326.41,23069
326.59,87362
322.19,92007
324.68,21843
325.28,27285
324.72,26053
321.07,20074
319.68,22420
320.15,37369
319.26,47885
324.46,38424
325.56,21652
323.84,15545
326.1,30588
325.72,71018
327.83,23747
326.31,13266
326.82,11439
328.3,13590
328.01,18835
328.16,56564
328.83,28962
327.58,18692
329.53,8522
329.26,6264
329.23,12597
329.56,62032
331.94,24089
332.28,7026
332.42,14818
335.14,9583
334.22,7178
335.26,34541
332.1,24988
332.35,7920
331.17,9378
330.26,7569
330.96,50046
330.01,80129
320.25,40423
318.37,23566
320.82,10100
322.04,13153
324.23,10172
324.15,36504
322.23,9589
321.99,12714
320.5,13296
320.39,8854
322.29,11144
321.53,69495
319.96,57580
322.56,12737
323.93,8038
325.07,8644
324,9282
322.74,32634
329.15,27761
329.09,24668
329.38,7959
328.09,6965
327.57,14807
326.53,33910
323.16,33556
323.82,20196
324.53,16272
322.19,19806
320.68,32600
318.74,69063
319.4,23480
319.23,21764
318.83,9417
318.39,24349
314.53,42224
314.66,48843
313.42,13553
312.54,23100
314.42,17834
316.48,29916
313.99,15880
315.17,56716
319,41453
318.24,20224
318.24,14174
316.52,29029
317.6,17714
317.39,57195
314.24,18877
311.62,15258
311.72,18706
311.17,12613
311.57,39642
313.18,55848
313.29,64306
315.47,25942
315.52,21398
315.99,51089
314.93,25462
313.63,30178
313.51,40371
310.76,46329
309.89,45522
309.95,41806
312.13,41984
314.36,75782
295.89,215314
289.42,145923
284.87,127780
283.2,77322
281.69,72982
283.36,145610
282.52,126493
278.41,53778
279.44,47726
281.05,34264
280.31,40178
277.81,94826
273.77,106874
271.99,53748
272.88,41323
272.57,71095
274.73,68663
278.59,103684
276.53,39477
278.26,79045
278.34,35877
279.56,40693
282.49,42275
283.29,77083
282.81,28862
281.97,52019
283.45,32728
280.86,34580
280.98,40391
280.64,53760
286.77,40207
286.85,29850
285.98,25793
287.04,28996
285.93,38440
285.75,68529
291.7,71734
295.7,91202
294.13,53139
293.69,42140
293.66,41681
292.34,110711
294.47,24890
290.47,18458
290.6,10016
292.32,10536
293.57,22200
292.21,33766
290.81,24257
287.53,34368
290.39,28231
291.38,15988
289.88,19742
288.74,45913
293.33,47884
291.26,24129
289.2,25702
288.56,31911
288.52,51815
288.76,155377
288.76,0
288.76,0
288.76,0
288.76,0
288.76,0
288.76,0
288.78,38847
287.62,34319
288.28,25457
289.34,49693
287.62,43448
287.62,91594
280.87,62361
279.51,77000
280.6,33923
283.45,19361
284.61,15578
286.21,50601
288.84,28495
288.14,18898
288.13,11107
287.69,9016
288.59,9287
287.64,31601
288.13,32787
291.69,11930
289.31,14767
287.45,13547
285.98,19419
287.94,52343
291.38,13523
293.54,11265
294.63,12410
295.91,12950
295.45,26829
297.08,50757
298.77,58629
299.96,18303
300.2,11745
299.78,11565
298.98,48101
294.84,55136
298.62,25130
296.89,17492
297.04,12225
298.96,11889
300.01,17780
301.72,68037
302.07,31618
301.17,27413
300.62,16094
301.76,25763
302.9,16664
302.65,72568
301.97,32939
301.23,18853
299.9,26284
297.62,29068
297.52,27485
296.26,46963
294.5,33972
294.16,35935
293.44,23377
297.4,35428
297.53,25116
297.96,57734
289.26,45132
288.19,23376
288.36,33294
286.98,27131
286.52,13617
285.91,43647
286.53,28892
285.26,12709
286.32,19854
284.64,23571
285.5,18784
284.85,42974
280.53,29126
282.72,37663
279.98,35162
280.58,26676
281.16,23340
280.77,64735
281.89,47579
282.42,34586
279.5,18882
280.26,26981
281.57,25939
282.29,73934
287.15,55358
285.2,23925
286.35,16144
286.45,15356
286.57,29544
286.8,90944
284.6,46806
282.39,53341
281.35,42284
280.15,51170
277.92,43454
277.44,70008
275.08,120821
274.22,71231
273.98,66694
272.03,70617
272.22,73074
271.82,157608
272.21,42138
271.98,22489
272.39,30321
272.41,22214
272.48,30248
273.45,68425
275.07,29967
273.92,20875
274.05,17436
274.78,16012
275.06,16291
276.4,45362
277,66820
276.66,24258
276.23,21082
276.96,17188
276.63,16579
276.44,37001
269.91,44200
267.05,26418
267.24,19454
267.67,25467
268.97,58073
269.57,54753
268.48,32482
268.67,22323
268.8,45045
270.75,43185
273.08,31359
273.3,73539
275.02,73925
280.89,19809
280.62,18431
280.74,39225
281.6,24935
281.61,64528
282.53,58487
278.83,15265
278.7,9353
278.18,9941
278.05,14794
278.57,39362
280.7,34916
278.96,21248
279.28,26697
278.63,32283
277.52,44582
277.85,79695
278.02,15128
278.36,14623
278.36,9607
279.98,17789
280.18,16493
280.66,40127
277.09,40550
278.56,19227
277.24,16334
277.57,12070
277.68,12774
276.19,28842
271.72,24771
272.26,14582
271.13,6109
271.23,16145
272.23,24399
271.99,54294
273.78,18218
275.82,9719
276.27,15169
275.99,7761
276.26,13132
276.8,46698
282.98,26592
282.03,20315
284.55,21703
285.12,18623
284.98,16478
283.64,71002
285.98,14507
283.17,18825
281.58,9032
282.3,8134
281.02,10539
280.6,28182
275.33,41715
274.68,18186
274.59,12586
274.78,10589
273.47,23006
271.93,50528
267.78,46791
269.2,34269
270.07,15833
272.53,15578
272.35,12795
274.33,41584
276.8,26518
272.98,12535
273.19,13184
273.68,10134
272.9,12633
273.64,33741
274.28,17344
272.18,13871
273.61,20007
274.83,19375
275.39,22270
272.94,48584
276.75,53143
277.83,53481
278.69,35305
282.11,38114
283.04,46302
283.57,85804
280.61,36004
276.88,7268
276.57,9842
276.02,12035
276.27,12249
274.28,61164
274.78,67750
276.29,36907
275.75,27792
273.25,39192
272.8,21144
272.15,57924
275.15,41891
276.16,34655
278.33,16311
277.07,10069
276.52,11270
276.13,32142
275.5,17430
274.96,13307
274.11,13477
275.18,13194
275.91,37926
280.7,77179
276.03,28932
273.25,40257
270.63,45409
269.91,29665
270.03,37653
268.5,90838
262.36,27874
265.59,17931
264.49,13847
267.12,13726
265.46,16488
263.87,53659
268.21,48660
266.99,22021
267.98,20672
268.42,16017
270.01,23785
270.35,57238
267.3,27866
263.78,17802
262.16,17951
260.48,18476
266.02,9993
265.07,35978
264.39,35449
261.56,30007
261.14,33974
256.96,22936
255.76,20985
258.14,54708
259.04,66949
262.61,27809
260.24,15274
260.32,15333
257.06,18349
257.05,52116
266.25,33072
269.08,28926
268.18,21707
267.44,19598
264.6,23154
265.71,51482
263.96,54545
265.44,22581
268.15,18031
267.64,22588
269.6,26843
269.56,71549
272.79,122045
264.61,76108
267.03,62820
269.16,82803
271.98,75341
272.91,112779
263.24,60163
262.55,71575
258.99,59373
259.07,41470
255.44,47391
255.27,104668
260.67,42859
261.28,29374
260.24,14330
259.26,41642
262.59,19517
263.05,85277
258.72,43850
254.15,19822
255.72,25647
253.97,35495
255.27,23057
257,83289
255.55,47286
256.16,23826
257.39,19736
258.25,21842
258.18,21288
258.35,68071
258.17,51741
255.68,26758
257.39,14654
257.37,14190
258.23,13936
258.58,54103
261.82,53679
264.51,22036
263.75,20732
264.51,15566
264.4,29526
265.88,38807
271.72,46479
273.14,33514
274.46,40636
275.85,14859
274.96,13377
273.31,44432
274.19,36202
272.94,17085
275.62,16055
276.21,10827
275.9,11180
275.9,40641
273.07,43073
274.03,17298
275.1,14952
275.43,19962
275.89,24538
274.65,76041
274.05,17972
271.04,15852
270.43,7947
271.06,8841
271.24,13223
271.18,30124
272.04,27537
269.4,14153
271.42,16658
273.77,23579
275.27,34155
275.54,53953
276.87,33282
277.09,38341
276.61,22022
279.59,19581
278.12,19836
278.1,37779
277.27,18327
279.14,11967
277.85,10123
277.69,9401
277.1,6184
276.85,18096
269.21,28008
272.2,13257
270.62,15803
271.02,12381
270.88,17565
272.15,46890
270.95,32039
271.23,21484
272.67,12431
271.28,11103
270.08,17071
270.68,26328
278.66,46160
275.8,31785
276.57,35415
278.39,22045
277.14,9338
274.9,41463
265.85,28203
265.14,12895
264.04,9307
263.29,9959
263.39,15829
265.23,44165
257.61,37485
256.29,40002
256.34,22482
258.17,19926
259.42,19152
256.94,61964
259.13,45404
256.1,27003
255.6,30531
253.7,37688
252.37,13917
253.36,62350
256.9,45663
253.48,11253
252.88,12608
252.54,10098
254,32028
253.86,65243
250.3,48282
247.71,32220
247.86,15317
248.22,21258
247.92,40578
245.85,55146
249.48,50300
247.46,19378
247.79,14700
248.23,19592
248.57,20778
248.32,61239
246.97,54302
247.39,41834
244.45,32795
244.52,18557
243.94,27280
245.33,58455
241.43,42663
245.07,20224
243.95,13828
245.02,19068
245.46,32303
245.47,61521
248.79,37779
247.51,22794
247.62,15407
246.88,12167
247.42,15957
248.62,46585
251.65,36517
256.37,16489
257.24,31979
256.43,16552
256.4,21579
255.61,60124
258.43,31213
257.96,20692
257.78,7100
257.5,5575
256.19,8299
257.05,39974
256.33,73955
251.67,20137
248.72,12266
248.23,25486
247.82,20558
246.63,31343
248.2,25291
249.19,28536
249.04,23208
249.12,24821
250.34,18092
248.75,40245
244.68,42299
248.66,30590
250.48,13059
250.39,21814
251.21,15622
249.45,75487
255.03,20016
250.13,18707
250.72,8301
251.03,11548
252.83,15567
253.74,33942
251.72,21739
252.01,14719
253.71,11307
254.2,10201
254.96,10326
256.3,34110
258.25,11221
258.37,11729
255.32,4261
255.63,3711
256.12,13486
258.2,24648
257,49372
258.64,17059
259.33,8919
259.24,6813
258.36,13533
259.31,23052
258.24,21536
259.54,6536
259.66,7921
258.8,4284
259.71,7404
261.24,18572
261.19,17478
261.72,14129
261.86,12939
261.79,7405
262.61,12613
261.55,23456
265.54,20670
264.93,17866
262.89,11303
262.64,12611
261.45,19127
260.19,25525
256.4,19593
261.03,15766
260.65,7880
261.63,16713
262.53,14752
263.34,28544
258.13,38614
257.05,19437
259.51,11646
258.68,9126
260.5,13218
261.85,33529
266.25,26465
266.4,4303
266.34,7687
265.65,9621
265.3,6436
264.9,28601
268.51,24154
268.33,25038
270.14,13190
269.16,15546
267.86,10798
266.65,23138
267.87,12404
268.88,12779
269.57,13698
271.06,11109
271.83,11261
271.63,33953
271.79,20880
274.02,19125
274.72,18188
274.28,26686
274.02,21792
275.47,53785
274.25,15446
274.17,8250
274.32,5088
275.34,9188
274.63,9678
275.31,27777
280.76,19444
280.88,14946
279.75,12176
278.57,10159
277.56,8857
277.66,25483
278.47,22969
278.27,19383
277.38,10519
277.56,10667
277.05,9416
277.07,33984
271.22,15057
271.55,11499
269.02,6323
269.94,4206
270.88,4023
270.4,21826
265.52,16820
268.88,6275
269.68,3946
268.7,5804
268.79,68115
270.68,37363
268.58,19044
270.27,19767
272.48,13307
272.93,21982
273,34583
271.36,37785
271.41,17914
270.59,15166
271.05,10731
271.27,9444
272.09,11571
272.7,34352
276.05,23548
279.21,30610
279.51,15587
278.81,16993
277.55,32860
278.92,53805
275.34,18731
275.12,28784
275.56,26855
276.5,25579
274.21,26151
274.58,64780
274.38,20780
274.64,21551
276,16078
277.35,14675
277.63,22048
279.26,66127
280.25,33907
280.64,13791
280.31,11090
278.69,11740
278.48,17346
278.36,44379
277.39,14118
278.06,20332
277.53,11068
279.59,12484
280.03,14835
280.74,34324
284.93,16177
286.25,12679
284.89,10574
283.86,10448
283.1,6333
282.95,35092
277.36,17301
276.71,10911
276.34,5271
276.3,10627
277.85,9464
277.6,32660
282.69,38063
282.88,22273
283.55,7377
282.97,10539
282.73,21782
282.62,49226
285.4,20142
284.72,15206
282.23,9669
282.66,6383
283.03,7998
282.37,23917
282.85,12226
283.01,6814
283.79,7853
283.95,5531
283.44,8412
284.49,35402
284.55,22059
284.47,20814
285.3,14562
286.19,17513
285.3,17060
285.96,38985
292.4,90701
296.24,94691
302.47,59040
300.89,72390
300.31,85631
298.12,99930
297.85,23751
295.88,13584
295.22,5200
295.82,9839
296.65,20019
297.15,24362
295.3,14408
294.2,6650
294.52,6293
293.11,7168
294.01,5828
294.98,35138
293.62,40345
293.47,18146
293.77,9643
293.58,11262
292.63,8037
291.1,32677
289.56,20158
288.04,11969
287.44,8924
286.46,10004
285.65,12856
284.49,38538
280.09,18972
279.18,21601
278.37,10449
278.93,6576
278.8,9431
279.09,34499
277.84,29743
279.62,13409
281.05,3968
280.2,4039
280.6,10233
280.37,22349
280.72,14468
280.29,12256
278.46,9197
278.85,7454
280.12,13422
280.18,18460
282.06,38783
276.07,10614
273.77,6242
273.12,4154
272.7,6411
272.01,30169
268.48,17190
269.12,11069
270.54,14704
271.44,12711
271.35,8917
271.33,29028
269.85,26403
267.28,20239
266.97,9467
266.43,9874
265.75,12622
265.81,30857
265.46,24711
265.01,15889
266.86,8690
266.44,8638
265.33,7641
264.26,32706
264.15,43022
264.17,15290
264.87,5955
264.32,15792
265.28,8246
267.07,23386
269.26,13247
270.63,10382
271.19,11006
269.38,15786
266.86,13530
267.46,31553
264.08,28988
266.7,8403
267.77,8979
266.31,10729
264.85,7714
263.72,26224
266.47,19470
267.37,16143
268.68,12527
269.24,14073
271.33,12958
272.26,42867
271.14,20339
274.09,16667
273.87,19041
273.27,5879
273.92,5757
273.59,23974
274.26,10380
275.67,9232
273.77,11929
274.06,8876
274.26,11578
274.49,29847
276.84,15907
274.89,15305
273.34,15089
272.34,13110
272.26,9700
271.57,34241
263.05,31452
260.96,10797
260.21,15867
259.07,13800
258.55,14785
256.45,62965
250.94,32485
255.04,16907
254.02,11594
254.02,8713
252.28,13467
251.7,56290
253.08,18195
251.31,41186
249.76,26155
250.77,18779
249.85,17411
249.22,48564
247.77,26894
248.56,28987
248.91,11792
249.48,17396
249.99,29913
252.18,65591
255.02,23858
256.4,9623
254.44,8770
255.39,10197
254.75,7452
255.06,41620
253.2,19382
252.83,13517
252.41,7203
251.12,12805
249.53,27747
249.76,40545
255.17,9992
254.77,6395
255.08,4694
255.37,5428
255.31,33797
254.43,79586
246.32,19796
245.46,6942
245.86,9707
246.29,13953
247.56,5948
246.82,44031
245.47,15374
245.89,19564
246.14,11354
246.1,53925
246.28,51804
244.71,57606
248.92,23033
248.55,19762
248.33,18752
245.85,21986
243.78,31247
244.01,36721
248.78,20089
248.95,10589
246.28,7890
245.56,15126
245.21,25658
245.77,49859
251.96,48140
254.04,31378
255.38,21513
255.47,18008
256.22,27415
257.18,109389
252.83,32231
252.57,19324
253.46,19613
253.86,15670
251.66,12684
252.19,54109
255.32,16289
257.23,10139
255.35,7902
256.28,8154
255.24,10486
254.3,43663
258,14672
259.43,18163
259.96,11359
260.42,10693
260.2,8835
261.29,34641
264.1,16094
265.22,24809
265.33,11165
264.7,13777
264.24,12521
264.77,39634
263.26,23241
262.56,11056
263.98,5416
265.52,10492
265.29,5704
266.38,23427
264.2,17230
266.79,22678
266.25,7343
266.2,9192
266.8,7655
265.35,36268
262.46,5270
261.98,4326
260.91,5381
259.43,5031
260.47,13257
259.44,51833
258.21,9590
258.78,6567
259.35,5254
256.85,12978
259.56,6765
259.35,18840
257.54,17194
259.27,19276
260.79,13636
260.87,8604
260.66,10718
257.81,30629
259.45,9451
257.19,13860
257.88,4207
257.54,4845
257.35,28521
257.62,25265
249.22,36071
249.98,25096
257.11,15112
258.05,20657
259.58,15652
260.28,47783
258.91,20705
256.41,14062
254.85,6055
254.64,8332
254.1,5806
253.61,37311
256.92,14971
256.82,9418
257.51,19300
259.02,13376
259.4,6412
258.21,39382
264.03,17465
261.63,11357
259.94,10968
259.93,13023
261.5,14051
260.42,35563
254.23,43860
253.57,32728
254.14,21854
251.26,21445
250.65,20076
250.59,85505
250.92,18538
252.34,14508
251.31,21176
247.46,28247
245.78,27169
245.96,47218
248.91,26547
246.81,10471
249.1,16865
250.15,7694
251.05,10116
250.55,62715
256.49,19925
256.39,9545
257.54,11249
257.16,8728
257.77,9934
259.93,33810
264.45,13013
265.18,9553
266.48,7795
264.66,6211
264.59,3825
265.29,24740
262.16,25850
264.69,20566
266.81,11389
265.37,13229
266.35,10965
265.2,45944
265.31,29967
266.6,13251
267.61,12890
268.5,14592
267.07,13832
266.98,43435
268.32,18478
269.53,14278
270.14,7943
271.63,19758
271.85,9445
273.37,37861
269.22,37378
271.88,22637
272.38,16713
271.75,11900
271.92,21867
271.2,80448
272.68,21155
269.21,19552
269.69,11503
269.5,7748
270.36,10892
269.68,44597
269.57,46631
271.49,47941
270.7,12165
269.78,7464
269.95,72642
268.13,109266
257.1,30124
258.8,30262
257.09,28839
257.91,37927
257.12,23436
257.51,130879
260.72,59848
262.63,74327
255.61,37131
255.1,22551
254.09,13934
257.74,64940
258.97,21597
261.67,30605
261.76,32645
263.93,9195
264.42,9830
265.42,58098
264.24,24511
265.2,18762
266.51,11289
267.47,13753
265.03,15810
265.57,44202
264.76,21786
265.36,15031
266.09,20023
265.39,17609
262.89,8724
263.03,48014
282.01,68805
285.4,53111
284.17,26417
280.25,28527
282.7,16176
283.57,75813
288.09,54758
289.68,27098
284.88,21114
285.6,28951
288.37,21873
290.24,48588
288,59703
285.73,51258
283.73,29269
283.49,29132
284.74,26287
283.66,74375
280.42,80162
286.95,32718
287.26,17375
283.77,36377
282.31,42982
285.58,50549
284.89,67621
285.65,38644
288.31,19120
288.45,13456
287.5,25836
289.4,83136
283.17,24768
280.4,16963
282.74,18351
284.54,13037
284.29,9696
282.77,41732
286.91,29697
286.52,21242
285.19,9168
284.81,7575
285.03,13370
284.7,33701
289.93,42151
289.6,64277
288.41,26778
288.84,9292
289.92,27614
290.05,57672
296.15,70944
297.55,36594
298.15,15642
297.68,16086
297.9,12150
298.46,35285
299.04,30270
295.9,43914
294.66,19242
293.75,18040
295.07,21198
294.32,53403
299.31,37457
298.92,51470
300.67,59576
298.22,50276
296.92,16667
295.14,16311
293.95,15677
292.67,19176
292.37,56150
291.55,32168
291.92,20188
290.47,20102
290.78,11032
290.44,8069
289.77,49633
287.62,17284
287.65,10489
288.47,22524
288.63,24852
292.28,37620
294.56,95101
301.18,14742
300.86,15792
301.37,30170
302.53,8840
301.52,7050
301.79,31002
296.8,12241
299.05,11665
300.73,8399
300.4,7809
300.82,10448
302.02,38166
295.41,33733
296.81,21258
295.46,20449
296,21244
294.68,19731
295.11,49500
294.05,20185
293.32,18657
291.79,14923
292.35,34647
291,19574
290.91,65401
292.78,42830
296.15,29340
294.12,15986
296.32,13248
295.29,11108
294.55,33648
296.4,46349
298.22,31267
298.01,17242
297.21,11607
297.58,22741
296.61,40462
297.52,25003
297.92,16193
297.39,16930
296.58,11067
296.76,6845
296.54,37488
296.97,21912
297.27,15669
298.91,14124
300.13,23606
300.94,10618
300.74,46446
312.97,46290
308.83,36095
307.79,28924
304.19,22613
305.49,17142
305.92,43627
309.93,28449
311.74,34164
310.63,13435
309.48,8349
308.81,69744
306.11,49012
299.66,32176
299.61,32363
300.46,31974
299.71,32690
299.78,17580
301.44,61211
298.95,52353
296.88,33722
295.42,22508
294.66,16075
295.47,17009
296.85,73217
295.56,24859
293,11667
293.82,10939
294.1,19238
291.6,18908
291.52,48805
288.51,26859
290.5,11365
289.64,11174
290.62,13682
290.41,9425
289.66,25016
289.93,16946
293.26,7142
292.28,5393
292.56,6416
292.46,10469
293.28,39140
289.52,26151
289.03,13373
288.53,12480
287.19,15663
286.67,15347
289.41,38745
290.02,11253
289.97,9471
291.49,5776
291.95,3665
291.99,4889
293.22,15895
293.38,16560
294.59,10326
295.19,3242
294.58,5275
293.77,9421
293.86,14369
294.69,11437
292.72,11094
292.03,7270
292.12,5656
292.25,7607
291.7,27870
294.24,11454
295.56,9793
295.87,3376
295.09,1902
295.77,1843
295.07,10345
290.45,13129
289.76,9464
290.57,3028
290.28,7660
288.85,7373
288.75,20868
287.05,25278
289.82,15323
289.1,8486
289.23,23445
290.81,13270
290.85,33910
292.06,13552
294.14,19703
296,7781
295.42,9456
295.98,15816
294.05,28929
291.18,17699
289.65,18683
289.52,7297
288.96,15844
290.42,7487
290.98,26161
284.89,30178
289.64,16997
290.91,9745
288.61,9045
291.12,14354
292.59,47555
295.3,16914
295.73,14020
296.71,14764
296.25,13135
294.97,7114
292.89,43981
293.35,24179
291.04,11690
291.33,8473
291.09,6852
292.68,5565
293.1,31349
300.05,31618
299.55,14996
299.78,20038
300.42,11740
301.12,11072
302.3,37999
303.14,23512
302.8,12284
303.53,17621
304.26,9259
304.77,8933
303.94,30115
303.7,26410
305.6,22553
304.05,14048
303.01,9886
303.95,8927
303.5,51241
305.99,33586
304.85,13451
304.27,4535
303.02,17617
303.18,25144
302.65,40445
306.76,20388
304.16,12767
301.86,7577
300.77,16423
300.4,10719
299.35,44971
292.69,40811
288.68,45195
288.47,34548
288.35,39945
288.48,46696
288.7,73042
284.4,28525
285.04,13145
286.53,10821
287.07,14858
287.48,15248
288.52,57507
289.7,40977
290.38,19321
290.52,18584
291.12,17608
291.14,14823
289.13,39144
288.19,18924
291.6,10523
290.89,8481
290.78,11132
291.54,12215
292.56,22372
289.03,23806
288.5,11769
290.3,5071
289.52,10605
291.39,17543
292.66,21557
290.11,25156
289.79,25079
289.08,9400
290.37,7277
289.61,20286
288.93,58260
289.44,24547
289.18,7996
289.08,8832
290.86,15929
290.81,16501
292.02,46015
291.25,23032
291.51,13176
291.72,4354
291.05,5313
290.6,11249
290.01,43531
292.33,47667
295.58,21761
296.64,16678
296.62,20058
296.86,20606
296.29,68581
295.8,16249
292.89,8688
292.99,8214
293.5,11237
294.06,23868
299.41,63797
310.45,44058
312.96,49682
312.17,25421
312.78,12161
314.11,24931
310.79,29937
305.12,31229
305.64,28472
305.58,22231
304.89,18123
305.34,17726
304.87,48918
301.88,29939
303.32,11646
303.21,6896
303.19,10166
303.34,14047
303.02,21194
296.61,27559
296.14,20664
297.08,25171
300.81,25054
296.5,25836
299.29,44008
297.24,12603
296.12,11337
295.18,6759
295.8,6415
295.49,14754
295.58,30908
297.2,11368
296.35,7919
295.02,11507
292.85,18098
292.25,19502
291.88,58577
288.5,24251
290.07,12647
290,7564
290.75,8075
290.03,14378
290.85,48568
293.74,39684
294.79,55727
295.33,10805
295.83,9333
297.04,13791
296.69,30218
295.52,29568
293.82,25730
291.33,17529
291.59,24410
292.97,7996
293.32,46327
291.6,19169
293.74,12970
294.96,10211
293.32,24152
295.21,14121
294.27,42007
293.51,65772
294.29,12979
294.27,17348
296.77,26915
297.27,17483
297.59,64564
292.54,49258
290.81,36334
289.84,19255
290.32,24144
290.72,30025
292.59,78545
276.75,140063
277.92,33853
275.7,30753
274.95,44178
274.04,53279
273.95,122575
274.64,39238
275.13,19731
275.63,19115
275.62,27243
274.83,35979
272.17,53275
275.22,29225
272.48,21481
271.6,16505
271.93,17855
273.59,40589
274.38,49513
270.87,54739
272.28,24840
272.54,18650
273.17,11031
273.23,16062
274.51,41710
275.14,27778
273.79,16890
272.97,11685
273.25,11315
273.07,8418
272.72,42039
272.13,16796
273.43,14851
274.14,10708
274.49,7481
274.85,10987
273.35,44873
268.58,86259
267.87,44611
268.23,22067
268.06,15052
266.83,36796
266.13,58052
268.82,28372
268.2,24158
266.64,20809
268.17,12957
268.44,25251
269.3,54739
271.04,15242
272.41,19945
273.62,13897
273.29,10419
273.68,9520
274.29,45837
274.56,36866
275.48,27049
275.12,40423
274.37,17653
273.57,47588
274.01,38885
272.79,41702
269.88,21385
269.57,18570
269.29,15379
268.23,17433
267.64,46198
268.09,36876
268.56,35899
269.21,31899
268.29,24282
269.05,23559
269.41,76500
272.74,30564
272.19,21718
271.34,16583
271.6,12351
270.28,18646
268.98,50431
266.72,60137
269.6,57438
267.3,38184
265.28,25292
263.65,18597
267.33,64164
270.32,34892
268.6,25014
268.84,26295
266.63,25002
267.83,25846
267.97,72237
264.9,32832
265.36,15684
265.59,17357
264.84,10363
262.98,26272
261.96,60516
264.04,43701
263.62,23082
263.43,21362
262.91,20565
266.27,29667
266.81,56597
265.77,41616
266.53,43290
266.04,34263
265.67,22210
264.93,28921
265.45,77421
269.55,21840
267.26,17538
267.5,18971
268.42,14903
267.55,19742
266.92,43256
267.61,25533
268.26,16925
268.33,9983
268.13,5174
267,10215
266.8,28149
271.17,42271
270.22,29844
267.84,21068
268.34,14417
266.87,20152
267.71,40023
267.23,18361
268.53,13347
267.6,8593
267.28,7396
267.67,28001
267.51,67345
263.39,28849
263.4,19091
262.75,38716
262.43,37277
262.48,100619
261.23,205137
263.14,48923
261.87,22994
261.83,17575
262.44,14017
262.19,19401
263.09,33015
263.16,23451
262.21,14102
261.42,19393
262.44,22514
261.59,17240
262.21,48716
260.56,28355
260.62,35192
261.01,8840
260.87,26313
259.93,15739
260.16,41547
262.07,17642
261.02,13565
262.32,7332
261.8,8810
262.08,13620
262.52,34734
264.22,24668
264.05,21885
263.39,18069
264.19,7510
264.14,7546
264.47,33214
267.74,19737
268.26,20069
268.68,7865
269.99,8442
270.08,8850
270.98,81615
274.79,24003
275.26,19695
275.34,16394
275.13,18373
274.82,13848
275,46241
277.19,22183
275.76,11749
274.27,11844
273.3,13382
273.4,7927
273.45,33149
271.36,28584
269.33,23031
268.59,9789
268.44,13205
269.04,11309
268.75,60965
264.28,23862
266.18,4813
267.51,7773
268.23,7265
267.55,18918
266.98,33726
267.95,13808
269.14,6457
269.6,6158
270.84,38737
270.47,34146
270.41,44646
271.98,20444
270.9,11101
272.39,10455
272.88,11966
272.93,20995
273.41,23646
273.72,28527
271.7,30901
271.67,20816
271.74,10536
272.02,15112
270.52,41075
266.06,28296
267.57,13813
267.8,6497
269.71,21141
270.08,18956
271.02,27115
272.56,9833
271.53,8216
272.19,8020
271.27,4460
271.04,7365
271.06,24836
271.6,17736
271.87,18942
272.47,6802
272.32,7377
271.91,7384
272.88,14828
274.89,22315
276.17,17798
275.81,13505
276.55,10682
276.41,8879
276.6,30146
273.71,16455
275.96,7386
276.23,5310
275.93,6301
276.41,12633
275.58,28844
275.52,26309
276.92,16159
278.87,13456
278.64,10064
277.42,11917
276.96,26501
278.76,9774
278.49,75125
278.82,15087
278.38,8287
278.23,21111
278.12,38006
278.62,10587
278.41,13864
277.85,7023
278.07,15009
278.49,20223
278.83,27581
279.15,37840
279.7,50992
278.56,17836
277.66,19890
276.42,23649
275.75,54780
271.12,21259
269.52,14340
269.82,12310
269.28,10938
268.38,16580
266.77,63482
270.32,13316
270.24,14789
270.89,17253
270.83,9766
272.5,9064
273.2,26064
274.19,22220
274.16,18149
275.4,11894
276.98,13118
276.75,9371
277.21,40097
276.88,17411
276.96,12375
276.91,15907
277.33,12882
276.79,12999
275.89,48550
274.64,19179
270.9,17591
270.64,19473
271.25,18349
272.02,8244
272.59,40161
276.68,23644
275.12,20746
275.22,11307
275.57,10185
275.41,19237
275.75,66244
270.1,23210
267.24,35725
265.74,38561
265.8,27839
266.91,17420
265.28,108684
268.23,29460
265.88,16789
267,9405
267.02,3979
268.64,11989
268.67,26648
265.59,43220
264.9,21977
265.83,15471
265.12,17131
265.98,17517
266.69,34550
266.79,16849
267.89,10323
267.52,4168
267.75,6970
268.71,12693
268.87,30919
269.43,25541
267.34,12878
267.36,8809
266.3,5403
266.31,7498
267.55,21450
265,34112
266.08,26379
266.49,20098
265.8,12131
265.39,16579
265.99,34988
268.85,13059
268,12668
267.83,11139
266.96,13917
267.27,20961
268.1,80926
267.16,63564
267.22,24261
267.35,29805
267.93,11873
267.52,23639
266.77,81340
263.82,140402
263.54,127991
263.32,50693
263.75,34044
263.03,21803
263.39,73869
266.88,48854
270.23,23802
269.24,41543
272.32,27590
271.7,42799
270.05,73077
271.14,30638
272.79,27888
271.3,18180
271.11,27353
270.53,23490
271.79,69244
271.19,11024
271.7,16901
269.66,13062
270.27,4288
269.74,8477
270.36,27528
268.81,27673
267.97,14274
268.47,7366
269.18,9234
269.5,18243
270.27,39822
272.25,41102
275.22,18555
275.34,15277
274.02,34117
273.56,19091
273.87,44617
271.44,17746
269.67,11130
269.66,9943
269.98,4853
270.25,7357
269.78,31203
269.5,16791
268.24,18983
266.92,12803
266.33,15423
267.03,26692
265.63,49645
267.57,25946
268.79,17734
268.95,12217
268.83,13417
269.99,17787
270.74,51640
269.2,23769
268.84,25353
269.11,15184
268.53,17742
269.16,19214
270.38,74429
266.74,24775
263.75,14035
263.56,28862
264.93,14190
266.26,11541
266.9,51875
262.5,31752
267.2,16056
267.98,5640
269.24,6361
269.52,12590
269.3,28136
272.44,25545
273.59,14717
274.53,10577
274.49,9839
275.97,12732
276.05,49458
274.26,21726
274.21,15731
274.49,20661
274.24,11489
273.26,9480
273.23,28746
274.99,6880
276.09,8146
275.3,5101
275,6926
275.58,5213
276.5,33209
280.01,29769
279.99,15257
279.35,12992
280.35,16232
280.15,17177
280.78,40414
283.34,21135
283.59,17039
282.39,10769
282.3,9739
282.07,15536
281.56,34209
279.74,13536
278.77,4377
277.4,3936
277.87,10147
276.73,4843
277.31,32755
282.06,31139
280.34,18658
280.18,11760
281.4,11639
280.62,12566
280.48,47085
282.16,24033
280.12,21848
281.27,13090
281.11,14079
280.88,16510
280.1,44149
280.73,15929
280.98,5910
279.75,1298
279.51,2537
278.84,28289
278.76,72717
282.74,18661
281.57,16965
281.51,10708
281.57,5630
281.67,9215
283,28675
282.56,19118
283.03,8942
283.37,7162
284.35,14716
284.82,14122
282.88,61835
279.83,23225
280.54,11717
281.3,6789
282.47,13968
281.74,12755
281.94,31859
280.9,6851
282.32,5040
282.6,4998
281.88,9847
282.15,5405
282.45,22755
280.41,21535
281.8,15885
281.26,13222
281.02,8448
281.14,13858
280.91,30341
281.73,15445
281.28,9162
281.49,6729
281.81,4309
280.6,5778
280.08,43752
284.64,17316
284.02,13236
285.7,9546
286.57,24560
286.33,16174
287.54,68571
289.84,41944
292.42,29282
293.42,21110
293.04,18762
294.19,21240
294.27,37751
291.69,18341
288.45,12035
288.5,11812
286.87,8887
287.04,14536
286.87,45553
285.95,25626
285.19,11863
285.28,9087
286.47,6899
286.66,8096
287.27,26293
289.48,11081
289.02,6094
288.59,5850
289.45,5444
289.78,6084
290.55,32990
289.62,9566
289.92,7629
290.11,7194
290.84,19764
290.27,7676
290.04,6922
290.29,5148
290.24,7475
290.17,21670
285.71,34255
285.13,24609
283.72,11117
283.48,23016
283.24,25282
283.58,43501
282.87,5800
284.02,2647
284.05,10934
284.94,4809
284.41,5370
283.98,27310
287.89,8227
287.55,4238
286.89,2997
287.47,6683
288.57,8825
289.15,23856
291.4,15555
291.58,19342
292.47,15814
292.41,12496
292.66,12088
292.69,30719
297.04,25051
299.19,14804
298.98,11788
299.6,10184
297.89,16112
297.96,31981
295.88,18254
293.58,15937
293.7,6620
293.36,7240
293.85,7995
292.84,25779
293.91,11433
294.54,5724
294.57,3519
294.44,6865
294.94,7725
295.35,29286
295.7,12490
294.79,13747
295.89,9035
296.09,8833
295.44,11628
295.89,20129
295.1,20969
296.84,7626
295.89,7124
294.78,7229
295.36,6314
295.65,31808
298.17,27665
297.89,21783
297.57,14866
297.33,7192
297.47,12729
297.98,24770
298.67,11527
298.56,5561
298.56,3614
298.57,4326
298.02,3626
297.55,12422
299.62,7842
300,3431
299.68,5406
299.64,1245
299.21,2233
299.37,17971
300.94,12106
301.89,7394
302.66,4253
303.35,6538
303.63,7346
303.25,26811
304.42,10329
302.95,13926
304.41,8491
304.14,4911
303.78,5064
303.7,18811
305.29,9172
306.27,11260
307.06,6826
306.72,8531
306.16,30456
308.41,33383
311.08,9669
309.6,4451
309.29,6207
310.74,5228
309.06,28285
307.36,25797
309.29,8066
309.32,5328
309.43,10366
308.56,8688
308.46,8109
308.75,13990
310.45,9372
310.89,5529
310.48,4102
310.15,2507
310.15,3959
310.24,22549
312.41,11295
310.74,5017
310.38,7244
309.48,13675
309.45,12748
310.45,29569
308.14,25087
306.8,5943
307.02,8587
307.93,7117
307.04,8298
307.33,34663
307.12,12022
306.87,5121
308.68,12631
309.4,5029
309.05,4611
308.78,13642
306.13,13280
307.07,12573
305.83,11543
307.38,9545
305.61,31784
304.46,56453
305.98,18536
306.66,15898
306.01,2716
306.41,7973
307.1,4954
307.37,13372
302.53,15009
303.28,7709
304.16,4128
304.92,6078
305.25,19171
306.56,19912
306.74,6236
306.97,12917
305.8,8484
306.66,7075
307.67,13073
308.76,25020
310.2,31988
309.6,24767
309.1,21591
307.95,20323
308.01,6488
308.87,22391
307.41,16068
309.1,6991
309.13,11012
308.78,21359
308.03,5663
308.6,26339
307.23,29636
307.81,10809
308.75,17107
308.03,7960
307.99,8028
307.63,23499
311.54,26952
309.37,14834
308.34,7627
309.45,5593
309.85,5713
310.1,31271
313.07,14820
313.77,8203
313.46,6382
313.22,7038
313.04,10249
313.32,15930
312.21,15386
311.02,9852
309.83,7809
310.44,15631
308.56,10590
306.9,34988
304.89,10704
306.85,10194
306.04,5162
306.31,7341
306.22,7929
305.61,32097
305.51,21683
303.56,11891
302.54,11878
303.18,9524
302.56,13269
303.5,30105
301.99,17400
303.59,8571
302.9,4575
303.09,3745
302.68,4904
303.27,14471
303.4,11686
304.24,5315
304.42,3486
305.04,4513
304.91,7165
304.49,20797
306.99,8022
305.21,7103
304,5517
304.3,4259
303.81,5251
302.79,14500
303.4,5172
300.68,6133
300.83,7138
300.98,3014
300.67,4478
301.47,19985
303.56,7266
305.21,7652
305.1,4147
304.68,6789
303.72,5872
303.46,15888
306.26,6186
306.22,6647
307.07,3863
307.16,3003
306.77,4198
306.96,20537
309.66,2249
309.76,3440
310.45,1697
311.16,5132
310.47,3812
311.37,15731
311.83,3843
311.67,3685
311.47,3185
310.93,8541
311.06,2814
310.01,24862
312.05,9483
312.7,9612
311.67,6775
312.32,4777
312.52,4740
311.86,22586
308.39,18025
309.27,8629
308.87,2378
308.81,6079
308.55,5117
309.09,19654
308.24,5097
307.85,3631
306.93,1919
306.68,5268
307.47,11813
306.59,22152
306.97,14999
308.12,8049
308.67,5523
309.1,3217
309.92,8861
309.41,29511
307.35,18707
308.66,7542
309.07,2724
308.71,481
308.66,3911
308.15,9135
309.26,16635
308.73,15076
308.43,6412
308.9,5059
309.13,4551
308.83,18876
307.47,5350
307.08,4747
307.22,2244
307.76,4456
307.58,3308
306.89,11149
306.86,4065
306.78,7740
306.71,3074
307.24,3656
307.39,10936
306.58,16393
307.32,26569
307.67,11875
308.46,8246
309.16,3617
309.18,5751
310.16,22660
306.35,16174
305.56,13022
304.18,13596
303.26,6257
302.64,6569
302.81,34001
300.26,8058
298.64,7502
300.28,3213
300.36,7489
300.27,8827
298.77,34854
294.88,13439
294.47,3382
294.53,3750
294.3,4243
294.89,9012
294.43,16955
296.12,9935
295.86,8077
296.6,5432
296.12,2558
294.15,3639
294.05,19769
290.21,15678
290.11,3001
289.56,4146
288.93,6893
289.92,10879
289.18,17352
287.78,6907
288.49,5081
288.29,5510
288.27,7345
287.7,7602
287.79,12427
287.31,8306
287.15,9029
288.1,7275
288.09,6492
287.74,11152
287.28,30218
285.81,17423
285.98,4682
286.07,6790
285.25,12859
284.71,16054
284.19,18320
285.12,31555
283.76,16797
283.18,9309
283.18,13115
282.3,20055
283.39,20922
284.36,4988
284.4,13047
286.23,23518
285.89,4508
285.02,2270
285.57,13877
286.61,10056
285.31,10991
284.35,5005
282.82,7781
282.08,8222
283.52,23126
284.75,9488
284.16,9197
282.71,3354
281.57,5328
281.44,5677
280.62,17629
277.18,33111
275.03,11408
274.59,6165
275.01,4378
273.45,14951
273.44,20723
275.29,6373
273.1,4647
275.06,2335
274.09,905
273.35,5557
274.04,14442
273.1,10491
273.57,3783
274.19,604
274.11,2948
273.92,1696
274.79,24674
271.23,18218
271.73,25862
275.88,8714
274.26,4990
275.46,4326
276.31,10807
273.28,4760
272.73,5035
274.34,3480
274.57,4941
276.62,4875
277.36,19816
278.65,13651
280.35,22844
281.63,15297
282.31,9910
282.2,15859
281.44,41933
279.08,10171
279.56,5368
278.81,3869
279.2,13451
278.75,5422
279.6,12423
276.53,15037
274.95,12807
275.81,13307
276.01,9050
273.93,6160
274.8,14913
276.54,6181
274.61,4056
274.03,4877
274.46,4039
274.64,4169
273.95,10790
277.73,25932
280.16,34744
279.04,24955
279.44,14034
279.96,14467
279.7,30921
279.05,8341
277.69,6527
278.63,7717
278.16,3918
277.33,7007
277.03,14460
273.95,8894
272.81,6933
273.32,4749
273.3,3275
274.02,3775
272.97,17700
271.14,16990
269.97,9953
270.97,5772
273.44,5214
271.3,6985
270.25,29858
267.74,10079
267.97,13525
269.3,5068
269.21,5462
269.62,4174
269.51,20788
269.23,8364
270.26,5984
269.76,3456
269.94,4399
269.08,5235
269.16,16438
267.87,6771
268.41,4284
266.67,4590
265.38,8510
265.06,7349
266.41,36301
263.73,24103
263.98,12602
263.88,6425
263.64,5751
263.96,4747
263.97,24238
264.27,20136
265.96,9181
264.07,10120
263.28,4841
262.29,6548
263.57,15128
260.55,15971
261.73,6925
260.98,4595
260.59,3482
259.29,9025
257.94,23688
260.68,7378
261.34,11943
261.69,8320
262.39,6567
264.29,7065
264.68,20946
265.11,11317
266.74,9800
267.13,4659
267.12,8107
267.6,6041
268.18,34767
265.85,6488
268.18,6051
268.64,4641
267.44,4023
267.37,5080
267.86,31682
275.54,14272
275.52,5342
274.84,5481
275.62,5618
275.98,7959
276.14,43717
279.29,21683
277.51,6909
277.64,8504
277.9,9096
278.15,8275
279.24,24882
277.14,11385
276.75,6451
277.02,2899
276.29,5237
276.24,8521
276.12,14076
277.5,10514
277.31,9459
276.71,12340
276.88,8052
276.16,10526
276.14,19863
278.87,14454
278.51,7796
277.47,7743
276.79,12152
277.44,10729
277.56,25135
273.69,28145
273.56,9398
273.64,6385
273.31,13720
271.89,12583
271.1,29884
270.46,22639
269.88,10668
270.67,12928
272.81,7390
273.48,6860
273.22,18946
270.97,32141
271.52,27673
272.23,19016
271.02,24921
270.78,18983
270.51,42394
287.23,34786
288.15,47213
288.33,17492
287.95,21498
287.8,10062
287.63,55832
287.48,17374
287.93,11748
288.51,5889
288.75,11471
289.89,5205
290.09,32149
288.12,23811
287.04,16481
286.75,18399
287.85,12157
287.41,14221
287.31,36758
288.07,12808
287.83,4761
287.61,2263
288.07,2962
289,4470
288.41,21652
288.2,16481
288.74,17263
288.5,5910
289.95,3548
290.62,7386
290.92,31909
285.91,17744
286.9,11960
286.71,4951
287.36,5558
286.84,8293
286.87,37622
289.41,14895
289.66,11220
290.78,9280
290.21,10399
289.83,17176
290.42,43471
291.41,7372
292.32,4340
291.97,10566
291.88,17601
292.79,8511
293.06,4376
293.25,5363
293.67,7638
292.48,19955
292.15,17821
293.99,13446
295,11020
294.52,5786
293.92,12850
295.15,17445
296.71,19892
295.84,7657
296.02,6887
296,6328
295.88,5961
295.23,22777
294,8421
295.58,9990
295.27,5277
294.88,8347
294.77,7575
295.34,39023
298.19,9265
298.85,9257
300.94,7406
301.94,7613
301.75,10241
302.05,41577
306.47,14638
305.48,16171
306.79,8571
306.58,11627
306.76,7353
306.19,25075
304.25,12597
306.11,11347
305.58,5833
305.18,7145
305.53,12252
306.13,31021
309.66,12663
309.91,15200
309,5009
308.74,6029
309.39,4376
308.76,22847
307.94,22408
308.17,8461
308.5,8213
308.43,10206
309.27,7886
308.8,20906
308.42,9601
309.29,9320
309.08,8894
308.17,16626
308.88,12492
309.42,28535
312.15,17605
312.97,13643
313.31,8754
313.45,8477
313.6,8377
313.06,20266
314.15,10767
315.86,10394
315.58,5849
315.6,5291
315.84,7086
316.05,19016
315.51,12114
314.98,14367
314.06,6407
314.71,6518
315.81,39581
322.96,70329
331.99,37034
331.86,35917
332.43,25096
333.09,22471
332.23,24867
333.35,52031
328.63,26382
332.4,16562
334.26,9080
334.03,16368
333.47,18958
333.1,44457
333.27,27463
332.88,17692
333.29,11231
333.61,10821
332.52,9942
332.36,28373
333.26,11723
333.03,9682
332.39,4433
332.72,7360
333.53,9524
333.23,30998
332.68,14891
334.63,6902
334.5,4036
334.61,2779
334.57,6133
331.54,27770
331.24,13614
330.89,8529
329.64,11489
329.61,12978
329.43,5511
328.72,23301
332.24,7275
330.47,4499
330.01,1859
329.94,722
330.1,5998
329.88,13050
330.46,7190
329.95,3802
330.47,2480
330.72,1798
330.62,2961
330.76,8346
330.36,8799
330.16,5248
330.47,4131
330.26,6533
329.67,6852
329.68,18940
327.58,11219
327.59,9596
327.8,7295
328.49,11120
328.17,11809
328.72,35791
327.45,17236
326.86,13758
325.61,11927
325.67,11421
325.84,16280
326.24,55217
327.74,10125
327.27,5915
327.49,3370
327.12,4295
326.25,6150
325.43,17768
322.85,16007
320.31,14575
318.85,10374
321.09,9415
320.76,18297
321.1,23750
323.45,8599
322.45,9048
322.02,4001
321.65,3194
321.18,8081
321.17,22825
323.39,27895
323.8,11709
323.71,10679
323.02,10193
324.34,13316
323.21,30926
326.12,8416
327.23,11399
326.9,10998
326.68,12826
327.29,10277
328.43,27801
328.37,8424
327.74,6639
329.48,3560
330.02,6109
329.77,15525
327.91,25520
332.95,15448
333.71,7195
333.06,11616
333.85,11882
334.73,13592
336.58,36956
338.99,21019
335.17,16300
335.26,8646
335.87,8986
336.51,14577
337.65,46576
336.24,9704
334.64,2648
335.52,6434
336.34,2207
336.85,3031
336.37,13982
337.65,20380
339.67,15193
339.43,14247
338.52,5236
338.44,7978
338.21,20665
337.63,11516
338.05,7612
338.14,6648
336.78,8566
335.4,3195
335.85,14923
337.97,6772
337.68,3257
335.63,6106
335.38,8597
336.83,8142
337.8,13021
339.09,12704
338.43,8867
339.06,4505
340.42,5768
341.68,13026
343.25,23589
341.41,20804
339.62,15501
338.19,12427
337.04,6385
337.56,4607
337.48,30100
334.71,18984
333.54,16779
333.15,13315
332.04,6089
332.2,13830
332.06,20398
329.35,20213
330.61,8238
331.46,12402
330.56,12135
329.33,13854
329.01,26768
331.7,21566
331.19,13685
331.31,9714
330.92,9687
331.52,14512
331.7,28096
334.66,13298
335.43,5005
336.35,12669
335.21,35013
335.32,23689
335.74,60098
336.48,35888
335.55,31712
334.91,22947
335.31,7486
334.2,6211
334.27,27176
337.36,12065
337.9,16299
338.83,4246
338.92,3571
338.89,3393
339.29,13439
337.83,8889
339.11,6570
338.71,5352
339.14,6033
339.34,20246
335.05,38908
334.25,11191
334.09,9747
337.21,9767
339.26,8263
338.82,6732
340,22526
333.93,13701
333.8,8141
335.57,5280
336.08,6948
338.67,10411
339.26,21034
334.88,13170
332.6,10369
332.79,7649
334.91,6900
335.48,7227
336.63,18343
337.77,8537
336.86,12108
335.91,9227
335.9,11175
335.99,4608
336.75,11434
339.8,9931
342.14,11295
342.74,18935
343.1,8617
343.28,15935
343.79,27449
344.77,12358
344.1,7737
343.21,8194
342.7,3710
343.17,4197
343.75,22811
342.93,14914
342.87,7918
341.78,10716
342.95,4724
343.09,3917
343.97,15225
346.81,32666
347.86,26598
347.81,6142
347.51,5596
347.54,11444
346.58,32135
334.98,12427
337.33,7845
339.02,2418
339.58,3390
338.58,15449
336.59,11342
336.11,14563
336.84,14527
336.99,11778
338.36,9506
338.61,10897
338.24,25332
338.55,20046
339.78,11628
340.37,10521
340.19,9324
341.18,13005
341.53,31011
340.52,21187
342.2,13424
344.21,15507
342.91,14526
343.55,8513
342.37,37267
338.53,36850
344.63,22689
341.98,13475
341.84,16158
343.29,17276
344.66,39194
341.77,6815
344.59,10695
342.3,6653
343.7,6525
343.17,7160
342.56,21204
349.53,13046
348,18410
348.59,9673
348.82,16126
351.15,15476
351.09,36290
352.95,11444
352.12,6084
351.67,3634
351.52,5505
351.16,7719
350.85,16436
353.17,9802
352.9,6527
351.52,3149
351.86,4088
351.83,7054
351.5,13942
355.15,12932
355.26,9553
353.72,9742
354.14,20752
353.3,17780
353.5,22148
355.49,14509
357.74,19902
358.88,11188
356.73,6003
357.32,5901
356.97,9109
360.16,26626
358.7,13267
358.39,5606
359.39,7906
360.58,12635
359.89,34437
360.51,18187
363.52,13762
362.82,5269
362.91,4030
362.72,19897
363.44,25655
362.96,14483
361.23,17214
360.6,8324
362.05,3832
361.16,5831
361.6,15623
358.7,10263
359.33,5900
359.49,13122
359.18,8128
358.87,10532
357.28,27696
359.26,13192
359.22,5083
360.28,3626
358.93,5526
358.3,11255
358.47,22915
360.75,8544
361.16,6384
359.31,9115
359.8,9461
360.16,9687
358.35,15184
358.06,11574
357.86,8410
357.15,5812
355.54,13341
354.74,7642
356.22,26843
353.85,43368
352.6,14623
353.03,20064
352.65,13695
353.08,13630
352.85,30008
355.36,28037
357.06,8087
356.45,6575
356.37,6929
356.98,4466
357.47,15260
360.27,9418
361.53,11718
363.17,11928
363.54,5923
363.39,5950
361.44,15864
356.43,20060
356.87,20176
357.25,8014
356.64,9755
357.2,15670
355.61,54856
358.3,32970
357.28,18338
356.12,10892
354.72,9124
355.64,6799
354.85,22602
355,27681
355.28,18503
355,8448
354.87,9976
354.77,11620
354.71,35411
357.04,25917
358.79,14342
358.59,10054
360.07,9081
359.47,9393
359.23,16293
360.29,5010
361.68,7666
361.78,3532
361.99,5850
361.98,15638
365.28,33421
373.63,25785
376.55,24189
375.55,8140
375.66,11205
375.82,8562
375.26,23225
375.87,7886
372.75,8354
373.05,5635
373.18,3559
373.52,4469
372.95,14289
370.55,14772
368.76,10392
367.78,10521
367.06,4947
366.61,6219
365.64,30754
364.13,16271
364.71,11882
363.51,14959
363.52,7974
363.25,7887
363.04,30565
365.82,11164
366.2,5431
365.59,2186
365.66,5300
366.01,15577
365.19,22385
364.7,46331
362.48,20468
364.42,18096
365.77,14205
364.51,10833
365.49,27869
360.33,29078
357.87,16222
354.72,25403
353.39,28564
352.77,17416
351.43,104117
347.08,63504
348.35,14992
347.31,13380
347.1,7893
345.87,13771
345.73,34678
343.03,64881
343.68,29873
343.89,13670
343.69,24519
343.87,26152
343.4,138685
344.62,37469
345.37,33253
344.8,8788
344.51,8740
343.95,19033
340.48,59995
339.71,24807
341.63,34650
340.8,16702
340.71,15628
340.38,30801
340.84,41557
343.7,35690
343.71,21674
343.12,22924
343.91,16763
344.29,18977
344.51,31597
344.7,21098
342.51,19524
342.74,27451
343.49,20001
343.84,17341
342.9,48098
335.33,54573
335.39,9297
334.01,13129
334.08,24446
333.74,18149
332.05,72800
332.21,36262
329.28,20534
332.28,6459
331.59,12595
332.05,18574
331.49,48482
327.38,18347
327.84,23001
327.53,11268
327.11,6857
326.48,16679
326.07,50183
326.85,18971
324.34,28106
324.85,15969
323.48,13463
322.13,10792
321.95,47593
320.03,32979
319.37,18789
319.87,14388
318.81,15103
318.21,29370
318.42,70557
318.93,21578
317.86,12142
316.95,16286
316.39,24274
318.33,26475
318.14,38912
319.06,11500
319.6,12118
318.8,9837
317.3,13430
316.59,16450
315.73,50137
318.89,12212
317.82,9321
317.2,12968
318.44,5926
318.35,7028
317.41,28532
319.77,8097
318.21,7195
319.08,4149
319.53,2691
321.23,4984
321.04,23730
320.59,17043
321.66,12688
322.16,11055
322.34,4688
323.19,7312
323.16,37365
319.65,12377
317.63,17632
316.73,14817
316.29,17688
316.91,9060
316.4,44843
311.95,23004
314.72,16083
315.39,8338
316.03,4411
316.59,5028
316.09,23145
318.04,14445
318.52,8396
317.71,3740
317.91,12789
318.48,3795
318.38,15206
319.3,11101
318.29,3548
319.35,2972
319.84,2665
319.56,7495
319.99,22439
317.48,12407
319.23,11768
317.95,15075
317.41,9798
318.27,15028
317.86,26591
314.55,14340
315.3,7992
314.71,5020
315.14,9559
315.43,42125
318.01,47558
316.05,15347
316.88,12891
316.72,6782
316.51,5065
317.51,10094
318.65,45024
329.42,43533
324.94,10987
324.97,5131
324.5,7704
324.92,9661
324.96,26760
326.02,22438
326.2,20555
324.9,6941
324.76,9264
325.6,18762
325.71,36194
328.53,12766
326.19,16916
325.01,12289
325.3,6457
324.5,8481
324.27,17093
323.4,14381
322.77,7862
323.41,7172
322.47,5697
322.94,8202
322.04,29312
327.11,12486
328.01,9060
327.93,10056
328.44,9958
329.37,11957
329.77,20556
331.95,19280
330.94,12969
329.4,6368
328.87,6216
328.22,11066
328.81,22869
328.47,16143
328.43,13812
328.04,7380
325.99,8423
324.84,7729
324.53,22656
324.58,25512
322.57,18846
321.35,10029
321.51,12494
322.51,21913
324.22,39943
329.52,23965
330.88,11636
331.46,11060
332.48,10518
332.43,10205
332.06,26249
327.89,14372
329.13,5646
328.37,6619
328.47,7719
327.21,12424
327.04,13302
325.13,18293
325.85,8122
325.02,7948
324.74,8471
325.61,19342
326.02,13716
323.89,8353
323.67,8875
323.38,6292
322.65,6540
321.85,3909
321.8,19859
318.21,14776
318.44,16305
317.57,11696
317.16,11076
317.58,13620
317.76,36684
317.2,14672
316.95,7680
316.45,8501
317.04,13126
314.65,6059
313.79,27088
312.04,6194
312.42,9774
312.21,2431
311.95,2929
311.22,5879
311.3,14852
310.63,6110
310.38,5598
310.48,2316
310.26,2952
309.89,962
309.39,12308
313,25654
313.03,12357
312.48,9527
312.29,11350
312.26,16457
312.29,28695
309.39,28146
308.47,18855
309.26,12764
310.05,8153
309.56,13752
309.41,22583
313.62,9835
314.25,7093
314.65,5748
315.45,6328
315.98,5850
315.16,33051
315.18,20932
315.45,9343
315.9,5497
316.05,5133
316.86,9042
317.28,27502
316.85,11225
316.28,4619
314.95,2665
313.58,7535
314.97,4180
315.28,18207
314.59,12609
314.59,7273
313.31,9236
313.45,3728
314.06,4414
315.08,21015
312.66,16511
313.9,10512
316.45,7348
315.48,6245
315.33,4721
316.32,15055
317.51,7131
315.74,5075
315.91,9328
316.42,5982
317.19,22661
317.84,27355
311.76,9865
312.93,5406
313.35,6133
313.88,19701
314.25,17964
314.13,13473
316.77,8792
315.37,11389
316.12,4213
316.66,3780
317.39,4644
318.15,18137
317.26,17738
319.82,5317
320.06,1860
319.85,1991
319.99,4591
321.94,20909
330.47,30830
332.63,16614
331.63,13723
330.93,12224
328.79,21896
330.96,46959
329.37,17847
330.41,14676
330.37,6699
330.9,9895
332.43,8611
333.28,24381
330.23,12801
328.82,9769
329.81,5322
330.78,10391
330.82,12716
330.76,23707
330.55,16371
332.2,7538
333.09,11152
333.85,7170
334.85,12765
335.38,17803
338.89,25345
338.67,12041
339.7,7014
337.91,7318
338.79,6544
339.78,18946
339.53,12876
337.56,5831
335.59,3438
336.77,6422
338.82,4745
339.07,17943
338.64,13367
340.37,6509
339.6,9764
339.93,5741
339.42,6141
339.9,16165
341.02,16056
340.37,19603
336.6,8606
337.47,8402
337.32,9516
337.94,22277
324.1,44232
323.98,14949
322.71,20247
322.06,14517
322.34,16102
323.67,45373
324.51,12590
325.68,11503
327.22,7373
327.67,8419
327.39,10088
327.88,27179
329.06,11486
327.57,9265
327.63,7550
327.03,8008
326.45,6750
325.44,24100
327.73,8160
328.57,14428
329.32,5502
329.67,4244
329.18,5411
328.24,23964
328.65,19684
323.87,11823
322.92,10620
322.31,8981
322.72,11298
322.29,28110
321.18,12575
319.67,10887
319.98,11498
319.54,5527
319.54,6130
321.2,22720
322.42,14454
322.21,7332
320.77,15515
319.33,14890
321.14,5465
320.5,3046
320.67,1896
320.73,2325
321.45,10623
323.7,29487
326.38,5215
323.19,5758
324.31,4187
325.18,1924
324.82,20791
323.99,6767
323.43,7525
323.26,4349
324.58,4941
322.77,3454
322.22,5991
325.87,4460
324.67,13722
325.07,4464
326.71,6200
327.63,14434
327.91,16021
334.76,18687
338.23,11426
336.9,10323
337.46,6235
337.87,8986
338.18,40713
345.26,29052
345.95,17939
346.28,13461
346.53,24565
348.06,25174
347.78,33202
341.16,14403
342.68,17217
345.47,8939
343.3,4940
342.7,12260
345.12,23355
349.52,10975
349.51,11896
350.66,9923
352.7,8761
352.51,10240
353.08,22178
353.34,28823
353.99,19262
356.84,19215
358.66,11107
357.89,16387
357.99,20421
359.22,13403
356.6,4921
355.54,4966
355.08,2261
354.57,5254
351.61,12693
350.6,4112
348.72,7225
347.74,4802
347.53,8302
347.93,3337
347.77,15724
348.82,11957
349.19,8856
348.22,21791
347.6,8735
347.29,7282
348.21,15267
347.81,27003
346.31,11217
346.14,17303
345.54,14585
347.47,13036
346.96,20020
341.07,13968
341.47,16498
341.04,17129
339.29,14231
339.11,10692
337.71,20580
339.06,19941
339.29,15536
341.67,12636
342.53,9443
341.6,8280
340.11,20100
345.42,16307
344.36,7759
345.69,6150
346.1,5253
344.24,4566
343.79,18157
345.96,10290
345.23,3501
346.44,4020
346.08,3263
345.74,4449
346.33,28029
346.9,16450
345.81,7342
344.64,11573
345.62,10419
348.05,6408
347.04,34368
349.04,19843
350.55,18917
353.16,15754
352.65,11675
351.51,22710
356.17,69116
352.38,24419
346.41,15280
346.43,12338
344.43,7759
342.64,10768
339.4,41056
338.29,40157
334.43,21326
334.65,7454
335.72,10421
335.99,6043
337.94,35090
335.27,21997
334.38,42669
337.38,20466
336.26,6765
335.76,6533
335.6,30843
336.62,17585
341.2,11620
339.69,6597
341.04,3480
341.84,4525
341.85,23752
340.66,37141
337.06,8994
335.62,13004
332.71,13011
331.44,12412
329,30086
330.7,17608
331.55,12243
332.29,8553
331.78,6697
332.87,13592
333.11,29725
332.21,12296
335.72,7584
335.71,7658
335.47,9458
334.61,19886
335.16,22567
329.15,44628
333.18,15209
332.6,12207
331.29,11932
331.45,13658
330.98,39317
331.55,30431
331.52,19253
334.95,16145
336.55,22003
335.62,21167
337.59,30502
339.61,39640
340.77,40001
343,30642
342.31,32890
344.16,25536
344.31,39914
344.33,12321
344.95,5205
343.51,4447
344.35,5534
344.47,7097
344.7,58515
347.17,19317
345.67,10108
346.89,8267
347.77,4666
347.71,11176
348.03,24995
347.59,13324
347.84,12191
347.79,14186
349.22,37417
349.19,38970
349,49885
348.78,43697
348.3,17074
350.42,15844
350.21,9210
350.66,12924
351.36,46696
356.04,23903
354.69,16679
354.09,12357
354.78,20311
355.45,19048
355.4,39667
352.55,15350
353.52,12713
353.04,7629
352.2,13865
350.09,15268
351.03,40749
351.34,35115
355.88,16126
357.48,13301
356.77,11388
358,5388
358.13,39205
361.67,15783
361.1,12966
359.51,8779
360.83,5353
359.19,7400
359.6,37802
356.39,16153
357.4,7811
356.67,5479
357.25,5931
357.45,5098
357.58,15134
358.48,16250
358.98,11307
356.59,9122
357.31,2986
354.87,4647
357.4,33310
355.3,21133
355.23,10588
355.85,8174
355.95,9758
356.28,8278
355.02,29416
355.58,13297
353.62,16792
353.25,4639
353.37,5382
352.53,8069
353.14,52005
355.1,11440
354,10497
354.03,6667
351.78,7893
352.42,4894
351.98,26763
352.06,28205
350.71,12111
348.64,11093
347.59,11849
349.35,7778
348.94,33109
347.65,11872
347.17,8486
345.87,5230
347,5956
348.16,10367
348.16,28558
350.42,15612
348.18,9794
347.09,4654
348.22,6038
348.48,5192
348.24,27049
349.22,17713
350.88,11933
352.51,11355
351.77,4567
350.91,4680
351.2,18493
352.62,5897
354.12,7392
354.49,5149
355.47,6745
356.43,10727
357.37,22736
350.36,21241
351.12,8956
351.39,9812
353.88,6717
355.1,7017
355.41,21520
358.79,10388
358.25,7194
358.26,3873
359.42,3451
361.07,5147
360.18,24171
365.01,16253
366.73,13331
368.02,4738
367.61,5411
366.31,6125
366.47,29939
369.23,21418
367.55,13863
366.64,5193
367.01,13556
368,14195
368.26,27050
370.6,19651
373.63,10030
370.74,23420
368.91,11469
370.62,4442
370.01,39781
367.67,28004
368.25,12623
369.39,5632
368.92,8553
369.43,46071
373.35,43892
376.48,32248
374.87,7356
374.4,6998
374.57,10818
376.45,14981
376.57,42220
374.97,13684
375.25,7973
375.37,8926
377.23,6540
376.96,8010
375.95,36821
374.38,11081
374.53,6993
376.05,3766
376.75,4628
377.04,4893
377.93,17224
382.1,29936
384.95,18805
382.22,15145
382.97,20780
382.86,9173
383.58,41108
384.24,17680
383.25,8663
381.68,4384
382.52,3309
382.65,12125
383.48,18216
382.85,24431
383.22,11136
383.35,3243
383.84,5867
384.24,3555
383.95,14731
386.17,17149
387.87,13397
387.23,18288
385.78,13092
385.63,8572
385.55,22882
386.26,19664
388.25,10114
388.68,8908
389.05,15380
389.34,22971
387.05,46688
388.57,15864
389.41,7628
390.34,10135
391,15596
393.6,21821
394.42,42958
393.4,17709
393.91,17280
394.06,15765
394.59,14426
395.03,12560
394.75,71038
394.12,27244
394.22,15647
397,15606
395.36,19783
395.78,13062
395.58,40606
392.64,50757
389.95,15215
392.18,9518
392.22,9419
391.52,14160
391.44,43187
391.8,18679
392.62,24884
391.96,17580
394.44,7338
393.44,25051
392.52,28483
397.06,24867
396.43,16481
399.04,9100
399.25,15617
398.97,18036
399.82,31799
402.27,35885
396.49,14128
398.13,22435
399.94,8880
400.01,11660
399.76,34022
398.46,8908
395.24,10096
398.01,6478
397.36,9269
396.61,10369
395.51,27127
394.84,11125
395.98,8452
397.19,9048
397.25,10696
395.95,10935
396.3,30140
397.98,9036
399.16,8531
399.59,1900
399.52,6419
399.64,8849
400.87,24643
402.9,25546
404.22,17873
404.25,12544
403.06,9284
401.47,7181
401.29,31452
401.24,20492
401.02,10798
401.49,9358
401.27,10791
401.68,18569
403.15,33024
402.52,19657
401.08,16009
400.98,10200
402.01,6792
401.16,8184
400.22,28920
398.96,8512
399.27,8150
399.65,7919
400.28,5128
400.15,3874
399.83,32938
399.64,17944
395.19,13573
393.76,11335
392.56,12004
390.97,11133
390.48,33138
383.21,21898
384.82,15673
384.87,12224
386.5,7977
387.57,10404
386.88,34646
388.87,5952
386.83,5979
386.54,7267
385.39,6527
384.05,18239
383.88,21900
386.08,8754
386.36,5179
384.82,9126
386.73,20119
387.32,13926
388.55,41357
386.74,6462
386.94,5502
385.95,2759
385.98,6103
384.24,7526
384.91,34971
389.67,9187
389.86,3841
388.41,3541
388.11,2362
388.77,8664
388.43,19587
379.84,21866
381.53,14270
381.41,14043
382.63,9166
381.51,8040
381.96,25817
382.35,10078
381.51,15670
381.51,11917
380.13,8694
379.58,10626
378.97,37669
379.26,11235
378.97,4040
378.9,12337
379.89,5943
379.5,6600
380.15,14154
381.81,13638
382.88,11135
381.68,16205
380.23,12850
379.16,17416
378.72,30274
385.54,12131
382.77,11157
380.43,11187
381.62,10428
380.65,8731
381.15,20796
383.4,9752
382.57,14426
382.95,9349
383.93,10385
384.24,20611
384.03,28374
375.91,43869
368.46,55713
369.73,19564
371.41,17412
373.8,16670
374.53,51779
382.13,14440
382.98,12135
382.4,6421
382.92,3909
383.1,24385
384.23,25003
389.3,22085
388,34891
390.03,7480
390.24,12875
390.66,9125
390.95,29793
393.96,15683
396.29,24285
396.11,9575
395.18,13063
394.43,19973
395.41,65834
397.21,51948
392.07,23329
390.77,17515
389.75,20840
391.14,15604
392.35,46096
395.23,11040
395.74,8127
395.29,3671
395.46,12203
394.52,9852
393.62,30965
392.64,10155
395.08,6430
394.19,4349
394.42,12190
393.84,12866
393.01,31634
391.32,13352
390.91,7280
391.63,8409
392.61,9831
392.62,14684
392.69,39103
393.65,16933
396.68,9884
396.58,6152
396.18,7383
394.91,5768
394.62,20299
388.1,18370
393.29,14550
393.87,6219
393.62,5183
393.62,4247
392.43,11698
387.59,26387
389.03,27468
388.03,48953
387.03,37025
386.51,33101
386.45,87355
390.8,15170
392.73,14796
391.42,7625
393.41,6322
393.09,36738
395.39,32056
400.79,19501
402.25,18940
402.29,21090
402.38,9346
401.71,8590
401.65,58325
413.06,21728
414.54,28830
410.23,14326
411.43,7301
412.74,12219
411.91,28493
411.34,10591
410.5,3555
410.17,10104
411.46,8439
413.21,8568
413.25,28787
414.69,15107
415.5,9608
414.96,5602
414.44,3432
414.57,4199
413.84,8864
415.32,7394
415.47,9456
416.78,28436
413.06,28879
414.21,9679
414.5,4890
413.87,7579
414.32,13980
415.3,18916
412.21,5475
411.31,5968
410.77,4141
413.81,8636
414.58,6071
415.36,18946
414.97,10923
412.83,3066
414.38,2847
413.71,4381
413.75,5658
414.93,12477
415.51,12962
415.4,8274
414.64,5659
414.64,6683
414.44,14095
413.78,36251
420.39,25701
421.23,22456
418.77,12167
417.66,8711
417.39,5227
417.77,43770
416.41,19751
417.78,6325
418.53,11511
418.06,6098
417.74,10053
416.92,28290
411.97,20034
411.74,22946
411.58,8741
412.64,12665
411.6,20777
410.36,71393
413.58,16272
411.03,8287
412.09,5028
411.82,11579
410.27,11187
410.97,14508
406.34,24728
402.37,16286
400.68,14387
401.67,20330
402.19,7080
400.83,44859
402.23,17083
403.96,21474
405.14,17337
403.34,9770
404.01,4900
404.23,23417
403.99,15299
402.85,13123
402.03,11140
401.32,4824
400.7,11516
400.41,37499
396.83,21037
396.52,14005
396.91,8890
394.95,15403
395.78,11032
394.53,62395
394.62,14565
396.83,10601
396.83,6896
396.74,9996
396.49,49756
385.75,61702
379.76,32910
377.37,9631
378.11,9467
377.5,23901
377.67,18738
375.04,50371
373.84,26057
376.29,9330
379.46,9727
380.42,19854
379.55,8486
379.3,38622
376.54,3559
379.44,2835
380.86,2882
380.87,9369
381.16,2282
380.99,5305
382.14,1216
381.88,828
382.78,2058
383.18,11153
383,10887
381.06,10407
380.31,10114
380.54,5001
380.96,4842
381.4,15378
374.98,10576
376.78,7833
378.06,8799
378.35,9014
378.7,11691
378.65,20855
378.68,5091
377.16,3720
375.96,3721
376.96,4363
376.07,5380
377.04,22296
379.98,9643
378.6,8823
377.76,9110
375.35,11757
375.55,10339
376.01,16669
375.08,8424
374.91,4674
376.19,5584
376.97,4403
377.16,3941
376.94,11342
380.2,16409
380.49,20333
381.58,8295
380.23,11386
377.9,24736
377.16,46712
379.47,16152
376.23,9390
373.67,7038
372.99,5179
373.89,9140
373.02,34744
369.44,10425
372.49,13084
375,12056
373.81,8238
372.54,13780
373.77,23150
375.91,43571
379.5,23214
378.22,15759
378.07,23835
379.41,18408
378.33,41871
383.48,29868
377.85,16951
376.08,11184
376.23,12495
376.75,12019
377.57,26866
379.6,19800
381.32,15163
377.82,15753
378.97,24227
380.44,19339
379.66,30726
393.89,45019
391.94,17296
390.09,13564
390.72,10773
391.54,10482
393.91,36061
391.93,22161
395.35,15163
395.96,4894
395.67,11960
395.37,10999
396.46,23085
397.57,13762
398.58,12405
398.96,1790
397.88,6818
397.35,6333
396.5,21252
403.67,17826
406.88,7998
405.24,8616
405.38,17191
404.41,7825
404.72,33490
400.78,11953
400.5,6348
399.06,9424
397.69,10867
396.9,9871
397.73,53256
397.65,15192
398.7,12662
399.47,16606
400.37,12480
400.18,20113
400.53,54790
399.57,7243
400.8,3866
401.62,5774
401.71,6394
401.26,2658
401.5,21801
405.26,26164
405.37,18777
407.3,18844
410.22,19436
410.83,25487
411.91,35454
407.6,13446
407.6,9403
405.57,7005
405.6,4146
404.67,9030
405.67,27926
404.59,7702
403.98,7473
404.03,12534
404.56,12670
402.65,20614
400.5,35664
402.54,15776
402.73,19019
403.29,7980
403.1,13960
403.31,9113
403.19,53440
401.73,11185
401.17,6858
400.55,5791
400.69,6825
399.32,6900
398.6,28320
390.54,30775
397.08,15102
396.94,8577
396.8,9711
398.33,10770
398.23,28757
395,11874
396.7,6803
396.95,4980
397.83,4311
397.11,6441
398.48,15195
396.1,15293
398.76,10203
399.9,8515
400.17,9445
400.6,6170
401.53,16905
402.95,5520
402.8,3953
402.11,2236
402.01,2382
401.48,4372
400.76,16658
400.7,11694
394.79,11438
394.94,4445
395.45,5228
395.71,13301
394.81,27016
397.28,9825
400.5,10373
400.32,5642
400.5,7901
400.89,2685
401.63,30802
402.23,5741
403.34,6122
401.85,5310
400.96,1696
401.45,3749
402.24,13501
392.43,14233
393.63,9476
395.52,4559
395.42,5493
393.58,10636
392.77,34125
395.71,19567
397.71,12500
398,6540
396.95,10119
397.86,15844
399.24,37903
403.01,25793
398.6,16623
398.89,11645
397.78,6170
397.48,15152
396.58,29617
392.65,9337
393.08,17120
390.32,13323
389.74,11130
389.11,9843
388.31,34796
385.32,38316
383.25,24623
381.75,16395
382.03,12447
382.5,10161
382.9,34530
380.63,17835
380.28,9120
379.21,16048
380.26,4644
380.99,7537
381.13,27260
380.95,10562
378.68,7731
378.42,16220
375.38,20690
374.68,27331
373.39,58884
369.96,27349
370.78,17544
371.46,21220
372.83,23993
372.08,13231
370.95,52836
381.34,49081
384.12,23778
384.32,47665
388.05,21729
384.78,20822
382.12,41292
379.72,42764
383.99,22617
383.53,20362
382.28,13478
378.71,13586
378.74,27409
380.91,25987
382.17,10859
379.93,12545
380.93,10607
381.22,16499
379.06,19953
382.43,15562
381.39,11866
380.97,6696
379.22,7464
379.5,11267
380.86,28613
383.94,13757
381.53,8265
381.29,11480
381,11609
379.53,6200
377.77,34362
370.86,16773
368.38,18457
368.51,9461
369.98,6898
373.01,11985
373.61,21205
371.03,22152
371.13,12709
372.38,6537
373.07,9747
373.18,9834
374.09,43095
370.9,16718
375.14,11684
372.85,10521
372.87,12839
372.63,15307
370.5,37231
362.84,34121
359.96,21159
358.54,26225
361.16,19225
363.28,18409
363.56,71344
359.54,21910
355.51,14267
356.83,11988
354.89,23165
356.32,11455
358.64,43115
354.08,13255
351.97,13416
352.53,10779
354.32,11781
353.76,11295
354.85,33362
346.32,25519
343.43,46020
340.14,28565
340.52,59752
338.56,28091
339.13,100604
338.06,83238
340.1,31100
339.42,24345
339.63,21115
340.45,18730
341.37,45859
344.01,21608
345.46,5008
345.22,8380
344.99,12217
344.72,13703
345.19,45213
343.61,13593
342.51,12186
339.52,5558
340.41,5763
341.5,7686
340.74,21608
342.8,14842
344.52,16033
344.25,7992
343.06,4316
341.69,13608
343.95,25808
347.77,19096
352.1,8556
350.28,7810
348.31,8188
346.76,8242
346.78,21783
340.13,11123
343.06,13831
341.46,7409
343.88,9886
344.13,8800
343.37,29300
351.16,23119
352.31,9227
353.43,6346
352.2,8695
351.75,4647
352.52,27158
352.68,11909
354.29,7922
353.35,6790
352.99,4996
352.35,10579
351.5,23230
353.83,26359
354.61,14954
352.32,6458
353.53,9192
353.64,19354
352.76,22627
355.13,18392
354.56,9457
353.6,5113
353.16,10390
353.21,13507
354.05,27168
348.33,8078
347.63,19422
349.25,17314
349.17,12007
350.02,9126
349.65,24694
351.35,33670
353.74,11277
354.41,13264
354.77,4748
354.83,18079
356.78,45176
353.89,16639
356.51,11757
357.99,11738
356.88,20873
356.2,17185
355.42,53958
355.98,35914
358.59,14306
359.54,9116
361.19,16901
361.86,34718
360.83,47870
343.93,72748
347.83,39085
348.64,15469
348.47,16750
348.3,24001
347.45,41694
349.33,35038
343.52,55747
352.25,28204
349.51,18772
351.66,22877
347.69,50493
331.53,40083
335.55,28448
330.19,17743
328.21,27770
334.93,20710
332.81,50822
342.39,27064
339.38,13226
337.75,9654
333.19,12848
332.61,24168
327.97,39490
322.29,35206
321.78,23664
320.97,19624
323.39,45113
344.29,32038
339.15,43022
341.31,17887
339.94,10806
337.47,11009
337.02,19750
340.4,12669
343.58,41343
341.86,16475
338.48,8833
339.32,10267
341.21,11570
343.3,10787
342.53,35392
346.93,7643
348.79,10597
346.25,3401
346.46,8686
348.28,6162
349.47,33606
350.84,16247
349.5,10517
348.78,5638
347.28,7569
345.67,10298
345.57,30523
341.99,4679
343.01,8927
340.36,3671
341.62,4365
338.26,5728
336.37,31083
344.19,7631
344.37,9696
346.31,3420
348.45,2120
348.01,6487
347.51,40420
341.63,8305
337.73,8996
335.17,21927
335.57,8101
334.9,9674
334.78,26356
343.42,14830
344.89,15783
345.57,16697
345.55,13651
342.86,9859
346.15,36208
353.13,19527
351.51,9380
348.28,6457
348.93,5701
348.35,4193
346.93,19585
349.85,8715
349.66,6876
348.85,5505
350.72,2633
350.15,10474
349.95,15485
348.24,7203
348.11,2097
346.91,3864
346.79,3885
346.59,1626
347.9,13199
348.75,7891
349.5,5964
347.92,6229
346.75,4163
347.09,8001
347.37,20112
350.03,8979
349.9,7031
349.93,6452
348.89,18715
350.65,23475
351.25,39729
344.97,16529
346.56,12354
347.99,7594
348.14,6633
349.06,11247
348.34,33711
353.23,10436
353.3,4163
350.96,5516
350.07,2052
349.57,4967
350.64,10816
355.11,11008
354.23,6035
354.15,5732
356.42,2310
356.09,4829
355.6,11702
351.97,19471
353.87,8411
354.42,2346
354.36,6211
354.71,5709
354.76,14737
349.79,9737
351.76,4747
351.61,4068
350.9,9204
350.19,8166
351.34,23968
354.16,9706
352.73,9048
353.55,5133
354.74,7327
353.09,9729
354.02,13260
355.66,6543
353.89,11191
358.04,8012
360.12,5533
356.11,5148
357.3,27933
355.08,4567
355.07,4537
355.45,2119
353.85,1744
355.07,3254
354.59,13188
366.33,13295
365.87,9337
364.47,3200
366.19,9135
366.19,12398
365.6,33977
367.88,7229
367.45,4508
365.75,2370
364.17,5997
365.51,2350
365.06,8341
364.87,6301
364.9,2518
365.47,3167
364.67,2829
364.53,3319
363.59,22909
364.76,11338
366.38,3721
368.34,4050
369.19,4639
367.75,4866
369.57,19520
369.42,7567
369.53,2374
369.77,2751
369.86,2887
370.49,4167
371,31417
368.83,12305
370.04,17200
370.18,10953
370.76,16594
370.48,12275
369.79,38504
372.66,35132
369.58,29753
370.33,22922
368.95,13159
367.07,23368
365.93,40730
365.93,14149
365.81,5552
364.17,8887
363.69,18708
360.67,23302
360.51,27373
358.43,8975
356.96,4239
358.11,7903
357.67,5400
358.42,8315
358.64,23774
354.18,7140
352.84,5232
353.51,8876
354.09,2243
355.1,1421
354.61,20592
357.42,9614
359.4,6073
360.57,7270
360.77,6297
360.74,6807
360.41,24465
361.28,4109
360.37,9750
359.29,9419
360.48,7921
359.45,10933
359.49,37516
359.04,4814
358.95,1157
355.68,2046
357.47,2635
356.8,4696
358.52,13585
359.8,6767
358.51,1772
358.56,4196
357.78,12221
357.63,3039
358.99,21812
353.15,4422
354.62,6987
355.13,2005
356.32,2144
356.66,2958
358.31,8998
360.62,24899
360.6,28502
360.92,22161
361.59,3260
362.98,5194
363.6,26082
364.07,4291
364.33,2880
364.54,2779
365.81,5232
365.61,5118
364.14,9801
361.7,7400
362.84,5395
363.54,6337
363.41,6265
363.83,6369
363.4,20274
364.49,8409
364.04,6147
361.53,2379
360.05,2316
360.93,9098
360.99,14062
358.25,4575
358.98,9071
358.98,5456
359.26,2125
359.95,3896
359.51,30272
357.69,9277
360.35,13541
359.84,5743
360.61,5848
360.74,6783
361,20593
358.82,10125
357.34,11218
356.93,8591
357.18,2630
356.24,3857
354.47,61617
352.68,20646
355.76,6791
356.04,3662
356.63,6219
358.13,1702
357.19,8735
353.38,8211
352.53,5823
352.34,3190
350.64,2060
349.48,6358
347.32,36132
349.12,16033
349.17,10439
345.53,10041
346.39,7353
346.8,11688
347.1,30314
344.76,53052
347.06,10466
345.06,11431
343.91,24603
342.44,15628
341.67,36704
341.21,55801
343,18635
341.52,9574
342,10862
342.59,15415
339.63,40220
341.16,18172
342.31,10476
342.69,10475
343.38,10257
343.76,7716
343.67,32289
344.4,18940
345.93,16623
347.06,14054
346.13,14059
348.12,9095
348.34,41020
350.12,10324
350.53,17704
353.14,5045
353.47,2951
352.34,3804
352.85,28059
353.92,14345
354.17,16485
355.81,6420
354.79,6754
355,12783
355.5,17792
356.54,10998
356.2,9205
355.4,5492
355.33,2349
355.46,2948
356.04,19091
358.18,18095
359.35,11684
360.6,16508
361.79,15896
360.62,15207
359.71,38457
361.17,20835
358.28,13708
358.84,10950
359.73,8230
359.52,6665
359.53,30953
360.3,26568
366.73,37992
371.38,43757
368.19,9678
368.92,10657
367.11,28424
365.02,9386
364.63,8695
365.11,6680
365.06,4157
365.65,6695
366.39,25931
362.88,31820
364.86,9251
365.07,13906
365.07,0
363.25,15802
362.73,10557
360.85,9377
359.62,3381
359.73,8796
359.8,37735
359.07,10755
361.54,12991
362.56,4732
361.09,5015
360.83,8125
360.73,20650
361.05,14599
359.03,10146
359.56,3695
358.57,3990
360.34,27413
363.09,42637
367.34,24079
368.9,12435
368.23,12885
368.9,7872
370.36,5957
369.44,26915
361.69,11622
360.56,5087
361.92,3417
361.9,7636
362.47,4138
363.04,56669
362.32,12277
361.15,12038
360.82,3635
361.16,4547
361.78,8917
362.57,17655
359.87,13492
357.4,24607
357.24,14538
355.62,13404
354.21,15191
353.19,39887
351.83,18122
350.39,31710
349.61,10771
349.94,11375
350.52,3976
351.11,27344
350.3,47360
349.48,15193
350.33,4920
350.35,6157
352.2,13605
353.02,27297
351.82,11753
352.25,6166
351.48,3670
350.66,3115
351.09,3758
351.59,21224
355.28,12498
355.17,4655
357.24,29161
358.03,8185
358.6,19168
358.24,28384
363.83,12105
358.7,8068
358.82,4252
359.13,4357
361.35,4493
362.79,18532
367.29,14486
366.53,11715
366.69,6585
367.82,15865
370.16,14743
368.63,33779
369.26,16914
368.74,4536
367.12,5672
366.42,6219
367.39,3004
366.57,15247
366.79,3210
368.15,2862
367.38,1757
367.76,4673
368.29,2560
368.33,13853
366.57,14844
371.54,19906
373.26,12613
372.65,15161
370.11,13863
369.98,21108
369.29,10411
369.69,8713
369.25,5528
368.42,8969
368.17,10251
368.89,19607
369.13,8909
369.81,4911
368.81,4597
369.7,3938
370.42,9695
365.34,22022
364.96,8135
363.84,12119
361.46,8555
362.9,6509
361.78,7231
362.49,12462
361.93,16218
364.95,6654
366.61,9037
365.41,3526
365.22,3223
366.48,18468
370.73,9694
373.62,9642
373.81,6285
374.05,5434
373.08,5815
373.62,22092
376.07,8889
376.26,6462
377.68,4194
378.77,3485
378.7,4446
378.13,18649
377.74,8428
380.55,6707
380.64,5610
380.2,1371
380.78,16037
379.62,42330
381.37,5758
378.65,6838
377.16,3309
377.6,7417
377.06,5639
377.68,19542
380.72,16951
379.78,6132
380.82,5673
380.9,3344
381.03,4775
381.08,15005
380.64,7917
377.48,8746
379.56,6393
379.11,4712
379.9,8643
380.03,21098
385.69,11342
388.03,3351
388.34,3890
387.31,3067
388.06,11198
388.44,31631
394.12,27651
395.69,17013
396.19,22771
397.47,28850
396.75,17498
397.71,32894
394.75,6588
395.61,8511
394.76,6138
392.98,8160
393.23,10677
392.23,22677
391.4,30726
389.2,12475
389.22,16539
389.85,10858
391.01,12944
391.71,24204
388.53,17251
388.28,11095
388.43,10829
389.1,6856
388.34,15063
387.62,65973
405.17,32770
403.22,11278
399.61,13256
399.05,15097
398.59,8429
398.63,35848
398.35,15159
396.56,17497
397.06,11317
395.88,8994
396.69,9246
396.99,29329
393.73,13585
392.87,5038
391.05,9987
389.69,6762
389.99,8017
390.74,27812
395.61,26451
404.82,17069
405.59,13255
405.94,11830
406.03,6261
405.3,32270
400.7,13168
400.22,14842
400.95,7865
401.59,5150
401.74,5657
400.6,43741
399.32,8035
398.5,9623
398.56,10163
398,12330
397.85,7326
398.62,30097
403.96,8052
402.11,6057
401.06,6983
400.54,10284
400,7183
400.82,14823
400.5,8964
398.16,7490
398.31,5122
398.35,6111
398.13,8950
398.3,18549
399.77,4198
400.86,8476
398.68,3555
398.41,4707
398.92,7572
398.8,10258
399.03,13560
399.52,13607
398.3,5770
399.68,9445
400.11,5983
398.55,24055
399.08,7802
401.08,4923
399.45,3192
400.19,2881
399.17,3404
399.44,33849
405.16,11440
404.44,8535
406.3,8813
405.77,6649
406.17,13667
407,33267
414.08,18502
410.58,15108
412.73,18530
412.39,8303
412.69,12356
412.37,57554
411.49,8725
411.92,8878
410.9,9233
412.33,8374
412.88,5754
414.25,36933
411.06,18412
409.81,6485
409.11,4306
408.77,12174
410.05,7621
409.74,31844
409.14,8383
408.42,4153
408.72,7896
407.59,2514
406.52,4321
407.4,27136
415.52,19245
417.26,18028
415.87,18477
418.09,12928
417.78,11056
417.91,28433
415.08,11740
414.65,21801
414.82,13500
416.18,13397
416.45,10312
416.55,53518
414.98,33231
414.69,22578
414.33,22217
414.34,8235
414.89,16216
415.42,38598
417.3,32500
417.49,8606
417.19,5215
415.82,7108
415.9,9509
416.6,27989
418.44,34004
418.24,10937
417.37,9109
416.42,9439
416.49,29803
412.39,31367
412.62,36694
414.17,6188
414,7457
414.3,6718
413.93,10132
412.96,21275
412.45,17326
411.1,14351
411.85,12890
410.49,10488
410.92,27912
410.37,26255
407.66,6746
408.94,2277
407.19,2851
407.58,2625
407.27,4842
407.45,24418
405.93,5650
403.05,7815
402.67,3522
403.89,5243
405.36,2685
405.75,14166
401.25,52833
404.34,3801
403.83,2381
404.34,2092
403.7,3907
404.39,22939
404.64,7992
403.9,9528
403.4,3449
403.6,5564
402.53,3076
402.45,13757
403.53,6910
403.59,4036
403.92,1448
405.14,1602
404.91,2541
405.57,13705
401.69,10509
399.8,6734
399.15,8262
399.91,8033
401.72,7320
401.73,23772
401.14,11239
398.68,4711
399.24,3918
400.02,4725
399.96,6020
399.93,45205
397.02,19351
392.09,5741
393.5,5822
392.71,5767
392.96,5158
394.36,36072
391.59,16995
390.66,21101
390.71,10598
390.61,6921
391.27,8175
390.84,44270
390.08,14583
389.77,9799
390.34,10385
391.45,8980
391.41,15456
391.3,28371
381.39,25072
383.74,11067
383.63,7445
383.69,9519
383.76,12745
383.39,21483
380.54,9404
381.95,7438
382.12,6096
382.28,5550
381.69,5787
382.31,26271
378.99,15010
379.61,8429
379.19,8699
378.75,4002
378.53,7980
379.23,28259
375.74,18341
376.43,12627
375.72,6064
375.43,10062
374.45,14064
373.03,43213
374.82,9456
372.97,8143
370.15,2218
370.93,10625
371.3,6880
371.15,25131
374.73,28832
376.62,3955
376.84,5495
376.2,2901
375.42,11522
373.77,26902
376.85,18325
378.65,20377
379.88,15262
380.81,8489
382.03,5560
383.03,34159
387.27,11136
385.7,4858
384.95,4368
382.6,20949
383.58,7015
383.29,29024
382.35,10553
379.71,2951
381.03,1327
379.86,407
379.47,8547
382,19517
385,4831
386.2,4429
387.64,3132
386.1,2526
386.55,2699
387.06,12675
385.47,7947
384.62,6417
384.21,4283
384.32,4980
384.45,5843
383.86,16147
384.56,4055
387.34,4491
387.49,3650
387.29,5068
387.19,4382
386.82,26851
384.3,14505
386.38,4613
387.67,4037
386.93,5096
385.99,3040
384.71,24171
380.93,9138
379.31,13035
376.87,9991
378.98,8282
380.25,8863
381.19,22956
383,6138
383.22,3379
383.34,3969
383.3,2451
382.11,2591
382.38,20322
382.24,17131
378.66,14383
380.53,9367
380.36,4382
380.36,11399
380.4,56263
381.27,4536
381.53,2856
381.64,4285
383.59,4703
383.13,1789
382.49,29100
379.02,4069
377.48,2886
378.27,3318
379.2,3010
379.5,7697
372.64,27824
373.76,6116
378.22,3895
378.47,5500
377.69,5647
377.95,4890
375.59,13450
373.84,2683
375.32,4254
375.29,2676
375.47,3308
374.93,1899
374.96,13574
370.12,14418
371.23,10719
370.9,12863
369.91,18575
369.87,10903
372.1,41232
372.45,7608
374.88,13624
376.42,11390
375.44,12899
376.48,11570
377.51,41135
374.23,30104
367.1,35435
368.2,19351
369.13,14040
367.94,15600
368.66,55111
364.41,23951
366.66,12866
364.31,9918
363.96,8188
364.3,7679
363.62,21267
366.89,10147
366.72,12114
367.79,5169
365.75,8412
365.97,7724
366.84,33970
362.2,17597
360.04,31292
360.18,17261
362.25,8723
362.93,7236
364.3,35528
367.05,11901
367.43,7308
368.89,8331
369.51,10388
370.06,3765
369.57,22664
367.26,17329
365.75,12067
367.2,6003
367.36,8505
366.2,9685
365.78,39475
367.9,10412
367.07,8014
366.59,5945
365.85,14559
365.19,10983
363.56,29110
355.71,15834
358.56,8874
359.66,16661
359.96,10712
358.9,12540
357.97,41094
355.67,27158
355.64,11662
357.17,13247
356.67,16489
355.1,22615
353.47,52072
342.02,56239
338.39,26137
339.32,28033
339.06,18867
337.46,27446
337.69,88051
329.88,56434
328.51,32452
328.01,29921
329.54,20805
330.89,20712
328.74,56890
330.76,8859
331.26,17922
329.47,12218
329.08,7092
328.79,10925
329.06,30963
333.37,33284
334.51,39755
340.08,34874
340.26,27468
340.89,14909
339.12,53527
334.52,14440
335.41,8856
335.03,14073
335.05,10751
335.36,14763
333.33,42761
338.2,19506
341.17,18995
343.02,28929
345.38,26490
345.13,17625
347.25,69013
347.9,47971
349.97,16143
351.55,13515
351.89,13807
351.57,14559
351.99,41229
351.15,24321
352.56,19375
352.74,34090
352.74,0
354.07,33775
355.97,23988
356.96,15877
356.85,17188
356.04,17841
354.62,50795
349.65,23110
349.48,9910
347.92,9062
347.03,8492
347.66,8455
348.22,25126
352.34,20385
353.4,12796
354.69,9705
355.32,10567
355.4,16349
353.82,45826
352.5,19225
351.87,15472
351.06,8490
351.04,13872
350.14,11789
347.89,37537
349.7,25289
351.05,97622
349.97,36031
351.25,15020
352.39,35406
352.28,72928
347.19,110559
346,40244
346.75,59306
347.7,48458
347.56,32326
347.12,83239
352.72,35073
348.57,17050
346.71,25380
345.56,8307
344.45,16226
344.76,65692
344.94,15162
345.03,23039
344.48,11818
344.24,11417
343.83,37411
348.17,84258
358.78,49886
358.21,23642
359.24,29274
358.78,25973
356.59,25131
355.08,56965
356.32,25809
356.11,24494
355.98,27381
354.44,17160
355.5,18689
356.14,41035
356.53,32435
356.96,17423
353.9,24403
354.94,14047
354.46,11406
356.15,37606
352.26,14302
352.97,8238
351.31,12423
350.96,8873
350.45,14159
350.48,39001
351.92,18572
353.5,18016
353.88,11160
353.02,9362
353.18,9556
354.4,33859
360.77,43896
359.18,15930
356.29,14800
353.88,15797
353.4,12912
352.58,47917
348.3,24384
346.37,33610
345.61,42939
344.27,38698
343.89,52499
344.09,94636
343.96,25510
344.55,23309
344.58,20923
345.05,18757
344.81,16419
344.7,41232
340.69,61288
342.64,30854
342.68,19907
342.43,18714
341.8,21196
342.21,59808
343.15,15417
344.68,10449
344.98,25548
344.98,0
346.97,9133
346.4,4724
346.21,2113
346.35,3720
346.13,3324
346.52,14543
346.48,12691
343.96,8981
343.37,6889
343.04,11223
343.71,10717
344.43,41376
343.61,18438
342.16,28807
343.23,5180
343.73,4202
344.34,5872
344.5,14669
343.76,5475
343.27,6180
343.6,3435
343.4,2885
344.3,4716
343.16,16611
341.92,14895
343.34,22728
344.77,8942
343.52,5544
342.98,11971
344.42,28211
343.7,35178
341.15,16902
344.46,20687
343.59,19950
342.78,16212
342.39,38063
340.01,22881
341.16,25944
344.35,9682
346.18,10992
346.68,10960
347.06,34928
351.79,23500
350.71,13143
351.99,22548
349.74,16410
348,13854
348.75,36136
350.92,53425
356.98,27637
358,16935
358.99,13941
359.26,17509
359.03,51557
362.69,41061
364.73,27975
368.52,37789
368.99,39002
369.71,59248
370.09,106478
373.18,61765
373.06,54491
373.04,46001
373.03,26947
373.49,35999
370.37,48464
368.98,19942
370.95,16958
371.85,22755
374.21,31208
375.67,32727
376.26,53526
375.56,60106
374.74,34539
375.49,18855
374.94,14247
372.95,20336
371.52,70353
374.22,16991
375.25,13594
375.67,6996
374.82,14046
375.65,13902
376.55,38376
377,25667
377,20443
377.89,12503
377.48,14907
376.86,17247
377.12,29234
374.62,42465
372.5,29593
372.03,39367
371.5,28309
372.62,38041
372.45,72273
373.68,18055
378.42,25702
378.15,21651
378,11671
379.06,38000
381.86,58427
381.93,36271
381.93,19640
381.37,16506
381.51,26313
381.47,16950
378.11,45994
379.35,22933
379.6,15025
379.95,11482
380.31,17364
381.06,13888
381.24,44670
380.42,17142
384.1,17408
383.31,8102
383.37,6913
383.71,12202
383.79,42398
381.18,20679
379.82,16425
378.07,11100
376.5,9408
376.87,15313
378.43,28289
376.86,13369
376.36,12266
374.98,6860
374.14,8549
374.02,16980
371.83,31786
371.47,20273
370.76,15682
370.29,16219
368.67,9627
369.13,19601
368.67,42515
368.02,20165
368.03,10210
367.16,10012
367.12,22141
370.99,11467
370.9,41598
370.7,25432
371.95,22835
373.24,11713
374.19,12368
374.74,22662
376.75,53247
382.17,66789
381.94,22368
379.59,17664
380.26,19373
377.81,19340
377.55,55527
384.45,38675
386.41,29140
387,27094
384.38,26255
383.18,21928
385.66,47005
383.04,12137
381.13,11125
380.11,8905
379.97,17066
379.58,11155
381.85,43830
382.28,16440
382.29,12434
382.41,15002
381.96,13721
383.28,10024
383.31,52734
378.54,33768
377.29,10518
376.93,15909
376.42,16238
378.02,9539
379.25,21303
384.42,14891
383.96,12996
387.23,8136
387.19,8313
388.24,8111
387.48,23998
385.76,25893
381.98,30018
387.53,30034
386.79,12210
386.6,21754
386.81,34883
392.79,15252
393.07,14942
389.6,10241
387.91,11085
387.45,11804
389.6,24585
385.54,11493
388.27,15090
390.38,9512
390.01,9631
389.28,6377
388.93,24890
383.03,21188
379.06,15001
381.1,10750
378.67,10740
379.68,10738
379.85,42191
381.2,14775
381.63,15555
380.95,5936
381,5354
379.51,6661
379.21,28572
376.6,18457
376.48,15361
377.23,9295
377.35,11761
377.35,10598
376.18,44981
377.59,21107
379.31,10253
377.87,15005
376.87,22931
379.29,11704
379.14,55050