5.09,78524
5.09,0
5.09,0
5.09,0
5.09,0
5.09,0
5.164,55875
5.141,131277
5.132,15581
5.145,166627
5.183,149603
5.243,143047
5.271,66321
5.215,39386
5.215,22543
5.206,7057
5.206,67929
5.08,193567
5.048,44031
5.011,29317
5.02,15525
4.964,41892
4.983,29128
4.964,148434
4.839,47311
4.815,21396
4.834,32465
4.815,34321
4.857,29032
4.834,71698
4.927,16137
4.987,41345
4.969,21710
4.997,19895
5.006,28632
5.029,84409
5.057,40252
5.094,29658
5.094,13576
5.09,10298
5.085,6105
5.09,62640
5.053,101154
5.132,148482
5.164,96136
5.173,85254
5.183,24849
5.15,92548
4.997,107491
5.076,17262
5.039,16444
5.034,46949
5.057,29975
5.034,54002
5.039,27103
5.062,21196
5.066,18368
5.048,9423
5.02,10482
5.029,28071
5.09,41830
5.122,26494
5.136,19155
5.155,64082
5.155,34468
5.173,70016
5.173,30412
5.234,18281
5.234,11686
5.243,8151
5.243,42465
5.22,47718
5.299,102488
5.294,24136
5.313,12862
5.322,6159
5.294,91062
5.271,26940
5.243,84918
5.243,50950
5.257,22431
5.206,26741
5.159,52723
5.071,135533
5.145,54050
5.225,47908
5.234,24603
5.262,93817
5.327,88742
5.304,201884
5.383,127295
5.336,76358
5.266,58095
5.276,49280
5.304,51510
5.327,83052
5.197,77110
5.28,41637
5.304,63636
5.304,54333
5.331,22368
5.313,86488
5.41,46158
5.424,36290
5.448,19468
5.476,33412
5.443,58912
5.485,92396
5.317,179025
5.276,211793
5.252,194346
5.331,152544
5.383,150583
5.35,225312
5.499,67770
5.438,94540
5.406,54153
5.434,41348
5.448,49674
5.42,142930
5.276,131485
5.187,124483
5.234,53742
5.169,65834
5.108,48439
5.155,127975
5.145,151407
5.169,46561
5.183,70839
5.183,31682
5.164,27018
5.136,104523
4.918,557069
5.02,113942
5.011,75766
5.015,50167
4.946,182906
4.862,267971
4.918,126632
5.001,124637
5.039,49730
5.094,72781
5.136,45059
5.169,137953
4.881,431488
4.774,178016
4.699,166155
4.713,149657
4.685,87099
4.695,804684
4.755,148955
4.75,182412
4.76,122926
4.788,63728
4.788,74372
4.815,227569
4.885,48695
4.918,100480
4.918,148065
4.95,63114
4.974,94772
5.025,284182
4.936,206267
4.871,122510
4.82,94214
4.82,70180
4.843,85312
4.848,294468
4.932,146057
5.025,176289
5.057,53474
5.057,90706
5.08,85454
5.094,161271
5.006,91667
5.015,63524
5.039,62373
5.08,49233
5.108,72186
5.132,133012
5.132,0
5.132,0
5.132,0
5.132,0
5.132,0
5.132,0
5.178,87404
5.178,62664
5.22,70928
5.169,48812
5.15,29331
5.206,199367
5.356,59550
5.328,59235
5.291,20067
5.314,25795
5.328,21726
5.361,108315
5.253,44365
5.3,69506
5.291,76381
5.3,38099
5.305,31072
5.281,121108
5.09,136404
5.048,44701
5.019,56407
5.019,61090
4.926,47749
4.889,157989
4.917,56296
4.977,111944
5.01,68019
5.052,17706
5.052,23144
5.062,75016
5.118,84059
5.09,58644
5.136,77750
5.09,133714
5.104,105524
5.127,141159
5.347,141184
5.361,83519
5.407,117589
5.407,102295
5.356,79421
5.342,170020
5.263,86252
5.248,36394
5.22,84020
5.202,59048
5.22,58457
5.202,272802
5.365,57835
5.365,47726
5.365,24285
5.323,40189
5.333,38678
5.333,102391
5.281,36526
5.267,27948
5.267,29250
5.309,39323
5.295,48751
5.277,162189
5.3,81342
5.286,27425
5.263,56097
5.272,40818
5.286,101707
5.291,193125
5.291,76319
5.365,33966
5.361,33542
5.351,12635
5.328,43549
5.3,133407
5.272,58461
5.305,88519
5.342,54786
5.319,24931
5.333,29585
5.351,58963
5.239,51257
5.206,30106
5.206,24127
5.23,13406
5.225,19401
5.234,40370
5.16,106528
5.258,44732
5.309,21731
5.328,58122
5.375,39955
5.393,95202
5.524,66359
5.515,20776
5.459,31375
5.482,35078
5.44,42538
5.478,130672
5.473,108688
5.501,67908
5.562,61922
5.548,60811
5.585,23706
5.59,187493
5.529,10877
5.534,14897
5.566,10676
5.562,21779
5.571,19496
5.632,176838
5.669,34881
5.636,29791
5.59,20781
5.576,15366
5.548,16700
5.604,85387
5.758,94786
5.66,52207
5.524,18304
5.524,46880
5.496,42498
5.435,139076
5.407,78047
5.412,10610
5.468,19771
5.449,32270
5.417,42174
5.449,199852
5.496,72914
5.52,104225
5.506,25045
5.566,35075
5.618,88942
5.618,239401
5.763,84563
5.744,247823
5.716,35530
5.739,31742
5.8,84916
5.786,88717
5.851,86872
5.721,69567
5.707,52180
5.688,20660
5.735,52513
5.744,37644
5.767,84607
5.814,29635
5.8,19004
5.837,66373
5.777,12611
5.73,39750
5.739,69500
5.777,42398
5.805,14710
5.819,74521
5.749,59002
5.735,89857
5.669,28906
5.669,19668
5.655,32054
5.721,22431
5.763,47902
5.749,39262
5.851,61875
5.753,54690
5.772,34284
5.758,11250
5.716,31386
5.725,27857
5.683,95833
5.683,38089
5.655,23640
5.641,14377
5.664,18228
5.641,47486
5.431,133495
5.534,37136
5.543,40502
5.599,37006
5.627,42129
5.571,138313
5.501,29823
5.426,14713
5.365,40940
5.314,41147
5.309,33976
5.337,29350
5.248,47047
5.197,57870
5.132,34116
5.141,15818
5.127,20209
5.122,78860
4.968,82327
4.926,68325
4.907,78250
4.912,19443
4.945,43056
4.968,67510
4.875,49465
4.842,26546
4.847,17455
4.865,10537
4.805,17909
4.781,81340
4.823,57060
4.711,37557
4.73,21790
4.776,25145
4.781,21484
4.739,45660
4.758,56117
4.702,46824
4.706,30560
4.753,54235
4.762,16264
4.79,78418
4.884,40335
4.851,24981
4.814,19799
4.781,18924
4.814,42072
4.795,108967
4.608,30442
4.58,29954
4.618,17615
4.613,20279
4.608,38050
4.566,41182
4.674,25069
4.758,17746
4.767,47094
4.767,11666
4.767,16302
4.772,51172
4.697,39308
4.692,35126
4.664,63970
4.706,16799
4.73,76335
4.833,96307
4.758,65532
4.678,273826
4.59,76494
4.66,25345
4.618,28293
4.636,124728
4.561,49388
4.646,19807
4.636,27441
4.66,8477
4.599,43669
4.59,85186
4.459,55952
4.398,26137
4.417,28644
4.379,27968
4.351,5912
4.328,211372
4.314,70560
4.3,41750
4.253,27268
4.188,44355
4.262,55607
4.234,114306
4.239,159685
4.202,80414
4.122,49279
4.08,304563
3.987,38161
4.029,93799
3.832,61924
3.874,79036
3.767,242313
3.786,51755
3.744,65165
3.72,100864
3.716,123605
3.851,89536
3.884,52806
3.87,25240
3.809,56091
3.846,133583
3.935,33669
3.982,17921
4.019,35021
3.973,10567
4.01,15837
4.01,42417
4.061,32738
4.047,16826
4.047,15311
4.127,20962
4.089,39834
4.071,54481
3.987,43798
3.996,36963
4.047,27576
4.047,60372
4.001,83037
4.038,333892
4.202,69127
4.197,26484
4.22,21489
4.197,20654
4.244,66716
4.22,112054
4.178,67799
4.117,38860
4.169,11566
4.127,8685
4.16,11037
4.164,65774
4.239,22930
4.253,24680
4.244,17668
4.216,16189
4.216,19195
4.253,33354
4.281,38321
4.286,16459
4.328,22137
4.29,12564
4.281,17271
4.267,36341
4.276,38112
4.225,37486
4.22,12275
4.23,65887
4.258,45857
4.248,70571
4.304,43521
4.3,42467
4.267,37138
4.276,31805
4.258,29931
4.276,73751
4.3,43283
4.267,30923
4.258,30017
4.262,25974
4.258,34984
4.258,42360
4.23,110157
4.258,25166
4.23,18756
4.248,23217
4.216,19725
4.16,26787
4.183,60629
4.187,24108
4.183,32422
4.192,11401
4.183,19872
4.183,30944
4.319,45656
4.385,15994
4.39,4737
4.427,5251
4.404,19685
4.437,59194
4.399,40338
4.3,28753
4.282,12703
4.282,20028
4.286,21209
4.286,68542
4.249,9050
4.235,10143
4.192,3510
4.169,1301
4.197,2802
4.183,11847
4.216,6670
4.211,13409
4.183,5201
4.178,11481
4.178,8057
4.22,18635
4.187,4430
4.225,4577
4.244,898
4.216,1308
4.225,2204
4.216,29434
4.117,3644
4.107,13167
4.112,13156
4.122,6596
4.093,1969
4.084,34545
4.018,17558
4.122,13999
4.178,13458
4.239,16980
4.253,6464
4.286,46657
4.107,193422
4.06,106055
4.093,149363
4.07,203827
4.084,144740
4.032,284567
3.853,119391
3.83,153683
3.825,84547
3.816,76043
3.792,48841
3.783,170900
3.91,153204
3.853,145067
3.806,79995
3.788,140044
3.792,240866
3.858,291820
3.792,210408
3.778,476660
3.905,141636
3.919,129774
3.891,150362
3.905,400075
3.83,330508
3.797,217586
3.872,165447
3.938,124242
3.929,223017
3.938,619151
3.962,48410
4.018,137701
4.023,31784
3.999,24810
3.99,105861
3.985,87214
4.065,97595
4.009,38207
3.962,26055
3.966,35603
3.999,31037
3.971,36200
3.919,54481
3.896,42508
3.825,44752
3.759,18538
3.75,35210
3.736,277224
3.637,216653
3.712,165523
3.731,89312
3.731,44567
3.745,23201
3.769,76648
3.82,39012
3.773,26469
3.811,31480
3.816,25948
3.816,27967
3.82,94505
3.806,146428
3.712,71767
3.646,24109
3.632,102423
3.609,38364
3.59,123044
3.557,64400
3.491,55806
3.496,21632
3.468,49914
3.501,34228
3.496,73075
3.439,35080
3.378,17321
3.421,10662
3.397,32925
3.378,21634
3.355,201408
3.331,86559
3.416,116365
3.468,25850
3.439,19809
3.486,31467
3.491,165705
3.256,165413
3.138,77353
3.129,54209
3.086,95785
3.129,117718
3.148,297102
3.143,68459
3.054,48333
3.054,70441
3.11,49522
3.101,142468
3.129,188260
3.251,25078
3.152,8072
3.152,50199
3.176,11805
3.166,75993
3.199,82555
3.11,190074
3.199,51072
3.19,33611
3.166,37965
3.185,29136
3.199,58273
3.176,20318
3.162,7319
3.143,2332
3.143,8225
3.138,24077
3.119,37412
3.058,21040
3.086,92227
3.138,206181
3.101,20512
3.086,44266
3.101,40983
3.086,120563
3.166,55909
3.171,64841
3.181,18179
3.195,41880
3.166,67458
2.898,210779
2.912,198792
2.936,64376
2.898,65954
2.936,74947
2.95,112689
2.851,124927
2.837,103785
2.889,32457
2.879,39426
2.87,41471
2.879,102956
2.969,134098
2.978,40975
3.011,98150
3.054,61717
3.025,37386
3.039,118801
3.054,144195
3.072,133725
3.129,19768
3.082,17539
3.063,15790
3.077,45023
3.068,13408
3.105,19178
3.096,13227
3.068,21403
3.058,63306
3.049,173432
3.058,89301
3.072,45242
3.082,23996
3.072,13994
3.063,13114
3.044,88305
3.209,23917
3.214,44884
3.162,22648
3.105,49108
3.072,38236
3.082,47991
3.03,103110
2.969,42275
2.955,35741
2.959,22554
2.936,44396
2.927,166833
2.959,269748
2.912,127557
2.922,59505
2.936,55691
2.941,29094
2.922,112124
2.927,40218
2.955,19104
2.978,17423
2.978,66917
3.002,137030
3.039,95575
3.044,159393
3.077,87585
3.105,102027
3.143,320197
3.129,228771
3.166,108262
3.138,120933
3.199,55128
3.237,18637
3.251,31177
3.232,113534
3.232,81073
3.246,148589
3.246,31760
3.27,45942
3.265,21952
3.242,31834
3.242,48424
3.275,30929
3.308,27390
3.298,22590
3.303,80789
3.294,26280
3.27,108069
3.199,120425
3.119,37109
3.105,36316
3.11,146702
3.096,50256
3.115,52432
3.265,67681
3.275,209033
3.265,24264
3.312,16700
3.322,18642
3.326,49398
3.129,89361
3.157,58916
3.134,47921
3.129,80437
3.119,91567
3.119,408182
3.312,66841
3.326,86579
3.331,48987
3.317,25178
3.294,7766
3.284,22777
3.246,53217
3.185,43366
3.214,53265
3.218,35610
3.228,19644
3.232,69609
3.294,42388
3.378,31634
3.336,91045
3.373,25942
3.345,27426
3.298,48238
3.373,60286
3.406,67494
3.355,40882
3.373,51914
3.364,25896
3.345,142944
3.425,27522
3.388,12998
3.421,8214
3.402,24196
3.383,16991
3.383,40522
3.279,34408
3.308,19955
3.331,31421
3.331,14803
3.312,21695
3.317,26731
3.303,38777
3.317,11731
3.312,6084
3.312,19048
3.317,19992
3.331,40340
3.247,57900
3.261,51861
3.218,20507
3.228,14749
3.237,21136
3.237,65694
3.252,13851
3.247,11533
3.237,18664
3.256,25254
3.275,11945
3.294,58455
3.218,35829
3.28,104547
3.275,27045
3.285,62711
3.304,82733
3.332,184431
3.271,55329
3.318,46462
3.299,26567
3.29,12628
3.304,10626
3.294,34674
3.427,24042
3.366,8537
3.361,6226
3.37,29888
3.342,2696
3.351,13512
3.366,122358
3.399,15119
3.389,8063
3.37,16089
3.361,8531
3.399,62018
3.437,55567
3.442,13243
3.456,14876
3.484,21209
3.47,35028
3.442,24380
3.423,66141
3.304,26481
3.237,8574
3.237,9899
3.233,19818
3.233,42912
3.275,39836
3.199,22310
3.233,12451
3.218,6782
3.242,8120
3.237,17368
3.19,72102
3.143,25864
3.133,21109
3.124,13858
3.128,9462
3.152,47760
3.133,53416
3.162,23430
3.143,22536
3.143,9976
3.138,19364
3.133,44942
3.01,34295
2.953,28733
2.981,43959
2.938,25060
2.953,10584
2.948,86144
3.086,82608
3.171,21985
3.19,50194
3.157,37555
3.143,18413
3.152,59809
3.19,26895
3.143,25729
3.157,9375
3.119,17930
3.119,3934
3.124,20847
3.152,28182
3.223,18547
3.218,12423
3.223,50284
3.271,21530
3.256,49590
3.228,93339
3.256,19943
3.247,55920
3.266,29313
3.256,18258
3.242,28296
3.337,24488
3.361,27395
3.366,20754
3.385,21500
3.375,19712
3.375,12837
3.404,26962
3.399,17920
3.408,11709
3.399,8452
3.38,16618
3.38,34664
3.28,35067
3.252,15665
3.242,10935
3.275,9578
3.261,12884
3.233,48015
3.271,23768
3.304,15498
3.275,16118
3.261,9496
3.233,11209
3.233,26249
3.237,57982
3.152,62459
3.128,33435
3.128,50250
3.128,40708
3.1,43037
3.086,82722
3.195,42707
3.128,23851
3.143,31299
3.109,37748
3.128,81984
3.299,880988
3.356,98060
3.385,58992
3.385,154199
3.375,163417
3.385,174404
3.366,32068
3.366,38772
3.323,20967
3.342,12734
3.342,31009
3.332,53822
3.318,28991
3.328,20414
3.323,152073
3.332,39940
3.361,266496
3.456,230578
3.332,265587
3.366,54226
3.347,71559
3.37,53485
3.375,24155
3.389,112322
3.19,158007
3.166,221201
3.157,168763
3.152,103818
3.147,89695
3.1,85547
3.152,312221
3.152,164286
3.105,57361
3.095,43593
3.024,98684
3.076,170863
3.199,122468
3.195,172645
3.152,113577
3.162,116886
3.143,119810
3.162,182731
3.309,379417
3.361,455362
3.366,274952
3.337,154929
3.356,214978
3.356,395305
3.366,210575
3.389,103436
3.375,60357
3.399,75630
3.38,76754
3.404,150241
3.494,220308
3.541,141467
3.579,386408
3.589,228608
3.617,108949
3.608,278070
3.688,319094
3.764,100534
3.741,82245
3.741,75893
3.741,95801
3.741,158346
3.793,112450
3.836,48175
3.84,84611
3.84,80517
3.807,71472
3.84,146181
3.65,122529
3.66,13988
3.655,14150
3.66,11522
3.688,13113
3.707,35462
3.731,79903
3.722,54220
3.636,26878
3.665,33002
3.674,30156
3.717,38241
3.598,68391
3.66,40720
3.627,16526
3.617,14822
3.617,14239
3.584,40341
3.575,65663
3.513,41705
3.541,14048
3.513,14724
3.522,22648
3.518,35449
3.432,175605
3.456,39232
3.541,24214
3.522,21156
3.513,21352
3.456,91765
3.541,80650
3.446,31779
3.423,14294
3.427,28751
3.446,15419
3.446,18239
3.209,201580
3.199,47135
3.332,27283
3.337,23862
3.361,20164
3.342,38833
3.271,160407
3.252,53136
3.218,85957
3.209,30828
3.214,28643
3.204,66162
3.271,100353
3.266,63699
3.275,50264
3.256,35497
3.256,87873
3.242,78306
3.285,130207
3.228,100186
3.218,35128
3.242,220892
3.261,49577
3.247,127166
3.181,138115
3.157,52579
3.147,39338
3.143,14777
3.147,22387
3.147,67667
3.209,102404
3.304,40273
3.294,14451
3.275,20577
3.252,97796
3.247,127959
3.347,122202
3.313,30136
3.351,19740
3.38,36292
3.399,20750
3.418,38521
3.323,112861
3.337,132419
3.347,55608
3.342,46342
3.313,114466
3.323,104523
3.437,41587
3.394,20165
3.404,36683
3.404,29492
3.418,42630
3.399,99358
3.503,23251
3.532,19399
3.57,33359
3.551,41410
3.546,35660
3.537,54032
3.537,41705
3.541,13349
3.518,49980
3.513,12746
3.522,19106
3.489,27921
3.47,156557
3.418,20700
3.423,17288
3.437,23116
3.437,37631
3.47,58642
3.456,39758
3.47,96486
3.456,67066
3.437,26335
3.446,84206
3.451,56246
3.56,112490
3.556,48909
3.565,18144
3.556,19922
3.56,31833
3.56,40085
3.551,44353
3.499,75805
3.48,35104
3.494,36591
3.475,86366
3.446,47973
3.275,146799
3.323,48468
3.242,37338
3.237,67674
3.214,21526
3.233,87242
3.527,458773
3.593,392700
3.575,88052
3.593,64106
3.612,29467
3.66,73857
3.679,38210
3.693,48678
3.722,51655
3.722,16164
3.703,10316
3.703,38145
3.693,63434
3.94,58712
3.926,30771
3.945,38516
3.94,52923
3.94,144929
3.969,92217
3.95,49028
3.978,29665
3.94,54917
3.893,21388
3.883,48613
3.945,207608
3.983,52005
4.006,128765
4.016,72278
4.011,64958
4.035,93089
4.054,191222
3.964,40702
4.03,33829
4.068,20515
4.063,26115
4.087,113713
4.078,172913
4.063,50934
4.016,19039
4.025,20018
4.049,19414
4.054,50237
4.021,128283
3.969,30831
3.931,12551
3.987,104888
3.997,65418
4.002,22884
3.935,192459
3.987,20868
3.95,15060
3.964,19177
3.94,5989
3.95,85437
3.859,56518
3.855,24717
3.84,16535
3.864,6910
3.874,9361
3.864,19461
3.878,11630
3.893,122945
3.84,404848
3.84,258885
3.831,84580
3.855,159561
3.817,15304
3.817,7599
3.802,14551
3.836,28518
3.821,22353
3.831,400912
4.011,223618
4.006,24350
4.006,11482
3.987,9675
3.978,3792
3.997,17194
3.954,34035
3.916,28725
3.921,15175
3.931,15600
3.945,20950
3.969,39352
3.95,22384
3.935,18871
3.921,45797
3.921,0
3.878,51484
3.836,43875
3.788,6178
3.774,10506
3.769,23662
3.75,67348
3.826,50765
3.812,58703
3.769,14260
3.793,9231
3.807,31112
3.821,40530
3.902,61908
3.835,39447
3.84,53414
3.83,32766
3.907,71202
3.969,67576
4.222,145864
4.16,74615
4.232,876525
4.194,164034
4.184,143509
4.184,324550
4.084,16542
4.108,25655
4.151,40813
4.151,19445
4.151,19764
4.17,35556
4.045,53186
4.103,38838
4.045,69986
4.045,9673
4.017,15639
4.012,69508
4.012,60106
3.955,35812
3.955,36191
3.94,18246
3.95,22930
3.945,40280
4.117,685606
4.074,49496
4.079,28604
4.055,54374
4.079,69633
4.079,145494
4.093,83221
4.031,38362
4.064,6247
4.064,30605
4.06,33110
4.074,26386
4.136,51860
4.136,38277
4.179,26556
4.136,16998
4.127,31426
4.098,47439
4.002,353777
3.983,84224
4.017,26615
4.007,33984
4.007,293472
4.021,95298
4.256,222841
4.103,59952
4.122,32133
4.122,31429
4.141,41779
4.127,59888
4.093,54970
4.088,38846
4.117,16502
4.122,26022
4.103,55253
4.074,189654
3.978,68911
3.974,161245
3.95,454881
3.95,57912
3.969,47536
3.955,165732
3.95,225821
3.931,43460
3.921,16448
3.916,147731
3.916,78115
3.926,94527
3.902,122223
3.873,16096
3.878,20758
3.892,5827
3.873,5334
3.864,60607
4.002,491847
4.012,340617
4.026,64676
4.002,185388
4.002,134031
4.026,43400
4.036,26079
4.031,21572
4.055,11677
4.055,9660
4.06,22307
4.031,64676
3.969,34373
3.911,41199
3.931,12188
3.888,24403
3.897,57834
3.94,122929
3.931,38054
3.988,15997
4.026,12837
4.002,8678
4.007,14558
3.998,48324
4.026,202571
4.06,61053
4.079,20285
4.055,244983
4.06,21892
4.045,84919
3.983,47906
3.921,31195
3.931,27872
3.94,29522
3.916,19326
3.911,40704
3.959,46228
3.969,17422
3.998,27461
3.959,18467
3.983,9159
3.964,65725
3.892,17589
3.892,7819
3.883,7776
3.902,13921
3.878,18525
3.883,26764
4.136,75968
4.103,31774
4.093,25130
4.093,35239
4.103,298923
4.088,97455
4.208,503903
4.28,143420
4.313,32285
4.299,48350
4.327,37778
4.337,123493
4.232,55234
4.203,437170
4.184,129921
4.213,144419
4.218,57413
4.237,89116
4.256,118746
4.366,16792
4.385,42071
4.337,16424
4.38,15243
4.356,76552
4.375,509179
4.39,293407
4.39,36131
4.366,36310
4.356,26050
4.361,84168
4.323,276753
4.337,339866
4.332,349336
4.361,148492
4.366,440237
4.385,108745
4.39,31542
4.371,24724
4.399,30352
4.404,95074
4.39,24116
4.385,95490
4.385,716873
4.414,8420
4.418,32812
4.457,29715
4.466,24909
4.461,39158
4.528,139044
4.495,155539
4.504,320857
4.543,17596
4.504,17349
4.49,97714
4.471,172193
4.437,120522
4.442,34676
4.428,43917
4.404,308726
4.404,284333
4.447,691020
4.437,26087
4.409,6207
4.394,11090
4.39,11600
4.394,24023
4.385,438710
4.399,270915
4.428,16477
4.428,13133
4.457,17036
4.49,52088
4.466,124094
4.471,253051
4.452,53730
4.49,10054
4.519,40441
4.524,21280
4.485,93242
4.471,700842
4.48,208076
4.48,309018
4.524,69789
4.5,67277
4.509,676087
4.567,41569
4.552,185900
4.538,331077
4.562,65146
4.595,118659
4.581,453140
4.6,101371
4.595,54255
4.614,31987
4.619,25254
4.648,58808
4.614,405484
4.571,28815
4.6,25784
4.59,13216
4.605,17655
4.624,75934
4.59,168611
4.528,225558
4.524,5041
4.552,7593
4.581,12595
4.581,27329
4.524,332493
4.495,47944
4.49,12821
4.466,49038
4.457,48472
4.447,58861
4.394,672876
4.414,100858
4.428,33265
4.428,64012
4.423,36222
4.423,151576
4.452,109119
4.452,50037
4.423,17322
4.433,12622
4.409,361861
4.524,617835
4.447,107726
4.447,68940
4.414,27371
4.423,665806
4.423,49566
4.375,63230
4.261,171206
4.241,582711
4.218,23360
4.189,20986
4.184,47986
4.165,66884
4.194,259018
4.151,53189
4.141,97805
4.131,191565
4.136,26371
4.141,197904
4.141,56872
4.17,111270
4.189,53019
4.246,136200
4.141,12913
4.189,209449
4.179,338413
4.16,182254
4.141,12010
4.17,13620
4.16,70238
4.151,140555
4.16,217547
4.122,96405
4.108,125086
4.093,26386
4.088,208678
4.06,358972
4.007,168023
3.998,225319
3.969,81402
3.974,163804
3.969,205068
3.978,78021
4.017,82772
3.983,245049
4.007,44349
3.978,120338
3.993,56100
3.993,105928
3.998,55389
3.931,51408
3.935,40757
3.911,44662
3.926,50077
3.955,54974
3.801,87033
3.763,49939
3.778,79076
3.744,44916
3.763,73933
3.749,140141
3.625,292458
3.634,587311
3.687,325809
3.72,43962
3.758,60565
3.773,193662
3.634,70176
3.639,309901
3.648,262508
3.639,143152
3.682,62162
3.701,205161
3.668,182485
3.696,52039
3.653,40369
3.663,65689
3.62,8320
3.629,70671
3.577,206812
3.558,311994
3.538,78787
3.567,27508
3.558,50225
3.51,87605
3.529,560628
3.505,38155
3.491,5396
3.5,18225
3.505,233228
3.519,30116
3.443,361713
3.429,210768
3.429,68413
3.438,44073
3.433,25385
3.448,59197
3.51,28485
3.481,19853
3.481,15848
3.472,13486
3.495,14508
3.495,43230
3.491,33993
3.486,27015
3.51,28938
3.515,23193
3.529,28277
3.529,110335
3.615,103888
3.605,63178
3.605,34304
3.605,72589
3.615,35044
3.605,53848
3.543,39944
3.558,61221
3.548,55467
3.553,13273
3.553,25173
3.543,164262
3.572,39750
3.596,13298
3.586,17950
3.582,7204
3.572,11401
3.577,13318
3.567,27040
3.553,7927
3.562,23682
3.529,17449
3.524,5405
3.51,62349
3.458,44088
3.41,60938
3.386,24994
3.376,15391
3.357,25388
3.347,152367
3.391,40055
3.396,16299
3.376,17874
3.357,42263
3.338,60883
3.338,140437
3.362,26642
3.357,17480
3.338,22337
3.333,13000
3.338,28408
3.299,35959
3.478,97394
3.444,32262
3.415,18105
3.405,22955
3.386,45634
3.381,104115
3.579,124419
3.656,375858
3.651,120763
3.608,54693
3.661,112242
3.67,100091
3.656,58389
3.656,11794
3.642,9590
3.666,27133
3.651,34210
3.661,79401
3.704,77032
3.646,61978
3.637,59334
3.656,43358
3.656,64149
3.661,170154
3.588,56129
3.617,114454
3.646,31823
3.646,33982
3.661,36445
3.67,88942
3.767,92079
3.844,123253
3.892,79682
3.907,108865
3.974,169165
3.979,245553
4.056,80234
4.095,57047
4.08,24051
4.085,24219
4.105,31590
4.124,71120
3.974,86705
3.984,23282
3.984,16994
3.965,16445
3.974,32093
3.984,45541
4.018,10572
4.037,22402
3.984,22816
3.984,46379
3.95,102915
4.066,140785
4.095,27644
4.061,30167
4.09,14647
4.109,14540
4.129,52920
4.085,67416
4.09,105935
4.177,138913
4.22,169808
4.23,24226
4.172,56181
4.191,34162
4.133,98721
4.177,49626
4.24,17220
4.235,117100
4.244,10756
4.259,77356
4.23,53747
4.302,241839
4.351,19926
4.379,41003
4.394,54421
4.408,186247
4.49,73255
4.582,99486
4.553,33891
4.568,39892
4.582,46033
4.577,264602
4.543,41559
4.563,35292
4.572,28939
4.592,15204
4.548,23825
4.558,92856
4.601,47161
4.582,10665
4.572,16838
4.548,53170
4.51,16620
4.543,68717
4.548,113092
4.625,93079
4.659,10359
4.645,39666
4.611,37726
4.587,62968
4.65,50461
4.789,85474
4.862,7452
4.881,9557
4.886,45799
4.896,31808
4.881,69302
4.785,19133
4.843,11140
4.823,13278
4.833,57911
4.847,50691
4.775,7665
4.833,7600
4.852,10585
4.857,2235
4.857,14804
4.862,69515
4.746,42661
4.775,16156
4.789,6585
4.785,5922
4.789,6650
4.799,14905
4.949,26795
4.958,18998
4.968,602
4.958,16882
4.973,4117
4.963,49803
4.968,61774
4.982,15837
4.978,6661
4.997,35672
4.997,63580
4.982,24778
5.142,89292
5.098,55290
5.098,18857
5.117,29501
5.161,21024
5.132,72376
5.084,142044
4.997,11139
5.05,77316
5.074,40961
5.113,126134
5.142,128112
5.026,103668
5.006,15645
5.006,3307
5.011,2126
5.011,6507
5.002,39312
5.064,52757
5.074,103806
5.035,21206
5.026,10169
5.016,11129
5.011,30028
4.915,39405
4.924,27450
4.9,16056
4.91,5580
4.91,11141
4.891,16923
4.92,41747
4.905,11537
4.924,30807
4.915,8517
4.915,7014
4.915,87254
4.78,56166
4.809,50538
4.77,17649
4.765,18607
4.804,9627
4.809,73260
4.794,8825
4.794,13167
4.804,10599
4.843,6906
4.833,9268
4.843,69318
4.751,48301
4.746,11063
4.785,9263
4.785,11299
4.838,6444
4.828,43841
4.857,24521
4.871,15887
4.843,6330
4.852,32836
4.852,19884
4.843,30226
4.785,28841
4.823,12259
4.833,10520
4.857,7826
4.867,6682
4.876,55539
4.838,18272
4.886,53616
4.9,2282
4.891,10125
4.896,14921
4.896,27157
4.862,20210
4.843,32595
4.843,12615
4.843,7649
4.862,10284
4.867,43393
4.804,19863
4.91,52972
5.016,6981
5.002,9588
5.006,16917
5.031,46123
5.064,40025
5.088,68389
5.117,15278
5.088,8727
5.055,34601
5.084,39581
5.248,43150
5.296,28821
5.262,14017
5.238,22783
5.224,79087
5.199,76203
5.002,10062
5.084,10948
5.127,13711
5.146,16423
5.142,3388
5.142,36970
5.156,117109
5.108,10073
5.137,4232
5.108,11068
5.098,7540
5.113,29187
5.146,99357
5.127,87822
5.127,89371
5.127,80670
5.137,106054
5.146,214222
5.291,40468
5.228,70390
5.248,31834
5.277,26495
5.272,17388
5.32,54871
5.267,68686
5.252,25858
5.199,161221
5.209,25525
5.199,57079
5.17,257223
5.137,44852
5.137,16017
5.117,15706
5.122,16428
5.117,9424
5.108,80377
5.209,20834
5.18,34626
5.209,24888
5.228,23588
5.233,23019
5.233,53684
5.209,35674
5.166,50689
5.108,37676
5.093,9777
5.117,7720
5.122,141236
5.026,47282
5.088,26875
5.069,59456
5.093,29353
5.06,32508
5.093,196228
4.992,21195
4.929,159965
4.9,23673
4.929,11959
4.924,32386
4.929,72761
4.9,58034
4.823,82398
4.924,39783
4.939,4598
4.953,4901
4.944,87520
4.949,9149
4.968,10071
4.982,6718
4.982,12951
4.973,7923
4.953,32695
4.905,10768
4.915,12467
4.9,12008
4.905,33492
4.91,14943
4.905,113035
4.789,56061
4.722,9018
4.727,5938
4.722,5446
4.727,9442
4.698,41156
4.572,30021
4.577,14666
4.539,27742
4.534,22501
4.495,5817
4.481,25567
4.601,17548
4.553,16107
4.582,4891
4.572,7400
4.568,8297
4.572,41100
4.534,4860
4.481,21911
4.529,1651
4.495,11754
4.466,27327
4.466,29309
4.544,7870
4.607,39796
4.617,14661
4.622,22181
4.632,20160
4.588,53727
4.646,29744
4.699,16438
4.796,13705
4.762,11106
4.748,7662
4.738,77571
4.724,29503
4.719,47782
4.724,48696
4.695,30096
4.665,26248
4.704,33539
4.685,60248
4.714,22249
4.709,14684
4.704,5540
4.724,9918
4.714,43066
4.646,77826
4.646,46700
4.636,84214
4.665,15510
4.68,26229
4.675,83321
4.796,33981
4.69,42478
4.602,35181
4.539,23831
4.549,46899
4.559,68633
4.68,32554
4.69,165441
4.661,28407
4.665,39050
4.665,64183
4.69,106928
4.67,24166
4.738,32006
4.738,10499
4.719,31725
4.733,23118
4.729,54472
4.68,69785
4.67,62416
4.665,29672
4.67,28045
4.67,109967
4.709,131995
4.748,57121
4.787,48005
4.719,17973
4.738,20465
4.714,36593
4.704,94510
4.753,41572
4.748,50218
4.762,26526
4.743,24728
4.704,48165
4.719,103123
4.733,20242
4.699,47194
4.714,31495
4.724,11172
4.719,9527
4.729,51636
4.792,17213
4.743,41144
4.719,23071
4.729,24972
4.738,99132
4.748,283012
4.549,25148
4.549,5156
4.52,9719
4.515,7223
4.501,11728
4.505,47817
4.442,45788
4.491,23517
4.505,12589
4.52,11706
4.53,11987
4.525,30081
4.486,35188
4.462,44376
4.471,13596
4.486,15744
4.491,9740
4.481,45043
4.564,6433
4.51,10445
4.467,3657
4.476,8695
4.471,12284
4.462,12188
4.486,11092
4.481,8732
4.501,12427
4.501,22839
4.52,12760
4.51,17489
4.501,22774
4.462,37092
4.442,35617
4.467,32701
4.476,13230
4.476,23551
4.496,29887
4.476,51839
4.476,23573
4.471,7480
4.471,6394
4.471,72221
4.467,22075
4.515,20298
4.52,12503
4.554,10701
4.544,6460
4.544,259559
4.501,53538
4.549,40659
4.568,55922
4.588,52046
4.617,32391
4.612,143236
4.646,25060
4.675,31711
4.69,25636
4.69,0
4.665,73283
4.675,16060
4.67,10427
4.661,5517
4.656,12769
4.641,51017
4.501,22354
4.471,21137
4.442,8055
4.433,12523
4.413,13752
4.404,59668
4.433,8658
4.476,12560
4.471,3590
4.462,3057
4.447,22397
4.462,25364
4.505,32562
4.549,18568
4.554,5907
4.578,17861
4.627,25261
4.656,74376
4.724,31428
4.714,20979
4.675,12874
4.665,11220
4.656,37336
4.661,73349
4.816,19529
4.879,24301
4.898,11095
4.932,25331
4.922,31880
4.932,69335
4.947,22515
4.981,34958
4.952,36133
4.961,15942
4.976,24605
4.952,81061
4.956,34168
4.986,24388
4.956,13936
4.966,4747
4.966,16016
4.952,42118
4.918,10726
4.937,5101
4.932,15329
4.942,4301
4.932,6911
4.937,28639
5.01,35668
5.063,31404
5.053,31359
5.044,21105
4.99,47740
5.01,59427
5.005,22108
4.986,15571
4.976,11139
4.986,6279
4.99,20949
4.986,52022
4.966,10697
4.884,10839
4.898,7545
4.913,2176
4.927,5798
4.922,107980
4.855,44480
4.855,40717
4.869,45400
4.845,30856
4.85,13957
4.84,154881
4.864,11937
4.816,17799
4.801,26526
4.787,33023
4.825,10664
4.801,19399
4.83,5406
4.869,3240
4.859,2205
4.859,1445
4.859,4283
4.874,30909
4.821,24519
4.787,14955
4.821,13411
4.806,8126
4.772,73556
4.787,72135
4.641,34110
4.699,21904
4.695,15655
4.695,12265
4.656,18314
4.636,73616
4.695,32693
4.675,10300
4.719,15236
4.714,23921
4.724,26378
4.724,29822
4.835,11633
4.816,18582
4.884,12834
4.874,7438
4.884,6898
4.869,50792
4.762,19130
4.704,35154
4.646,8120
4.636,7243
4.622,15390
4.636,46289
4.549,21631
4.438,20532
4.418,15580
4.442,9815
4.423,17298
4.457,48760
4.636,26990
4.573,23313
4.539,31077
4.598,5789
4.622,50465
4.598,130354
4.753,72659
4.792,67960
4.84,62106
4.845,40153
4.869,34439
4.835,129680
4.724,23148
4.719,35816
4.762,13531
4.762,9222
4.767,39150
4.758,48053
4.792,100425
4.85,74332
4.864,39373
4.874,20151
4.879,8834
4.884,147596
4.859,77232
4.855,24204
4.855,10766
4.864,8549
4.884,10526
4.898,72654
4.913,41392
4.864,23865
4.942,21950
4.927,12754
4.874,29770
4.908,29149
4.908,17672
4.922,39115
4.903,18679
4.893,27463
4.889,23244
4.903,43149
4.821,14465
4.816,9138
4.83,11641
4.864,5706
4.855,12272
4.84,19927
4.758,25626
4.772,13069
4.724,4781
4.699,10434
4.68,6903
4.661,43662
4.636,23713
4.627,21463
4.607,38136
4.598,45659
4.612,44142
4.588,50376
4.612,28817
4.622,10873
4.593,16692
4.568,17481
4.549,15397
4.53,43717
4.496,12505
4.481,14577
4.486,8878
4.496,14642
4.486,9000
4.486,27437
4.501,20565
4.505,22658
4.52,14155
4.544,17700
4.578,13629
4.573,33750
4.554,27197
4.564,12535
4.598,6435
4.593,35207
4.593,13383
4.593,57793
4.783,21128
4.798,33074
4.837,11489
4.837,4898
4.827,23000
4.803,31803
4.764,42225
4.847,50685
4.808,44835
4.778,33021
4.769,17701
4.773,59578
4.798,28103
4.637,29971
4.666,4850
4.691,7256
4.671,3428
4.691,31340
4.788,15374
4.827,36963
4.886,12373
4.856,7605
4.851,15142
4.861,31523
4.934,22595
4.925,7632
4.954,8376
4.92,9901
4.925,7087
4.93,42121
5.022,26769
5.027,50143
5.012,12485
4.998,11906
4.993,21994
4.998,38925
4.998,29538
4.964,16769
4.925,7599
4.915,7659
4.925,8613
4.92,20729
4.983,25811
4.978,34001
4.969,24382
4.949,26302
4.939,31103
4.915,95901
4.832,29944
4.754,29127
4.769,6406
4.759,22068
4.764,25440
4.759,55351
4.744,24500
4.71,16427
4.7,16490
4.72,13327
4.715,3558
4.705,41939
4.661,18542
4.647,15627
4.652,8024
4.632,7623
4.617,20801
4.637,24366
4.691,17208
4.691,6310
4.647,10173
4.647,29186
4.666,20053
4.656,80060
4.647,66665
4.666,22573
4.676,17997
4.695,18218
4.686,13290
4.656,55737
4.744,46552
4.783,76012
4.793,22161
4.773,31532
4.764,60841
4.793,234237
4.851,33329
4.817,40146
4.793,12514
4.793,14377
4.793,9635
4.793,78418
4.856,27289
4.92,26305
4.9,68558
4.92,9678
4.92,24651
4.9,60690
5.008,78861
5.056,49141
5.022,35666
5.003,27031
5.017,31537
5.017,143557
5.042,13816
5.047,32941
5.081,13056
5.1,11457
5.115,14290
5.12,46508
5.1,25484
5.032,22459
5.022,13721
5.027,12457
5.037,18014
5.042,59069
5.09,6122
5.139,26736
5.139,9480
5.164,26550
5.159,58502
5.12,48249
4.905,9662
4.934,68310
4.895,37365
4.915,12230
4.925,24728
4.905,51915
4.944,13610
4.934,13407
4.895,21258
4.9,9627
4.895,11478
4.881,40100
4.808,15396
4.73,10845
4.769,18397
4.769,16442
4.739,21479
4.72,73077
4.739,29917
4.73,40273
4.676,11254
4.652,13014
4.642,19076
4.632,70970
4.564,15057
4.505,12083
4.466,24655
4.437,21013
4.437,28476
4.466,53497
4.437,28082
4.413,16279
4.447,10989
4.447,9639
4.447,20865
4.471,78126
4.525,21536
4.466,40717
4.437,8347
4.427,18617
4.408,21649
4.422,53823
4.305,47677
4.266,78289
4.262,24893
4.242,21529
4.242,8718
4.232,25387
4.237,16955
4.301,27669
4.33,10651
4.315,9624
4.31,21346
4.335,61330
4.305,25887
4.262,44079
4.296,95912
4.266,32668
4.247,59701
4.262,137237
4.291,18196
4.271,9463
4.262,2591
4.266,8996
4.296,4716
4.315,53618
4.379,31883
4.398,26643
4.466,43704
4.466,23580
4.505,19530
4.496,59662
4.613,20217
4.603,12844
4.608,28166
4.559,18411
4.583,4369
4.598,96105
4.632,9659
4.676,20474
4.691,9810
4.681,12987
4.666,28200
4.686,59828
4.793,36611
4.769,23812
4.769,9397
4.788,10663
4.769,19612
4.798,64914
4.773,41841
4.773,25399
4.769,7833
4.759,6133
4.73,13095
4.749,31347
4.886,61054
5.003,39538
5.032,22557
5.032,43026
5.027,12188
5.012,58994
5.008,80560
4.988,49091
5.017,12936
5.022,25207
5.008,21704
5.027,52352
5.129,42741
5.115,40397
5.173,17398
5.134,23229
5.129,17296
5.144,102160
5.251,40209
5.207,22169
5.193,15724
5.203,15632
5.203,37703
5.178,46008
5.173,27665
5.173,44122
5.183,73264
5.227,40274
5.237,32090
5.212,58165
5.334,368606
5.305,86576
5.281,37719
5.246,27272
5.242,11502
5.246,125033
5.129,81824
5.207,87422
5.256,54739
5.256,61294
5.256,35703
5.237,103637
5.29,35482
5.276,27469
5.256,13193
5.266,10289
5.281,13925
5.266,27859
5.315,44939
5.261,32271
5.261,17585
5.251,23850
5.237,10083
5.227,53638
5.1,63980
5.071,42760
5.076,18242
5.09,22879
5.095,15217
5.115,122684
5.125,38071
5.081,36151
5.032,53716
5.003,21309
5.071,42214
5.134,101449
5.188,37152
5.154,25404
5.168,15729
5.164,13840
5.159,37872
5.144,96807
5.159,32279
5.134,48651
5.125,22577
5.105,40098
5.095,25308
5.081,67621
5.09,32676
5.105,12009
5.086,19791
5.095,12295
5.11,39151
5.095,88491
5.168,114706
5.129,71171
5.1,73380
5.154,60039
5.168,135555
5.168,116006
5.334,46058
5.354,22982
5.363,32693
5.417,43185
5.441,34617
5.461,91801
5.349,27630
5.368,52661
5.402,17624
5.393,22268
5.363,20754
5.363,75919
5.139,47391
5.164,40527
5.178,24254
5.178,29257
5.237,25888
5.237,175543
5.207,30065
5.139,20043
5.129,19024
5.12,19270
5.11,14863
5.081,75802
5.339,93585
5.417,49164
5.359,45569
5.349,44953
5.324,61666
5.295,118633
5.11,19648
5.1,14538
5.149,35545
5.095,12006
5.042,38456
5.022,30532
5.012,22797
5.071,19790
5.125,27150
5.081,28023
5.081,19953
5.032,61021
5.203,18052
5.168,16910
5.183,20548
5.198,19791
5.212,153361
5.183,96223
5.154,30427
5.183,12038
5.164,7509
5.154,4995
5.144,10642
5.164,89122
5.305,52939
5.383,35158
5.344,19739
5.334,13670
5.324,26849
5.349,51674
5.222,84799
5.256,74777
5.222,12771
5.237,20507
5.227,39467
5.207,120516
5.159,60171
5.149,8275
5.173,20978
5.164,18356
5.178,14671
5.193,57683
5.378,36972
5.402,21233
5.363,37747
5.368,20078
5.334,32669
5.324,41704
5.354,19604
5.373,20314
5.363,12678
5.373,13081
5.378,17958
5.388,43301
5.48,24095
5.451,14099
5.451,20244
5.451,0
5.519,54209
5.495,34654
5.5,16857
5.51,14821
5.568,15504
5.578,62799
5.632,38998
5.695,29535
5.739,24922
5.724,26454
5.734,38201
5.724,53528
5.685,85319
5.72,13077
5.681,13377
5.7,7787
5.725,12402
5.72,37571
5.71,31022
5.71,34376
5.73,16197
5.73,17651
5.73,8752
5.759,32264
5.798,53103
5.759,52825
5.783,45086
5.808,8417
5.828,26897
5.793,70474
5.72,34215
5.661,34791
5.739,71293
5.759,51621
5.71,65413
5.769,164762
5.7,60104
5.676,21623
5.661,8846
5.676,8750
5.671,25306
5.72,47714
5.734,51581
5.783,54858
5.769,27807
5.769,5571
5.774,14599
5.779,32355
5.695,25405
5.744,24659
5.734,17805
5.72,10425
5.715,14534
5.7,31692
5.641,52437
5.666,22629
5.617,96779
5.597,40008
5.588,10282
5.607,43982
5.524,82244
5.583,56958
5.583,44299
5.573,34226
5.597,46951
5.602,67494
5.543,64152
5.543,39487
5.534,57327
5.485,26604
5.485,37692
5.514,71185
5.553,18832
5.592,58132
5.583,11985
5.568,12944
5.583,58132
5.739,118697
6.063,117160
6.072,91521
6.063,76102
6.023,46926
6.004,53346
5.979,70520
5.95,17482
5.994,19128
5.989,8936
6.004,20016
5.94,18744
5.935,115423
5.906,46887
5.852,44336
5.886,31483
5.906,34766
5.886,39515
5.891,108229
6.058,34233
6.097,29643
6.082,55661
6.038,66125
6.023,15474
6.038,89673
6.058,52022
6.009,19123
5.989,9677
6.009,8826
5.999,13256
5.93,80783
6.004,32624
5.994,36399
5.999,28494
5.984,21570
5.97,15981
5.984,75833
6.18,26797
6.102,13254
6.077,16802
6.102,28651
6.072,11014
6.058,66456
6.023,42775
6.023,5847
6.033,4338
6.033,2572
6.018,5905
6.023,19229
6.082,45362
6.131,6994
6.156,4116
6.141,5597
6.116,12923
6.092,21067
6.102,10695
6.043,13588
6.014,33376
5.979,7514
5.984,14148
5.984,34493
5.925,15088
5.916,28517
5.906,11156
5.911,6251
5.935,16584
5.945,38644
5.974,12541
5.828,11750
5.847,10602
5.842,22126
5.828,26163
5.803,89665
5.632,25821
5.602,59712
5.563,48067
5.573,49608
5.617,56739
5.622,73722
5.622,39560
5.681,52050
5.69,15891
5.661,8386
5.651,24553
5.651,35910
5.7,92557
5.671,17565
5.607,24849
5.592,18549
5.641,5659
5.602,48711
5.568,13537
5.602,34834
5.602,15950
5.583,5714
5.553,13068
5.558,86071
5.485,32906
5.446,14808
5.485,15519
5.465,17830
5.465,27156
5.465,72637
5.46,28792
5.475,14247
5.465,50542
5.495,40207
5.495,37276
5.514,63298
5.529,82163
5.48,43803
5.441,45597
5.46,26383
5.485,19628
5.519,70431
5.774,37675
5.769,43544
5.744,63613
5.734,33093
5.769,48711
5.744,60161
5.607,64550
5.676,57434
5.612,33142
5.573,23317
5.548,30998
5.553,108929
5.323,40982
5.343,56887
5.304,32831
5.318,16484
5.328,20779
5.333,93915
5.318,32013
5.294,17063
5.304,11946
5.308,29897
5.323,15487
5.308,43218
5.328,13735
5.328,12536
5.284,44009
5.299,10022
5.289,52801
5.304,45840
5.289,13878
5.323,25434
5.338,59217
5.328,9302
5.348,19953
5.338,31899
5.338,128263
5.318,16577
5.323,24674
5.308,6224
5.338,51381
5.416,131642
5.392,148333
5.279,128109
5.338,27174
5.352,32795
5.333,35841
5.323,62019
5.465,23291
5.48,33523
5.45,32870
5.441,19324
5.421,16673
5.441,73492
5.436,41481
5.441,13948
5.446,11078
5.416,10008
5.431,6862
5.426,22407
5.401,25602
5.387,13521
5.421,19372
5.446,23631
5.436,19103
5.431,45503
5.48,45404
5.392,28806
5.421,14228
5.406,9249
5.416,13568
5.411,24175
5.514,25712
5.534,21974
5.455,12672
5.465,10386
5.47,51753
5.475,90143
5.524,66386
5.543,14850
5.627,23137
5.597,15183
5.612,17571
5.592,52123
5.421,40649
5.406,58425
5.367,32792
5.362,31221
5.377,17625
5.387,51698
5.299,120804
5.259,39217
5.264,11460
5.264,15784
5.279,16727
5.304,64759
5.289,29970
5.323,26818
5.318,23617
5.328,30441
5.357,27766
5.338,71569
5.328,24946
5.289,18515
5.279,13446
5.274,2998
5.279,16163
5.284,42967
5.235,28109
5.24,16562
5.22,10895
5.235,20326
5.23,14942
5.23,44411
5.162,43566
5.098,18948
5.098,22763
5.113,19930
5.103,36777
5.064,44221
5.088,59644
5.083,24733
5.127,18420
5.122,20768
5.127,19905
5.142,91997
4.907,51702
4.882,126160
4.868,24312
4.863,21337
4.833,25377
4.799,77104
4.838,21653
4.858,24718
4.868,23472
4.887,23736
4.858,35767
4.873,136649
5.201,68072
5.127,63572
5.068,49887
5.044,38788
5.019,41163
5.019,95700
5.01,31241
5.019,28235
4.975,22683
4.985,26483
4.985,70679
5.01,100177
5.024,25760
4.995,32361
4.975,10980
5,25216
4.975,30159
4.975,64960
4.887,27597
4.829,29368
4.863,26090
4.829,7446
4.838,12933
4.873,63410
4.848,64465
4.838,57204
4.814,30913
4.824,21710
4.789,10171
4.799,38979
4.804,71998
4.829,29964
4.868,5419
4.868,13012
4.887,12429
4.897,58997
4.848,24089
4.838,20052
4.809,22121
4.809,19730
4.819,3239
4.809,95519
4.848,45604
4.838,55194
4.799,21829
4.804,44519
4.804,49262
4.784,61093
4.731,24770
4.721,21112
4.696,3878
4.691,10020
4.667,10758
4.677,41798
4.809,16681
4.799,7491
4.789,8521
4.829,4586
4.833,17451
4.819,37410
4.824,258649
4.917,75187
4.902,40183
4.931,19848
4.961,14245
4.936,54609
5.064,54609
5.103,53117
5.142,52512
5.142,26306
5.147,28449
5.186,97754
5.294,213313
5.206,40537
5.186,49169
5.176,23181
5.147,63301
5.112,258940
5.294,53425
5.285,15725
5.294,31924
5.289,30013
5.265,83235
5.25,185755
5.344,70794
5.344,27175
5.324,17800
5.334,29293
5.299,17671
5.314,89238
5.314,26139
5.304,116820
5.314,58598
5.334,28440
5.309,39964
5.314,49410
5.309,77380
5.427,39321
5.462,22210
5.472,39645
5.496,35884
5.511,137570
5.329,78777
5.324,24242
5.363,71656
5.378,12670
5.368,54977
5.349,86722
5.565,66211
5.599,43255
5.604,64713
5.639,23708
5.619,13335
5.619,45872
5.521,33498
5.531,14838
5.511,8969
5.521,12945
5.54,26080
5.531,63168
5.54,49248
5.595,16261
5.565,12027
5.555,19349
5.55,13354
5.57,96697
5.56,7359
5.565,39520
5.604,5659
5.599,4500
5.595,8222
5.58,49127
5.452,45518
5.472,12085
5.481,6685
5.511,12743
5.462,38952
5.467,70545
5.472,16678
5.462,9693
5.467,5375
5.462,28920
5.452,72204
5.678,54521
5.826,143025
5.639,18655
5.585,23683
5.624,60089
5.624,111672
5.629,144072
5.713,145513
5.644,15515
5.619,4094
5.609,6253
5.604,15889
5.595,106178
5.688,13468
5.693,17864
5.654,8532
5.673,6923
5.639,7134
5.634,33255
5.683,36653
5.673,62355
5.644,5881
5.659,5812
5.654,10278
5.639,36938
5.727,17265
5.727,11034
5.718,14698
5.737,18208
5.757,5338
5.782,53566
5.86,23387
5.929,40871
5.978,84586
6.028,49608
6.032,33854
6.037,107218
6.185,59549
6.072,21520
6.091,18414
6.072,27892
6.072,24055
6.062,40402
6.106,40757
6.106,51759
6.087,15566
6.106,16456
6.116,29764
6.141,52839
6.219,58118
6.259,19444
6.283,12528
6.308,22524
6.338,19881
6.328,65282
6.244,83385
6.259,72090
6.254,26890
6.244,38385
6.278,71938
6.259,128373
6.195,88743
6.288,152659
6.313,74717
6.406,102447
6.323,78989
6.288,77697
6.264,175450
6.338,31259
6.318,12115
6.318,10218
6.333,89668
6.328,62004
6.357,85883
6.387,35741
6.362,11530
6.362,17248
6.333,25633
6.342,83297
6.274,31488
6.323,13452
6.269,14132
6.259,20679
6.278,18107
6.229,48332
6.303,52312
6.239,19852
6.318,9930
6.342,12372
6.347,13977
6.372,38193
6.579,211173
6.677,65033
6.48,42474
6.362,39480
6.338,45414
6.278,60036
6.323,71780
6.269,31922
6.288,33918
6.274,19155
6.293,24377
6.303,42222
6.18,78508
6.21,41000
6.234,6952
6.288,27038
6.229,22475
6.298,96300
6.397,43102
6.377,32257
6.308,20436
6.259,5989
6.347,10734
6.328,49292
6.377,37866
6.392,28520
6.362,73407
6.411,75411
6.431,108055
6.377,75470
6.579,51154
6.593,36627
6.652,51563
6.682,58241
6.692,69478
6.648,150431
6.397,40930
6.441,64509
6.347,44743
6.362,21004
6.338,32664
6.382,106308
6.411,32514
6.446,19971
6.401,22862
6.441,18800
6.456,22362
6.446,103151
6.431,23981
6.475,46556
6.431,9935
6.465,8341
6.465,10347
6.475,35334
6.392,276820
6.51,82094
6.579,118220
6.584,9232
6.628,14781
6.648,35919
6.716,21929
6.652,19924
6.667,6854
6.638,11306
6.662,8069
6.662,31969
6.643,26674
6.707,9825
6.687,16784
6.716,7806
6.707,42290
6.731,46682
6.529,69861
6.436,49832
6.446,29770
6.421,31573
6.421,60504
6.387,54106
6.406,133605
6.362,15719
6.357,10828
6.362,6745
6.367,42571
6.584,107283
6.382,34040
6.505,16600
6.446,5664
6.436,13309
6.48,22860
6.485,38568
6.495,10306
6.416,13926
6.446,37541
6.48,15255
6.485,19870
6.461,42698
6.662,20307
6.623,16403
6.618,13077
6.628,12889
6.652,14638
6.657,68514
6.648,23421
6.613,18903
6.623,7259
6.603,16497
6.618,23414
6.613,86473
6.884,141191
7.031,45350
7.007,28444
7.012,33338
6.967,24033
6.977,50746
7.199,45208
7.302,73874
7.302,23977
7.312,28820
7.371,37589
7.42,79363
7.528,139949
7.528,44596
7.494,19863
7.523,34967
7.528,19382
7.479,141151
7.548,22312
7.499,55671
7.484,25599
7.474,31611
7.445,16841
7.445,26220
7.651,68679
7.607,40861
7.592,15658
7.622,13920
7.637,12513
7.646,34170
7.632,31697
7.691,28072
7.7,9832
7.75,6990
7.774,14287
7.755,62512
7.681,27715
7.691,18227
7.76,25213
7.76,25174
7.76,45960
7.774,108352
7.848,75107
7.878,28640
7.809,12519
7.799,12854
7.828,25366
7.858,90754
7.917,10498
7.961,20379
7.981,4466
7.951,6937
8.01,45583
8.02,57348
7.961,134277
7.986,80767
7.991,39157
7.996,52069
8.025,44214
8.04,59473
7.897,224181
7.794,59438
7.878,31614
7.902,33536
7.897,100863
7.804,123369
7.887,50597
7.755,5669
7.823,9964
7.779,17404
7.705,55377
7.755,72992
7.932,34619
7.902,16848
7.868,14161
7.887,10687
7.887,60192
7.897,50564
8.001,24396
8.035,10136
8.094,29020
8.074,49917
8.05,42483
8.06,67998
7.947,43178
7.956,13975
7.912,11047
7.922,7012
7.912,10578
7.853,22770
7.997,19973
7.967,13412
7.992,10135
8.036,3901
7.987,5551
8.007,16751
8.056,19542
7.937,9623
7.903,5389
7.908,4817
7.928,11698
7.947,32109
7.987,21499
7.977,5284
7.962,4887
7.928,6129
7.957,15782
7.957,21753
7.612,44754
7.587,25739
7.612,90501
7.567,52544
7.562,87743
7.562,105040
7.646,31203
7.735,39939
7.74,41357
7.735,18307
7.765,16069
7.775,61423
7.701,11367
7.75,26191
7.868,5347
7.863,7607
7.844,9893
7.878,35118
7.469,29034
7.424,68776
7.34,28083
7.35,25892
7.34,31892
7.33,70261
7.237,32037
7.325,14933
7.394,12342
7.409,19443
7.38,37240
7.394,39930
7.33,24745
7.365,12545
7.306,20636
7.36,19571
7.409,19316
7.444,30099
7.503,19531
7.454,34117
7.518,4573
7.508,7918
7.394,32592
7.439,50151
7.37,12224
7.38,17712
7.251,33652
7.291,14957
7.33,7281
7.325,22936
7.241,51237
7.266,12410
7.261,13364
7.286,13563
7.296,25154
7.306,57821
7.167,54602
7.192,35798
7.177,28066
7.232,10538
7.266,50798
7.291,110631
7.35,35917
7.34,33706
7.375,16770
7.385,36888
7.419,21809
7.434,75627
7.538,58934
7.656,59433
7.592,20371
7.607,28891
7.602,43089
7.622,124767
7.459,58533
7.454,22932
7.478,29621
7.473,36591
7.464,50788
7.483,100646
7.582,18202
7.552,8021
7.503,11455
7.533,8289
7.543,10921
7.557,27367
7.543,22240
7.577,18823
7.597,11376
7.552,23292
7.528,7971
7.543,34871
7.577,49145
7.631,19758
7.622,17732
7.631,15852
7.646,29280
7.681,22935
8.021,80772
8.081,128606
8.081,71508
8.105,37852
8.15,72766
8.214,159698
8.258,48610
8.115,30607
8.155,31685
8.16,14729
8.16,30548
8.12,50358
8.278,77558
8.248,26284
8.165,17425
8.13,11028
8.155,15267
8.135,22459
8.199,19294
7.977,51170
7.834,40344
7.809,17819
7.829,17667
7.824,42380
8.179,48959
8.204,18938
8.234,34755
8.234,0
8.377,44040
8.347,14677
8.357,18370
8.397,24299
8.416,15116
8.416,35382
8.337,19277
8.298,39849
8.283,13764
8.337,6231
8.377,20113
8.416,56772
8.53,22339
8.441,14559
8.51,12074
8.52,8220
8.485,10619
8.466,55555
8.703,123857
8.747,81718
8.801,26563
8.777,25678
8.757,18565
8.791,111013
8.875,29708
8.954,26560
8.959,43474
9.009,54140
9.004,20882
9.038,46358
9.009,30064
9.088,17104
9.078,13398
9.142,7163
9.122,8243
9.132,24140
9.097,25341
9.132,28908
9.073,26475
9.083,23264
9.053,13483
9.078,34447
9.078,24391
9.167,93742
9.201,11501
9.162,7587
9.112,22562
9.157,71120
9.226,45798
9.083,27648
9.058,25878
9.018,12362
8.974,10559
8.974,48528
8.841,39560
8.935,31271
8.826,15889
8.831,11912
8.821,9722
8.791,35251
8.673,38412
8.762,21257
8.757,6890
8.742,10928
8.732,5289
8.747,27526
8.688,32424
8.678,30291
8.737,19953
8.757,22857
8.767,25843
8.796,48373
8.801,11484
8.841,10971
8.846,18813
8.905,16917
8.9,7074
8.895,21315
8.944,104190
9.083,9426
9.009,29643
8.935,43585
8.826,34052
8.826,73333
8.352,141909
8.352,51708
8.416,34842
8.431,86422
8.485,95696
8.49,69798
8.55,31703
8.505,19755
8.525,8020
8.54,7940
8.535,9359
8.51,33771
8.604,26239
8.495,16246
8.53,19429
8.535,14589
8.55,6269
8.554,31899
8.614,27109
8.55,22599
8.52,8475
8.589,11841
8.614,12292
8.629,41603
8.777,45195
8.836,33709
8.846,17013
8.856,21766
8.831,26364
8.91,110593
9.028,69950
8.87,47361
8.841,150544
8.915,69049
8.93,99522
8.925,171936
9.221,322694
8.772,100198
8.579,147741
8.599,191602
8.574,97166
8.535,345910
7.977,133726
8.194,34861
8.288,71896
8.194,25732
8.219,43166
8.209,101262
8.406,54857
8.505,51109
8.401,57528
8.446,30559
8.53,53298
8.495,146288
8.456,57125
8.352,36377
8.253,33688
8.244,44532
8.095,50554
8.002,142453
8.095,66766
8.204,40494
8.318,26414
8.273,36077
8.382,18854
8.382,129788
8.327,41419
8.401,32650
8.382,31102
8.372,21003
8.342,26612
8.357,85578
8.569,101098
8.569,69427
8.708,52600
8.658,14275
8.772,31352
8.782,84473
8.87,66640
8.935,38796
8.885,15446
8.925,41014
8.865,30550
8.89,87045
8.801,44398
8.856,21808
8.786,38722
8.831,12892
8.791,32920
8.88,83123
8.693,64130
8.777,56782
8.811,40504
8.786,66334
8.782,51614
8.846,118918
8.925,84716
8.895,35250
8.94,56063
8.944,37415
8.954,123065
8.984,198687
9.117,47724
9.117,67779
9.147,30801
9.172,62564
9.221,61940
9.226,115899
9.369,135895
9.334,72121
9.26,55029
9.28,49880
9.25,52348
9.255,147639
9.097,102666
9.053,128263
9.172,96253
9.132,49648
9.152,42808
9.152,224036
8.939,107396
8.994,81318
8.989,68594
8.999,79582
8.929,47892
8.929,168826
9.004,49721
9.048,34150
9.043,28940
9.053,15277
9.048,13002
9.014,77941
9.019,58703
8.989,54275
8.964,79920
8.989,33567
8.989,29602
8.979,113099
8.84,75246
8.806,100843
8.791,110706
8.816,72668
8.816,90792
8.825,146643
8.687,93262
8.682,51410
8.647,28271
8.652,23958
8.642,44044
8.682,108057
8.89,75234
8.91,46319
8.89,48840
8.885,20172
8.939,36370
8.89,102252
8.959,38621
8.92,31601
8.88,16346
8.86,15095
8.865,11151
8.87,93572
8.504,84625
8.434,75785
8.469,55645
8.429,50527
8.415,49737
8.464,235927
8.449,134779
8.558,59907
8.578,16812
8.593,20983
8.578,44890
8.514,90991
8.672,101701
8.687,88049
8.613,35657
8.642,37325
8.677,39647
8.652,115437
8.538,94286
8.395,35034
8.345,34554
8.301,54366
8.291,59966
8.271,184397
8.41,34106
8.425,15570
8.434,17796
8.444,31282
8.425,8299
8.444,71442
8.637,112603
8.697,177583
8.726,91581
8.771,80659
8.801,122892
8.915,250358
8.88,55599
8.855,21314
8.959,26018
8.949,43265
8.994,53362
8.999,82735
9.345,205213
9.509,124570
9.499,56101
9.672,40793
9.697,69019
9.667,276583
9.919,72215
9.81,49249
9.865,91551
9.781,44749
9.731,48903
9.697,152313
9.469,136435
9.281,107229
9.231,86251
9.261,57396
9.296,66394
9.32,255125
9.276,124168
9.33,167213
9.212,84418
9.306,89446
9.266,52637
9.276,239287
9.187,85479
9.127,97427
9.098,39768
9.122,49304
9.147,257915
9.301,287653
9.197,110735
9.212,115936
9.241,98727
9.241,92819
9.212,95039
9.192,251869
9.419,165859
9.518,130255
9.479,157193
9.429,160492
9.37,225187
9.375,885478
9.682,153741
9.746,149329
9.672,45132
9.622,26198
9.603,37396
9.573,196176
9.568,53074
9.652,51167
9.632,57878
9.672,32673
9.672,33049
9.692,167519
9.82,106898
9.707,30605
9.667,36772
9.608,27660
9.632,31732
9.608,238381
9.652,164374
9.672,117296
9.756,62539
9.771,51034
9.711,40988
9.707,224209
9.593,74767
9.499,60410
9.474,35780
9.469,16727
9.439,29486
9.414,191210
9.325,94388
9.281,48038
9.276,37671
9.271,57895
9.246,100128
9.251,120078
9.454,85808
9.36,40595
9.365,39327
9.37,22116
9.355,21303
9.39,110467
9.593,68124
9.563,47441
9.583,12467
9.538,24648
9.563,19335
9.603,171501
9.543,148669
9.385,71911
9.41,53554
9.434,43560
9.419,57614
9.439,110270
9.335,144841
9.385,119201
9.385,82606
9.355,89302
9.34,70564
9.306,146056
9.187,31885
9.187,15428
9.202,22534
9.221,19720
9.226,176938
9.187,121839
9.226,93844
9.236,67114
9.251,78650
9.281,67717
9.271,38599
9.296,96340
9.217,41299
9.192,73557
9.276,32317
9.221,29019
9.306,29339
9.281,90024
9.528,70154
9.523,93079
9.553,56119
9.603,42255
9.702,53268
9.716,125170
9.801,20964
9.761,42306
9.751,30614
9.751,27690
9.741,41031
9.741,116807
9.726,43197
9.652,31083
9.672,33785
9.672,10871
9.702,15442
9.721,100716
9.756,73941
9.835,77968
9.855,30821
9.85,26210
9.83,17741
9.825,177567
9.944,46520
9.919,21166
9.909,18149
9.969,38557
9.989,26676
9.989,114754
10.12,174043
10.16,192540
10.17,66633
10.15,49960
10.12,28013
10.08,151310
10.26,58735
10.35,52565
10.43,88768
10.46,53731
10.43,17949
10.47,145963
10.63,102856
10.51,87244
10.49,68231
10.48,36323
10.45,40166
10.41,100107
10.51,104521
10.56,107477
10.55,58082
10.62,56103
10.56,29839
10.53,107443
10.54,167045
10.57,156423
10.48,100950
10.53,84812
10.53,83008
10.56,132999
10.6,201502
10.51,201198
10.43,243027
10.47,180554
10.54,182499
10.62,364196
10.55,97399
10.51,39892
10.41,42577
10.45,32882
10.42,40504
10.41,104749
10.37,89173
10.42,51812
10.4,43325
10.42,40161
10.36,21988
10.35,89636
10.31,56845
10.4,53806
10.39,38338
10.44,37010
10.51,40275
10.57,77578
10.46,74316
10.42,260062
10.39,106213
10.36,169824
10.43,242254
10.37,202255
10.01,78760
9.855,62944
9.895,54514
9.989,53423
9.994,62758
10.04,108849
10.05,147875
10.1,85370
10.02,47297
10.01,50117
9.974,77851
9.944,142773
10,36896
9.984,38840
9.865,37210
9.909,5361
9.875,29726
9.835,102327
9.999,72550
9.949,90582
9.939,67285
9.969,59531
9.949,67661
9.9,191585
9.741,320743
9.865,179829
9.776,127212
9.85,135458
9.81,146774
9.751,249821
10.13,255765
10.27,193390
10.19,151944
10.36,115395
10.37,131271
10.4,310819
10.38,190173
10.29,121251
10.26,169452
10.26,123089
10.22,143667
10.28,152777
9.741,126317
9.504,239257
9.385,134049
9.32,164420
9.36,336512
9.454,296295
9.306,101359
9.256,72665
9.246,90494
9.192,81881
9.246,165915
9.34,406067
9.33,66422
9.301,70326
9.212,87904
9.207,61272
9.177,127803
9.207,183114
9.311,84268
9.291,83564
9.291,46464
9.266,63866
9.271,48810
9.335,153878
9.251,77622
9.207,89562
9.142,41388
9.147,34000
9.118,73850
9.122,159466
9.603,129200
9.632,118371
9.682,46863
9.573,109424
9.608,173502
9.622,268655
9.711,177108
9.761,126917
9.86,152294
9.801,89930
9.776,108753
9.855,166540
9.796,55325
9.87,68583
9.875,37239
9.9,29465
9.82,66988
9.85,100179
9.85,112149
9.885,88582
9.85,32688
9.89,83676
9.895,66659
9.895,242281
10.02,76191
10.07,48469
10.06,46460
10.08,31203
10.13,51298
10.14,112296
9.756,71664
9.677,55612
9.682,31372
9.707,40095
9.711,41074
9.781,180931
9.692,68472
9.766,34980
9.81,16557
9.761,6050
9.791,46009
9.845,158096
10.03,48438
9.88,46736
9.855,46549
9.806,38396
9.781,15466
9.731,142444
9.915,81008
9.836,128293
9.677,241268
9.677,0
9.424,50219
9.513,38383
9.563,72444
9.503,27312
9.538,33567
9.543,143905
9.726,28603
9.836,47747
9.925,37745
9.945,35986
9.925,42064
9.875,103446
9.885,23404
9.989,57801
9.975,29844
9.925,27737
9.87,19171
9.865,104692
9.855,41776
9.826,42729
9.806,36733
9.776,40753
9.855,18559
9.831,122558
9.712,42221
9.746,38857
9.741,27462
9.657,23870
9.682,5981
9.687,107616
9.975,48302
9.93,52458
10.01,55292
9.94,32905
9.96,33461
9.895,130028
10,50185
9.994,54097
10.07,70824
10.09,81683
9.999,56120
10.01,145236
10.24,128544
10.26,47862
10.33,43014
10.37,30352
10.35,54037
10.42,161191
10.16,103647
10.1,53983
10.09,37899
10.08,26527
10.06,37186
10.03,116108
9.796,110314
9.692,36192
9.667,30304
9.692,32758
9.736,27046
9.687,96178
9.657,43556
9.657,53178
9.667,39283
9.682,55931
9.687,67157
9.697,164940
9.453,60216
9.444,64840
9.488,74103
9.563,74722
9.553,50596
9.553,139738
9.439,39191
9.419,68387
9.349,36423
9.379,24386
9.349,117817
9.151,290319
9.076,72109
9.022,95961
8.982,53116
9.002,74025
9.076,50029
8.992,164508
9.141,60146
9.25,90848
9.24,33906
9.24,55695
9.22,42505
9.195,175253
9.101,22193
9.23,31191
9.295,98112
9.329,119646
9.329,0
9.339,25735
9.364,11419
9.31,15353
9.349,4827
9.364,22116
9.324,48140
9.27,27389
9.26,19787
9.215,22510
9.21,10245
9.235,17843
9.28,67769
9.047,14504
8.992,13705
9.027,8290
9.106,11941
9.161,33761
9.131,103951
9.171,41074
9.2,37091
9.171,46390
9.181,31682
9.181,19766
9.23,102741
9.493,34341
9.558,98354
9.726,92072
9.687,59364
9.702,196519
9.731,320988
9.751,58136
9.677,58404
9.677,54354
9.702,36832
9.746,46463
9.687,116576
9.756,95627
9.776,81681
9.736,37288
9.717,41439
9.647,22441
9.632,83186
10.02,51873
9.846,32643
9.91,19785
9.875,62819
9.826,40660
9.836,231832
9.791,120171
9.905,100677
10.14,102900
10.01,198655
10.07,178372
10.23,211133
10.48,133487
10.33,88085
10.38,63977
10.4,84715
10.34,85658
10.32,227959
10.09,104221
10.03,91330
9.965,93387
10.01,76797
10.02,97134
10,232206
10.14,89007
10.34,63694
10.32,62700
10.36,92578
10.48,48700
10.47,103353
10.51,108503
10.43,83141
10.5,54441
10.54,52610
10.61,108327
10.6,164369
10.48,150312
10.41,112267
10.39,106858
10.3,102684
10.17,51378
10.21,252691
10.12,51758
10.22,57961
10.32,71499
10.31,85744
10.23,47728
10.17,118313
10.56,61616
10.62,40550
10.67,51378
10.59,24938
10.64,32490
10.57,166048
10.51,89067
10.5,87605
10.56,32631
10.62,34181
10.68,47684
10.62,117319
10.32,60379
10.23,83688
10.3,45093
10.42,62593
10.38,89539
10.33,229198
10.56,78913
10.55,63522
10.58,46796
10.57,48537
10.54,103312
10.52,188387
10.57,98820
10.58,158321
10.5,118425
10.49,122356
10.5,57833
10.52,240861
10.5,113697
10.5,81108
10.55,116339
10.67,93918
10.78,46814
10.81,184608
11.15,184507
11.01,67785
10.97,35349
10.9,83313
10.95,97394
10.94,148192
11.38,123073
11.54,60457
11.41,134521
11.41,83340
11.44,80606
11.38,203634
11.47,97301
11.5,60149
11.4,60331
11.37,59318
11.25,42090
11.23,126867
11.48,126581
11.39,50398
11.38,31544
11.4,19700
11.42,35801
11.42,106771
11.51,106791
11.34,114355
11.39,80288
11.38,90411
11.43,58765
11.44,120136
11.74,198762
11.9,90962
11.8,52498
11.79,71113
11.8,49591
11.7,181530
11.65,59192
11.78,89060
11.77,75049
11.77,68676
11.75,75144
11.68,189073
11.77,61602
11.82,82370
11.73,49089
11.83,39794
11.79,48312
11.78,123227
11.98,84849
12.08,100229
12.03,45568
11.93,22021
11.91,38980
12.01,123625
11.86,238370
12.08,207372
12.06,177781
12.1,82474
12.1,114578
12.05,195719
11.87,159327
11.97,57553
12.03,62591
12.16,40905
12.11,86618
12.06,190236
11.53,184470
11.47,86259
11.31,50780
11.27,41857
11.38,61154
11.43,151017
11.21,129757
11.23,105216
11.24,46514
11.2,58642
11.23,68271
11.18,151540
11.18,59969
11.18,63028
11.15,51631
11.22,76183
11.15,55255
11.22,131724
11.27,76123
11.19,60853
11.21,112190
11.16,101378
11.3,69367
11.31,245859
11.35,69210
11.42,109433
11.6,64528
11.5,42188
11.47,63179
11.5,113568
11.16,82805
11.08,63725
11.07,55165
11.02,95171
11.08,46792
10.92,201754
10.83,137936
10.8,184609
10.93,40421
10.97,14988
11,52376
11.03,113546
10.62,127597
10.51,84878
10.5,52055
10.57,101209
10.6,26246
10.64,150646
10.72,81944
10.89,63845
10.9,95735
10.92,58109
10.87,36580
10.93,138357
10.7,73536
10.74,39777
10.79,77103
10.76,79093
10.74,121135
10.57,261536
10.32,64838
10.57,86604
10.45,123073
10.44,89914
10.45,37146
10.54,215608
10.86,78844
10.89,71840
10.91,77572
10.9,124454
10.87,217347
10.7,437113
10.72,446088
10.8,234629
10.9,178668
10.94,124108
11.04,83822
11.12,593524
11.32,221761
11.34,144483
11.37,117380
11.38,183675
11.28,125520
11.3,256353
11.33,72582
11.31,43948
11.27,69132
11.19,81016
11.14,114280
11,295524
11.44,141015
11.17,87782
10.94,93670
11.02,50371
11.14,39692
11.13,140648
11.06,161526
11.01,37408
10.94,40539
10.96,136834
11.06,178437
11.21,160139
11,54082
10.93,91413
11,93259
11.05,59377
10.98,47278
11.05,129920
11.33,84470
11.46,123405
11.43,71410
11.3,48293
11.21,36440
11.35,146848
11.39,58755
11.57,120550
11.6,54205
11.63,80150
11.62,93271
11.52,282229
11.73,122141
11.81,98806
11.86,52251
11.84,63711
11.89,68750
11.93,198679
12.13,57627
11.96,67093
11.98,64639
12.05,55226
11.99,68409
11.99,165318
12.02,64956
12,41354
12.04,35488
12.08,57418
11.99,54269
12.2,205629
12.04,62801
12.3,73764
12.26,66491
12.23,43213
12.21,34789
12.24,108196
12,82831
12.1,45425
12.04,37808
12.08,30936
12.06,26982
12.01,222110
12.04,48640
12.13,40917
12.22,30428
12.1,39802
12.1,71500
12.11,121974
12.44,86088
12.33,46583
12.28,50869
12.34,91719
12.3,102204
12.2,120162
12.21,35767
12.24,14460
12.17,17690
12.15,18697
12.14,22122
12.09,134371
12.44,71352
12.5,62937
12.37,29925
12.34,58398
12.32,50340
12.32,132156
12.66,115846
12.5,94272
12.55,61267
12.49,95260
12.44,90179
12.43,292969
12.43,72108
12.48,38581
12.42,36564
12.49,43493
12.48,55603
12.55,236946
12.5,81064
12.46,57851
12.5,75852
12.33,49441
12.39,41289
12.39,149632
12.38,59881
12.58,48694
12.61,62886
12.71,37172
12.67,42175
12.61,140351
12.54,162775
12.7,109023
12.66,47625
12.6,32179
12.59,57593
12.65,264161
11.77,220103
11.57,121515
11.66,102742
11.67,49058
11.78,114040
11.73,440345
11.93,324208
12.08,112071
11.93,142530
11.73,123394
12.03,92146
11.82,230426
12.37,137562
12.28,138356
12.27,127050
12.12,62828
12.09,91801
11.98,195992
12.75,109230
12.36,101163
12.52,70896
12.63,228268
13.04,171590
12.83,215095
13.24,133376
13.53,157571
13.47,114950
13.59,69859
13.68,104456
13.76,184529
14.33,125566
14.19,96979
14.3,88781
14.28,48152
14.49,31726
14.38,151425
14.42,62662
14.45,57453
14.39,61054
14.42,51315
14.47,33303
14.53,119494
14.4,83746
14.46,20965
14.5,32244
14.46,44814
14.46,45598
14.5,153392
15.04,69543
14.92,95384
15.03,45559
14.96,51101
14.87,53461
14.82,185486
14.84,84408
14.63,50579
14.71,87703
14.85,29215
14.79,87925
14.82,133492
15.05,62899
14.93,56563
14.86,40208
14.77,44309
14.73,36128
14.78,121361
14.99,91931
15.07,68628
14.95,94872
14.85,103029
14.69,114695
14.69,194168
13.85,313172
14.08,305799
14.1,91253
14.26,68443
14.32,57652
14.26,200397
14.11,163223
14.38,74663
14.46,57152
14.5,41772
14.54,41904
14.52,103671
14.33,110903
14.31,46029
14.32,40723
14.33,66775
14.35,29805
14.36,129726
14.38,102306
14.55,64763
14.45,57097
14.53,39731
14.55,63128
14.6,145979
14.46,74827
14.45,58449
14.42,64136
14.46,43603
14.49,27057
14.48,126447
14.65,132456
14.6,101095
14.56,57841
14.55,51509
14.55,47530
14.53,176979
13.89,95339
14.09,108493
14.21,35674
14.22,109549
14.13,53007
14.19,181183
14.08,76908
14.02,50130
13.93,136768
13.81,52037
13.94,48596
13.93,112017
14.14,135168
14.27,36592
14.34,20322
14.33,33387
14.34,32828
14.42,90321
14.7,169714
14.74,158586
14.8,137169
14.82,127701
14.92,199270
15.04,442684
15.63,332780
15.78,153303
15.83,139927
15.78,83294
15.65,171726
15.7,318396
15.18,119025
15.05,159708
15.02,54601
14.89,89416
14.83,101794
14.76,376932
14.71,93305
14.77,66764
14.95,100466
14.87,22845
14.97,17356
14.94,237548
13.95,243154
13.86,198917
13.77,305244
13.6,431721
13.52,179989
13.68,428358
13.71,244015
13.73,87147
13.72,103963
13.65,105917
13.65,104651
13.66,302401
13.31,179489
13.3,130938
13.34,134025
13.43,73403
13.41,115984
13.38,348737
13.46,62200
13.57,36118
13.57,48871
13.59,56414
13.59,26747
13.62,169768
13.4,81737
13.46,68954
13.57,44282
13.64,154635
13.63,47817
13.63,181036
13.69,74112
13.73,53855
13.76,22563
13.78,60077
13.78,35382
13.84,82963
14.13,110998
14.23,54153
14.12,67120
14.18,60658
14.22,71693
14.26,164831
14.5,128535
14.43,74233
14.56,97812
14.54,102487
14.55,101292
14.54,187929
14.27,67346
14.45,142003
14.5,63809
14.45,81600
14.49,62123
14.44,180065
14.59,77767
14.7,62486
14.7,53924
14.65,37693
14.67,23438
14.65,131315
14.57,96447
14.62,142349
14.51,113355
14.48,60537
14.49,62358
14.48,205878
14.56,145267
14.61,83526
14.48,90553
14.55,98413
14.62,89514
14.68,304245
14.61,79628
14.69,91954
14.77,56918
14.76,49403
14.7,35167
14.66,143580
14.53,44308
14.5,39820
14.57,52245
14.5,51136
14.6,31115
14.63,167229
15.61,180825
15.63,201649
15.62,81077
15.67,93790
15.54,91412
15.62,189155
15.35,93828
15.29,171999
15.41,85970
15.44,58612
15.46,56141
15.47,269896
15.44,51726
15.54,35687
15.45,30156
15.45,63443
15.46,29672
15.51,150804
15.75,225165
15.58,182799
15.27,140402
15.43,99953
15.5,96111
15.42,182481
15.26,65776
15.01,61402
15.14,61400
15.09,61725
15.17,59505
15.12,169351
14.92,89865
15.09,55859
15.13,62135
15.11,34069
15.07,40250
15.06,161035
15.11,71403
14.74,69128
14.73,27148
14.7,22160
14.74,17357
14.79,91914
14.89,85491
15.06,73054
15.05,30983
15.06,34339
15.01,33657
15.1,148698
15.51,67267
15.55,58114
15.61,37689
15.59,49864
15.54,28716
15.55,183470
15.56,70755
15.64,42123
15.76,25014
15.75,32230
15.61,36643
15.73,180373
15.57,128355
15.6,80353
15.72,93543
15.59,33158
15.47,59600
15.54,96214
15.5,68362
15.44,94923
15.51,59903
15.53,65391
15.53,54402
15.57,127533
15.71,81036
15.54,82612
15.64,58993
15.58,70574
15.6,25331
15.48,163769
15.48,36752
15.45,36527
15.43,38454
15.42,47598
15.44,66759
15.42,205517
15.8,63937
15.95,80603
15.84,29203
15.77,31585
15.77,31839
15.72,141905
15.12,110728
15.2,66570
15.3,48884
15.35,53934
15.34,56961
15.25,129585
15.22,34381
15.29,43053
15.31,51178
15.36,24529
15.33,52953
15.26,123354
15.64,159469
15.7,105715
15.73,38563
15.74,50704
15.67,60751
15.62,206401
15.04,289168
14.86,226184
14.85,141529
14.8,66146
14.68,44997
14.75,108152
15,97512
15.15,85574
15.3,56605
15.39,73363
15.4,51139
15.47,154656
15.7,115326
15.63,104783
15.46,36109
15.6,28534
15.51,33639
15.53,87710
15.5,54347
15.57,96509
15.36,42968
15.57,34346
15.58,20650
15.53,157384
15.63,116834
15.55,95794
15.7,113652
15.7,0
15.73,120909
15.77,109257
15.8,69513
15.82,92034
15.88,54045
15.88,199467
15.8,253484
15.25,231112
15.15,257305
15.17,177081
15.22,171808
15.15,146745
15.09,139550
15.29,46395
15.21,33871
15.31,51791
15.25,23543
15.28,135132
15.08,74341
15.18,103834
15.25,39720
15.18,21130
15.19,39086
15.27,100551
15.33,112318
15.48,93310
15.39,50193
15.43,71807
15.46,102184
15.47,138433
15.71,144893
15.55,71088
15.51,60664
15.56,60395
15.58,50134
15.59,136910
15.45,117921
15.4,94193
15.16,70113
15.21,57864
15.31,37937
15.29,151273
15.39,107457
15.35,198330
15.43,62568
15.52,41405
15.5,52785
15.46,153494
15.17,80660
15.23,83564
15.2,44300
15.24,39373
15.35,37745
15.42,109339
15.27,82237
15.34,72428
15.33,47344
15.3,58809
15.38,32653
15.34,169929
15.8,177383
16.07,56039
15.95,61380
15.98,41538
15.9,24602
15.87,120754
15.92,122877
16.2,146344
16.33,58206
16.38,91410
16.41,99462
16.39,207918
16.33,66414
16.38,107211
16.18,83703
16.14,59417
16.09,31221
16.11,170394
15.93,62423
15.98,53224
15.88,102891
15.85,22581
15.8,69258
15.85,98478
15.88,247539
15.86,130626
15.79,51267
15.86,117877
16.03,94940
16.06,276753
15.48,48571
15.53,33638
15.58,32778
15.59,22487
15.6,90108
15.64,159696
15.64,81463
15.75,108123
15.74,75087
15.84,76358
15.89,63638
15.94,173908
15.9,110403
15.8,55089
15.68,46462
15.62,77288
15.69,71671
15.43,313091
16.08,192553
15.87,63151
15.85,44312
15.87,67989
15.83,28573
15.82,151294
15.95,64461
16.14,57098
16.05,59344
16.02,51797
15.99,69860
16.07,143462
16.97,98139
16.95,93099
17.07,88802
17.07,75045
17.12,75575
17.08,104314
17.8,192317
17.84,160469
18.02,108924
17.97,69582
18.02,82008
18.09,181688
18.1,79088
18.43,80397
18.4,101313
18.52,89293
18.53,84242
18.58,150753
18.89,145446
18.77,76819
18.88,66225
18.87,54093
18.86,65380
18.74,137209
18.97,63868
19.16,107583
19.04,49015
18.99,56709
18.89,124101
18.97,84226
18.98,142830
18.9,108629
19.01,24791
18.99,73928
19.13,46547
19.13,127451
19.2,51310
18.99,112741
19.15,49266
19.14,58689
19.24,49461
19.27,125690
19.19,152153
19.09,172126
19.08,70992
19.09,72292
19.04,62501
19.03,149077
19.07,72297
18.9,50324
18.9,44277
18.84,13991
18.79,28542
18.88,101161
18.74,40453
18.95,92206
19.01,63805
19,117135
19.19,88850
19.12,150815
19.22,53065
19.21,49643
19.18,40239
19.19,40358
19.23,66326
19.3,106806
19.17,43427
18.88,73913
18.78,37812
18.69,32410
18.66,33123
18.65,99523
18.79,104063
18.84,81648
18.87,78273
19.01,51391
18.97,48990
18.97,140710
19.15,53783
19.36,48182
19.27,64005
19.36,51286
19.33,63578
19.44,45608
19.29,109202
19.62,51864
19.62,36343
19.65,25134
19.66,30984
19.52,94514
19.69,41377
19.63,54880
19.61,30042
19.66,30973
19.67,29938
19.68,62350
19.99,80829
20.08,39926
20.13,47568
20.12,47533
20.11,58625
20.17,153492
19.94,45895
20.08,42041
20.06,48422
20.08,18460
20.08,40321
20.09,96455
20.24,33161
20.21,41572
20.17,53054
20.21,37288
20.28,29110
20.29,76220
20.4,40851
20.46,98529
20.73,133457
20.8,109502
20.7,78745
20.76,322460
21,215863
21.29,168603
21.17,286300
21.38,154608
21.33,222300
21.39,215473
21.66,187365
21.64,64584
21.83,94715
21.8,89096
21.82,104497
21.65,185014
21.82,151322
21.71,209242
21.63,130283
21.5,63814
21.48,63893
21.48,209036
21.94,159322
21.98,142106
22.07,75116
22.15,91389
22.05,111831
21.98,169223
22.33,154037
22.57,111843
22.47,172434
22.64,144730
22.59,109104
22.62,196616
22.75,79601
22.46,67550
22.36,82422
22.24,50887
22.19,62993
22.25,166163
22.57,80838
22.73,87014
22.78,88570
22.78,63429
22.76,50705
22.87,121163
22.81,54229
22.93,50772
23.04,46756
23.16,65324
23.15,55527
23.14,220952
23.45,109362
23.26,53919
23.25,25299
23.3,42557
23.29,32952
23.31,148077
23.03,131606
23.12,130525
23.33,85555
23.19,57944
23.1,28511
23.13,159533
23.04,102031
22.81,45075
22.85,49459
22.92,20424
22.84,60826
22.76,131525
22.72,120623
22.64,52222
22.63,40644
22.6,42840
22.56,119120
22.39,161893
22.25,82016
22.15,52876
22.28,57868
22.23,83240
22.24,74963
22.2,196375
22.97,83946
23.08,50717
23.15,41759
23.22,73119
23.39,94590
23.53,258616
23.73,142937
23.62,168248
23.9,155111
23.96,119815
24.11,95852
24.19,184422
24.63,113000
24.55,63137
24.61,47770
24.57,49998
24.58,73857
24.42,112575
24.08,118708
23.71,132760
23.41,88304
23.41,47416
23.47,66226
23.42,246058
23.65,134569
23.44,81682
23.46,40731
23.46,30753
23.6,86466
23.7,179006
23.76,96085
23.92,66040
23.85,39150
23.89,62258
23.89,38274
23.92,160495
24.68,115731
24.37,99651
24.67,118127
24.7,142309
24.38,149900
24.37,186913
24.81,159494
24.73,159658
24.57,145853
24.61,143451
24.62,118986
24.65,239365
25.21,149558
25.04,122695
25.04,103013
25.15,231064
25.2,198249
25.36,280644
25.04,215362
24.48,194335
24.28,256060
24.55,287810
24.6,247450
24.77,418101
24.97,77407
24.89,40971
25.02,41885
24.99,58003
24.95,69510
25.01,177411
25.55,125844
25.47,67339
25.69,74428
25.55,78626
25.51,40793
25.47,140268
25.16,104878
25.25,93377
25.1,51428
25.13,71573
25,46891
25.17,167667
25.36,103301
25.55,38318
25.42,34768
25.54,87122
25.21,76771
25.33,268682
24.58,144239
24.62,101343
24.57,119123
24.37,166257
24.03,161573
24.1,181513
24.08,134814
24.04,133100
24.1,84802
24.03,81400
24.02,70094
24.07,127402
24.94,61754
25,52232
25.16,48116
25.22,62978
25.33,28637
25.36,183416
25.46,228062
25.34,118510
25.46,85682
25.55,105599
25.62,63293
25.41,241105
26.33,135186
26.9,199325
27.05,89794
26.95,79515
26.76,44994
26.81,158238
27.09,54530
27.45,69672
27.55,73583
27.58,47073
27.6,71782
27.39,205079
26.31,151626
25.57,353152
25.12,158717
24.81,61846
24.98,66805
25.14,247740
25.48,39821
25.75,67208
25.66,20684
25.72,23528
25.87,14585
25.89,66864
23.36,336412
23.03,251664
23.02,73309
22.92,73375
22.9,51954
22.99,202411
23.11,154278
22.88,60102
23.01,30044
23.14,44262
23.19,43056
23.33,121396
23.95,37967
23.87,26721
23.77,56723
23.84,68223
23.87,70163
23.94,138197
23.84,43704
24.01,51552
24.08,54269
24.02,53563
23.78,45319
23.93,184438
23.19,272907
22.34,211037
22.57,275037
22.73,82330
22.78,140265
22.7,397921
22.84,65434
22.79,79130
22.86,90509
22.88,64276
23,53443
23.01,166211
23.13,43785
23.41,75621
23.3,41814
23.28,94234
23.45,117941
23.13,171230
23.27,70109
23.62,84013
23.52,77468
23.65,30649
23.56,63658
23.75,158634
23.54,71315
23.43,73901
23.39,55765
23.1,47667
23.24,32939
23.31,131298
23.41,46166
23.1,43841
23.12,32227
23.21,52448
23.16,50740
23.28,79083
22.85,60008
22.71,48062
22.93,34101
22.8,43993
22.66,34329
22.55,153877
23.5,52851
23.78,47242
24.04,64264
23.95,46963
24.12,39925
24.1,126908
24.38,57997
24.13,22111
24.19,24595
23.85,29585
23.8,32639
23.86,114969
23.81,48851
23.63,176672
23.73,76764
23.9,32490
23.98,38723
24.08,180454
25.14,133656
25.04,100992
25.07,112457
25.21,101373
25.43,99527
25.44,164553
25.22,88113
24.98,95801
25.1,59814
25.15,42077
25.17,36506
25.22,147492
25.86,147933
26.3,103465
26.2,72487
26.23,61113
26.24,71226
26.06,163224
25.86,59280
25.81,60095
25.85,67621
25.82,76101
25.53,62901
25.48,173447
25.4,127094
25.51,48865
25.78,68798
25.65,78797
25.58,53827
25.55,228751
25.54,57228
25.33,91379
25.41,33711
25.41,49331
25.15,60292
24.81,111599
25.19,83365
25.08,66560
25.26,40940
25.55,62584
25.61,51619
25.69,151154
26.06,55146
25.65,27263
25.45,37791
25.51,35337
25.58,37620
25.45,78273
25.95,51671
25.52,63984
24.66,69094
24.43,44453
24.31,49122
24.52,110139
24.23,69104
24.13,68832
24.55,35675
24.38,23478
24.39,28499
24.4,81953
25.28,58310
25.37,74397
25.6,62978
25.55,56961
25.72,44301
25.67,139970
25.96,61145
26.09,38002
26.18,41096
26.3,35958
26.31,28651
26.41,109856
26.73,70863
26.95,42721
27.15,40842
27.28,28777
27.49,40415
27.43,79998
27.88,57030
28.19,58065
28.17,82441
28.17,0
28.46,60804
28.41,104953
28.28,139459
28.64,85757
28.49,66320
28.34,141304
28.05,77092
27.11,48172
27.15,21337
27.44,26124
27.36,35181
27.46,115162
27.21,41944
27.41,43280
27.13,30144
27.19,17234
27.17,29471
27.13,99603
26.97,74811
27.11,50172
27.24,18393
27.27,13781
27.26,24478
27.32,80821
27.85,48308
27.76,54481
27.53,26913
27.54,23855
27.27,59464
27.14,74565
27.14,97263
26.88,71381
26.82,69659
26.82,24052
26.78,19948
26.76,76962
26.73,68181
26.92,81196
26.98,38783
26.96,39055
26.93,41828
26.91,146510
26.91,44323
26.97,46625
27.04,23019
26.92,23090
26.85,136231
27.04,110765
27.74,136164
28.43,92600
28.72,42177
28.7,55347
28.72,44341
28.74,109543
28.91,155892
27.96,232621
27.54,66909
27.96,38077
27.91,29037
27.93,117490
28.13,87909
28.29,75032
27.98,34769
28.03,21758
28.26,19992
28.29,110409
28.18,100051
27.97,61994
27.79,48489
27.65,49420
27.96,48898
27.84,123274
27.72,127953
27.64,78847
27.63,39119
27.73,28523
27.64,34458
27.64,87526
28.07,65419
27.92,68464
28.15,68378
28,31705
28.02,31264
27.93,82037
28.48,67681
28.72,55971
28.59,49996
28.75,18104
28.67,29561
28.76,109877
29.57,70232
29.28,73177
29.38,42836
29.28,30265
29.18,20391
29.26,68061
29.33,63172
29.21,67453
29.26,42482
29.29,34708
29.42,52592
29.41,87162
28.85,75464
29.04,46256
29.11,67469
29.11,0
29.37,62203
29.68,81918
29.77,46737
29.71,36641
29.77,41757
29.71,69211
27.82,100863
28.05,99686
28.21,61492
28.15,57669
28.07,47222
28.12,102319
28.4,52506
28.69,53519
28.79,44872
28.79,29986
28.77,33061
28.65,85057
28.55,59218
28.47,33033
28.35,25248
28.32,20670
28.32,24972
28.07,86979
28.12,83709
27.86,158320
27.49,109660
27.75,97338
27.6,39940
27.79,114133
29.83,98699
29.47,37736
29.33,30031
29.31,39551
29.44,32023
29.23,101672
29.68,109468
29.9,74230
30.28,70452
30.22,39934
30.25,47554
30.12,72731
29.17,94551
29.61,81120
30.1,55638
30.01,62540
30.34,73637
30.33,156322
29.76,124481
30.34,63492
30.35,32870
30.35,41661
30.31,66321
30.38,185803
31.21,66334
31.56,56620
31.57,63210
30.91,63243
31.14,31266
31.03,74447
32.56,81022
32.63,77877
32.75,58855
32.81,70701
32.93,66686
33.04,164543
33.75,112818
33.71,102839
33.75,62581
33.31,61815
33.32,78572
33.46,150072
33.32,77349
33.45,49100
33.35,41068
33.14,24218
33.47,33468
33.47,139469
33.3,92493
33.34,64486
33.05,57074
33.25,48466
33.34,64522
33.37,125374
33.3,139970
32.98,138605
33.44,63778
33.41,50634
33.42,61791
33.58,135656
35.48,135417
35.63,73741
35.89,50436
35.83,51078
35.82,68790
35.97,129344
36.66,126681
36.34,88432
36.17,75386
36.27,57754
36.46,124376
36.03,264459
35.75,125395
36.62,83147
36.58,69671
37.09,70761
36.94,53998
36.61,143996
36.96,76400
37.12,47691
37.06,42622
36.94,34135
36.94,44178
37.45,134215
38.83,172625
38.63,148426
38.83,87814
38.84,185537
38.59,227335
37.98,212011
37.19,196051
37.63,44827
37.07,38044
37.14,40700
37.18,37161
37.34,144131
38.23,82559
37.65,68744
38.08,44027
37.83,53122
37.6,92469
37.63,173738
37.92,226749
35.74,245730
35.79,170143
35.74,82806
35.99,86268
35.99,104256
33.65,189471
33.5,180940
32.84,284371
32.34,213654
32.37,195178
32.05,290363
31.35,105685
30.94,109278
31.23,106845
31.2,103647
31.06,154070
31.2,208530
32.81,158105
33,123685
32.92,153150
32.61,160167
32.5,188996
33,196079
33.55,180698
32.65,165478
32.26,155261
31.7,168318
31.73,147608
32.59,163228
31.93,221019
31.19,169306
31.49,123312
31.39,38490
31.54,70329
31.54,129847
32.59,110333
32.44,91684
32.34,98104
32.04,61730
32.23,67961
32.1,116367
33.3,88195
33.65,57309
33.65,46877
33.33,71877
33.63,43181
33.74,120108
33.93,60455
33.84,50647
33.87,39589
33.95,48431
33.91,92623
34.21,152392
34.81,120656
34.13,78440
34.44,58292
34.63,57541
34.51,69070
34.6,118813
34.07,70080
34.52,154377
33.17,141698
33.29,87001
33.19,56678
33.31,121158
33.62,132175
34.01,77067
34.2,54587
34.41,76430
34.29,74806
34.13,109372
32.36,117872
32.82,74561
33.37,61965
33.36,73789
33.65,67370
33.49,124870
34.29,86300
34.82,67686
34.76,61408
34.75,68950
34.71,68954
34.36,143823
33.91,149227
34.11,65038
33.54,61583
33.48,60031
33.36,145535
33.34,172215
33.6,126943
32.92,64999
33.32,66942
33.12,81661
33,97966
33.13,196752