23.92,25916
23.47,26592
22.98,22325
22.87,31836
22.64,13355
22.93,37320
23.5,52141
23.47,12436
23.54,22852
23.5,16779
23.47,31674
23.76,100218
24.13,41388
24.52,33212
24.54,20272
24.65,31243
24.73,36801
24.6,76988
24.82,17876
24.41,6420
24.13,11096
24.3,4010
24.41,14627
24.61,48047
22.71,77395
22.36,64660
22.42,32431
22.52,31364
22.43,56811
21.94,105994
21.43,41072
21.37,28877
21.48,28423
21.23,43064
21.27,35721
21.53,74110
21.57,17634
21.75,15694
21.72,17027
21.46,9976
21.53,9381
21.74,43823
21.67,31469
21.27,33791
21.32,41083
21.57,14745
21.69,18687
21.67,50316
21.29,24835
21.01,29081
20.97,40333
21.15,22101
21.19,38410
20.99,79470
21.38,29639
21.89,28673
22.07,18435
22.12,13008
22.03,23755
21.95,31603
22.87,54880
22.87,35531
23.02,27086
23.1,19717
23.3,17852
23.3,46959
23.04,15113
23.1,10800
23,4164
23.1,9326
23.18,11773
23.09,32195
23.78,36058
23.79,16731
23.91,5900
23.94,7909
23.96,8200
23.97,45347
23.34,11400
23.47,5950
23.49,9391
23.46,6499
23.38,11079
23.39,29933
22.54,19672
22.55,15679
22.45,16030
22.37,38003
22.48,17612
22.42,35227
22.58,30087
22.58,5710
22.84,5737
23.05,4957
23.14,18396
23.26,16645
22.87,19989
22.59,12254
22.48,7415
22.5,4964
22.42,10100
22.42,20840
22.17,14287
22.49,11000
22.51,7711
22.43,4400
22.41,10926
22.33,29166
22.04,10531
22.05,7710
22.07,10300
22.08,5100
22.16,8341
22.12,30473
22.21,35528
21.98,42876
21.98,10795
22.15,20375
22.11,19252
21.94,54785
22.39,37141
22.28,35595
22.22,23994
22.2,24949
22.14,19258
22.17,26793
21.84,40420
21.92,19496
21.73,7348
21.6,7218
21.61,6028
21.62,61855
20.87,74230
20.63,48784
20.54,33250
20.68,28956
20.73,32230
20.64,112760
20.4,40600
20.57,38398
20.65,22194
20.47,6846
20.37,28212
20.3,30757
19.69,103431
19.39,69920
19.05,39094
19.29,26835
19.46,59764
19.26,114056
19.41,28240
19.24,16550
19.33,15138
19.35,14291
19.47,26228
19.33,49055
19.63,25971
19.6,17671
19.64,24104
19.8,39238
19.98,23936
20,55338
19.98,28918
20.32,30392
20.44,29179
20.49,16204
20.51,16353
20.48,40686
21.22,26119
21.22,29167
21.06,21159
21.11,14699
21.24,21226
21.18,50200
20.98,13840
21.17,13247
21.23,11676
21.38,9774
21.44,15397
21.31,29194
21.45,5764
21.58,11048
21.53,7303
21.57,7010
21.67,8223
21.66,19529
21.33,15752
21.49,15302
21.39,18990
21.17,25463
21.05,10704
21.17,39460
21.29,17561
21.4,20030
21.37,6656
21.29,11786
21.34,18670
21.28,52919
21.66,26634
21.58,14810
21.49,14437
21.54,17104
21.62,32865
21.6,50303
21.52,7339
21.44,8217
21.44,2623
21.48,13386
21.28,7143
21.41,14290
21.32,5830
21.44,5254
21.53,2700
21.54,5351
21.64,3528
21.69,13492
21.83,7005
21.14,3556
20.9,4124
20.74,4237
20.86,3176
20.81,17924
21.56,16862
21.08,10373
21.16,5046
21.21,8571
21.2,7175
21.2,33722
20.51,13854
20.6,11160
20.84,7460
20.98,3649
20.84,5100
20.8,20100
21.96,33925
21.92,12952
21.93,17341
21.82,10227
21.93,9402
22.08,34692
22.06,9267
22.16,10668
22.2,8223
22.13,4657
22.22,5832
22.24,15990
21.71,19981
21.51,20333
21.73,7848
21.67,6610
21.7,10650
21.64,13435
21.73,5575
21.51,9086
21.24,4743
21.36,3526
21.27,5692
21.2,14208
21.4,12949
21.4,26214
21.47,14843
21.2,10761
20.95,9582
21.02,33099
20.56,67718
20.52,4089
20.45,4947
20.38,13104
20.3,8452
20.21,24295
18.83,100144
18.71,35846
18.9,14151
18.68,20808
18.7,16815
18.68,56123
18.94,22157
19.05,19942
19.03,31859
18.87,18770
18.69,22963
18.69,34228
19.7,29146
19.42,20341
19.65,7965
19.91,6958
19.81,11228
19.86,44946
19.63,40289
19.54,7124
19.63,7991
19.83,8183
19.85,13418
19.93,13466
19.89,8150
19.81,24574
19.65,14242
19.63,14593
19.75,17376
19.68,27380
20.87,23269
20.61,7979
20.57,11136
20.45,12395
20.46,15182
20.51,71097
19.98,13486
20.25,9716
20.01,3785
20.17,5207
20.31,7128
20.31,28361
20.74,18511
20.94,11508
21.05,17994
21.18,13678
20.99,8996
21.25,18344
21.64,23377
21.97,23332
22.04,16664
21.97,13492
21.89,20307
21.87,33030
21.69,23452
21.24,12241
21.26,10652
21.24,8545
21.37,8171
21.33,29081
21.82,16682
21.38,17965
21,6884
21.06,922
21.08,3816
21.17,15450
20.45,17619
20.77,30714
20.82,18742
20.87,9397
20.88,9073
20.91,27077
20.68,5733
20.77,15660
20.64,9462
20.55,1873
20.58,16075
20.63,47545
20.28,10631
20.5,2669
20.48,3423
20.36,2640
20.37,13424
20.25,47170
20.46,17646
20.72,14271
20.66,4420
20.6,4016
20.59,4986
20.5,10524
20.38,6459
20.32,2726
20.28,988
20.32,1300
20.37,5625
20.37,16252
20.39,17404
20.91,32963
21.17,16992
21.17,8701
21.2,41814
21.41,57054
21.67,9176
21.29,1896
21.22,4715
21.54,2059
21.43,7364
21.6,34574
21.21,6303
21.12,3314
21.28,3472
21.3,5401
21.29,2218
21.35,16206
21.59,7504
21.6,4341
21.64,4865
21.56,3447
21.52,7553
21.43,14927
20.55,37471
20.56,8481
20.72,7944
20.79,25223
20.77,5389
20.89,20099
20.45,20905
20.38,62694
20.4,39876
20.01,44630
20.08,64889
20.05,48608
20.02,16084
20.08,20976
20.49,16888
20.41,9437
20.46,16895
20.43,42380
18.86,103752
18.74,35531
18.81,10522
18.71,13570
18.67,48640
18.52,47822
18.45,30140
18.17,34601
18.38,20885
18.34,11121
18.3,16379
18.34,38532
19.26,19822
19.37,12442
19.52,15935
19.68,7536
19.62,18823
19.69,22785
20.18,3969
20.16,4564
20.02,1560
20.05,13412
20,6167
20.05,31368
20.33,17598
20.48,12912
20.53,6260
20.51,15750
20.55,8331
20.46,23025
20.67,12702
20.52,15527
20.56,6350
20.56,3123
20.44,4606
20.28,17428
20.98,30981
21.44,32283
21.53,15318
21.6,21156
21.51,15853
21.44,44817
21.4,9338
21.3,7680
21.3,10390
21.34,6867
21.33,13496
21.34,14135
20.85,9708
21.01,4936
21.16,9483
21.13,6326
21.17,3356
21.19,15625
20.83,13578
21.01,14049
21.16,11146
21.44,10074
21.57,23769
21.43,57266
22.33,33201
22.53,28853
22.07,9009
22.18,13032
22.2,14120
22.4,28964
22.84,15269
22.75,9308
22.71,18591
22.93,27035
23.15,41004
23.17,47799
23.42,92546
23.17,32039
23.26,18844
23.35,22816
23.42,37088
23.47,62230
23.09,14693
22.68,12635
22.71,9914
22.73,14692
22.61,22181
22.51,60590
22.84,24701
23.11,16889
23,14662
23.05,10914
22.87,8255
22.8,36515
23.93,32664
23.79,31215
23.75,27117
23.98,12935
24.07,9284
24.06,30081
23.19,16129
23.29,13271
23.27,7810
23.29,13083
23.08,14255
23.09,35527
22.59,10383
22.63,8171
22.68,117182
23.97,100322
24.68,76177
24.51,90996
25.08,29367
24.71,7524
24.75,4493
25.04,9583
25.03,26148
25.07,94554
24.13,45410
24.09,8692
24.05,10734
24.02,8471
24.09,5957
24.31,37009
23.45,27222
23.11,14719
23.23,15723
23.09,25599
23.04,20297
23.04,51030
22.18,107392
22.09,31137
22.23,39133
22.18,97716
22.1,18602
22.22,167202
21.96,68056
21.79,14376
21.89,62762
22.02,66940
22,87513
21.9,99962
23.97,36615
23.48,32745
23.33,12601
23.13,10762
22.96,54939
23.11,115939
23.37,50007
23.39,31093
23.4,18736
23.36,12525
23.28,123359
23.28,42945
23.17,27089
22.95,13657
23.15,15683
23.22,32521
23.27,17166
23.28,80024
23.58,93489
23.64,18355
23.64,63580
23.66,63602
23.74,44733
23.68,150636
23.1,15007
23.39,54738
23.2,23342
23.26,17079
23.3,23987
23.41,79479
24.06,31783
23.65,14048
23.42,29997
23.42,6159
23.47,15603
23.59,36601
23.58,44857
23.42,34373
23.4,11839
23.36,5753
23.48,34755
23.45,156188
23.58,22051
23.36,35594
23.3,37117
23.29,96835
23.59,31006
23.75,98921
24.38,117711
24.35,24213
24.39,53151
24.46,5280
24.45,13715
24.41,38493
24.08,26423
24.37,15610
24.26,4527
24.16,9654
24.1,9717
24.21,58550
22.99,39084
22.77,67506
23,17748
22.91,15755
23,23584
23.2,19007
24.05,25181
24.36,7109
24.39,18185
24.41,7898
24.43,15874
24.36,19628
25,15111
24.93,6820
24.95,9752
25.06,9549
25.09,3931
25.07,21530
26.16,26910
26.19,25871
26.64,7875
26.33,6041
25.99,11988
26.11,16801
26.28,16415
26.23,7476
26.28,6948
26.17,9035
26.28,16084
26.34,28684
26.42,30297
26.44,29945
26.35,8639
26.44,6474
26.41,15430
26.47,26213
26.94,21927
26.78,7330
26.78,10269
26.92,5074
26.81,30725
26.86,11508
27.33,33770
27.58,8141
27.52,5648
27.45,15818
27.66,38524
27.7,32711
27.7,40983
27.67,18311
27.85,24778
27.85,22015
27.97,22740
28.02,101913
27.55,21096
27.47,26026
27.68,23988
27.75,19781
27.77,24363
27.37,70386
26.67,31619
27,14682
26.81,12466
26.82,12522
26.77,17437
26.83,52012
26.46,7749
26.19,6514
26.12,2521
26.16,5172
26.18,7571
26.18,29137
26.3,25615
26,15367
25.79,17712
25.83,8829
25.87,5128
26.05,20819
26.05,0
26.05,0
26.05,0
26.05,0
26.05,0
26.05,0
26.61,43134
26.78,7153
26.56,10071
26.48,5706
26.59,8622
26.43,35395
26.24,45385
26.18,23291
26.49,62118
26.62,43842
26.46,63845
26.7,155566
26.39,8230
26.43,12178
26.86,26902
26.94,23480
26.99,24226
26.98,88995
26.51,34512
26.62,12545
26.28,21863
26.21,15348
26.27,21008
26.14,51076
26.28,21302
26.64,13432
26.86,5298
26.94,10501
27.02,2816
26.95,15361
26.41,43099
26.17,29459
26.09,38673
25.98,10939
25.86,11823
25.89,11203
25.86,14789
25.74,3390
25.69,2621
25.52,4262
25.49,6528
25.93,17434
25.93,11361
25.82,23347
25.77,4920
25.7,2245
25.88,4947
25.86,43699
25.73,10722
25.52,15558
25.73,5114
25.53,4127
25.55,4811
25.52,33015
25.87,23873
25.93,15033
26.39,8344
26.16,4851
26.03,10388
26.08,39435
25.44,16691
25.48,5840
25.28,3919
25.44,4601
25.41,5997
25.6,14436
25.91,13858
25.46,9450
25.46,6003
25.28,10454
24.95,12349
25.04,26681
27.07,49490
27.07,21773
27.1,23414
27.41,21415
27.19,11147
26.95,89673
27.13,20185
26.73,15816
26.84,8537
26.75,4502
26.8,11557
26.79,43038
25.93,33867
25.46,20922
25.47,12815
25.53,12075
25.65,8775
25.68,80508
25.4,13807
25.57,11103
25.71,21652
25.61,12488
25.44,11133
25.53,60120
25.77,56480
25.53,19285
25.58,12853
25.57,8496
25.59,11895
25.45,77722
24.7,28632
24.7,16700
24.9,5457
24.82,7755
24.8,17933
24.73,67052
24.56,13292
24.3,31276
24.46,20695
24.58,8979
24.62,9589
24.57,24224
25.38,15104
25.54,28185
25.68,13121
25.62,12461
25.73,9281
25.71,31604
25.56,12844
25.22,5752
25.35,7853
25.59,6311
25.6,7391
25.56,17874
25.42,17960
25.46,11532
25.38,29478
25.28,14904
25.32,15216
25.25,36250
24.01,21060
24.01,46365
24.15,93949
24.15,0
24.68,18146
24.78,20131
24.87,27369
25.06,16314
25,15600
24.96,41543
25.02,18112
24.85,14731
24.63,13782
24.59,5036
24.77,14798
24.86,59653
25.44,16234
25.65,13188
25.12,7007
25.04,7207
24.93,7042
24.81,32455
24.71,119767
24.93,21536
24.99,17880
24.96,29077
24.94,33875
25,88056
24.56,52324
24.29,41963
24.15,28435
24.27,26798
24.17,83658
24.08,130086
24.2,61073
24.62,21453
24.73,18504
24.89,31996
25.12,49441
25.05,87325
26.38,64950
26.46,55051
26.44,29375
26.23,29131
26.21,27250
26.27,50601
26.43,9516
26.51,12130
26.37,4651
26.24,4538
26.21,5037
26.2,26347
25.75,9750
25.85,7073
25.81,6693
25.96,4939
26.01,11188
25.99,15201
25.74,4885
25.64,4834
25.68,4552
25.64,7691
25.58,12717
25.55,17038
25.48,4115
25.19,14331
25.1,10765
25.15,10388
25.16,14063
25.32,35949
25.89,13688
25.58,10444
25.4,5629
25.38,4041
25.4,11929
25.39,15211
24.59,18583
24.46,18244
24.5,8340
24.75,6109
24.65,10034
24.87,18647
25.99,19259
25.89,26942
25.85,14483
25.75,10039
25.77,6744
25.52,32304
25.41,12935
25.73,6927
25.55,6609
25.5,5438
25.48,7613
25.42,43706
24.54,18259
24.46,34057
24.54,9070
24.65,7653
24.75,9018
24.85,17920
25.51,3767
25.57,5232
25.65,3543
25.63,2762
25.65,13042
25.77,43051
26,6491
26.3,12566
26.29,6861
26.34,7785
26.35,7044
26.3,27336
26.51,3829
26.75,4263
26.63,3293
26.56,6501
26.72,4185
26.64,9432
26.66,2340
26.89,1298
26.92,1066
26.95,2008
26.94,5323
26.99,15811
27.22,3137
27.05,2837
27.08,3322
27,1625
27.06,4795
27.05,18799
26.97,3210
27.13,4609
26.94,3520
26.9,2076
26.97,1656
26.96,9792
27.12,7905
26.88,13033
26.95,5643
27.03,16684
26.92,28080
26.88,35072
26.81,2747
26.86,9213
26.84,3473
26.99,12097
27.21,2577
27.18,22368
27.56,7722
27.52,12009
27.6,7823
27.59,7858
27.54,15335
27.53,42821
27.58,20976
27.69,16495
27.57,3936
27.58,4823
27.59,5399
27.57,16828
28.04,23672
28.27,40382
28.27,23338
28.47,13104
28.56,27844
27.83,26793
27.49,11458
27.47,8313
27.43,5585
27.55,8920
27.53,7860
27.59,33054
27.94,16245
28.03,15284
28.45,13142
28.49,6888
28.51,13766
28.52,35761
28.89,35534
28.82,18708
28.88,8057
28.83,11372
29.1,14993
29.13,50791
29.82,14672
29.74,15441
29.79,12185
30.09,10292
30.22,13624
30.38,32090
31.58,60031
31.41,38683
31.67,29286
31.73,33304
31.94,43162
32.15,69560
32.64,20289
32.34,45327
32.34,11816
32.14,5594
32.26,13563
32.05,86683
32.04,13366
31.93,20158
31.65,7156
31.42,14533
31.72,18227
31.64,43638
32.34,55748
32.28,5295
32.13,7799
31.87,16025
32.13,16919
32.27,80875
32.92,56718
32.92,27806
32.9,18277
32.69,17727
32.77,24733
32.84,63395
32.41,36408
32.44,40458
32.4,11578
32.59,14117
32.3,17126
32.02,61751
30.98,22266
31.06,32213
30.71,41192
30.46,14873
30.61,4962
30.52,19439
29.27,7312
29.27,0
29.27,0
29.27,0
29.27,0
29.27,0
30.02,21370
29.9,10413
30.1,13186
30.02,13909
30.37,20340
30.67,35610
31.32,31541
30.74,21919
30.78,10160
31.01,24077
31.19,14804
31.19,0
31.02,17606
30.66,9248
30.41,10957
30.24,23749
30.19,13278
30.22,39212
28.16,100817
28.12,36489
28.68,21523
28.51,14139
28.76,20258
28.64,47667
28.48,18620
28.85,9462
28.77,15994
28.95,15508
28.89,15188
28.97,65903
29.86,52490
30.34,30271
30.32,17280
30.35,7877
30.23,12077
30.53,28830
30.46,9489
30.44,11428
30.42,13886
30.61,3959
30.58,5935
30.64,12701
30.2,34517
30.9,28185
30.89,21136
30.87,10529
30.93,15112
30.85,26544
31.27,13303
30.83,8887
30.86,4564
30.87,5238
31.04,14404
31.3,25664
31.37,14820
32.08,10052
31.89,12775
32.17,3970
32.23,15802
32.43,21752
32.2,29889
32.55,15285
32.69,17670
32.69,11148
32.66,17974
32.66,36547
33.29,20597
33.42,44649
33.5,16974
33.73,14636
33.58,13591
33.66,59797
34.69,92244
34.82,136897
34.99,36376
34.86,33032
34.59,44471
34.25,61700
34.14,10319
34.56,15785
34.56,5342
34.68,12110
34.47,17225
34.11,31207
33.95,25109
33.69,12730
33.77,5347
33.78,8494
33.61,4579
33.72,32356
33.01,15382
33.17,4103
33.49,4573
33.8,5401
33.84,6467
33.85,11142
34.74,7842
34.36,6452
34.2,7610
34.11,10257
34.21,15584
34.27,35859
33.95,4162
34.02,6521
34.41,1810
34.24,1277
34.09,7485
33.94,30846
34.04,15121
33.51,5943
33.34,12912
33.31,12582
33.5,17604
33.64,45919
34.04,17227
33.58,8091
33.35,30965
33.71,14005
33.21,13508
33.66,31577
33.71,32575
33.38,9693
33.65,3171
33.77,4650
33.74,5512
33.57,16604
33.21,47257
32.94,45290
33.25,52692
33.09,38758
32.93,58735
32.69,170324
33.53,29883
34.07,27043
34.31,18296
33.98,16897
34.26,13652
34.32,36363
33.59,61367
33.14,30416
33.43,21533
33.63,26315
33.61,69335
33.42,108004
35.65,38161
34.97,22203
34.37,24135
34.73,18805
34.68,17488
34.77,42662
35.59,92468
35.87,61552
36.36,39528
36.34,33909
36.44,45076
36.33,133538
36.72,84789
36.3,31417
36.93,37186
37.19,49238
37.26,22756
37.34,50086
37.76,21901
37.46,20373
37.65,13309
38.06,15404
38.24,23537
38.56,54294
39.07,50060
38.74,43847
38.32,27526
37.49,28780
37.12,38065
36.73,113188
36.73,0
36.73,0
36.73,0
36.73,0
36.73,0
36.73,0
37.17,43241
37.54,62674
37.79,81364
37.53,31144
37.2,31738
37.55,50701
38.34,25199
38.51,11406
38.78,9657
39.08,10038
39.44,23955
39.72,87025
39.16,44092
39.63,38335
39.47,40273
39.48,24284
39.59,58480
39.73,69918
36.98,20079
37.24,14915
36.72,12246
36.35,21358
36.51,5938
36.62,29888
35.15,19045
35.27,14061
35.34,21794
36.05,9377
35.9,17785
35.62,118072
36.48,48542
35.7,25512
36.05,14371
35.71,15588
35.47,26432
35.44,57397
37.34,24260
37.78,16048
37.81,10842
37.37,9941
37.15,10853
36.96,40634
37.22,10721
37.32,5759
37.17,4451
37.26,3200
37.4,5146
37.32,35345
37.79,21756
38.11,13306
38.1,9012
38.32,12004
38.54,8418
38.57,37206
38.28,11148
37.63,10140
37.35,4389
37.47,4302
37.58,8486
37.37,29113
37.92,19045
38.07,9079
38.1,10236
38.42,12595
38.2,10876
38.2,53743
39.45,16319
39.34,9067
38.97,12637
38.71,11817
38.66,48332
38.55,36474
38.18,12781
38.32,8251
38.26,4282
38.29,5547
38.49,3539
38.49,17532
37.05,17523
37.47,10434
37.74,5778
38.01,5859
38.02,8239
38.02,15667
36.92,16457
36.85,11812
36.93,11994
36.96,7128
37.24,7895
37.36,21263
38.97,43454
39.24,21632
39.25,13454
38.88,11497
38.74,12113
38.52,32111
38.61,21268
38.71,16106
38.93,13220
39.1,16911
39.17,9874
39.02,48555
40.24,44306
40.38,35848
40.19,16904
39.82,6731
39.82,18315
39.96,49327
39.77,9625
39.5,21939
39.36,19768
38.46,27443
38.58,15523
38.9,30810
38.51,29343
37.9,14264
37.55,12306
37.36,6544
37.36,7701
37.54,52885
36.77,21727
37.16,17543
37.17,12822
37.02,7482
36.81,11116
36.86,21492
37.45,14311
37.12,7997
36.83,5605
36.7,6908
37.09,16747
37.57,31380
38.18,19702
38.63,10010
38.8,14786
39,18193
39.17,28000
39.02,40392
37.79,17625
37.78,4808
37.36,7133
37.15,14634
37.58,15423
37.85,43458
38.27,25355
38.57,7490
39,8006
38.78,7519
38.56,24156
38.35,39619
40.23,58584
40.62,45951
40.74,14603
40.99,28416
40.99,25109
41.19,76626
41.35,42465
41.66,22193
41.39,14944
41.76,17660
41.72,24073
41.26,82522
42.17,13706
42.54,13058
42.54,7957
42.77,12267
42.53,14734
42.65,31807
41.94,41252
41.69,48573
41.43,16611
41.1,14802
41.1,19410
41.01,79697
40.02,18318
40.81,22260
40.98,16496
41.25,14664
41.4,10471
41.2,53425
40.54,31613
40.1,28213
39.68,27673
38.64,27046
37.92,21083
37.85,36696
37.45,26376
36.54,34170
36.11,12635
35.79,15885
35.74,19623
35.52,39463
33.63,22285
33.09,40670
32.62,34076
33.34,23131
33.41,25422
33.98,61685
33.58,56309
33.63,46808
34.03,24777
34.24,31431
33.97,104345
33.8,203117
37.17,66158
37.42,44401
37.98,29984
38.06,22528
38.02,49029
37.39,56611
36.89,46827
36.87,30502
36.71,30629
37.13,31358
37.05,21945
37.34,61773
38.7,41222
38.02,16972
37.94,13573
37.58,9108
37.72,18190
37.45,68983
37.01,24969
36.63,27144
37.34,17919
37.31,11615
37.09,22532
36.96,46649
38.49,15262
38.73,34565
39.2,12217
38.96,10676
38.68,15930
38.82,47883
38.59,22351
38.9,20922
38.58,11442
39.17,19365
39.47,91024
40.1,72188
39.82,116413
39.02,59186
38.17,38781
38.47,24212
38.21,25155
38.4,79502
37.5,36301
37.78,40802
37.6,26543
37.81,27369
37.41,8568
37.48,81233
36.63,148985
35.68,87757
35.18,64906
35.14,74434
35.02,103569
35.26,242411
35.83,51293
35.03,22769
34.32,31357
34.16,26369
34.99,33706
35.17,53837
36.56,14322
36.64,11130
36.39,6672
35.66,17861
35.21,11961
35.65,29867
33.66,55610
34.15,44594
33.55,35012
33.88,30553
33.57,62855
33.39,76123
35.06,18389
35.62,11284
35.65,15990
35.65,22430
35.05,17930
35.52,41605
36.44,29549
36.15,39695
36.05,12873
36.01,14292
36.38,11880
36.63,22815
37.99,9579
37.96,11802
38.25,17269
38.16,9932
38.06,27657
38.1,22537
37.68,25989
37.95,27077
37.53,38736
37.46,41781
37.17,31989
37.24,56387
38.66,45446
38.64,37847
39.19,21965
38.59,32253
38.88,27852
38.81,38412
38.65,23057
38.34,31950
38.65,44709
37.82,15369
38.04,19588
38.08,53893
39.03,26642
39.85,11261
39.68,9090
39.37,12295
39.6,21467
39.82,24987
39.3,22655
39.11,18922
39.21,9734
39.17,8769
39.11,11763
38.9,41494
38.79,49131
38.52,46340
38.46,13386
38.59,10255
38.73,19514
38.93,27742
39.15,20458
39.35,17180
39.57,17812
39.93,8471
39.73,30687
40.08,25266
40.97,21340
40.73,14872
40.98,10959
41.04,6024
41.13,9306
41.3,32318
41.04,26426
40.55,22760
40.25,16752
40.68,10072
40.37,15938
39.76,72708
39.84,10527
39.96,15943
39.92,9393
40.15,5775
40.35,5499
40.52,13718
42.17,41755
42.52,37738
42.99,20356
43.11,10707
42.75,16422
42.21,48933
42.19,29804
41.78,18486
41.51,15775
41.69,14010
41.55,19875
41.83,33958
42.1,50604
41.81,19806
41.69,7333
41.79,13160
41.86,14608
41.91,32261
42.79,21552
43.46,9141
43.26,14087
43.53,5563
43.33,24080
43.47,33588
42.87,17044
42.87,3880
43.23,11171
42.82,6967
42.47,6389
42.44,30273
42.06,24657
42.2,29018
41.93,32629
42.18,15481
42.35,9382
42.27,29830
41.04,20732
40.54,29038
40.05,46396
40.24,43684
40.35,34017
40.56,62979
37.52,33476
36.99,29638
37.98,12197
38.14,13291
38.63,18167
37.89,82230
38.56,22015
38.09,15012
38.26,22383
38.03,27988
37.61,25823
37.54,91857
38.6,15415
38.49,19315
38.56,25134
38.2,19203
38.24,22609
38.14,42811
35.99,24318
35.73,34812
36.61,27104
36.64,30697
36.29,46155
35.96,87754
35.43,44491
34.1,27223
34.59,55379
34.61,67879
35,71479
35.41,166846
36.92,18046
36.78,14454
36.16,10132
36.58,11545
36.33,17323
36.45,34624
33.34,35421
33.3,46597
33.24,13159
33.47,16822
33.58,37000
32.95,155618
31.21,75986
31.03,27869
30.29,65817
29.55,20294
29.62,30421
29.6,43387
29.63,55911
30.53,21862
30.63,15406
30.41,40960
30.37,54767
30.37,83965
30.99,35287
31.55,17710
31.27,26996
31.28,18762
31.18,22210
31.33,110817
32.05,54819
31.83,30882
31.57,25089
31.55,32718
31.33,30554
31.42,67666
31.28,67202
30.51,12583
30.4,21453
30.22,14010
30.48,21288
30.34,46969
28.55,20531
28.3,81850
28.85,49300
28.81,42425
28.93,30456
28.95,104781
28.23,85087
27.58,61423
27.72,34501
27.58,29437
27.79,28489
28.16,47885
26.83,33243
26.87,36365
27.04,28496
26.75,20964
26.76,29545
26.82,104278
26.18,50650
25.25,14971
25.52,23801
25.6,29323
25.77,52852
26.16,111175
28.19,124144
27.44,32431
27.41,23285
27.45,37382
27.39,39646
27.59,81787
26.24,25965
26.58,12204
26.31,25936
26.26,20759
26.58,12042
26.57,37017
25.72,18493
25.35,29008
25.33,27368
25.47,24369
25.46,12575
25.24,62549
24.74,27247
25.3,29059
25.5,17584
25.35,11333
25.41,7289
25.11,56858
25.19,23907
25.69,11786
25.43,3341
25.54,4777
25.57,9145
25.59,58192
23.86,18106
24.11,11191
24.42,7658
24.17,5440
24.36,5790
24.5,47573
24.79,26979
25.21,35677
25.49,16685
25.59,25760
25.58,24396
25.69,78741
26.13,154107
26.41,70022
26.53,19675
26.47,20046
26.1,7538
26.04,83640
26.05,21989
26.04,10983
26.25,53309
26.47,26087
26.52,24799
26.3,36902
26.23,33379
26.07,26841
25.95,13550
25.89,23758
25.64,24981
25.73,63176
25.2,19617
24.98,25780
24.86,10710
25.2,12464
25.07,12403
25.17,44985
25.54,24448
25.81,22515
25.46,14916
25.26,11308
24.91,15988
25,67695
25.66,17434
25.64,6648
25.73,5926
25.71,36086
25.64,7449
25.55,30473
25.5,16317
25.5,20116
25.29,11249
25.47,8521
25.4,7683
25.25,34724
25.22,19746
25.48,12843
25.74,31919
25.71,62608
25.48,77547
25.69,112802
26.16,21465
25.96,8781
26.05,9010
26.08,15839
26.1,13468
26.08,43551
26.34,72834
27.52,53109
27.65,44092
27.6,30672
27.68,43520
27.99,92372
27.41,16924
27.06,20304
27.16,20613
27.25,24279
26.95,22931
27.3,76526
26.42,19105
27.19,21741
26.86,9338
27.11,18802
27.16,12494
27.21,75095
27.05,9984
26.61,8703
26.41,7665
26.46,10138
26.62,9458
26.85,45097
27.53,25256
27.73,13746
27.7,10449
27.54,11301
27.73,10899
27.7,46368
28.3,27382
28.62,11581
28.3,10402
28.53,5931
28.81,8289
28.71,67400
29.53,27033
29.55,22941
29.64,17156
29.65,11854
29.68,12737
29.56,60001
29.66,46941
29.76,22795
29.58,10886
29.65,4541
29.69,10741
29.69,34884
30.69,14169
31.13,16441
31.28,12940
31.26,6751
31.16,7649
30.97,37061
32.13,31943
32.41,24575
32.06,22219
32.09,18721
32.08,12751
31.81,56383
32.15,32524
32.18,35092
32.57,30481
32.62,13245
32.75,20006
32.81,54883
31.53,30146
31.58,33675
32.02,35417
32.15,29572
32.26,16761
32.29,50654
32.94,26417
32.77,12935
32.85,22117
32.78,27513
32.95,11710
32.95,57118
32.42,21538
32.79,54519
32.83,36001
32.92,21077
32.99,38084
32.96,72469
33.1,12885
33.26,9589
33.27,10302
33.02,6689
33.07,6751
33.05,31875
32.51,24310
32.34,7401
32.38,6062
32.43,9671
32.45,11212
32.46,22513
32.08,26516
32.46,22234
32.62,3835
32.71,14375
32.8,16018
32.83,76478
33.88,15387
34.12,9507
34.36,9865
34.49,7896
34.36,7746
34.37,48606
33.96,29062
33.69,41546
33.56,17976
33.53,17604
33.66,17471
33.69,105158
35.18,17017
35.02,7878
34.93,7355
34.96,9941
34.84,11375
34.83,20189
35.36,36844
35.07,28504
34.95,26644
35.04,13543
34.95,4828
34.84,49580
33.83,56252
33.92,42866
34.07,35337
34.19,30629
34.37,35768
34.21,99889
32.62,18631
32.2,7346
32.32,7049
32.28,6090
32.25,16456
32.2,64331
31.87,7834
32.58,5449
32.67,7167
32.64,5052
32.54,5796
32.45,27136
30.85,14754
30.75,15423
30.72,9799
30.63,6634
30.72,9640
30.88,63336
31.37,7664
31.63,11762
31.91,7086
31.48,12032
31.33,15153
31.54,45670
32.01,23795
31.83,5657
32.14,5692
31.71,5442
31.69,4009
31.71,29849
30.82,9160
31.31,6763
31.41,6971
31.31,4762
31.47,5777
31.39,30443
31.62,4215
31.67,8794
31.66,12347
31.65,23681
31.64,18122
31.6,39627
32.72,14505
32.75,12104
32.67,11841
32.71,11671
32.75,11164
32.75,49414
33.33,14386
33.27,12824
33.43,8770
33.38,7912
33.31,13975
33.25,21315
33.1,22675
32.68,16718
32.63,10536
32.74,12327
32.65,22651
32.42,49675
31.85,32914
32.06,18585
32.33,5301
32.34,7988
32.08,22990
32.04,40968
32.15,20401
31.7,14956
31.54,8035
31.69,6206
31.56,10995
31.34,67813
30.34,46748
30.81,17455
30.52,15012
30.39,9784
30.34,10458
30.71,25328
30.88,11629
31.62,9693
31.66,7439
31.62,7691
31.64,6751
31.72,23097
30.64,17394
30.65,5841
30.76,4685
30.7,9850
30.59,5677
30.81,26513
29.38,21096
29.41,19944
29.76,14197
29.68,7588
29.69,31041
30.36,54366
30,24688
30.12,28902
30.14,16644
30.03,11394
29.99,5651
30.05,42200
27.8,38084
27.96,29834
27.96,10784
27.9,15726
27.82,10910
27.65,38302
27.97,11167
28.26,15998
27.81,10767
27.6,13527
27.25,18188
27.48,57194
28.29,11228
28.53,11556
28.04,15617
27.8,11601
28.01,12641
28.05,50812
28.68,7681
28.57,16093
28.75,11223
28.76,10146
28.97,9704
29.18,37513
28.77,20114
28.98,5272
29.18,16613
29.16,18962
29,6834
29,40060
29.32,29255
29.67,28123
29.67,15576
29.56,14915
29.4,13081
29.2,37280
30.37,12676
30.49,13289
30.36,4693
30.35,10843
30.43,18423
30.4,51588
31.56,16948
31.85,19225
32.08,14058
31.82,27820
31.58,45218
31.71,66331
30.56,16899
30.78,17967
30.84,16237
31.12,9381
31.33,14193
31.38,34871
31.35,12489
30.97,21796
30.8,21017
30.84,12071
30.82,18376
30.71,24871
30.67,18241
31.28,15588
30.92,11240
30.74,7701
30.74,6253
30.78,51072
31.67,21557
30.96,3519
31.22,2513
30.89,3608
31.15,3907
30.89,13063
30.45,6706
30.97,6269
31.31,6490
31.27,6117
31.09,8194
30.55,37786
30.57,25157
30.56,17413
30.78,15528
30.78,11233
30.87,13570
30.86,56501
30.79,17014
31.2,16297
32.06,9519
32.04,16884
32.12,4566
32.1,17117
31.5,10357
31.08,2373
30.75,6068
30.67,5994
30.64,5976
30.63,25215
31.55,29772
31.66,10327
31.74,4428
31.69,3671
31.64,6849
31.41,18621
31.62,20100
31.24,11313
31.07,8616
31.19,6359
31.34,9104
31,19679
30.84,5638
31.09,1839
31.29,3426
31.03,1841
31.02,1766
31.13,24426
31.91,18456
32.57,10019
31.96,6695
31.69,7978
31.67,7967
31.68,24357
32.1,9735
32.52,9812
33.14,14446
33.35,13624
33.47,23711
33.64,52602
32.99,23610
33.04,45526
33.03,16568
32.96,21392
32.61,19236
32.75,35035
33.27,13920
32.91,15324
32.97,15644
32.68,14863
32.7,21617
32.83,29183
33.51,12222
33.79,10924
34.32,8332
34.18,23220
34.14,26593
34.02,62306
32.84,46650
32.89,55198
32.99,61033
33.12,42798
33.42,60728
32.8,133131
30.46,22977
30.35,9281
30,17143
30.01,13426
30.02,22779
30.01,69553
30.58,70968
30.09,39868
29.65,55192
29.36,23947
29.43,17021
29.35,74690
30.59,57591
30.11,151174
30.15,32305
29.98,44356
30,34577
30.29,44793
30.05,22253
30.28,39737
30.16,10454
30.2,9069
30.27,194771
29.54,53603
29.05,42035
30.09,90445
29.99,12761
29.97,34089
29.81,27690
29.79,60898
32.33,165468
32.65,95388
31.88,73486
32.05,62616
32.5,69216
32.53,220012
31.76,81734
31.69,13681
31.69,8204
31.61,8417
31.74,27261
31.78,41589
32.27,20577
32.76,25878
33.12,19997
33.31,17757
32.85,12182
32.88,30981
32.43,13790
32.31,9211
32.36,9306
31.99,8087
31.55,10358
31.49,31012
32.99,12929
33.28,36378
33.16,15426
32.62,14602
32.54,14044
32.7,46343
34.55,48962
34.74,40043
34.55,23069
34.2,23341
33.87,30046
33.76,56473
32.73,27596
33.02,11714
32.58,14177
32.44,18746
32.97,20209
32.98,70489
32.66,13125
32.96,11895
32.82,9846
33.16,13132
33.12,8130
33.3,17258
32.48,14493
32.64,8320
32.66,10519
32.42,13022
32.04,5272
32.18,43893
31.28,8155
31.19,6585
31.19,8098
31.48,1829
31.49,5904
31.55,29144
31.58,9820
31.66,12737
31.43,4298
31.4,9050
31.35,6391
31.45,18988
30.75,14288
30.25,7951
30.38,11576
30.9,10025
30.89,7850
30.84,25948
31.8,18994
32.28,25765
32.22,3808
32.25,30480
32.06,12531
31.86,24987
32.24,11256
32.28,8986
32.31,6026
32.42,7169
32.55,12108
32.67,23526
32.5,8921
32.64,16807
32.49,22634
32.49,0
32,11999
32.3,10579
32.16,12319
32.01,8264
31.82,5298
31.74,26637
33.3,60157
33.55,23140
33.68,20278
33.72,10513
33.99,13010
33.94,41426
34.53,69379
34.51,18275
34.49,21140
34.31,30145
34.74,28830
35.17,74430
36.19,41052
36.28,22285
36.19,14641
36.31,6613
36.28,29991
36.39,94340
36.12,19494
36.2,15462
36.28,7746
35.93,9273
35.96,11002
36.2,39843
35.57,14879
35.28,8397
34.93,7751
34.96,5246
34.86,20762
34.78,36827
35.57,13741
35.3,5688
35.32,7705
35.15,7527
35.13,7406
35.19,25159
34.78,27760
34.76,13308
34.81,9946
34.9,6789
34.83,8900
34.88,20527
36.61,21652
36.23,10294
36.29,2631
36.04,3554
35.78,2499
35.78,15932
35.71,26850
35.47,6903
35.97,11092
35.65,7700
35.61,4915
35.43,24223
35.11,6156
34.85,5984
34.93,3470
35.01,2866
34.94,4847
35.2,20558
36.55,11290
36.08,8340
35.96,13091
35.99,5090
36.03,6365
35.79,21362
35.66,8058
35.98,6206
36.35,8070
36.24,5574
36.18,13125
36.23,13780
35.45,31326
35.62,15813
35.59,7590
35.55,6394
35.71,5234
35.63,19806
35.65,12691
35.45,7482
35.7,11738
35.64,18105
35.6,15618
35.74,36796
35.07,12027
34.66,5181
34.98,2878
35.11,2955
34.99,5442
34.92,14107
35.76,5649
35.71,8025
35.8,33010
35.51,32178
35.91,8348
36.02,22642
36.93,9800
36.66,5103
36.67,9344
36.81,7760
36.87,9629
37.05,19796
36.89,16441
36.33,6720
36.23,2804
35.93,8395
35.84,5276
36.19,24265
36.64,8607
36.74,2259
36.67,2478
36.74,1391
36.74,1732
36.73,18249
37.44,10233
37.68,10510
37.73,6420
37.57,15983
37.74,26202
37.82,40047
37.45,22834
36.6,12002
36.65,7347
37.08,8990
36.82,8609
36.86,49931
36.67,26898
36.53,18120
36.59,8378
36.49,6803
36.7,6547
36.65,33943
36.32,6393
36.47,2644
36.41,1200
36.44,3639
36.23,3853
36.29,8988
36.32,30797
36.03,20705
35.59,20439
35.5,24284
35.44,15381
35.09,48271
34.34,76027
34.11,50241
34.23,41522
34.21,22221
34.47,12123
34.75,26831
35.41,21884
35.53,10922
35.71,15775
36.02,26983
36.26,9045
36.32,23340
37.4,50127
38.25,30940
38.35,26606
38.11,14061
37.99,8779
37.98,33279
39.02,12011
38.45,8294
38.41,6410
38.43,10363
38.12,11757
38.21,31620
37.75,23248
37.38,24911
37.47,46701
37.61,12912
38.03,10448
37.88,67010
37.93,35514
38.53,37728
38.79,15459
38.81,17081
39.04,25349
39.12,44813
39,29939
38.82,34232
39.18,26129
39.9,26861
39.83,19453
39.79,54544
40.02,25107
39.95,11874
40.09,13239
40.25,4124
40.15,7967
40.34,30625
39.14,23876
39.06,12152
39.49,13245
39.39,10714
39.1,10203
39.31,25682
40.97,22460
40.65,11775
40.14,11614
39.66,5810
39.61,12641
39.65,21574
39.37,41049
39.77,19326
39.78,12211
39.79,13939
40.1,18615
40.2,36161
40.31,9305
40.24,17567
40.55,8062
40.59,9527
40.67,11477
40.6,19717
40.34,7230
40.62,5389
40.49,6869
40.45,10869
40.34,4295
40.34,16580
40.13,11764
40.72,14727
41,10218
41.11,6823
41.2,7309
41.21,27855
39.71,45406
39.73,84785
39.25,52610
39.2,42976
39.39,33887
39.59,58427
39.17,15289
39.31,8548
39.45,4533
39.56,7248
39.72,8757
39.78,33646
39.96,41919
39.34,30378
39.53,6349
39.85,13875
39.72,10075
39.78,27590
39.98,8096
40.01,6405
39.93,4025
39.74,2985
40.01,2788
39.75,37922
40.12,21594
41.01,35285
41.51,22945
41.48,34702
41.79,20612
41.56,39692
41.34,7636
41.25,4676
40.9,4625
40.58,7238
40.79,17012
41.77,38796
41.13,21624
41.32,18035
40.91,7347
41.02,6162
41.1,20740
40.73,57265
41.3,12059
41.42,12757
41.16,9884
41.22,11155
41.11,7126
40.83,15110
40.14,27138
40.11,23960
40.16,12807
40.28,26662
40.43,13411
40.27,46855
40.75,23396
40.61,13222
40.85,13254
41.47,22030
41.02,8361
41.3,19700
41.58,12784
40.93,14334
40.83,16365
40.53,7596
40.53,6594
40.65,17117
41.19,19022
41.06,12401
40.71,7184
40.71,17424
40.78,4120
40.5,35256
39.66,13412
39.77,10549
39.48,10964
39.54,8694
39.44,6867
39.53,25498
39.63,9588
39.79,4237
39.75,4316
39.86,5747
39.93,6324
40.08,24890
40.26,12731
40.12,9660
40.33,2531
40.37,7703
40.27,4738
40.53,15234
39.72,2812
39.82,12897
40.23,4824
40.28,2505
40.43,2688
40.34,6936
43.41,88416
44.18,45043
43.2,101794
42.33,91784
42.21,60097
42.19,164912
42.02,12266
42.12,38633
42.19,24553
42.18,18504
42.19,16653
42.26,92416
41.83,159764
43.05,42852
42.55,28629
43.04,50074
42.41,23262
42.07,109332
40.21,61623
40.18,18238
40.25,21570
40.51,12778
40.59,21533
40.24,37479
40.13,68125
39.37,48817
38.46,49735
39.26,22817
39.31,23656
39.29,70027
36.95,87276
36.71,59073
36.92,31167
36.93,30285
36.98,31836
37.17,81480
37.85,60609
38.33,39064
38.26,14679
38.51,9609
38.58,16924
38.7,40919
38.39,14454
38.61,8461
38.62,20450
38.95,18982
38.97,22958
38.67,84108
40.06,31601
40.06,15086
39.92,26254
40.36,8019
40.34,10248
40.14,41605
39.76,26194
39.85,14792
40.11,10743
40.01,5576
40.2,17178
40.1,21329
40.54,34263
40.54,21923
40.67,8605
40.64,4127
40.73,7425
40.86,21988
39.78,8337
39.87,6600
40.06,11321
39.74,4536
39.53,7880
39.57,36110
38.82,62821
38.04,27757
37.94,12589
38.02,13962
37.63,8370
37.66,22085
38.18,13415
38.05,8023
37.76,5702
37.53,11465
37.29,1577
37.44,23571
37.68,13597
37.26,10124
36.64,26219
36.57,17264
36.57,10625
36.49,29866
36.56,6698
36.41,10504
35.94,8270
35.76,24568
35.36,14189
35.51,29046
34.2,18187
34.94,15073
34.87,13630
34.53,24740
34.61,9418
34.77,39853
35.38,12826
35.58,7967
35.68,5568
35.52,7763
35.41,23685
35.48,32285
33.1,66234
33.08,18835
32.67,24298
32.31,18001
32.47,36878
32.63,84282
32.4,27691
32.59,22549
32.7,17617
33.12,19026
32.96,18578
33.1,62086
33.09,16462
32.87,12584
33.11,15887
33.03,18286
33.24,9998
33.08,43874
34.65,28888
34.52,16068
34.33,7186
34.41,24603
34.41,13950
34.37,50299
35.66,19305
34.59,43217
34.3,20318
34.2,17465
34.33,7860
34.44,27700
34.55,4573
34.5,7998
34.18,12173
34.04,12177
34.39,16109
34.66,60662
34.76,11458
34.97,19753
34.77,9245
34.46,13679
34.4,20910
34.14,18686
33.13,14496
33.49,8069
33.97,7032
34.05,6794
34.02,9384
34.03,40448
33.86,8009
33.4,12754
33.4,9666
33.59,13323
33.69,26446
34.28,59411
34.6,15097
34.52,7307
34.43,1963
34.31,1606
34.2,3852
34.3,12312
34.99,23105
34.73,23901
34.45,3274
34.39,5910
34.43,6673
34.51,27438
35.52,8105
35.16,4523
35.07,7841
35.4,12272
35.16,5907
35.21,30742
35.28,12246
35.11,7239
35.17,7699
35.45,13439
35.27,11368
35.41,36524
41.36,145036
41.17,109262
40.85,37241
40.92,42581
41.47,56075
42,193314
41.93,58527
42.22,37856
42.31,45849
42.45,36060
42.62,29505
42.58,102086
40.91,70723
40.68,24703
40.3,46283
40.13,45811
40.55,72029
40.74,158743
41.72,129212
42.06,47971
42.03,167915
42.27,74433
42.7,57796
42.86,96779
41.4,36724
41.1,20626
41.34,11737
41.63,5308
41.66,8822
41.5,27882
42.5,50085
41.76,26196
42.39,38140
42.18,29274
42.17,10556
42.22,37723
42.45,17125
42.36,11053
42.46,6779
42.47,6567
42.3,25878
42,74289
42.46,73729
42.7,63127
42.77,52092
42.91,33513
42.94,24469
43.26,167815
44.26,20165
43.84,22131
43.7,15182
44.11,12701
43.95,16492
44.17,102314
47.31,208417
46.08,170928
46.24,44180
46.69,21895
46.95,36252
47.04,121648
46.53,28695
46.69,26129
46.71,10242
46.62,7727
46.61,12930
46.46,35982
46.85,86999
47.03,47803
46.62,35962
46.81,23270
46.67,18965
46.61,73079
46.12,10973
46.65,18780
46.11,47781
45.77,49752
45.68,27754
45.34,118989
43.79,48809
44.5,41813
43.85,19949
44.09,30245
44.39,27496
44.57,106286
44.12,8115
43.7,9757
43.74,15712
44.02,9448
43.98,8983
44.13,32937
42.7,38681
42.64,14499
42.8,17721
42.46,20354
42.33,43851
42.06,70378
43.78,109771
44.31,79705
44.02,41360
43.8,35782
43.73,30681
43.4,104271
44.29,36481
44.23,17264
44.52,12589
44.28,56006
44.28,18622
44.69,45043
44.38,27843
44.43,10065
44.97,9116
44.94,7555
45.02,36602
45,75534
45,5320
45.31,8429
44.95,5295
44.9,3767
44.73,17211
44.56,23701
43.19,37242
42.61,17347
42.9,23629
42.8,17855
42.91,13273
42.81,21110
43.12,10397
43.11,17131
43.1,12169
43.09,3890
43.05,11604
42.75,35732
41.81,11544
41.27,3056
41.71,5369
41.84,4190
42.23,8779
41.84,58077
41.59,19130
41.8,10041
42.07,21041
42.19,3483
42.37,9004
42.32,28081
42.64,7404
43.03,3474
42.83,1785
42.73,3378
42.72,3036
42.91,41355
42.8,18077
42.61,173743
45.07,30973
44.87,14297
44.68,32537
44.72,58282
44.01,33784
43.4,33078
43.35,16177
43.72,14188
43.46,9092
43.48,13167
41.85,29386
41.61,19157
41.44,24190
41.56,7947
41.6,8839
41.51,43268
42.04,11334
42.02,6729
42.39,9408
42.21,5398
42.07,5830
42.3,12946
43.33,8505
43.54,5625
43.59,9437
43.65,9393
43.63,14876
43.64,24200
42.68,39120
42.59,8813
42.35,8421
42.3,4650
42.02,3115
42.09,30053
42.28,14646
42.18,11804
42.21,19241
42.7,20148
42.31,9969
41.91,50128
41.21,28074
40.95,21526
40.95,15638
40.94,13275
40.89,4125
41.06,21396
41.8,12309
41.64,13234
41.46,9745
41.46,3648
41.24,2971
41.15,12528
40.92,7938
41.13,6366
41.21,2220
41.24,3343
41.24,2458
41.19,23358
39.99,14123
39.96,6818
39.73,16636
39.62,12409
39.43,19198
39.36,49126
37.86,12376
38.27,17560
38.3,9097
38.14,7509
38.21,27190
37.91,108021
37.45,18023
37.48,12706
37.11,12480
36.8,51074
36.9,42277
36.48,50793
37,28636
36.86,18063
36.95,21347
37.12,17389
37.43,10723
37.58,26694
36.96,26262
36.87,8635
37,7980
36.94,8054
36.79,5483
36.96,20807
37.56,19683
37.58,13029
37.63,7277
37.56,13798
37.77,8977
38.13,36397
38.83,33390
39.41,35557
39.82,21656
39.85,17232
40.18,12786
40.13,33817
41.33,13990
41.48,11389
41.86,6150
41.86,4267
41.96,11385
41.99,48141
40.98,46525
41.06,41404
41.05,12919
40.93,19038
40.46,19164
40.34,24872
41.06,7463
41.22,7343
41.12,4333
40.94,2372
41.07,1558
41.41,18424
42.14,29041
41.58,22008
41.78,7006
41.71,7569
41.74,6624
41.69,42367
41.49,6243
41.58,4514
41.27,5253
41.56,2558
41.5,1005
41.63,9072
41.24,28990
41.56,11326
41.46,2829
41.38,1313
41.38,5811
41.34,9858
40.89,6158
40.78,4582
40.74,12177
40.84,7813
40.83,958
40.87,26875
42.09,11636
42.38,4599
42.04,1700
42.12,3584
41.96,4919
41.81,17272
42.22,37756
42.62,21477
42.69,18611
42.67,20337
42.23,24290
42.21,54971
42.05,42321
42.31,34131
42.61,29138
42.71,16174
42.72,29799
42.59,65191
41.15,34989
41.24,45663
40.95,45450
41.14,20604
41.09,37587
41.11,73468
39.59,16509
39.77,5069
39.8,3798
39.86,4336
39.81,6508
39.89,16124
39.67,18795
40.2,6577
40.2,6871
40.31,5903
40.42,7729
40.22,15027
40.01,8759
40.14,4294
40.17,863
40.07,2000
40.11,2917
40.09,25651
38.73,22546
38.77,17028
38.72,12429
38.78,16463
38.68,17015
38.47,42524
38.99,30165
39.18,4081
39.38,3740
39.45,6384
39.66,5304
39.57,14620
39.65,17031
39.99,7783
40.13,6525
40.04,8824
40.02,3344
40.02,22533
39.57,27084
39.49,11337
39.65,10979
39.6,6761
39.65,7525
39.8,16208
39.52,22268
39.65,7895
39.66,6217
39.68,7539
39.7,21015
39.73,36390
40.52,29826
40.8,18697
41.02,13005
41.11,12265
41.15,43684
41.12,47055
41.37,14037
41.37,6087
41.58,11521
41.58,0
40.44,21819
40.05,12318
40.04,17854
40.01,6822
40.01,4682
40.01,13272
37.89,15971
38.1,5024
37.96,3007
38.06,5667
37.94,9190
38.06,30086
38.93,14556
39.67,77645
40.01,48427
40.41,44287
40.41,13679
40.35,53263
40.61,35354
40.7,34838
40.6,34225
40.77,23767
40.65,27936
40.76,76469
40.5,5637
40.49,13819
40.54,3205
40.57,5161
40.61,7056
40.76,21425
41.27,22578
41.63,14980
41.19,6236
41.14,16865
41.15,16961
41.14,35467
41.55,17117
41.73,36658
41.44,7670
41.37,5289
41.16,5827
41.09,26759
40.61,8712
40.35,8218
40.4,3417
40.35,4802
40.57,5267
40.53,14396
40.12,12631
40.6,6200
40.69,8040
40.92,1614
40.92,1100
40.86,12489
41.1,7336
41.02,12483
41.14,3989
41,1462
41.03,2964
41,6580
40.96,6587
40.91,2833
41.03,800
41.07,1612
41.11,2145
41.23,13199
41.6,3830
41.37,4960
41.55,3476
41.46,2049
41.36,1280
41.28,15399
40.97,11039
40.95,3462
40.94,16095
40.9,1060
40.95,1900
41.04,6973
40.89,12194
41.19,8870
41.62,6727
41.62,11483
41.99,14302
41.69,33122
42.62,12621
43.09,5575
42.84,5332
42.8,4578
43.05,14151
42.73,22862
41.18,19162
41.25,9415
41.57,3754
41.45,9325
41.17,9997
41.19,24287
41.34,17479
41.61,23157
41.92,11500
42.13,16151
42.09,17257
41.24,24485
42.47,16825
42.48,11018
42.65,8367
42.59,9030
42.46,15310
42.65,61410
43.69,53394
43.49,14329
43.59,9338
43.48,2609
43.46,6118
43.34,15722
42.32,26602
42.07,14342
41.81,8266
41.94,9084
42.23,4674
42.05,42491
41.37,27418
40.85,28928
40.83,7271
40.89,6307
40.93,16312
40.92,42904
40.24,15613
40.94,14456
41.23,14451
41.18,5316
40.99,6325
41.08,23340
41.01,15264
40.87,8553
41.14,5674
41.18,4545
41.09,13294
40.89,22642
40.81,7003
41.06,6306
41.07,4533
41.14,4229
41.04,8629
41.04,46879
40.13,3857
40.36,3197
40.41,8214
40.4,14109
40.62,8475
40.69,61852
41.04,4592
40.68,2092
40.36,3033
40.51,5858
40.55,4359
40.51,27011
40.74,15974
39.81,18283
39.72,13250
39.48,14531
39.28,11846
39.47,29293
38.83,24485
39.13,9115
38.98,11461
39.21,10194
39.11,4706
39.16,32748
39,12978
38.79,4659
39,18086
39.08,6847
38.88,16674
38.71,62059
37.54,38680
37.26,15419
37.13,71208
36.91,24554
37.18,23618
37.07,55212
36.69,23101
36.62,13180
36.32,11881
36.29,11861
36.39,25645
36.35,53657
37.86,36515
38.13,11262
37.95,10434
38.03,7393
37.65,9760
37.53,54677
37.52,16262
37.58,12503
37.97,6616
38.36,11532
38.2,11528
38.12,23920
38.68,12307
38.45,3826
38.38,2300
38.27,807
38.3,1711
38.47,13520
39.22,23397
39.4,8983
39.59,6548
39.46,8487
39.21,7133
39.3,65929
39.36,5850
39.59,2815
39.83,1122
39.85,2748
39.86,2823
39.79,19687
39.34,5441
39.17,4432
38.94,9758
38.97,8395
38.9,7917
38.87,23015
38.96,11972
38.67,3895
38.92,5676
39.14,5277
39.01,12061
39.1,17676
39.56,16213
39.4,11451
39.25,7228
39.32,10368
39.01,10520
39.14,35632
39.43,24411
39.69,23186
39.86,17897
39.98,23155
40.03,12462
39.96,37956
40.27,19302
40.31,14146
40.46,11850
40.44,13349
40.36,13355
40.3,57298
40.7,2312
40.34,4014
40.21,3330
40.3,7159
40.42,5294
40.36,15153
41.27,15427
41.32,18076
41.28,9230
41.24,4699
41.4,9331
41.39,43815
41.32,12747
41.05,5625
41.19,2013
41.04,3713
41.06,4902
40.91,29544
40.25,9032
40.06,3451
40.11,11425
39.81,2183
39.89,4517
39.96,15651
39.3,9905
39.29,14809
39.28,5828
39.2,11389
39.21,18697
39.17,21983
39.16,6544
39.2,2372
39.24,2352
39.25,4060
39.33,2815
39.17,18015
40.31,54317
40.64,30564
40.76,27656
40.87,6770
40.87,13868
40.92,31560
41.29,7660
41.34,8572
41.19,8756
41.17,13387
41.12,11109
40.98,37519
41.56,29654
41.47,3807
41.26,1550
41.04,3926
41.04,4545
40.94,43568
42.46,31868
42.88,33650
42.79,10837
42.74,5786
42.58,7112
42.66,27007
43.35,13783
42.92,15944
42.81,8807
42.93,7659
42.93,8034
42.98,37144
42,23085
42.19,27453
42.22,13677
42.26,8372
42.25,4930
42.23,26623
41.84,8284
41.87,12328
41.66,10297
41.63,4276
41.64,9191
41.6,27004
42.04,7453
41.72,6805
41.42,2244
41.22,4370
41.03,15140
41.21,42841
39.71,68696
39.16,26930
39.05,15562
39.36,21658
39.71,17981
39.35,43451
39.78,12520
39.52,9025
39.54,14794
39.44,22530
39.35,12381
39.19,36214
39.16,19052
39.29,14922
39.96,5473
40.02,3260
39.92,5929
39.87,18252
40.07,3015
39.75,4390
39.52,4655
39.54,3378
39.45,7147
39.35,56357
39.4,9061
39.23,19498
39.36,13848
39.36,9534
39.43,16734
39.62,35968
40.91,25955
41,10821
41.39,8556
41.47,10996
41.34,17764
41.48,40576
41.95,5554
41.69,12552
42.04,12024
41.99,15361
41.93,13340
42.31,40421
41.12,42291
40.97,21099
41.08,17347
40.99,15386
40.81,21699
40.69,43093
39.98,25250
39.19,8731
39.13,4551
39.25,6864
39.07,10924
39.11,36938
38.45,16818
38.2,9170
38.58,9785
38.53,7214
38.26,7633
38.38,36697
38.91,6169
38.87,2983
38.8,3334
38.7,1301
38.96,3303
39.1,16371
39.66,6701
39.3,16500
39.81,26076
39.54,10242
40.02,16707
40.25,14058
39.4,2275
39.67,6744
39.87,5955
39.8,1901
39.91,1807
39.97,13459
40.65,15240
40.45,10819
40.81,13976
40.78,9009
40.66,5579
40.68,30555
40.63,6158
40.44,3672
40.12,922
40.22,3426
40.13,1325
40.17,14747
39.22,13498
38.72,27956
38.65,19513
38.56,19276
38.06,21058
38.17,32180
38.26,8187
38.21,3791
38.17,3144
38.18,4290
38.01,3932
37.98,30157
38.58,5374
39.02,8022
39.21,14364
39.37,13511
39.15,16605
39.13,31039
39.44,10015
39.76,5067
39.82,1953
39.76,1591
39.71,11211
39.99,25614
40.23,16428
40.29,6893
39.95,3800
39.94,2526
40.19,8573
40.11,31332
39.64,10966
39.13,22316
39.47,5685
39.85,15391
39.68,20534
39.16,46820
38.67,11290
38.66,12816
38.49,7446
38.51,9548
38.59,14412
38.39,77395
37.88,19173
38.09,16501
38.28,28663
38.33,17941
38.16,37604
38.07,69843
35.99,52020
35.48,26242
35.18,21923
35.27,16264
35.32,23323
34.98,132828
35.29,101775
34.67,56737
34.71,76544
34.29,38569
34.19,45173
34.14,134473
33.89,52825
34.8,34027
34.86,46477
35.01,9881
35.36,27147
35.7,69063
35.16,12085
35.46,3289
35.66,3377
35.51,9602
35.52,7259
35.33,14138
35.02,10835
34.68,8180
34.7,7131
34.69,11875
34.7,10743
34.55,66059
34.7,32321
34.66,19867
34.8,15926
34.57,69358
34.56,10292
34.86,45106
34.34,8041
34.32,30584
34.26,4484
34.3,2519
34.56,4453
34.56,42367
35.4,7860
35.72,9108
35.72,10463
35.72,16428
35.95,11060
36.08,70771
36.64,12204
36.52,12541
36.69,12844
36.67,15483
36.67,12297
36.74,50807
36.53,8439
36.35,4865
36.16,2940
35.98,7707
35.88,6477
35.84,22396
34.82,10868
34.83,6761
34.83,9587
34.63,9923
34.93,9870
34.76,77165
34.3,5102
34.04,2598
33.98,13446
33.86,11614
33.83,24119
33.76,78960
34.04,43987
34.24,11063
34.04,13390
34.18,16696
33.85,16408
33.74,47794
33.84,9073
33.86,4331
34.14,6673
34.41,7988
34.56,22526
34.6,33652
35.58,46386
35.61,44541
36.02,19863
35.71,13385
35.61,14894
35.57,50769
36.44,139414
36.94,45729
36.83,32256
36.39,33181
36,35684
35.96,106201
34.88,83761
35.11,48259
34.8,51744
34.56,55492
34.41,29663
34.48,114180
34.51,41491
34.16,51495
33.79,16703
33.95,18062
34.12,31438
34.39,85801
34.75,22618
35.16,10048
35.06,11864
35.45,16354
35.44,17289
35.25,34829
35.62,26275
35.85,32314
35.79,6468
35.77,11273
35.81,17935
35.58,33439
36.08,17368
35.95,16038
35.54,13771
35.2,42273
35.36,68614
35.25,120405
35.24,23467
34.94,13763
35.3,17400
35.28,6981
35.39,10226
35.36,32998
35.74,23361
35.62,13677
35.66,27823
35.66,0
35.01,46020
34.64,61264
34.63,41719
34.48,40424
34.6,48011
34.85,90373
35.34,25755
35.4,20704
35.49,18889
35.44,32515
35.42,39265
35.61,58570
35.92,28026
36.22,26555
36.06,24643
36.15,24273
36.44,14375
36.31,40626
36.46,17074
36.61,16525
36.38,11588
36.47,7944
36.56,14008
36.59,42489
37.72,19132
37.72,42920
38.21,48576
38.09,15642
38.09,23862
38.05,23503
37.03,16548
36.84,6113
36.9,4186
36.68,3075
36.65,5595
36.73,34563
36,56760
35.9,31560
35.89,26993
35.94,26312
35.87,46811
35.77,100278
36.5,14250
36.17,19312
35.81,15441
35.89,9548
36.03,10702
36.03,27600
36.14,8304
36.29,6153
36.41,18385
36.35,4605
36.32,11003
36.13,35207
37.48,40132
37.72,28583
37.38,16741
37.44,15442
37.56,27566
37.7,63495
36.96,24230
37.17,21593
37.02,13726
36.97,12857
37.1,17083
37.06,42021
36.79,9757
36.84,9082
36.95,21027
36.9,17414
36.97,11953
37.01,33779
37.19,8364
36.94,8673
36.79,9422
36.58,11757
36.47,83618
37.56,233182
40.32,208464
40.61,115999
40.3,143647
40.13,77571
40.13,56254
40.39,41025
40.4,12688
40.78,13170
40.78,10689
40.76,11665
40.71,8809
40.65,20871
41.18,41178
41.04,15494
40.85,4324
40.88,4225
40.78,4233
40.82,20955
41.35,29383
41.06,13241
41.26,4504
41.41,6416
41.4,13168
41.58,54892
41.45,10362
41.36,10195
41.41,6916
41.39,3968
41.37,8431
40.87,21461
41.4,16549
41.46,6682
41.46,5944
41.52,3772
41.5,3835
41.47,19294
41.45,19248
41.03,23028
41.22,7209
41.23,6783
41.3,10099
41.33,29394
41.73,4854
41.87,4351
41.7,1168
41.61,1350
41.86,1607
41.85,8745
41.84,6100
41.85,1822
41.9,4508
41.84,6618
41.73,6956
41.85,11537
41.88,35738
41.73,6158
41.76,8695
41.84,2931
41.83,3118
41.7,15839
41.64,8946
41.41,9995
41.21,2637
41.43,3620
41.43,11855
41.34,14681
40.71,16172
40.34,16352
40.79,7282
40.69,13099
40.4,7629
40.23,28880
39.19,9791
39.41,12555
39.93,8879
40.09,13104
40.08,7784
39.92,22438
39.32,11209
39.37,8575
39.46,2126
39.16,12397
39.21,12384
39.38,17676
39.74,8756
39.72,7323
39.45,6042
39.22,6188
39.46,18634
39.28,28783
38.87,26561
39.29,16937
39.33,16450
39.44,6350
39.26,11968
39.51,26128
38.56,19128
38.42,8913
38.54,24172
38.72,13732
38.61,14524
38.35,29980
38.21,21447
37.95,9118
38.04,8245
38.13,3519
38.02,9579
38.02,56815
37.5,20902
37.53,10405
37.48,13440
37.71,15733
37.72,34759
37.99,47354
37.79,11449
37.78,18234
37.68,8931
37.56,5170
37.62,34508
37.48,58889
36.58,27908
37.24,22590
37.12,20552
36.71,19218
36.66,18832
36.88,87242
36.49,7940
36.2,12200
36.05,12964
36.07,13346
36,16124
36.06,36984
36.28,19677
36.04,16805
36.29,14874
36.23,15548
36.32,18310
36.33,24264
37.34,12160
37.18,15547
37,8197
37.08,21910
37.29,41742
37.53,55085
37.74,19648
37.4,12573
37.59,7717
37.62,12581
37.59,38228
37.46,35091
38.37,28502
37.95,15483
38,15394
38.03,10165
37.97,15897
38.27,28305
39.54,17636
39.5,14861
39.57,12991
39.51,20953
39.27,19138
39.44,101431
39.51,5715
39.24,12168
39.49,10134
39.29,7351
39.28,18001
39.49,62226
39.43,4566
39.43,4229
38.99,12726
38.9,4577
39.1,6856
39.36,18385
39.08,10421
39.03,4022
39.05,5411
39.22,5630
39.24,4128
39.48,20426
39.07,7644
39.16,7154
39.41,5044
39.52,10861
39.77,9731
39.84,42002
39.83,11822
39.78,15027
39.43,8313
39.47,6050
39.53,13122
39.57,22448
39.55,15105
39.37,8176
39.74,5947
39.47,5415
39.67,5561
39.62,19750
39.08,11875
39.03,10131
38.81,11244
38.66,16286
38.72,18741
38.9,41876
37.68,21696
37.58,7246
37.69,7880
37.75,8883
37.69,9812
37.71,47496
37.97,13627
37.83,25363
38.05,16446
38.02,12649
38.09,14064
38.05,51973
37.57,12274
37.78,18144
37.53,4893
37.62,6187
37.48,9939
37.45,44096
37.2,28343
36.96,8540
36.98,9031
36.98,14030
37.23,11460
37.17,20129
36.44,21507
36.26,25742
36.11,22650
36.14,16780
36.08,26086
36.11,52042
36.59,10279
36.55,13318
36.76,4460
36.75,6123
36.92,4157
36.87,22619
36.03,27836
36.37,9042
36.08,14494
36.06,4292
35.96,10017
35.76,19796
36.19,5439
36.36,5125
36.46,4381
36.61,8103
36.56,8280
36.81,23198
37.53,15651
37.43,10568
37.56,5526
37.47,8362
37.46,21406
37.5,22313
37.96,31655
38.05,30774
38.1,19159
38.08,22773
38.1,24382
37.98,55475
37.06,9360
37.09,18305
36.73,4530
36.73,9154
36.62,19981
36.9,45190
37.28,20285
37.06,14826
37.01,7738
37.06,8045
37.13,8045
37.1,27175
38.36,47115
38.52,40820
38.06,19590
38.27,18774
38.28,11913
38,40149
38.35,43057
38.38,22440
38.35,31767
38.61,12560
38.66,11950
38.72,38311
37.74,8038
37.7,6061
37.56,10013
37.75,4122
37.7,4705
37.71,36734
37.94,4737
37.77,4512
37.77,7416
37.56,5079
37.76,13172
37.58,34897
37.06,23257
37.04,11253
36.93,15507
36.9,7734
36.75,10665
36.68,38309
37.71,4024
37.65,6819
37.63,3926
37.63,9483
37.8,8498
37.61,23477
38.13,12563
38.37,11218
38.46,11781
38.34,12551
38.29,2739
38.38,47040
38.75,9767
38.81,8536
38.67,19741
38.74,5637
38.79,13590
38.7,17224
38.69,5387
38.43,3173
38.34,2181
38.28,2104
38.15,4134
37.95,15359
38.69,14144
38.57,24897
38.74,10257
38.94,4563
38.81,3999
38.62,13891
40.08,47740
40.35,15873
40.36,7244
40.29,11294
40.13,6484
40.16,23775
40.71,14606
40.23,6786
40.11,10581
40.04,5724
40.07,6680
40.4,14352
40.46,5436
40.74,3059
40.7,16620
40.87,6297
40.77,5474
40.7,14308
40.74,9841
40.9,7206
41.07,5160
41.04,12211
41.11,6510
41.24,36579
43.47,96658
43.71,49208
43.92,95816
44.28,32200
44.67,23944
45.05,54991
43.73,31721
44.08,12526
43.95,16395
43.77,16642
43.57,3648
43.7,29286
43.63,31342
43.86,33711
44.2,16403
43.93,15911
44.09,22487
43.88,91720
43.9,26020
43.96,13866
43.89,24290
43.65,17155
43.55,11794
43.58,48022
42.5,8895
42.71,12410
42.78,8486
43.11,4773
42.87,9552
42.71,45140
42.71,13067
42.78,11573
42.63,19631
42.79,5259
42.7,16671
43.61,69529
44.37,21895
43.9,11073
43.66,16047
43.82,9141
44.09,2419
43.9,22534
43.14,25924
42.98,12268
42.87,7939
43.08,12107
43.1,14122
43.21,34667
43.07,6701
43.26,6404
43.06,8230
42.79,2145
42.65,6037
42.49,16574
42.61,11671
42.48,11496
42.47,9511
42.27,8852
42.27,12106
42.43,17131
42.84,24389
42.94,8613
42.79,12006
42.91,18916
42.89,20834
43.07,80909
43.42,70956
44.5,88075
45.03,18971
44.94,23417
44.95,22957
44.95,66292
45.93,55978
45.27,24235
45.13,51258
45.06,17239
44.88,21695
45.1,107953
45.43,42297
45.5,15294
45.35,19931
45.52,9474
45.44,6265
45.5,27532
45.9,48914
46.38,64783
46.3,48610
46.34,28686
46.6,28741
46.71,66584
47.2,13696
47.46,16326
47.48,11442
46.89,10054
46.89,21613
46.58,45037
45.76,11944
45.97,12827
45.84,10696
45.74,10314
45.65,7869
45.7,43306
46.1,20170
46.44,15504
46.2,9609
45.94,11513
45.91,11759
46.15,57372
47.57,55687
47.65,27371
47.7,22362
47.92,16997
47.99,25453
48.09,61067
47.85,65435
49.24,53676
48.34,16150
48.67,16015
48.77,16790
48.4,36202
48.18,17989
47.19,25659
47.52,15981
47.5,12528
47.76,11531
47.61,41321
48.56,29988
47.84,12979
47.6,13877
47.35,24882
47.07,16319
46.87,30543
47.39,33415
46.74,9397
47.36,10073
47.09,21166
46.78,8484
46.71,25431
45.57,20249
45.69,17872
46.16,11868
46.51,17069
46.25,13190
46.42,27440
47.69,30958
47.44,32028
46.78,29143
46.4,23326
46.81,18780
46.56,53419
47.06,16355
47.13,12767
47.11,18891
47.03,6507
46.72,7324
46.81,65495
46.85,17388
46.77,15774
46.46,19487
46.14,11712
46.17,12629
46.11,28022
44.95,67586
44.87,82307
44.87,24034
45.01,23706
45.15,19587
45.33,68198
44.28,46574
44.32,16880
44.13,14825
44.48,15319
44.55,10245
44.46,31168
44.33,22395
44.18,17680
44.05,10750
44.16,8696
44.37,19552
44.38,45034
46.73,80967
47.06,26564
47.9,30436
48,24708
48.41,17109
48.47,91632
49.33,27651
49.16,14236
49.15,13352
49.08,10522
49.39,15248
49.41,71821
49.18,30144
50.06,13648
50.47,26310
50.52,19035
50.43,29902
49.99,74552
49.19,13297
49.13,6363
48.92,5337
48.71,3695
48.89,6020
48.75,22864
48.08,7196
47.79,6276
47.36,10807
47.4,23759
47.47,29343
48.3,55761
47.07,20971
48.09,23489
47.8,36691
47.72,13733
47.71,8869
48.01,51805
48.85,23203
48.13,11982
48.33,7530
48.41,4174
48.54,5147
48.51,38509
49.27,7666
49.08,3219
49.06,2246
48.9,3064
48.97,1593
48.92,21191
49.11,9618
49,7856
48.99,5625
49.02,6648
49.37,5004
49.24,21551
48.39,10238
48.5,5221
48.38,2957
48.1,7410
48.2,8083
48.25,16987
49.79,8098
50.08,4207
50.15,6532
50.48,10556
50.39,6167
50.51,20523
51.26,21062
50.88,18137
51.11,5398
50.59,3505
50.5,11370
50.47,19497
50.25,8363
50.68,2385
50.74,4181
50.37,3861
50.25,3274
50.4,8770
51.26,2710
51.19,10065
51.71,6735
51.12,8120
51.26,7659
51.49,17052
50.92,13110
51.31,20204
51.27,9597
51.23,7730
51.33,6261
51.31,21836
51.09,23515
51.11,12430
50.86,12200
50.85,11181
50.88,11457
50.86,17899
51.7,7245
51.88,9850
52.18,19671
52.21,19568
52.45,13888
52.53,51509
53.37,9169
53.58,13105
53.74,2468
53.95,8918
53.73,16410
53.66,46054
52.78,9874
52.93,15134
52.77,15234
52.68,11539
52.55,12813
52.46,32486
50.09,19925
49.89,10010
50.35,10852
50.56,16711
50.1,10969
49.57,32269
49.73,7357
49.87,4059
49.83,5576
49.53,5090
49.12,5891
49.24,20866
50.27,10925
50.23,3160
50.14,3100
50.12,2004
50.08,5149
50.12,9653
51.28,11820
50.95,10285
51.73,8126
51.88,2687
51.75,6867
51.52,22318
50.94,30830
50.63,40403
50.55,18340
50.59,15410
50.67,19926
50.55,74277
50.98,34257
50.68,19535
50.66,19105
50.81,16228
50.61,12252
50.71,32447
50.86,65984
50.53,23269
50.27,31993
50.58,24588
50.75,24821
50.76,77804
51.14,6102
50.92,1843
50.81,700
50.3,5221
50.55,5660
50.36,12661
47.93,43945
47.36,11733
46.65,26106
47.04,13467
47.34,16985
47.43,80577
48.04,15951
48.28,16223
48.42,13134
48.49,9079
48.84,7284
48.8,28751
48.69,10287
48.93,9435
49.64,5186
49.76,3902
49.69,2299
49.89,11401
48.53,3940
48.39,6460
48.33,16767
48.49,8696
48.52,8326
48.56,25518
48.54,6844
48.55,4707
48.74,6291
48.68,2668
48.7,3341
48.69,27638
47.2,27394
47.39,6619
47.29,5268
47.31,8128
47.46,9078
47.46,52949
48.06,7201
47.7,1600
48.1,4264
47.85,8410
47.7,7819
47.18,18189
46.58,8973
46.51,8494
46.44,8652
46.53,4952
46.55,1549
46.5,14027
46.28,10432
46.58,3441
46.84,5703
47.15,6728
46.97,7011
47.11,42410
45.6,26704
46.03,10473
46.23,15703
46.47,14212
46.61,13219
46.8,37870
46.96,7619
46.74,6677
46.87,5957
46.76,7537
46.54,15988
46.65,49332
46.76,14840
47.16,6404
47.22,3688
47.18,5760
47.18,13263
46.89,28309
46.46,8027
46.6,7645
46.63,3668
46.46,3626
46.38,11364
46.21,28263
47.39,13392
47.4,4040
47.12,3243
47.12,2569
47.04,3041
47.39,45353
47.1,7685
47.04,7461
47.18,9677
47.04,6545
46.76,2594
46.9,12613
47.14,12779
47.23,6436
47.14,3916
47.07,2550
47.17,1258
47.15,18100
47.5,5723
47.18,4223
47.22,5478
47.38,4261
47.31,9944
47.45,17961
47.72,8668
47.21,1401
47.24,2116
47.12,3200
47.18,4238
46.95,16719
47.62,10312
47.48,3434
47.68,5670
47.66,2561
47.55,6495
47.33,28085
47.37,9578
47.28,7835
46.95,8543
47.21,2903
47.37,2908
47.42,14164
49.46,45520
49.55,16608
49.1,34808
49.1,0
50.47,57214
50.27,31637
50.25,34837
50.02,16334
50.07,15216
49.98,25868
49.02,11654
48.5,15833
48.09,25746
48.13,9845
47.97,6723
47.86,28810
48.41,18230
47.97,8884
47.88,4541
47.83,3006
47.71,5254
47.63,16267
48.13,27949
48.61,16952
49.11,12947
48.64,9981
48.49,5136
48.4,19711
48.21,11596
48.43,10647
48.12,14749
48.36,12836
48.83,16426
48.99,80430
49.94,46337
49.91,30558
49.8,15227
49.68,13778
50.16,24342
49.96,32876
49.63,8354
50.08,4878
50.01,3288
49.85,3797
49.63,17311
49.41,58908
48.45,27762
48.87,11641
48.67,20311
48.61,37258
48.81,24776
48.87,49237
48.63,10563
48.11,17237
48.07,26409
47.95,19687
47.97,22275
47.58,56854
46.56,31881
45.62,84318
45.41,42022
45.53,32033
45.3,45720
45.07,150090
45.51,12007
45.41,11339
45.49,12439
45.5,6957
45.87,9830
45.88,111004
45.29,14284
45.33,14588
45.35,13905
45.27,13413
45.13,18713
44.66,43044
44.15,34876
44.74,34536
44.87,13659
44.9,17817
44.98,22727
45,58154
44.57,13984
44.2,20093
44.55,13705
44.67,5161
44.41,7118
44.33,139479
44.21,24818
45.02,15433
45.04,7407
45.03,10270
45.12,8642
45.02,34306
45.78,19414
45.33,15708
45.44,8688
45.36,142695
46.92,35578
46.44,47874
47.29,38779
45.74,11226
46.39,12308
46.22,8529
46.28,7607
46.48,31081
46.8,22357
46.71,18137
46.5,18874
46.71,16515
46.55,11079
46.57,30840
48.19,20753
48.1,11152
48.19,15521
48.44,11013
47.99,15392
48.67,44564
47.79,19860
46.53,13602
46.13,19300
46.05,9896
46.1,19636
45.6,40561
45.22,41506
44.16,33641
44.16,24718
43.75,26944
43.76,21554
43.87,50737
41.97,32633
42.16,37198
43.32,26883
43.55,21959
43.62,24533
43.44,39673
44.3,9212
44.07,13858
44.36,6070
44.35,5362
44.5,8913
44.51,35907
44.9,24928
44.36,11150
43.92,9332
43.52,15614
42.9,14707
42.78,38959
43.61,30553
43.96,15475
43.99,16081
43.84,17157
43.82,15533
44.16,30375
44.49,15156
44.78,17186
44.4,16427
44.44,18585
44.62,14493
44.65,52459
44.84,18307
45.37,23949
45.67,6202
45.21,11080
45.43,10753
45.58,36944
45.36,14856
46,11689
45.87,7448
45.98,4560
46.09,5746
46.1,34814
45.63,2819
45.61,16695
45.66,11590
45.54,8901
45.56,7381
45.78,25477
47.53,48489
47.62,24261
47.74,28690
48.04,25054
48.17,30867
48.13,68365
47.68,30115
47.65,9151
48.04,6776
48.24,8254
48.1,11071
48.04,48316
48.36,10066
48.47,7065
48.48,4150
48.47,7884
48.64,10114
48.65,20043
48.37,13931
47.93,20806
47.71,10986
47.54,4022
47.53,7097
47.65,16111
47.93,11824
48.09,6245
48.28,36227
48.12,5808
48.14,7265
48.13,20977
47.52,7650
47.49,4340
47.47,2662
47.33,2204
47.24,8537
47.22,17880
47.78,6341
48.25,9910
48.05,17712
48.05,11482
48.02,19592
47.94,45841
48.83,9909
48.46,4328
48.28,3515
48.52,3085
48.47,3740
48.52,29840
48.31,3328
48.41,8673
48.21,8758
47.88,7415
47.98,7874
48,26847
46.58,16248
46.45,9616
46.53,7047
46.36,11024
46.18,12825
46.39,47843
46.62,13099
46.56,9363
46.67,3430
46.76,17560
46.92,10824
46.72,49488
46.9,3104
46.62,8733
46.48,7744
46.74,9620
46.88,5232
46.96,19515
43.96,29214
43.97,23504
44.27,16602
44.23,15605
44.15,12604
43.83,47467
44.19,21118
44.52,30179
44.79,10079
44.93,13960
44.63,12548
44.63,35805
45.26,4484
44.98,12144
44.6,4094
44.65,3593
44.71,3487
44.44,44468
43.94,15022
42.85,28356
42.72,18772
42.75,20142
42.59,17908
42.64,36823
43.73,7283
43.49,7638
43.7,2719
43.88,7228
43.66,14098
43.82,16779
43.05,9445
43.32,10492
43.14,2704
43.19,2278
43.4,6953
43.65,23468
43.47,19071
42.75,15088
43.22,12364
43.35,22881
43.72,25082
44.02,25126
44.66,21513
45.06,16997
44.97,14941
45.27,10047
45.36,25828
45.51,45664
46.4,27128
46.27,22205
46.41,21489
45.94,18996
45.69,41793
45.7,43362
46.25,41922
46.32,9074
46.11,12603
46.23,18342
46.52,9528
46.6,25868
46.29,25496
46.54,19863
46.34,13915
46.19,12456
46.21,13480
46.31,28913
46.26,12301
46.24,6690
45.93,4901
46.19,5606
46.07,64634
47.07,32453
48.23,38341
48.41,24605
48.65,19384
48.36,20800
48.43,23451
48.24,67378
47.72,34814
47.84,18292
47.95,31247
48.33,14171
48.05,21427
48.27,109304
49.21,46541
49.04,24523
48.83,26129
48.81,12748
48.85,17699
48.73,48961
50.63,52755
50.47,45133
50.33,18237
50.22,19889
50.39,26837
50.56,57158
50.41,18138
49.81,18048
50.08,11578
50.24,17478
50.1,17090
50.05,29958
52.29,112143
52.21,73650
53.09,37636
53.33,48187
53.41,28943
53.18,64492
52.47,37411
52.33,12800
52.26,12485
52.19,25059
51.96,18147
52.01,49889
51.6,18775
51.6,11261
51.36,20235
51.72,27496
51.77,28212
51.5,39766
51.85,39684
51.17,19489
51.1,11978
51.29,8364
51.5,27167
51.53,42261
52.01,15207
51.82,26215
52.09,6883
51.88,8049
52.01,12810
51.69,43515
50.97,21687
50.8,27167
50.96,21273
50.89,18147
50.72,12521
50.67,42663
51.42,22644
51.76,17449
51.68,17628
51.27,15477
51.15,14895
51.16,25995
51.14,20796
50.66,16096
50.68,8692
50.74,15719
50.63,18642
50.2,24380
48.41,53116
48.23,27180
47.97,18610
47.82,21426
47.74,15089
47.64,60578
47.74,23464
48.19,24543
48.97,20264
48.98,10343
48.93,15753
48.8,45275
48.5,13849
48.61,11378
49.09,11669
48.93,9023
49.06,5424
48.95,61598
50.73,46632
50.69,46276
50.74,37228
50.83,20611
50.93,25758
50.93,59575
50.16,49606
50.63,30367
50.44,25650
50.59,15388
50.42,22480
50.42,67546
48.99,37994
48.98,34749
49.08,13424
49.11,13081
49.03,6134
49.01,35590
49.81,65015
50.39,29432
49.49,7963
49.69,11122
49.9,21905
49.84,44891
49.91,19265
49.75,30859
49.65,6907
49.88,6880
49.97,7585
49.78,38716
50.06,11145
49.97,7278
50.04,6734
50.2,5159
50.09,14246
50.04,62764
49.48,54074
48.47,12702
48.71,15025
48.83,7396
48.81,6332
48.88,41743
48.91,32300
49.33,15461
49.32,11359
49.6,11102
49.86,16968
49.98,34671
48.76,17901
48.75,28508
48.8,13029
48.68,8868
48.5,20147
48.7,46912
46.02,81409
45.84,41980
46.3,41865
46.4,34157
46.65,35842
46.06,68462
47.2,31326
47.13,33098
46.89,13520
47.01,19779
46.63,17688
46.86,35772
47.57,16686
47.69,12028
47.42,13140
47.13,7070
47.02,4139
46.95,15133
47.6,5616
47.67,29067
47.47,9019
47.45,3474
47.34,6171
47.22,28958
47.08,12434
46.71,10386
46.64,9173
46.51,7578
46.73,21707
46.79,44598
46,17529
45.86,19514
46.03,28052
46.27,28703
46.33,19090
46.28,30679
46.79,13659
46.8,8338
46.84,8146
46.56,7343
46.31,6492
46.27,23710
47.19,25626
47.23,13456
46.74,8534
46.91,5840
46.88,9088
46.72,19532
47.65,23121
48.31,30574
48.29,8292
48.09,19806
48.08,24020
48.01,39648
46.35,16704
47.93,31410
48.22,41747
48.59,23966
48.38,13809
48.56,50056
50.43,13411
50.56,9410
50.63,11085
50.38,33087
49.94,33157
50.07,50003
48.44,29964
47.39,21014
47.37,24169
47.34,25132
47.6,10893
47.86,41740
47.45,26491
47.32,16673
47.02,10343
46.82,9908
46.76,11158
47.04,30728
45.7,81574
45.47,22502
45.17,9996
45.16,13380
45.39,8503
45.69,44020
45.18,48172
44.8,31684
44.65,46578
44.69,26980
44.67,27063
44.5,46062
44.63,27224
44.5,24679
44.25,16763
44.36,23239
44.51,21295
45.14,33776
45.5,38989
44.84,24476
44.52,13789
44.49,14219
44.37,7567
44.45,32215
44.8,14109
44.8,40748
45.15,12843
45.29,15012
45.35,15221
45.38,116231
45.96,22634
46.33,13880
46.49,16340
46.36,12320
46.55,16250
46.56,40947
46.7,46904
46.9,19218
46.69,30317
46.5,11479
46.45,9810
46.35,43343
46.27,11202
46.55,4507
46.32,10515
46.66,9310
46.69,12958
46.78,59657
46.34,13724
46.52,23450
46.33,6806
46.41,2565
46.33,9793
46.29,21434
46.5,9168
46.55,24589
46.54,15370
46.39,4817
46.53,7816
46.54,64687
46.12,11398
45.93,6660
45.94,6789
45.76,7111
45.89,11196
45.86,31093
46.45,15462
46.1,9702
46.03,8456
45.85,14329
45.9,17817
45.85,58539
45.84,19074
46.25,3904
46.31,21144
46.31,0
46.03,27021
45.49,27821
45.24,27635
45.23,4431
45.34,9337
45.26,50046
45.92,23441
45.93,31984
46.24,16431
46.16,16529
46.05,9083
45.96,70641
45.57,13381
45.49,12511
45.38,7572
45.42,8989
45.41,12540
45.41,18978
45.37,18841
44.74,20591
44.81,8660
44.89,11300
44.94,4942
44.79,25303
44.54,40319
44.73,22072
44.73,19572
44.58,7910
44.59,6895
44.54,30281
47,60992
47.21,53088
47.16,24105
46.67,20708
46.54,47057
46.58,53972
45.39,40760
45.65,11823
45.4,14719
45.41,8983
45.43,11468
45.54,69811
45.05,32209
45.17,19226
45.32,12198
45.38,4759
45.39,8654
45.41,22670
45.01,13613
44.81,15160
44.94,9849
44.97,11538
44.89,13473
44.88,22586
43.56,25181
43.24,26818
43.5,9917
43.48,9912
43.58,11360
43.71,32459
43.4,8402
43.11,22042
42.78,11421
42.73,16219
42.48,27549
42.35,129796
41.46,41459
41.78,18170
41.71,14698
41.86,15972
41.96,13140
41.91,74308
41.28,23569
41.33,9114
41.46,7847
41.37,8061
41.4,20303
40.37,153355
39.8,36213
39.66,20006
39.7,31069
39.61,17938
39.82,7322
39.54,36467
39.89,20739
40.24,19381
40.74,26229
40.67,16586
40.68,27900
40.63,48419
40.35,4355
40.56,8853
40.87,13373
40.77,13327
40.77,0
40.69,25123
40.68,6227
40.67,5301
40.61,36876
40.63,9566
40.55,21426
40.63,16159
40.59,16675
40.33,6335
40.33,8391
40.39,8852
40.51,23567
39.91,18920
39.82,16720
39.88,10698
40.1,3945
40.18,4591
40.1,26269
40.34,16492
40.34,13040
40.23,3688
40.16,3422
40.13,2552
40.21,14802
40.66,18389
40.64,21273
40.8,14744
40.57,9335
40.37,11996
40.37,26758
40.4,10419
40.32,33366
40.5,16485
40.64,8275
40.66,6642
40.61,23710
41.84,63200
41.69,27659
41.71,20486
41.23,11241
41.17,7276
41.07,28574
41.14,15616
41.19,8926
41.07,8886
40.89,3779
40.94,5429
40.78,28804
40.94,15126
41,17016
41.05,20064
40.9,10333
40.81,15937
41,73101
41.77,31073
41.67,20170
41.31,15668
41.51,25192
41.9,12776
41.57,40128
42.05,35373
42.08,14717
41.88,12953
41.81,7248
41.75,9296
41.68,21176
42.13,14883
42.15,16402
42,8960
42.05,39195
42.19,12133
42.08,31205
42.34,25466
42.42,7639
42.43,5353
42.39,5866
42.54,9626
42.6,53937
42.18,18353
42.16,19189
42.09,12661
42.18,71666
41.28,73795
42,63618
42.69,23651
42.88,39903
43.09,9068
43,11094
42.82,14014
42.77,78435
43.46,22268
43.34,24552
43.48,21373
43.45,20147
43.2,17815
43.07,48838
42.95,16466
43.07,9036
43.21,19486
43.27,6374
43.21,14135
42.79,50587
42.49,22147
42.57,29322
42.85,15679
43.04,17425
42.79,14172
42.77,56537
43.11,33874
43.19,10832
43.16,13921
43.08,4735
42.98,11077
43,21755
41.81,27625
41.69,27218
41.8,24055
41.6,26413
41.8,34037
41.79,50158
41.12,16172
41.09,21210
40.68,27021
40.68,24390
40.46,29873
40.65,52271
40.9,42375
41.08,18655
41.05,10732
40.98,8938
40.65,24283
40.73,36551
41.35,25213
41.65,7050
41.46,11911
41.49,7285
41.55,12932
41.41,56525
40.97,25563
41.53,13625
41.37,13195
41.5,23010
40.99,12986
40.63,43375
39.3,41792
40.39,14911
40.11,6846
40.02,8352
40.1,23804
39.99,116949
41.28,43336
41.26,15404
41.19,14708
41.12,12426
41.28,14673
41.46,42312
41.86,20939
41.43,22335
41.47,16731
41.87,25649
42.11,28694
42.02,50472
42.73,18654
42.68,18931
42.47,27596
42.54,18610
42.26,19709
41.99,44871
43.75,67519
43.11,30677
42.54,28101
42.76,28708
42.83,36830
42.89,65203
42.92,51351
42.68,33088
42.99,21417
42.97,14842
42.91,16028
42.74,86011
41.53,46567
41.87,23421
41.71,18407
41.57,14029
41.63,33476
41.65,58217
42.02,38045
42.19,24248
42.51,14868
42.62,27569
42.43,26569
42.55,40012
42.79,19260
42.74,12277
42.6,27674
42.82,22506
43.09,33758
43.36,57299
43.71,37232
42.91,12197
42.96,8923
43,11587
42.94,11239
42.99,23661
42.9,20974
42.99,18591
42.83,14083
42.81,11986
42.75,12291
42.72,41650
41.71,34641
41.67,10080
41.85,13080
41.89,12885
41.96,12210
42.27,60161
42.81,16592
43.21,18351
43.08,25460
43.01,24252
42.74,14854
42.97,51164
41.65,24519
41.66,13529
41.98,13290
41.59,41967
40.92,49250
40.57,112231
40.47,35942
40.76,38375
40.98,11182
41.09,7260
41.12,11298
41.03,36276
40.67,27424
39.91,15112
39.92,23528
40.12,15027
40.2,18511
40.26,51095
41.3,34762
41.21,31404
41.28,30074
41.33,25201
40.85,33395
40.69,39003
40.2,21367
40.26,21695
40.3,18143
40.3,13176
40.32,21037
39.95,50367
39.43,48745
39.83,31765
39.64,36055
39.34,26855
39.25,20929
39.48,83592
40.36,30115
40.64,19853
40.35,13980
40.25,25460
39.77,19009
39.28,60478
37.92,50436
37.68,26441
38.13,26117
38.13,22863
38.48,25786
38.74,75157
40.07,42433
40.3,54540
40.26,28895
40.66,30347
40.74,23119
40.87,63429
41.32,45931
41.76,25247
41.39,26233
40.82,36810
40.52,32006
40.21,57195
40.12,54599
39.71,41356
38.73,24798
39.04,33887
39.45,25664
39.63,67754
37.68,35706
36.85,19974
37.56,30004
37.39,29177
37.33,29331
38.26,74591
39.53,48109
38.94,21300
39.49,18834
39.42,24987
39.4,42826
40.11,61922
40.37,41156
41.09,53351
40.55,36939
40.55,25475
39.8,53580
40.33,37114
40.86,22276
41.26,29590
41.62,17491
41.66,13623
41.49,13559
41.56,52709
42.2,32430
42.07,15022
42.29,10640
42.33,6097
42.41,11560
42.42,56111
42.26,19976
41.89,18493
41.66,13048
41.53,15830
41.43,32370
41.66,51081
42.01,20168
42.26,43664
42.42,17220
42.51,15545
42.27,84896
42.71,52202
42.19,16649
42.48,18019
42.24,7809
42.14,11620
42.02,14968
41.93,58074
40.79,43631
40.87,37882
40.57,55331
41.04,15113
41.03,15158
41.05,104811
41.88,27777
41.86,22394
41.7,19836
41.47,23517
41.54,11967
41.7,38504
42.42,31426
42.39,27840
42.34,31194
42.32,13367
42.52,9396
42.4,48861
40.94,52372
40.45,40586
40.31,34784
40.14,24393
39.9,27905
39.94,65181
39.13,19016
39.2,22469
39.03,23264
39.01,16138
38.93,15721
39,53715
38.48,15237
38.08,16853
38.01,36294
37.5,34824
37.32,56206
37.1,101327
35.36,72117
35.87,35258
36.01,19041
36.12,16514
36.07,23328
36.22,74890
35.73,25024
36.22,38137
36.39,22110
36.49,12200
36.44,15863
36.41,68798
36.69,31172
36.83,16981
37.16,20666
37.11,8856
37.01,11771
36.96,32657
34.97,47446
34.42,42893
34.64,64095
34.92,39838
34.48,32664
34.28,94778
30.34,107623
29.39,81812
30.13,73903
29.93,48415
30.14,46213
29.65,108870
29.91,66827
30.38,43348
29.6,29237
29.43,41380
30.45,40488
29.75,68027
31.33,49836
30.3,16782
30.3,17844
29.33,25720
29.44,20778
28.96,63073
28.81,72670
28.14,53212
28.52,57509
28.77,110358
32.8,59018
32.82,183013
31.37,49805
31.93,32204
31.19,40880
31.55,28598
31.89,21733
31.76,58136
32.31,73677
32.13,56441
32.6,36930
33.16,35086
33.43,55764
33.26,76419
34.29,25474
33.85,26012
33.05,69898
33.12,30874
33.59,16271
33.56,76497
33.66,6579
33.92,5175
33.8,3753
33.49,2027
33.46,8362
33.53,24023
33.12,15153
33.48,14566
33.34,10546
33.26,12902
32.77,20963
32.55,49691
32.96,22687
32.36,10197
32.77,20283
32.89,8208
32.77,14690
32.81,27334
32.44,13866
32.4,14905
31.98,14478
32.02,10658
32.04,5771
32.17,30328
33.21,10479
33.51,13364
33.72,19097
34.12,34226
33.76,13151
34.1,29269
35.15,60754
35.07,42285
34.7,14302
34.66,22639
34.81,17917
34.57,46043
36.33,65952
36.03,45719
36.32,24153
36.49,14988
36.21,24263
36.15,34501
35.22,23800
35.24,26098
35.44,28006
35.55,24436
35.4,22274
35.42,66080
35.47,8270
35.37,8985
35.04,17005
35.01,6561
34.98,11135
35.22,27257
35.39,13206
35.14,8440
35.21,12904
34.96,12606
35.16,8555
35.05,38138
32.77,63264
33.44,53253
33.36,26624
33.21,21177
33.52,13759
33.41,44276
34.17,10342
34.43,13175
33.81,10740
33.77,10980
33.82,11084
34,28169
34.43,39416
34.85,11982
34.74,48797
35.12,10243
35.18,29594
35.14,54660
34.95,49237
34.87,18778
34.96,21222
35.01,16823
34.96,9350
34.87,27596
34.68,9879
34.62,27093
34.77,7296
34.7,18710
34.61,18496
34.88,45597
34.27,15761
34.03,13002
34.05,3996
34.12,6985
33.71,17556
33.62,42984
33.75,17415
34.02,32024
34.52,19422
34.56,13452
34.43,14865
34.46,35828
35,29340
34.84,24947
35.11,18895
35.06,16685
35.47,21101
35.46,71167
37.27,68182
37.66,21518
37.55,25364
38.02,20340
37.8,16301
37.6,44122
37.94,34221
37.91,25035
38.05,22821
38.25,26522
38.23,36684
38.18,62194
36.87,21778
36.77,27168
36.83,11628
36.81,13643
36.93,9310
36.77,48739
35.62,21130
35.84,7373
36.05,19600
36.11,6520
36.16,12853
36.17,51472
35.27,38383
34.65,52598
34.88,26700
35.2,19995
35.27,14176
35.48,39422
35.31,10163
35.47,14286
35.55,15427
35.61,7888
35.48,7375
35.59,22259
35.78,47428
35.72,39688
35.78,17229
35.78,22095
35.71,14180
35.53,54920
35.76,8417
35.77,11017
35.89,8128
35.79,11530
35.59,13328
35.68,20904
35.3,10199
35.16,11786
35.24,15013
35.23,5995
35.44,5833
35.34,26484
35.7,34979
36.08,34467
35.98,32469
36.02,16300
36.04,13733
36.1,32533
37.69,47742
37.18,25122
37.31,18442
37.53,27670
37.6,18420
37.65,38407
36.97,20479
37.13,14419
36.85,15976
37.18,7729
37.29,5260
37.2,18716
37.62,9180
37.48,7071
37.3,7514
37.55,7355
37.49,9763
37.43,26366
36.5,5810
36.72,17686
36.68,17229
36.43,5345
36.58,6492
36.71,33912
36.9,31991
36.92,19068
36.66,24769
36.41,10298
36.35,16245
36.57,28858
35.98,16544
36.51,11587
36.76,7428
36.67,8426
36.63,16492
36.72,28547
37.06,16212
36.9,12356
36.81,10121
36.96,11879
36.91,11733
36.98,25887
38.19,25097
38.42,25136
38.44,15089
38.46,22794
38.74,18715
38.76,64198
38.7,16811
38.47,17433
38.52,10184
38.36,17559
38.36,14346
38.38,42866
38.94,11589
38.99,16481
38.77,10105
38.9,8043
38.88,10779
38.79,67379
38.59,10560
38.48,23477
38.37,6421
38.45,5683
38.38,5485
38.52,33272
38.37,52489
38.42,23318
38.45,18160
38.37,22663
38.53,24943
38.47,36703
38.26,85784
38.28,11267
38.17,6054
38.12,20088
37.98,19582
37.86,114403
37.39,17162
38.13,16856
38.46,7767
38.39,14033
38.32,14860
38.31,67237
38.9,13289
38.96,15960
38.87,7572
39.03,8466
38.97,7378
38.92,24856
39.12,14732
38.62,8152
38.51,12064
38.43,7243
38.35,18524
38.36,31924
38.5,9984
38.25,4551
38.27,4410
38.31,9975
38.23,15201
37.99,50785
37.85,10501
37.56,13696
37.56,11763
37.6,11780
37.53,18673
37.34,33043
37.55,12074
37.47,12741
37.45,8736
37.49,3925
37.95,6608
38.23,33228
37.97,48741
38.36,6151
38.23,13133
38.26,12231
38.23,9907
38.19,106053
38.1,14766
38.15,12482
37.91,7446
38.07,8380
38.13,5525
38.08,35462
39.59,38264
40.81,71770
41,22474
41.23,31836
41.26,20098
41.41,67459
40.5,53777
40.96,18502
40.89,19697
40.79,31785
40.33,19818
40.29,71690
40.17,17415
40.45,29942
40.65,23239
40.57,15691
40.28,23695
40.27,65227
40.53,10579
40,20607
40.23,8359
40.31,13567
40.43,14643
40.28,44626
40.96,79025
42.07,43760
41.63,44409
41.55,25512
41.32,59087
41.15,96549
40.99,48777
40.52,17560
40.55,21306
40.55,0
40.53,21547
40.08,9942
40.25,7853
39.83,12558
39.97,11050
40.07,27532
40.61,43144
40.18,27486
40.24,74811
41.25,247554
39.38,35935
39.19,138686
38.59,50239
38.22,42579
38.29,48676
38.45,14091
38.43,18381
38.29,38313
38.82,50407
38.73,28838
38.44,46284
38.49,19612
38.6,26783
38.68,59822
37.6,41116
37.51,13753
37.47,11552
37.52,18867
37.44,20753
37.96,48028
37.84,10229
37.64,14899
37.72,12888
37.71,4995
37.64,9052
38,35881
37.23,61938
37.01,66235
37.07,40223
37.05,51582
37.4,54165
37.19,86705
36.94,33404
36.85,38683
36.48,7531
36.72,8319
36.72,9706
36.69,61327
37.28,55374
37.34,21558
37.45,39489
37.46,15644
37.68,22486
38.01,107300
37.59,24872
37.55,19786
37.69,15172
37.54,20708
37.37,33425
37.35,40364
37.98,47714
38.15,16785
38.03,14644
37.93,16287
38.02,13954
37.81,155380
37.57,49859
38.04,67888
38.09,33435
38.28,14421
38.24,13489
38.42,83569
38.85,41465
38.59,41017
38.61,19997
38.2,14810
38.23,27937
38.29,64186
36.66,75909
36.79,155658
35.79,126218
36.21,73744
35.7,65096
35.37,131159
33.95,70381
33.81,74445
33.26,85512
33.22,89754
33.18,55682
33.1,177998
33.21,97961
33.37,67579
33.55,42278
33.69,49073
33.75,40885
33.49,114636
33.08,54611
32.7,41914
32.55,23602
32.65,13504
32.74,16745
32.88,123549
32.47,39470
32.49,42706
32.37,23322
32.42,19967
32.72,272943
31.4,215200
32.43,79736
32.15,62664
32.18,29328
32.09,22177
32.13,34729
32.11,90847
31.85,39364
31.66,38305
31.85,40588
31.42,30458
31.35,33559
31.23,88656
32.02,16031
31.66,21806
31.9,7837
31.92,12616
32.07,10638
32.27,35085
32.15,26964
31.66,19185
32.08,10513
32.14,14716
32.22,10414
32.21,36341
32.3,15300
32.2,24525
32.24,19446
32.24,13053
32.1,19977
32.24,52242
32.98,22108
32.72,10794
32.79,8971
32.88,8647
32.98,17159
32.86,61650
33.17,38376
33.35,52353
33.44,23719
33.31,17704
33.22,14448
33.11,61042
32.44,56586
32.01,46848
32.06,29216
32.14,35583
32.09,33794
32.14,74506
32.48,29088
32.49,11874
32.46,7738
32.35,17704
32.33,14291
32.22,115056
32.75,19520
32.61,11935
32.48,8757
32.54,29409
32.56,84673
32.54,83895
31.74,10458
31.85,13986
31.84,15444
31.91,11430
32.17,21809
32.21,44884
32.29,7640
32.21,10430
32.17,6303
32.13,18491
32.07,22707
32.12,44247
31.62,16475
31.61,14653
31.68,10575
31.62,9552
31.53,10766
31.54,37671
31.49,26837
31.42,23463
31.36,8889
31.31,16539
31.26,15855
31.39,54723
31.06,24414
30.98,25374
30.96,9424
30.99,11011
30.95,18434
30.89,54727
31.05,18974
31.27,21109
31.13,65802
31.33,14465
31.45,10304
31.5,44923
31.97,120676
33.32,49382
33.51,29747
33.73,21935
33.6,23259
33.69,69240
33.74,12879
33.57,6462
33.36,13522
33.33,6576
33.15,10052
33.09,30628
32.97,45430
32.95,30332
32.83,21918
32.89,12990
32.89,14301
32.92,70078
32.34,10785
32.45,5909
32.5,6653
32.59,2345
32.53,5261
32.54,71815
33.21,8701
33.17,22571
33.21,14862
33.25,9431
33.35,23576
33.76,39533
33.81,22579
33.82,9948
33.94,6603
34.01,3009
34,8834
34.11,31211
33.24,23460
33.37,28293
33.33,32485
33.57,44127
33.52,37531
33.27,96252
34.19,64472
34.14,69849
34.67,41365
34.31,51096
34.2,50429
33.97,194643
32.67,197240
31.69,109088
31.87,49286
32.01,45614
32.36,65256
32.93,126777
33.8,78392
33.15,57867
34.03,44507
34.04,34060
34.11,32271
34.23,113325
34.64,85464
34.42,76627
34.78,50913
34.56,51659
34.66,57541
34.9,193456
39.39,330467
39.78,263493
40.12,173179
39.77,156536
39.57,170633
39.41,583405
40.08,119538
39.79,93828
39.75,59372
39.82,49220
39.84,93208
40.35,290432
41.01,78504
40.95,36740
41.06,40421
41.35,53454
41.48,27710
41.52,156675
41,74296
41.02,89579
41.33,64198
41.38,40181
41.5,45239
41.86,122941
41.78,64705
42.21,64133
41.89,51306
42.25,39769
42.54,48591
42.21,123451
41.13,91591
41.34,102484
41.03,74694
40.61,40085
40.53,69111
40.21,164432
40.03,83654
39.79,21507
39.76,19778
39.86,29155
39.97,70304
39.5,121092
40.03,21212
39.52,18597
39.6,7550
39.38,11326
39.38,9643
39.36,48528
39.42,47982
39.45,36943
39.4,13051
39.37,15970
39.35,23931
39.43,77343
39,37046
38.98,27639
38.84,17569
38.76,35201
38.71,56169
38.56,74920
38.83,82763
38.69,28769
38.65,27042
38.72,36883
38.33,38869
38.06,92533
40.41,163219
40.42,170665
40.36,123201
40.76,71397
40.76,63116
40.42,147070
39.33,85648
39.49,81827
39.93,27659
40.02,20064
39.86,24068
39.86,40362
40.29,76801
40.49,39102
40.84,10532
41,17327
41.17,28667
41.33,69359
42.25,73320
43.1,69413
43.27,56585
43.56,75371
43.41,51046
43.69,196217
43.51,77901
43.37,42497
43.34,23312
43.73,20058
43.95,28011
43.55,98854
44.23,31733
43.56,26639
43.62,13957
43.55,20776
43.83,25322
43.85,47899
43.41,57306
42.8,28643
43.07,18431
43.31,13710
43.19,19137
43.11,77538
43.51,32954
43.33,25301
43.56,24519
43.37,38907
43.02,25932
42.94,87634
43.47,44552
43.98,19494
43.36,4938
43.36,13180
43.46,11360
43.37,45030
43.34,17474
43.17,26845
42.47,10646
42.54,9903
42.65,14434
42.56,54549
43.07,74600
43.08,76126
43.51,45172
41.84,72694
42.2,48794
42.28,100705
43.48,78365
43.63,84991
43.59,40983
43.48,39289
43.72,59856
43.82,85448
43.02,116565
43.11,97299
42.96,70196
41.41,65523
41.36,61000
41.63,92739
43.23,49024
43.86,30917
43.52,7097
43.83,11854
43.62,6179
43.83,59755
42.67,24318
42.98,20404
43.53,17701
43.67,13935
43.73,22319
43.7,33392
43.44,18713
43.42,21288
43.39,13740
42.97,15935
43.17,22093
43.39,43395
43.72,58277
44.3,34720
44.33,30620
44.37,48777
44.27,49441
44.25,71042
43.77,40144
43.35,17202
42.83,34197
42.55,17823
42.4,15868
42.81,29256
44.27,29841
44.29,41950
43.81,9691
43.93,7629
43.9,10172
43.87,42919
42.58,19169
42.88,21180
42.74,47864
42.18,27270
42.58,15522
42.51,69679
43.26,35474
42.61,39866
42.08,28715
41.84,16389
41.75,9340
41.97,51330
42.97,39238
43.07,22454
42.49,15308
42.5,24372
42.3,25035
42.34,55118
42.15,29518
41.96,36537
42.27,18990
42,20519
42.08,13011
42.22,34518
42.35,13928
42.13,33605
42.02,25648
41.75,25877
41.67,18780
41.5,98135
42.48,61670
42.94,33928
43.03,29022
43.02,18663
43.24,15039
43.28,49086
43.77,51716
43.83,22324
44.05,17343
43.88,12063
43.75,66101
44.02,86594
42.64,16265
42.6,9757
42.77,6059
42.64,5036
42.96,6161
42.86,52177
42.68,9854
42.75,17632
42.49,9694
42.5,18174
42.69,18765
42.82,39569
42.28,27467
42.17,18114
42.33,14242
42.51,8172
42.47,19198
42.52,58810
41.15,25311
41.29,15653
41.14,9903
41.01,8379
40.99,14865
40.9,64685
41.28,32447
40.99,14382
41.31,12090
41.17,5815
41.14,10456
41.14,75314
42.2,52759
41.6,16102
41.98,13821
41.69,15038
41.66,7210
41.66,72189
41.15,26188
40.73,28981
40.72,17834
40.65,11009
40.75,26970
40.83,43088
42.42,57683
42.41,30916
42.39,9191
42.47,11058
42.38,10610
42.41,30386
42.98,45756
42.47,30448
42.87,12481
42.88,8282
42.94,16671
42.83,53584
43.06,33918
43.29,22254
43.33,26117
43.64,19270
43.61,40695
43.44,106741
43.11,18516
42.89,34610
42.42,9654
42.56,20405
41.9,32305
41.39,98374
41.73,67823
42.04,66596
41.66,39893
41.12,46220
40.94,41250
41.03,92653
40.89,18724
40.94,15751
40.93,3220
40.65,10700
40.46,15524
39.93,39812
38.74,71091
38.77,57677
39.55,22558
39.64,22864
39.35,20524
39.29,86900
39.9,43560
39.84,22056
39.89,75297
39.76,17287
39.75,19278
39.72,43510
40.33,26078
40.05,25912
38.99,30511
38.55,11340
38.41,20838
38.44,116866
39.08,89691
39.37,82425
40.14,50695
39.86,28892
39.82,28437
39.82,90888
40.43,51946
40.51,44478
40.62,14405
40.87,28047
41.13,12577
40.88,37625
42.15,76332
41.79,42686
42.12,8464
42.17,11541
42.12,24302
42.24,94274
42.59,28985
42.73,26045
42.94,18023
42.69,15989
42.81,14415
42.79,24413
43.19,26764
43.08,18879
42.95,23286
42.95,0
43.94,101587
43.38,54544
43.6,33923
43.73,22645
43.81,17184
43.28,41697
43.15,30911
42.95,17037
42.83,11864
42.81,6550
42.6,27693
42.52,46388
44.2,66979
44.66,64630
44.42,31566
44.27,18918
44.26,35879
44.3,68512
44.73,66303
45.01,52663
44.83,10019
44.9,13920
44.8,15123
44.79,34699
45.51,40984
45.58,48017
45.24,11462
45.39,8778
45.08,11098
44.89,65175
45.13,46164
44.56,9358
44.47,4817
44.47,6154
44.33,4172
44.39,50106
43.94,32269
44.13,44432
44.08,12040
43.81,8228
43.82,34871
44.35,88468
44.46,74289
44.17,30073
43.81,39709
43.58,25567
43.37,93591
43.69,111663
44.2,94390
44.48,51819
44.63,34307
44.96,17806
45.03,8906
45.15,53998
43.79,108866
43.46,109927
42.54,101020
42.94,63402
42.73,45443
42.94,88661
43.12,22730
43.5,32810
43.45,17378
43.35,20441
43.28,35654
42.94,64233
43.7,82729
43.86,40586
43.83,15897
43.69,17499
43.55,56714
43.13,72789
44.64,144282
44.64,54112
44.33,22797
44.22,37966
43.96,14556
44.08,44376
44.83,71431
45.08,45774
45.07,45204
44.56,23728
44.68,61254
44.81,101099
45.43,33262
45.2,37454
45.29,60497
45.25,42749
45.11,39210
45.03,135133
44.9,36300
45.1,35698
45.2,44413
45.2,20107
45.03,44551
44.97,78848
46.31,70803
46.8,73655
46.78,24076
46.71,18388
46.78,15723
46.77,46203
45.59,25846
45.93,17599
46.3,27152
46.3,0
47.48,48519
48.11,40528
48.15,31285
48.4,17893
48.19,10788
47.96,74615
47.04,78082
46.61,58283
47.28,49281
47.21,25969
47.24,29266
47.55,89394
48.28,33045
48.27,40099
48.3,21243
48.29,18701
48.18,17696
48.02,60807
48.11,14081
47.87,21274
47.75,11550
47.72,5546
47.72,20345
47.56,32645
48.88,52864
48.52,35581
47.57,14935
47.72,6889
47.75,19013
47.91,50664
49.35,53073
49.52,43283
49.47,24579
49.84,17969
50.09,26546
50.07,74456
51.39,37080
51.75,40142
51.78,54386
51.63,18457
51.67,15409
51.28,72049
49.16,74667
49.4,56913
49.39,35637
49.15,26581
49.28,23717
49.13,44663
48.19,73981
49.13,65841
48.81,22470
48.6,43080
48.6,32268
48.64,95406
50.01,49271
50.23,19433
50.09,18699
49.6,20086
49.9,20492
49.67,65241
50.63,97023
50.84,54373
50.67,24300
50.69,14769
50.73,20634
50.83,35726
50.44,68974
50.22,43149
50.21,12718
50.32,9471
50.51,25608
50.19,64123
50.96,42430
50.97,73386
50.74,34802
51.09,18640
51.52,40090
51.84,51109
51.88,60792
51.87,34839
52.12,31228
52.04,27022
52.09,33934
52.24,97269
50.45,38203
50.21,38815
50.63,32147
50.38,21972
50.4,21739
50.57,55000
50.01,52226
50.39,57656
50.27,26673
50.27,19592
50.12,23217
50.27,70615
53.34,180919
53.62,67625
53.09,75918
53.64,18561
53.48,36403
53.26,68440
52.09,106045
52.34,71659
51.68,49880
51.66,45949
51.38,29871
50.94,93883
53.45,97799
53.26,82626
53.16,21182
53.13,14155
53.28,14036
53.35,75385
55.67,77525
55.43,31631
55.55,24022
55.5,12300
55.37,14869
54.99,45036
55.4,43719
55.93,58060
55.89,13287
55.84,13253
55.58,18517
55.8,58469
56.95,20989
55.88,10048
56.48,16596
56.2,11176
56.12,23240
56.29,31500
59.03,65012
57.06,39922
57.91,36693
58.15,24749
58.51,52841
58.04,40393
55.35,45999
55.25,48091
54.68,30991
54.23,60579
54.47,49702
54.33,216618
54.46,90279
54.51,90279
54.5,27530
54.42,34258
54.08,41474
54.16,83235
58.02,60680
59.23,69973
59.23,64983
57.95,35881
57.34,38191
58.38,31292
59,38959
57.82,69356
56.58,68875
55.82,35155
55.34,50882
56.18,81399
55.11,115939
54.66,87664
54.82,49038
54.2,51443
53.89,38594
53.83,76565
54.42,47385
54.85,38886
54.89,21608
54.92,54015
54.85,25473
54.91,98207
55.96,23941
56.81,42263
57.59,32786
57.43,28892
57.55,19319
57.79,72360
57.62,17110
57.93,17833
58.02,9933
58.08,6710
58.08,10550
58.61,25984
59.51,32573
59.15,21675
59.88,19193
60.21,17527
60.18,16762
60.49,42368
59.45,31754
59.75,44579
58.31,11550
58.27,21081
58.06,19275
58.67,30546
57.91,12943
58.44,29222
58.81,18995
58.8,14335
58.78,18919
58.57,34926
55.09,52015
55.65,44405
57.22,30745
57.45,18569
58.04,20191
57.72,41397
58.68,34224
59.55,22021
59.38,7489
59.79,7758
59.48,20973
59.34,49868
56.86,34846
57.42,32983
57.41,11804
57.34,7540
57.73,16922
58.56,44820
58.95,47549
59,24735
58.84,13884
58.58,7281
59.01,26656
59.06,37407
60,17463
58.84,28316
59.06,13432
58.54,20900
58.48,25472
58.66,55432
59.38,40762
59.71,30951
59.61,24253
59.92,50508
60.05,27128
59.64,53154
61.75,123357
61.78,85344
61.54,29860
61.36,20025
61.06,22461
61.37,33236
59.73,40275
59.92,48231
59.79,18427
59.86,12356
60.53,17619
60.62,86398
60.23,31491
60.4,20224
59.63,30444
59.13,32607
59.09,29121
58.74,95692
57,56158
56.42,94440
56.45,54452
57.18,46920
56.83,43341
57.13,95876
53.3,35010
53.9,35678
54.44,33267
53.8,95189
55.22,87567
55.14,157315
55.42,62733
56.1,29974
55.81,23365
55.76,21533
55.41,36943
55.4,64732
54.61,49230
54.18,53489
53.21,53563
52.84,44027
53.23,56442
52.81,41485
50.45,23318
50.98,26048
51.09,16987
50.91,26355
51.01,14013
50.78,89044
48.36,89262
48.48,66098
49.02,38347
49.44,33042
49.31,46898
49.63,117462
52.61,15764
53.24,10423
53.18,20495
53.12,18811
53.2,17499
52.51,28895
52.76,43271
53.65,46136
52.3,43566
52.88,16643
52.62,19411
52.71,41375
51.58,50719
51.14,43065
51.67,19773
51.71,8466
51.47,8268
51.69,27220
50.91,51877
49.88,44076
49.19,64533
49.32,35893
49.34,15522
49.455,109914
49.71,19619
49.55,16720
49.56,20990
49.25,16745
49.5,34233
49.94,49196
50.34,19136
50.12,23891
49.68,14537
49.83,6894
50.04,7691
49.915,17902
48.58,26290
48.63,18480
48.38,16374
48.68,24236
48.61,17903
48.03,153742
45.86,115986
46.36,49277
46.29,55656
46.695,19112
47.13,25485
47.36,72806
46.66,98772
45.06,73420
45.33,66473
45.73,38095
45.81,44261
45.17,55563
48.28,55379
48.56,36555
47.59,20078
47.85,12541
48.275,16595
48.225,58863
47.2,52146
47.96,48313
47.68,48036
48.58,59973
48.14,54229
48.49,68713
49.9,18837
50.415,16144
50.07,26564
50.445,14741
50.42,17562
50.42,34077
48.68,31021
48.26,37170
48.68,29737
48.59,25510
48.525,22848
48.85,42775
47.82,22359
48.6,45542
48.43,10781
48.88,14869
48.53,10994
48.625,24412
48.96,43098
48.87,31026
48.77,2589
48.6,5843
48.355,4055
48.32,28068
50.65,48436
50.14,19132
50.2,15796
51.17,23268
51.22,16131
51.62,45020
53.25,39903
53.69,39526
53.6,15482
53.78,16714
53.56,21968
53.18,105394
51.89,38550
52.58,17072
52.45,6844
52.6,10309
52.65,5941
52.64,23870
52.57,18043
52.4,7858
52.43,4054
52.46,9673
52.53,6452
52.725,18057
51.92,12150
51.77,14263
51.74,10933
51.69,30698
52.185,46265
51.78,138380
56.175,36387
55.77,23130
56.09,23444
56.165,5183
56.02,13364
55.255,67540
55.865,23792
55.21,20252
55.18,9619
55.335,8048
55.16,7802
54.765,31501
56.68,48481
56.325,11772
56.22,9232
56.205,4461
55.985,3601
56.34,30251
56.36,22851
57.19,22559
57.06,15698
57.4,11732
57.37,13290
57.39,33388
58.43,53631
58.15,64809
58.38,52156
58.115,53687
58.175,55807
58.14,97125
59.15,12045
58.58,20279
58.16,11246
57.86,5631
57.96,9870
58.26,24200
58.465,16135
58.35,22679
58.46,13467
58.11,11506
58.05,8262
58.18,34609
59.23,56931
60.03,13886
59.925,13908
59.93,25159
59.585,19252
59.45,40913
59.56,25515
59.26,14828
59.38,10373
58.8,8091
58.9,15470
59.085,26057
58.6,35459
57.79,28240
57.765,10438
57.4,19373
57.51,9712
57.72,94609
58.61,41914
58.73,36524
59.2,23746
59,25306
59.21,37463
59.32,82498
62.655,61952
62.41,29493
61.93,24419
61.635,51897
60.62,36580
60.22,63490
60.45,23527
60.73,16352
60.845,10993
60.63,9192
60.37,9764
60.42,30344
59.77,27280
59.51,19032
59.56,11209
59.5,10986
59.81,12885
59.955,39254
58.055,48164
57.44,29946
57.32,22575
57.65,25840
57.93,16589
57.815,56173
57.03,21590
57.47,12671
57.1,9622
56.98,6836
56.93,16588
56.86,49852
57.505,23611
58.42,31155
58.2,10556
58.07,30876
58.46,18298
58.57,69520
58.8,32358
59.12,26492
58.62,18275
58.385,14973
58.42,6355
58.17,19854
57.47,8764
57.265,6973
56.93,25937
56.715,10525
56.85,8131
56.91,39390
57.985,24396
57.655,21632
57.79,30663
57.88,14045
57.875,14413
57.88,30294
62.55,55824
62.645,48611
62.44,26106
62.22,26058
61.96,15211
61.905,67256
63.335,67930
63.66,45445
62.22,27756
61.4,16319
61.36,17058
61,55007
63.765,42703
63.68,29261
64.14,28827
64.31,16766
64.425,19279
64.47,66788
65.85,35274
65.69,38596
66,41018
65.965,28580
65.715,20898
65.67,97514
64.31,69256
64.19,30493
63.58,28571
63.73,23903
64.47,61789
65.215,49929
66.95,81040
67.225,63798
66.805,31356
66.595,18330
66.21,23384
66.39,54843