34.025,130689
34.025,0
34.025,0
34.025,0
34.025,0
34.025,0
35.035,149912
35.05,40541
34.81,55318
34.725,147125
34.905,125120
35.46,174351
36.23,155621
35.705,75569
35.775,65592
36.415,49566
35.99,236440
35.99,0
35.24,149337
35.08,59695
34.99,67261
34.42,30737
34.35,60202
34.15,207762
33.35,114511
33.62,69269
34.76,64551
34.14,362527
34.575,85163
34.585,143787
36.54,103317
37.13,79939
37.32,83140
37.45,118685
37.195,114225
37.195,130051
37.79,74141
38.305,124696
38.29,48315
38.3,37042
38.05,34354
38,101911
37.78,43297
37.82,118595
37.33,45265
37.46,33042
37.3,34549
37.16,83575
35.75,114625
35.73,76706
35.275,65521
35.28,40369
35.37,62888
34.96,209720
35.69,183881
36.04,77520
36.385,63382
36.595,87497
37.01,217881
37.26,250939
38.35,157714
38.33,121249
37.615,102557
37.725,76875
38.02,166824
38.005,285867
37.725,96174
38.15,55916
38.1,67707
37.99,50884
38.05,99821
38.05,202615
39.18,251051
39.69,296389
39.54,111394
39.975,128599
40.18,185728
40.02,383456
42.415,603988
41.64,1201736
39.885,1377856
39.2,275584
38.68,306928
38.34,585095
36.835,337396
36.92,279733
35.97,257594
35.575,438007
34.77,475972
35.035,435422
34.785,168818
35.12,117267
35.535,96455
35.395,59124
34.64,169309
34.79,206707
35.59,151501
36.13,154895
36.605,132444
36.45,141775
36.755,88509
36.88,238834
36.74,131277
36.91,131200
36.565,149110
36.59,76816
36.5,73590
36.595,181666
36.925,202827
36.51,68831
36.175,63010
36.025,67178
35.875,36005
35.69,230020
35.775,84270
35.32,136940
34.99,143267
34.965,96202
34.945,98841
35.065,323359
34.67,107376
34.025,121203
33.49,59168
33.685,84379
33.4,111724
33.96,174632
33.555,125705
33.02,86722
33.195,57811
33.02,41662
32.925,61999
32.62,151521
31.74,331063
32.63,133258
33.21,116086
33.055,110185
33.53,185040
34.105,379626
34.25,100816
34.67,94650
35.115,52231
34.94,41666
35.02,112204
34.735,271282
35.665,222335
36.04,187163
35.975,141487
35.495,120476
35.75,208064
35.82,421069
34.89,109681
34.56,100507
33.995,60093
34.545,105267
34.025,213269
34.105,291780
33.59,168612
33.27,163617
33.88,87331
33.925,74288
33.975,89466
33.96,259482
33.33,350798
32.16,260322
32.225,170846
32.17,139981
32.22,148879
31.87,637955
30.485,278529
29.465,219176
30.12,210367
30.16,128278
30.16,132669
29.98,348843
29.695,379794
30.03,254948
29.76,208359
29.495,243247
28.985,197211
29.115,239332
29.115,0
29.115,0
29.115,0
29.115,0
29.115,0
29.115,0
31.76,165454
31.9,166552
31.5,80539
31.525,98262
31.555,89043
31.43,168927
31.11,88713
30.02,150120
30.415,156830
30.385,104351
30.415,216024
30.67,259129
30.72,94702
30.87,135250
30.8,104656
30.89,68846
30.99,93671
30.89,161031
29.545,167164
29.995,130215
29.76,164623
29.31,156292
29.025,105569
29.21,242109
29.77,202782
30.08,106845
29.57,77725
29.545,113751
29.44,170314
29.47,243923
31.665,246972
32.25,95676
32.24,71160
31.945,101411
31.86,167422
32.07,190330
32.615,208871
31.93,212524
32.09,117161
32.42,118309
32.415,95786
32.51,175411
32.89,120695
32.69,110995
32.565,177899
33.095,153059
33.215,119040
33.215,299817
31.72,199952
31.935,72819
32.24,164551
31.63,83999
31.7,62867
31.62,107531
32.85,97515
32.745,68071
32.89,59455
33,47814
33.09,147277
33.43,295384
32.72,81351
33.34,49507
33.645,43694
33.42,67426
33.175,46886
32.965,171961
34.31,143996
33.845,151384
34.57,66998
34.435,44587
34.545,84272
34.44,200905
34.51,64615
34.4,111404
33.625,58847
33.765,41404
33.785,97894
33.765,166533
34.67,38357
34.29,34553
33.895,21458
34.045,19127
34.33,33357
34.42,75983
36.52,158480
36.8,164368
37.01,57419
36.89,71584
37.09,125007
37,302170
36.71,162677
36.455,134951
36.545,106503
36.41,90678
36.275,131039
36.41,306006
35.75,66249
35.815,29859
35.82,27887
35.65,18817
35.73,25396
36.075,73053
36.02,137578
36.295,43781
35.74,35850
35.685,35474
35.705,52874
35.78,127866
36.54,99346
36.785,218920
36.7,228068
36.645,133703
36.715,259733
36.67,162888
36.01,72227
35.23,116624
35.07,53020
35.055,51823
35.04,163526
34.84,172904
32.93,124598
33.77,118757
33.325,142887
32.945,92438
33.24,193281
33.625,268424
32.735,264246
31.835,120217
31.415,125302
31.36,49731
31.82,66894
32.13,114077
31.735,67718
32.28,122725
32.41,94716
32.465,125265
32.24,133788
32.2,181695
32.28,144509
31.815,52616
32.065,30711
32.28,41841
32.385,36989
32.4,77686
33.095,64691
32.425,54395
32.31,50118
32.325,38875
31.95,39490
31.84,242578
32.63,114598
32.755,55195
32.795,67468
32.77,20674
32.595,26790
32.61,194159
33.05,88945
32.86,44432
33.055,43703
32.995,37984
33.105,48933
32.815,122385
31.93,71026
32.3,28932
31.86,52119
31.49,51141
31.615,101110
31.75,126166
32.51,173870
33.065,79751
33.335,68140
33.595,98161
33.65,78911
33.8,192586
33.705,95308
33.8,163800
33.435,169268
33.37,33110
33.33,72667
33.35,192137
33.01,115995
32.74,231030
32.05,149610
31.97,84717
31.755,105643
31.52,254922
31.64,61356
31.565,34510
31.2,50935
31.235,118855
30.88,58850
30.88,119267
31.485,187023
31.625,62716
31.66,69891
31.76,77642
31.89,154155
32.16,296288
31.9,194190
31.49,318136
31.09,156387
32.08,47349
31.865,44194
32.1,140619
31.52,322925
30.33,128363
30.885,68963
31.14,64584
31.02,80591
30.955,232553
31.32,231526
31.34,153868
31.27,115082
31.99,183835
32.29,191905
32.675,310288
33.03,170559
32.39,40335
32.35,61648
32.025,40783
32.03,61172
31.895,310795
30.84,155655
30.37,130055
30.185,141632
29.975,112065
29.775,96854
29.82,242835
29.95,338183
29.185,135449
29.22,123193
29.17,200476
29.725,115387
29.645,189223
26.63,699743
26.09,490854
26.89,218540
27.135,131282
27.53,359517
27.895,507513
28.15,309345
26.67,229937
26.31,197996
26.8,178301
26.63,120731
26.58,266771
24.84,495478
26.56,198132
26.045,95034
26.78,125906
26.06,173096
26.05,618569
25.355,184004
24.415,166673
24.28,230801
24.235,279352
23.645,249215
23.485,472528
24.355,303721
23.165,141190
23.07,77644
23.005,139080
24.09,203718
23.995,388078
23.64,342109
23.72,195861
23.635,129911
23.225,112997
22.635,132190
22.8,339114
22.245,268598
23.6,352604
23.105,223575
23.295,225396
22.715,263414
22.62,540563
24.165,282506
23.79,360941
24.18,136825
24.205,111815
24.055,98975
24.405,343231
24.03,83995
23.58,108100
24.04,40888
23.71,57698
23.9,58820
23.975,165997
24.425,121984
23.665,63087
24,53134
23.85,44409
23.895,72999
24.025,189101
23.6,80308
23.78,89885
23.09,90729
23.105,105671
22.705,97492
22.43,353624
22.59,143296
23.05,239389
23.59,270705
23.52,92195
23.63,107266
23.415,333566
23.56,300966
23.43,106865
23.265,115986
22.78,110465
22.765,80796
22.81,203061
22.935,147955
23.175,242440
23.355,101053
23.51,69590
23.59,114761
23.68,194500
21.925,214985
21.695,84418
21.88,82795
21.835,76743
21.97,101445
21.46,230093
21.55,150673
22.08,77472
21.8,72250
22.025,74967
22.04,97989
22.2,164709
22.9,124080
22.88,84720
22.885,92380
23.275,120114
23.23,70420
23.105,167186
23.885,227188
23.55,81367
23.675,76146
23.34,64082
23.47,137941
23.495,242008
23.555,100783
23.785,99616
23.57,68820
23.635,50555
23.5,100162
23.11,495068
23.49,140391
23.18,79611
22.73,51589
22.695,51436
22.975,106362
23.095,150275
23.48,138171
23.905,147090
24.285,84812
24.55,98466
24.77,112853
24.515,418635
24.39,82863
23.98,81007
24.02,113356
24.22,55445
24.04,62030
24.16,163937
24.815,128863
25.265,161341
24.995,77350
24.775,91962
24.995,55333
24.73,124576
24.59,273441
25.465,141541
25.075,38101
24.97,57080
25.005,66296
25.01,145466
26.335,199059
26.005,182625
25.98,286549
25.58,69923
25.69,137322
25.795,167116
25.855,251663
26.135,459449
25.915,640552
25.895,542610
25.955,320137
25.625,451020
24.54,171980
23.99,91164
23.88,83820
23.955,46288
23.98,46485
24.01,224098
21.97,146772
21.525,137371
21.785,74393
21.88,62179
21.945,89419
21.855,377442
21.695,71333
21.4,58821
21.4,59192
21.495,70085
21.295,92377
21.065,263387
21.48,98547
21.41,66373
21.805,55759
21.78,44931
22.025,203630
21.955,333206
20.635,170799
20.275,134370
20.365,132368
20.43,106935
20.41,124731
20.235,407296
21.38,93455
20.83,81955
21.23,55301
21.595,73087
21.65,104989
21.765,340832
22.345,167336
22.405,99799
21.855,62701
21.935,73423
21.755,77906
21.725,215489
21.99,143607
21.795,181425
21.495,82340
21.825,77076
21.755,84677
21.745,163015
21.72,146093
21.91,130115
21.95,114581
21.625,184686
21.875,201874
22.085,925108
23.01,218384
22.73,105107
22.7,134888
23.045,161817
22.865,106997
23.07,379207
22.88,124305
22.825,115172
22.75,92890
22.805,55674
22.77,98997
22.88,311993
23.235,239366
22.715,128240
22.27,54396
22.47,144940
22.145,85255
22.145,433698
21.735,159619
21.54,93397
21.505,155822
21.115,255875
21.35,137809
21.31,340711
20.185,159256
20.735,115571
20.76,82804
20.75,63491
20.75,39127
20.59,339959
21.08,75008
20.66,43848
20.75,35503
20.77,51585
21.025,70090
21.205,163993
21.29,105329
21.76,101365
22.025,60693
22.13,97670
22.295,122760
22.41,261429
21.74,293617
21.605,188235
21.64,51088
21.74,101962
21.53,139675
21.605,125733
22.01,86924
22,88204
22.305,57980
22.365,63952
22.61,81988
22.61,205153
21.905,55253
22.76,54447
22.66,44744
22.425,78760
22.405,86006
22.385,161082
21.33,90490
21.405,58935
21.4,55519
21.42,45943
21.44,42257
21.31,105147
21.1,62771
21.25,57651
21.455,38407
21.49,56213
21.51,51052
21.55,97772
20.905,100421
21.24,59081
21.185,53109
21.25,98252
21.455,123069
21.52,172634
21.04,103541
20.98,82553
21.16,43432
20.93,33466
20.975,64697
20.92,145953
20.89,131970
20.88,87307
21.195,77535
21.365,52476
21.555,39957
21.66,244724
22.92,88281
22.86,80737
22.97,166506
23.065,106451
22.73,86829
22.555,205574
22.52,67052
22.695,57808
22.94,53009
22.89,69595
22.82,91762
22.61,222992
23.36,82344
23.89,80606
24,108147
23.945,49240
23.57,80553
23.935,243166
23.95,121199
24.09,62984
24.035,24122
24.12,31338
24,45980
24.095,160710
24.12,73454
23.875,94371
23.695,94712
23.345,106210
23.205,63127
23.28,106938
23.12,55719
23.145,58761
23.385,57197
23.475,61383
23.305,57915
23.13,71739
22.7,138376
22.94,36677
22.66,40527
22.675,43141
22.68,57716
22.51,181011
23,121053
23.11,94747
23.05,51677
22.725,120003
22.705,237610
22.91,233142
22.625,81263
22.38,104397
23.135,91623
22.98,64682
23.06,102165
23.075,184387
22.94,137507
23.28,81559
23.035,47970
23.14,76775
23.145,70709
23.29,348214
23.29,164847
23.875,188200
23.78,216539
24.05,422307
24.045,344354
24.445,540747
28.27,611563
28.275,298992
28.655,257367
28.825,257707
28.875,238724
29.14,440723
30.4,523072
30.105,362939
30.515,182688
30.415,90528
30.38,94875
30.335,302136
30.585,251577
31.195,192241
31.64,309482
31.51,354970
31.685,148098
31.845,319660
31.555,232036
32.265,144020
32.085,129584
32.455,79855
32.085,70848
32.36,275735
32.78,129290
32.28,163238
32.06,108500
31.91,53035
32.195,101782
32.065,217943
31.16,165020
31.03,106429
30.8,56322
31.01,39051
31.04,50647
31.04,230571
32.515,261683
32.7,177122
32.825,119355
32.825,136871
33.095,197580
32.865,422881
33.105,105857
32.91,76862
32.405,42390
32.425,37823
32.24,61768
32.175,121749
32.17,185997
32.075,61055
31.85,43294
31.995,43307
32.16,73094
32.455,203468
32.56,96344
32.135,33373
32.28,27403
32.435,31309
32.46,30271
32.575,81631
31.7,74861
31.51,89748
31.895,45377
31.88,67960
32.11,114531
32.315,247830
31.34,100770
30.69,94140
30.56,76311
30.755,66557
30.71,94187
30.735,162148
30.21,98065
29.995,77431
30.22,52635
30.105,32714
30.11,58710
30.22,145170
28.975,145410
28.745,120163
28.915,71769
29.035,71489
29.04,55112
28.935,157245
28.38,97178
27.985,54700
28.095,33088
27.97,42794
27.945,62504
28.045,112567
28.44,112805
28,145139
27.995,87338
27.925,71670
27.95,97637
27.97,159689
28.72,133526
28.87,67833
28.995,92307
28.71,67544
28.75,82102
28.745,120709
29.225,130532
29.39,94682
29.49,41316
29.275,35653
29.4,42759
29.33,84988
29.19,116004
28.685,107843
28.56,104015
28.705,111613
28.595,116296
28.55,166770
28.805,102407
28.78,73237
29.03,64249
28.965,80264
29.02,67522
28.96,109639
28.55,80028
28.35,58590
28.285,62888
28.44,44201
28.27,44262
28.505,89383
29.57,66625
28.985,49527
29.155,37637
29.065,22764
28.995,23857
28.955,185552
28.02,112978
27.845,65244
27.92,40573
28.23,59423
28.415,48624
28.615,102617
28.765,54479
29.455,50402
29.43,33725
29.065,31399
28.865,29404
28.975,72097
28.72,144963
28.695,94449
29.115,50473
29.015,42189
28.95,67083
29.055,198663
29.645,69605
29.16,57807
29.565,51255
29.515,74218
29.69,59998
29.935,181181
30.695,129318
30.48,101437
29.98,124579
30.185,60477
30.295,121188
30.255,236541
31.325,160757
31.425,162047
31.74,142121
31.845,128288
31.965,170360
31.745,283300
32.435,103060
32.165,78252
32.37,124322
32.24,83760
32.355,81171
32.265,311852
31.15,163087
30.855,68193
31.04,79278
31.385,63920
31.645,78585
31.455,181542
31.955,183927
32.005,59161
32.33,51409
32.485,110145
32.185,82723
32.56,282726
33.79,264695
33.3,138745
33.475,213610
33.575,318127
33.715,133534
33.465,268113
31.07,202707
31.74,96280
31.545,90894
31.665,99401
31.895,140877
31.865,304514
31.855,94478
31.515,45320
31.46,52861
31.35,79437
31.195,60967
31.455,131998
32.175,117970
31.98,51547
32,41291
31.755,74245
31.265,78678
31.46,108131
30.81,72022
30.96,30057
31.29,32611
31.225,43350
30.98,145494
31.39,185730
28.855,235770
29.11,82810
29.195,102723
29.085,46482
29.055,66349
28.745,240815
28.045,162656
27.965,81772
28.12,117132
27.885,62526
27.72,91882
27.42,310876
28.035,102526
27.675,92455
27.225,57853
27.32,67371
27.115,52759
27.2,153498
28.3,82309
28.145,51024
27.505,40169
27.365,35144
27.285,40171
27.525,119995
27.69,88504
27.545,55565
27.715,52692
27.65,36188
27.655,48157
27.885,153082
27.125,107885
26.745,55458
26.725,43228
26.305,100270
26.025,118147
26.035,174489
26.88,132697
27.08,60825
27.03,51420
27.06,34150
26.87,38352
26.865,109434
26.47,81691
26.505,56101
26.44,30327
26.355,52501
26.605,59530
26.805,180244
28.24,179958
28.485,80339
28.565,60388
28.39,60965
28.525,64868
28.855,267480
29.5,103875
28.88,37868
29.115,43400
29.105,65546
29.025,42267
29.17,153899
29.6,109122
29.535,129035
29.66,94301
29.865,83262
30.195,109970
29.735,134435
28.065,96683
28.435,50521
28.39,83043
28.14,32123
28.1,56030
28.135,141947
27.96,45535
27.635,47291
27.775,22194
27.35,27614
27.66,28497
27.635,84629
23.995,956069
24.865,250698
25.61,253578
25.425,134284
25.21,127290
24.72,482289
25.305,176380
25.135,81630
25.7,169027
25.555,51253
25.82,176709
25.815,261128
24.755,121046
25.1,192414
25.505,126690
25.345,138538
25.56,226527
25.315,384142
25.445,119090
25.42,77631
25.025,68470
25.115,67358
24.91,51692
24.925,148159
25.96,143408
25.73,100348
25.975,63155
25.97,32009
25.755,48892
25.825,101255
27.225,139778
26.845,130250
26.865,168007
27.335,71569
27.535,104217
27.475,206668
26.915,80245
27.39,46994
27.575,31385
27.44,38227
27.27,19923
27.39,74639
27.575,74439
28.36,64712
28.42,37453
28.02,55725
27.795,55189
27.82,161503
27.93,108099
27.825,134966
28.01,121831
27.91,55917
27.775,75902
27.755,248273
26.885,176000
27.145,103396
27.49,69954
27.435,41443
27.31,55045
27.72,165140
28.08,112225
28.05,109841
28.355,100572
28.34,87778
28.27,99015
28.375,255633
28.42,66134
28.78,61363
28.87,48452
28.105,31865
28.175,27337
28.09,111788
27.725,97830
28.095,62828
27.99,38589
28.21,38839
28.135,55009
27.95,188277
27.3,314434
26.72,173872
26.925,92629
27.225,119597
27.545,133412
27.585,374307
26.61,164379
26.57,103077
27.27,159087
26.915,193664
26.755,227563
26.47,372969
30.21,561715
30.375,361893
29.62,247227
29.99,189223
30.165,146971
29.91,411961
29.825,133416
29.45,115574
28.925,119900
29.3,98522
29.58,197595
29.225,356645
27.83,131777
29.065,72990
28.7,94539
29.445,110412
29.275,103065
28.995,171536
29.29,101632
29.32,109082
28.31,69288
28.2,65515
28.07,79061
28.33,195683
27.965,156595
27.965,50514
27.85,54487
28.01,64482
27.975,103766
27.925,176582
27.58,86952
27.79,117954
28.05,96108
28.065,134603
27.265,196664
27.03,227868
27.2,156684
26.745,71963
26.68,47069
26.475,47324
26.565,33960
26.68,121019
29.14,229930
28.97,192144
29.085,129053
28.655,145253
28.485,136744
28.735,345752
29.415,263158
30.13,204846
29.775,112990
29.715,133683
29.53,63434
29.365,213615
29.04,155305
29.115,86424
29.19,55255
29.39,92631
29.595,53673
29.4,141446
30.545,182192
30.94,148081
31.41,148482
31.57,200621
31.47,149688
31.645,671306
30.435,81522
30.105,102756
30.105,71585
30.375,39506
30.5,69000
30.35,170299
28.96,99682
28.98,80534
29.095,55613
28.915,63179
28.685,75717
28.635,125062
29,46882
28.85,37774
29.04,61273
28.835,38836
28.815,28508
28.795,149829
28.455,92851
28.055,93335
28.23,32817
28.065,30599
28.155,36888
28.145,111870
27.495,79559
27.995,44246
27.925,96179
27.925,34104
27.915,53052
27.82,148298
28.295,63441
28.9,49925
28.59,30872
28.375,32228
28.535,82357
28.7,117334
28.355,53806
28.555,27659
28.465,54491
28.46,74602
28.21,61165
28.235,39129
28.075,43635
28.035,54523
27.875,173959
27.94,37446
28.035,70715
27.78,28563
27.825,38641
27.795,40410
27.725,90699
27.8,65329
27.75,27811
27.935,17949
27.865,85259
28.42,113600
28.7,111599
29.23,53647
28.79,55196
28.825,68232
28.515,63311
28.495,69226
28.66,176006
28.085,93127
27.94,36611
28.135,45145
28.275,90063
28.48,50253
28.515,212679
28.48,99018
28.715,62486
28.415,60968
28.12,39417
27.74,94261
27.94,136564
27.155,149365
27.12,108358
27.22,56634
26.915,86825
26.965,131755
26.82,241063
26.5,83034
26.7,67371
26.265,62664
26.17,50034
26.385,31856
26.345,142036
26.885,92747
26.7,34797
26.715,32749
26.595,21332
26.69,39489
26.585,100247
26.5,98600
26.715,114122
26.825,80487
26.845,138311
26.64,45609
26.715,252579
26.5,57719
26.86,42480
27.095,38522
27.165,38145
26.92,81344
27,202679
28.265,223492
27.615,237111
27.31,186096
27.255,62310
27.29,93049
27.135,177991
27.085,122731
27.275,87459
27.375,30230
27.31,43599
27.36,69826
27.425,170298
26.69,57556
26.495,40257
26.185,113824
26.155,142357
26.01,42774
26.225,72133
26.335,77747
25.975,64113
25.705,73303
25.845,92036
25.89,62150
25.96,159354
25.5,140526
25.175,212515
24.92,120386
25.025,62014
24.875,114494
24.805,237324
25.105,123673
24.855,95927
24.805,88360
24.965,57223
24.82,90834
24.84,281953
25.09,107292
25.585,124503
25.575,56036
25.395,53700
25.4,61698
25.43,97257
24.63,95269
24.3,33073
24.27,31806
24.11,58425
24.195,36870
24.42,160288
24.29,40810
24.48,24017
24.55,38443
24.53,34132
24.56,22191
24.645,73532
24.125,42057
24.44,52593
24.51,28761
24.415,95007
24.435,207573
24.405,347637
24.46,122959
24.275,83258
24.33,87420
24.565,91534
24.565,58791
24.515,199943
25.155,130968
25.165,29650
25.165,83731
24.835,32261
24.825,71776
24.765,92604
24.52,68029
24.625,35199
24.565,36380
24.525,81344
24.33,159937
24.375,190050
25.095,94139
25.485,107541
25.36,85819
25.165,65340
25.33,117950
25.365,259132
25.72,97813
25.405,84519
25.95,31545
25.785,19695
25.885,25049
25.815,85897
25.745,39858
25.8,41158
25.905,24534
25.69,56851
25.895,52880
25.795,59776
25.46,116203
26.01,81276
26.09,58451
26.04,57852
26.2,106225
26.465,179926
27.665,259052
27.485,178054
27.865,98788
27.725,174223
27.73,149695
27.47,225097
27.51,128544
27.805,126163
27.875,113716
28.035,107054
28.125,113125
28.095,195911
28.205,93056
28.185,89413
28.275,43410
28.375,34217
28.215,46670
28.175,235727
28.365,82019
28.4,49077
28.625,45906
28.895,46025
29.12,74395
28.94,218772
28.81,92572
29.04,87518
29.355,119458
29.335,44522
29.405,100558
29.235,216373
29.405,56921
29.275,122045
29.055,66663
29.205,85402
29.345,89888
29.32,271822
29.68,104080
29.225,95318
29.295,52404
29.275,78539
29.2,91075
29.165,203559
28.705,94772
28.55,62966
28.575,39107
28.755,58320
28.795,72134
29.21,117423
29.69,118626
29.915,107030
30.26,67000
30.24,73310
30.23,78789
30.195,269672
30.75,127420
30.91,82120
30.935,58943
30.85,79265
30.72,108526
30.44,217957
30.095,110565
30.335,56371
30.35,33673
30.25,26842
30.205,63232
30.02,103816
28.91,72221
29.1,35839
29.495,31982
29.54,25683
29.82,49903
30.345,246534
29.625,154561
29.345,112122
29.77,42665
29.775,71013
30.015,105336
29.975,513326
29.95,92529
29.93,62652
30.1,102580
30.3,102787
30.49,58201
30.415,200758
30.21,84578
29.96,42167
30.18,33373
30.09,19252
30.01,43706
29.81,222803
30.28,58051
30.67,52124
30.585,38382
30.79,29533
30.92,39552
30.895,149339
31.26,118362
31,41125
30.94,55144
30.87,32198
30.895,96916
31.455,149764
32.905,142259
33.345,90281
32.965,88113
33.095,52752
33.445,205844
32.67,223461
33.14,157968
33.705,104935
33.745,83242
33.395,91940
33.245,89966
33.165,309765
33.37,127761
33.27,163798
33.715,138141
33.83,111558
33.875,119161
33.995,285393
33.505,356737
33.595,225671
33.8,236987
34.725,420961
34.265,277758
34.65,433421
36.08,652693
35.11,342094
35.525,348215
36.035,209374
36.65,319575
36.87,643624
36.815,196819
36.845,159565
36.155,113822
36.3,99975
36.06,381420
35.745,416217
35.29,160597
34.765,141167
34.305,89702
34.53,69016
34.45,94416
34.18,189087
33.98,265013
34.19,165301
34.12,133628
34.19,193436
34.15,172922
33.76,452542
33.67,194411
33.935,134176
34.085,183930
34.525,129932
34.725,175892
34.99,395054
35.095,248596
35.135,148091
35.395,137611
35.55,258540
35.765,175731
35.815,274132
35.995,118549
36.3,62570
36.255,118124
36.415,75339
36.55,142173
36.67,419095
35.725,129221
35.12,101422
35.045,119727
34.835,105127
34.655,120782
34.73,154866
33.935,324588
34.115,326213
33.865,159215
34.06,211246
34.045,230718
34.33,298691
34.46,77828
34.36,46731
34.315,34928
34.31,43303
34.54,52899
34.34,107649
34.3,127593
33.865,81713
33.8,123293
34.19,77551
34.045,170477
34.26,213520
33.5,75408
33.225,71118
33.615,41220
33.39,38112
33.36,34796
33.425,101653
33.225,83694
33.24,74713
33.595,56947
33.655,45273
33.71,45432
33.5,224461
33.74,33958
33.62,35492
33.505,28282
33.545,88961
33.47,71161
33.415,261782
33.4,97569
33.12,45485
33.12,41744
33.165,29383
33.035,70371
32.955,181933
32.715,30444
32.875,33295
33.08,20932
33.25,23829
33.56,63208
33.6,98173
34.065,74011
34.225,77674
34.3,47083
34.2,25490
34.285,41299
34.495,131576
34.76,68073
34.885,52050
34.805,22549
34.405,42996
34.175,75762
34.205,199521
33.975,88849
33.86,205212
34.23,36551
34.425,42255
34.26,45890
34.195,162255
34.04,94321
34.365,102947
34.335,87800
34.14,62429
34.01,31439
34.03,105227
34.235,122762
34.155,53764
33.7,110163
33.425,61646
32.85,121586
32.555,407944
31.24,143989
31.74,95529
31.51,138154
31.03,93747
30.895,103332
31.125,266056
30.695,191730
30.88,195679
30.87,106399
30.675,77196
30.735,95315
31,190783
32.865,196262
32.555,80834
32.64,165846
32.54,109631
32.61,111215
32.445,259091
31.855,145894
31.605,130519
31.59,84864
31.69,55163
31.77,86927
32.125,204354
32.025,63774
32.33,123203
32.365,76762
32.645,67708
32.585,80148
32.645,146694
32.28,130447
31.625,48906
31.63,43171
31.59,47489
32,45510
31.82,153956
31.95,109203
32.12,65926
31.655,63894
31.795,61081
31.7,39857
31.79,108474
32.625,51906
32.615,87762
32.62,96600
33.095,107714
32.745,109111
33.035,105711
32.255,119681
31.905,164391
31.985,78836
32.04,93311
32.01,138178
32.06,208414
32.045,56681
32.135,95208
31.765,99652
31.375,52630
31.235,88485
30.99,137943
31.035,83732
30.62,88484
30.575,67213
30.645,42896
30.64,35513
30.67,58460
30.745,83593
30.665,70071
30.16,82143
30.46,108067
30.62,51402
30.755,144856
30.585,108639
30.775,93637
30.49,37825
30.28,61847
30.105,95062
30.16,134624
30.555,70931
30.425,49770
30.665,65677
30.6,45514
30.735,35700
30.815,85850
31.785,55574
31.51,29927
31.285,60534
31.015,70367
30.96,60157
31.115,166050
31.305,38656
31.735,33607
31.78,69115
31.605,45500
31.575,32604
31.61,111066
31.525,207848
31.305,44341
31.695,20109
31.535,41408
31.46,53500
31.4,211463
31.9,56870
31.795,29406
31.58,48714
31.525,16658
31.53,36242
31.43,51717
30.915,201857
30.685,86501
30.925,95221
31.035,36028
31.12,40614
31.085,87731
30.67,43331
30.83,46853
31.445,27072
31.2,20003
31.3,35548
31.21,80924
31.12,53666
31.195,44319
31.235,27722
31.33,65784
31.605,42550
31.76,106298
31.565,56608
31.27,156555
31.15,59334
31.085,44381
31.265,27007
31.195,120678
30.995,85967
30.52,62154
30.85,44523
30.84,44199
30.81,73321
30.785,126616
31.125,80629
31.28,31877
31.225,35718
31.305,100590
31.535,37627
31.295,82301
31.43,81582
31.235,36290
31.03,22715
31.01,24815
31,27977
31.3,84091
31.775,101372
31.965,71125
31.74,35082
31.825,21047
31.75,28465
32,86882
32.565,80410
32.245,39706
32.09,26186
32.03,24471
32.01,33336
31.805,109052
31.32,22459
31.74,44729
31.995,55195
32.245,26245
32.27,39019
32.09,74670
31.85,72467
31.92,23136
31.675,23219
31.86,16232
31.885,24250
31.68,94733
30.9,70550
31.205,52391
31.2,545050
30.365,287950
31.02,193241
30.86,116064
30.985,84967
30.365,58867
30.45,23160
30.425,24919
30.565,22396
30.525,68023
30.28,101492
30,120527
29.99,123868
30.035,63676
29.825,93747
29.615,274899
29.775,88255
29.845,23170
29.96,24943
30.07,22837
29.94,30082
29.555,83870
29.735,130634
29.245,87633
29.77,234965
29.74,44788
29.91,90468
29.84,416190
30.115,209680
30.51,94168
30.82,85144
31.035,84928
31.105,65647
30.99,288507
32.53,189522
32.815,78829
32.615,100758
32.85,88781
32.75,144996
32.695,506756
34.96,638151
35.385,332614
35.89,261888
36.165,299430
36.54,223005
36.285,451255
36.505,293654
37.63,276994
38.145,226745
37.915,261725
37.8,241631
38.28,367989
37.265,259134
36.985,157985
36.97,110121
37.44,129295
37.59,130141
37.55,143203
37.605,73027
37.265,33952
37.38,47566
37.45,64111
37.785,99219
37.765,270007
38.11,89622
38.505,157856
38.75,116503
38.845,154640
38.64,95590
38.75,226784
38.445,76203
38.275,77387
38.29,50293
38.2,48487
38.03,42872
38.06,175636
38.415,88721
38.285,30166
38.73,46517
38.725,65769
38.545,45210
38.645,87511
38.965,68608
38.695,39252
38.735,31269
38.66,30082
38.68,25676
38.62,89582
39,93880
38.655,76421
38.59,57772
38.38,28218
38.32,36772
38.36,104874
38.115,138058
38.255,88267
38.23,40356
38.265,52541
38.405,27008
38.335,164921
37.995,95769
37.985,63804
37.9,67928
37.815,156558
37.625,261296
37.58,319812
37.5,91294
37.675,57335
37.615,78545
37.55,58137
37.78,57891
37.8,81378
38.865,172944
39.11,85969
39.025,51383
39.045,34708
38.87,53198
39.275,272698
39.265,80490
39.27,47736
39.21,31898
39.13,22593
38.99,35685
39.11,129668
39.87,169316
40.27,98088
39.91,19384
39.715,28212
39.61,34726
39.38,208900
39.35,63294
39.455,33594
39.55,55893
38.85,116286
38.605,51852
38.74,117148
38.25,66907
38,86726
38.165,91399
37.895,51274
38.16,50267
37.85,125142
38.07,83007
37.95,57555
37.8,61913
37.55,51546
37.895,32739
37.91,80173
38.44,40276
38.67,67674
38.325,43718
38.42,26826
38.315,62276
38.615,132314
38.205,110527
37.685,41139
37.97,18536
37.8,31950
37.865,53321
37.805,119539
37.945,118547
37.315,113406
37.51,35433
37.24,44414
37.545,55413
37.67,127933
37.69,99403
37.77,73610
38,47298
38.215,69092
38.34,75903
38.455,154280
39.235,104974
39.19,47408
39.565,37361
39.515,63893
39.635,47941
39.695,129367
39.825,357002
40.215,89475
40.575,90427
40.73,61523
40.67,42510
40.445,128360
40.305,41709
40.235,39740
40.465,30566
40.35,32865
40.52,18895
40.555,133396
39.75,149401
38.97,140941
39.035,89634
38.855,64986
38.715,36000
38.825,195546
39.78,65183
39.955,116663
40.445,63725
40.405,41497
40.08,66617
40.215,157350
40.675,72867
40.29,50613
40.23,31231
40.44,19608
40.675,69026
40.67,180117
41.485,91981
41.33,44953
41.5,97818
41.39,40306
41.52,24370
41.565,149939
41.27,66241
41.495,25237
41.495,47399
41.57,27114
41.575,26225
41.42,98821
41.225,74607
41,41067
41,12788
41.08,24036
40.87,54240
41.325,54479
41.815,121325
42.255,142952
42.94,159763
43.6,89424
43.05,87557
43.43,291386
43.01,285319
43.435,94075
43.23,56577
43.495,43057
43.445,56083
43.29,110671
42.985,70453
42.43,34109
42.34,33671
42.4,46693
42.31,63452
42.265,94257
42.585,70278
42.205,76404
41.95,33156
42.12,59420
42.62,39017
42.68,144739
43.18,69862
43.305,38291
43.765,55820
43.315,65275
43.385,30491
43.18,118610
43.065,83562
43.39,85998
43.63,27255
43.55,31807
43.6,46734
43.405,124000
44.925,150475
44.925,132541
44.66,82640
44.265,58247
44.48,61527
44.69,145954
44.23,112758
44.045,132313
44.205,90423
44.365,72643
44.31,88493
44.175,199905
44.955,107512
45.085,83869
44.95,70998
44.84,46960
44.8,54681
44.905,224614
43.595,84910
43.36,100451
42.98,73750
42.775,33117
42.55,149399
42.25,229438
43.2,89224
43.18,58437
43.25,45660
43.33,45202
43.32,32477
43.22,51481
43.05,39024
43.265,28807
43.335,45948
43.245,94212
43.095,37370
43.37,43696
43.485,42634
43.72,59764
43.675,76628
42.55,61842
42.4,66469
42.105,23618
42.255,27399
42.285,46904
42.205,99898
42.71,62848
42.62,62370
42.855,23223
42.875,66514
42.985,44180
43.095,83781
42.885,59820
42.96,50973
42.81,45208
42.69,70282
42.685,55314
42.705,102230
42.525,404451
43.34,203274
43.445,123306
44.38,75690
44.43,41911
44.3,119040
44.165,154066
44.6,90417
44.165,52904
44.29,20944
44.605,18779
44.53,52313
44.745,33311
44.89,35379
44.82,24083
45.125,69873
45.43,38299
45.66,133965
45.88,107798
45.305,58844
45.535,43068
45.065,51937
44.635,33277
44.735,132709
44.98,31948
45.2,49966
45.33,64564
45.45,54605
45.49,59590
45.52,103061
46.07,109163
46.305,219987
46.8,207630
47.67,107466
47.145,102066
47.35,268739
46.795,133899
47.23,87307
47.785,50665
47.265,46872
47.095,70147
47.255,167983
46.525,234195
46.86,114867
47.02,66068
46.88,52735
46.94,54311
46.465,125057
46.67,112798
46.515,64915
46.71,84994
46.86,49948
47.24,54672
47.125,191099
46.975,49579
47.215,42741
47.3,22762
47.03,16544
47.125,19485
47.255,85045
47.23,63083
47.355,48412
47.49,50685
47.415,46672
47.26,48893
47.185,123547
47.46,50906
46.705,45225
47.1,33099
47,29971
46.84,35704
47.115,108093
47.845,105753
47.655,67177
47.655,32701
47.71,46843
47.255,78156
46.385,105193
47.2,55019
47.605,64528
48.02,46985
48.095,46241
48.11,51007
48.31,111289
48.48,111355
49.155,62097
49.105,59457
48.935,56116
49.17,70730
49.22,328065
47.01,361291
46.44,353008
46.645,299442
46.605,296421
46.19,125118
46.345,355890
46.85,106701
46.38,113870
45.765,86167
46.19,109356
46.435,108115
46.99,161940
47.065,120724
47.41,115918
46.935,36112
46.86,57311
46.175,73277
46.225,180568
45.425,117266
46.005,57664
46.255,35535
46.005,44941
46.015,40185
45.545,155028
44.435,89740
45.07,52730
45,59078
45.005,56128
45.17,31919
45.22,163413
44.435,36408
44.245,20207
44.425,13465
44.54,22149
44.75,29884
44.82,173542
44.745,50839
44.635,59106
44,49638
43.93,44496
44.095,33001
44.415,219693
44.92,45249
44.73,48082
44.56,15122
44.525,88329
44.4,76820
44.555,151825
43.54,92909
43.755,50733
44.03,22487
44.06,16207
44.035,24103
44.095,139270
43.525,50041
44.105,115514
44.585,55480
44.33,18373
44.405,23518
44.555,108712
44.45,49815
44.335,41312
44.435,36980
44.295,26512
44.25,57876
44.105,169759
44.04,51568
44,42159
43.795,61030
43.59,68380
43.62,43796
43.615,144164
44.655,100609
44.67,63499
44.37,31342
44.78,57737
44.47,85614
44.005,96508
43.815,39966
43.93,84633
44.29,82256
44.395,56637
44.505,73067
44.63,144752
45.105,101419
44.4,57103
44.135,15695
44.48,11895
44.76,27293
44.655,126357
44.685,122367
44.795,71204
44.4,29212
44.315,26048
44.12,58302
44.21,133874
44.485,53646
45.135,55001
45.5,24552
45.395,19127
45.215,69969
45.095,134437
45.375,61381
45.285,36640
45.13,25742
45.48,11726
45.505,17920
45.28,56597
44.54,49447
43.215,80785
43.56,37499
43.835,30497
43.685,26664
44.235,91096
44.135,23854
44.24,17488
44.01,16311
44.105,30396
43.795,25349
44.075,74734
44.48,58787
44.935,38516
45.47,33380
45.34,23183
45.285,24195
45.175,83682
45.745,84644
46.08,60775
46.28,116082
46.465,62279
46.445,23889
46.555,124050
46.855,54775
47.25,44473
47.29,45174
46.95,25155
47.27,35780
47.385,101693
47.285,32441
46.94,25188
46.87,30075
47.265,20207
47.135,32494
47.095,114006
46.515,74107
46.77,62512
46.59,32880
46.67,30975
46.705,28706
46.755,136273
46.51,41262
45.95,24181
45.885,30394
45.84,18397
45.89,29683
45.87,148216
45.775,49480
46.285,43927
46.09,28995
46.515,38432
46.535,63684
46.515,142284
46.37,58934
46.56,56879
46.985,44600
46.915,24643
47.075,32071
46.81,108684
47.93,108081
48.185,102882
48.1,38852
47.99,71124
48.485,75032
48.7,176337
48.4,39288
48.38,16621
48.66,65024
49.17,48047
48.72,22670
48.45,140604
48.045,21160
48.03,23113
47.955,28309
48.23,11906
48.07,34522
48.11,114970
48.07,25200
48.65,19223
48.33,26619
48.24,17096
48.35,21406
48.54,120252
48.3,52015
47.795,41816
47.8,95363
47.465,61607
47.58,27523
47.64,88721
46.92,69164
46.94,53913
47.075,57159
46.9,27308
46.78,35237
46.57,90202
46.355,53259
46.49,26558
46.94,40241
46.85,26730
47.225,76697
47.18,202800
47.215,74156
47.435,71724
47.345,46586
47.365,30267
47.07,91774
47.135,202677
44.16,143390
44.63,54352
44.45,43760
44.675,71611
45.06,54714
44.535,162679
44.915,45540
45.27,45285
44.985,75266
44.925,33557
44.335,47980
44.09,87811
44.445,28974
44.515,21592
44.76,22697
44.84,17240
44.94,34637
44.715,115721
44.83,43919
44.56,31907
44.365,29345
44.5,48018
44.245,41775
44.315,88114
45.26,49561
44.975,24483
45.13,27381
44.98,50047
44.675,57171
45.01,132413
45.86,85502
46.05,91797
46.4,49533
46.36,83572
46.215,35924
46.41,210760
46.695,57699
46.45,55918
46.19,36375
46.115,20009
46.015,45691
46.205,101384
45.625,53010
45.585,45421
45.57,34419
45.27,29458
45.19,41796
45.255,92228
45.305,66073
44.58,39645
44.65,40066
44.92,28766
44.53,42964
44.51,102439
44.38,26254
44.895,30091
45.41,52183
45.2,17076
44.895,27781
44.93,59211
44.315,82890
43.785,69221
43.945,70882
44.22,11999
44.355,22837
44.715,57509
44.335,63616
44.885,31358
45.575,46597
45.43,30539
45.73,28332
45.805,129395
45.005,21546
44.9,22903
44.895,11964
45.1,6771
45.5,14077
45.445,65971
46.755,81925
47.005,34496
47.17,27926
47.015,22243
46.77,34225
46.695,110359
46.73,44116
47.11,52933
46.75,16547
46.64,27455
46.395,38262
46.565,65930
46.535,48014
46.43,27696
46.76,48939
46.565,38032
45.905,48856
45.95,104193
45.91,127205
45.05,79904
44.35,71317
43.98,189656
43.465,222324
43.05,255423
44.185,62646
44.51,52914
44.13,71189
44.33,114055
44.74,101796
44.92,211364
44.32,73717
45.06,49041
45.205,56331
44.705,49536
44.49,44093
44.5,78889
43.76,35489
43.54,45016
43.645,40913
43.345,42944
43.545,46333
43.16,244597
42.83,53306
42.75,35334
42.78,85928
43,52988
42.86,59818
42.76,160657
43.08,66800
42.26,31269
42.78,39341
43.145,35574
43.1,28418
42.985,72576
42.75,204039
43.225,38363
43.495,32123
43.895,30342
43.45,23350
43.395,104816
44,62408
43.955,39172
43.71,40610
43.53,62618
43.955,55293
44,140016
42.955,127084
42.835,78570
42.765,79796
42.61,54592
42.27,46309
42.48,139742
40.77,212649
41,45954
40.74,146145
40.13,99834
40.525,76078
40.955,180396
41.1,104926
41.705,48874
41.875,77770
41.53,69327
41.015,106561
41.02,97231
42.535,165848
42.29,78296
42.6,48442
42.44,97273
42.87,108554
42.89,230355
42.45,89893
42.91,83503
43.055,88417
43.14,90600
43.265,86935
43.435,233445
43.4,64257
43.775,28163
43.845,70682
43.455,39694
43.55,114149
43.275,171828
46.525,149958
46.39,106885
46.575,65536
46.575,44066
46.67,47857
46.645,179071
47.82,111737
47.91,68756
47.85,64572
47.98,78489
47.905,97707
48.02,188815
47.66,104072
47.75,59641
47.965,64070
47.975,62973
47.625,94413
47.935,185309
48.65,305074
48.71,242792
49.67,320950
48.855,189278
49.38,162668
49.83,283660
49.86,219329
49.33,109092
49.765,64420
50.14,87870
49.97,78477
49.675,267504
50.215,175076
50.51,92816
50.27,72276
50.265,101298
50.05,92058
49.765,119662
51.66,182038
51.215,85405
51.31,40411
51.39,57199
51.325,78877
51.545,164423
51.03,144046
51.085,67023
51.57,61922
51.96,69924
52.245,75257
52.3,116504
53.15,113964
53.69,101592
54.03,151516
54.22,171182
54.135,124269
54.115,243163
53.83,74745
53.96,85697
53.57,51295
53.695,75897
53.645,43197
53.85,123179
53.815,101935
53.73,100886
53.955,87310
54.335,50991
54.01,49184
54.125,105696
54.355,45523
54.44,36495
54.405,29744
54.395,42004
54.43,44879
54.335,116597
54.87,113304
54.935,87745
54.895,92368
54.99,135851
55.075,61377
55.2,211836
54.4,107447
54.585,53771
54.685,93671
54.995,39894
54.885,64246
54.975,194389
55.24,103515
55.62,53205
55.71,63935
55.485,45639
55.505,43263
55.375,122359
55.715,96650
55.71,71573
55.855,154405
56.015,60716
56.28,60327
56.06,53077
56.175,42817
56.15,48878
56.015,110583
55.84,161176
55.815,134131
56.04,135806
56.215,172656
56.345,75777
56.335,269426
56.53,84087
56.82,60026
56.51,48130
56.765,83213
56.93,71717
56.71,204729
56.4,102122
55.93,72953
55.57,65565
55.79,79323
55.865,104705
56.45,181717
56.745,94473
56.88,105809
57.21,63596
57.42,66812
57.605,86328
57.83,189307
60.785,485980
59.7,229484
60.295,340160
60.395,312859
59.605,391784
59.045,663455
58.2,301910
58.185,205495
58.28,201010
58.075,191434
58.08,192257
58.345,346306
59.445,205687
59.745,303906
59.56,264217
59.28,225137
59.51,244354
59.63,451284
59.725,221371
59.84,160113
60.04,211536
60.605,188605
60.815,142964
60.885,332712
61.54,176384
61.9,171739
62.125,188840
61.805,146165
61.955,112345
61.705,343094
62.005,295734
62.78,314294
62.76,220547
62.41,181906
62.31,177443
62.355,376174
62.585,202594
62.76,86700
62.76,104006
62.57,111179
62.53,97050
62.905,248552
61.62,178755
62.105,175533
61.73,121501
61.885,115924
61.56,217734
62.46,272728
61.87,210536
61.335,153468
61.56,142196
61.48,151560
61.4,122571
62.3,262641
62.335,442519
62.97,124859
62.99,161433
62.915,137569
62.875,171801
63.215,876007
61.785,197671
61.44,95721
61.6,60763
61.875,68727
61.835,63578
61.675,150434
62.23,78618
62.42,49298
62.31,53674
62.11,56042
61.765,61842
61.97,170388
61.61,106683
61.87,79316
61.915,57184
62.12,69028
62.13,113989
61.35,279252
61.035,99455
61.21,78386
61.46,90348
61.52,78318
61.6,65883
61.41,131668
61.615,54750
61.93,34606
62.09,39539
61.925,27847
61.73,28849
61.68,65889
61.835,25409
61.575,41396
61.595,58777
62.135,47452
61.955,44035
61.865,98747
62.58,82565
62.295,39785
62.535,77596
62.65,50301
62.825,62865
63.405,103219
63.135,53815
63.115,38824
63.405,59983
63.295,77405
63.235,46135
63.075,114002
62.79,68242
62.16,72055
61.66,36259
61.355,46104
61.62,44247
61.65,114259
60.045,164862
58.97,175567
59.145,161036
58.735,206753
58.21,127303
58.07,324141
58.43,102426
58.55,55013
58.21,61550
58.425,96150
58.58,61984
58.57,160532
58.37,115950
58.655,77864
58.8,53878
58.53,64585
58.225,96783
58.22,185619
58.17,87816
58.295,56732
58.06,58849
57.955,51397
57.935,67221
57.47,177777
58.69,61517
59.11,75834
58.915,42776
58.805,80367
58.84,101621
58.99,122515
59.01,68125
59.845,150108
60.33,103983
60.39,94603
60.43,91099
60.34,140650
60.735,127013
61.515,193416
61.5,147001
61.905,144196
62.26,135014
62.5,200415
63.01,137838
62.42,174360
62.15,90541
62.665,112383
63.075,125783
63.475,297395
64.72,134842
63.74,96846
63.535,72684
63.505,64224
63.55,48603
63.32,102181
63.345,58326
63.4,81535
63.56,53021
63.71,66486
63.5,72070
63.42,131398
61.855,71459
62.42,78861
62.88,47832
62.815,82414
62.99,59676
63.105,144732
63.84,176266
64.615,67600
64.5,47586
63.96,64271
64.285,65869
64.745,113585
64.805,104788
64.825,64327
64.98,106719
64.89,75718
65.1,78040
65.035,169112
64.76,92809
64.52,62818
64.64,36576
64.55,39454
64.395,32868
64.395,154331
64.475,60987
63.775,42274
63.9,32363
63.97,37518
64.26,53746
64.085,93370
63.805,103519
63.72,57579
64.155,109721
64.305,115996
63.89,57107
63.775,156067
63.895,67489
65.29,88153
65.83,40164
65.715,50270
65.39,73034
65.77,122061
65.785,27134
65.965,27500
65.845,16836
65.59,28460
65.4,38410
65.755,82244
66.45,77175
66.255,54503
66.39,37460
66.855,29501
66.855,40407
66.74,88002
67.255,87938
67.155,84793
67.09,46388
66.61,74265
66.645,41391
66.9,89832
65.705,56783
65,40387
65.3,33988
66.025,86256
65.75,86714
65.7,108300
66.38,68213
65.875,32197
65.945,49034
66.42,32136
66.255,37467
66.825,58958
66.69,86529
67.645,36935
67.725,36632
67.895,34187
67.84,21368
68.035,81434
68.56,113149
68.44,69434
69.26,63677
69.685,157048
69.475,64050
69.385,130868
69.005,168975
70.02,116260
69.87,98457
69.935,98586
70.32,173082
70.475,249857
69.42,124984
70.345,210108
71.17,137961
71.13,100790
70.43,49475
70.63,224328
72.7,105511
72.04,59657
71.835,56219
71.405,65025
71.785,89097
71.335,105317
70.95,114212
70.455,54350
69.74,43531
70.205,38097
70.4,45594
70.58,127948
70.695,87814
70.73,36543
70.48,38042
70.14,46956
69.25,49868
68.96,78225
68.305,92533
69.245,46062
69.11,39339
69.065,42628
69.045,49256
68.495,125516
76.105,431037
77.19,284669
76.835,221988
76.935,197129
77.065,291633
77.81,509704
78.53,158372
78.66,96644
80.025,155373
80.975,81353
81.27,73008
81.65,296792
78.69,87419
79.4,80995
79.415,81832
79.655,93202
79.34,100007
78.72,174613
76.555,90365
76.885,63627
76.16,55138
76.14,33766
76.285,61512
76.41,135453
76.935,27120
77.02,30408
76.665,42701
76.285,16702
75.995,27929
76.09,39365
79.24,60812
78.43,44623
77.67,17991
77.795,23985
77.79,40419
77.92,72689
78.27,88606
78,98459
78.26,25933
78.68,25853
78.65,37375
78.445,113221
77.76,132085
77.58,113518
77.875,117901
77.87,119171
77.845,107428
78.15,148403
79.62,50245
79.24,40203
79.06,24708
77.91,42173
78.095,40699
78.27,71906
77.84,35575
77.82,44534
77.72,72712
77.59,26259
77.945,48133
77.775,68860
78.8,27210
78.51,25299
78.265,20640
78.165,20108
78.54,20410
78.635,61059
79.93,43540
80.2,23798
80.42,53306
80.645,84064
81.37,71467
80.9,55862
81.175,37111
81.255,37345
81.135,20816
81.26,26585
81.345,26743
81.385,139052
79.45,97457
78.25,98366
78.455,24784
78.51,52270
78.31,44554
78.48,92456
79.49,38612
80.125,86504
80.17,108273
80.22,27631
79.475,29086
79.04,98816
79.3,46550
79.845,38435
79.985,35286
79.255,38518
79.275,20478
79.38,43778
81.465,49449
81.435,42371
79.81,37400
78.98,46672
78.35,45306
78.96,69475
77.01,48880
77.975,28967
77.7,19236
77.7,28649
77.43,38867
77.74,40053
78.105,29252
78.13,42099
78.03,24284
77.85,15972
77.88,24134
77.84,38915
78.89,21319
79.24,22160
78.94,18898
78.63,15006
78.49,23857
78.11,66816
77.18,34114
77.845,26415
77.85,22417
77.78,25337
77.92,30116
77.63,78025
77.06,66330
77.435,23562
76.525,50309
76.67,32431
76.97,36945
76.775,201272
73.94,90595
75.095,34528
74.335,27568
74.445,27791
75.3,15254
75.5,39191
74.69,44384
74.97,23849
75.54,38025
76.13,28546
76.215,26523
76.41,72646
77.25,32495
77.765,21384
77.775,19125
77.64,17081
77.85,42456
78.325,70984
79.51,66374
80.66,44650
80.925,30640
80.9,23500
80.62,33406
80.3,53178
79.5,16445
79.59,17631
79.995,13096
79.975,18571
80.23,25135
80.325,27832
80.14,33011
80.11,27064
80.18,32798
79.91,14060
80.13,14231
80.375,60362
78.76,70902
79.23,29926
79.13,28357
78.675,27839
79.025,25687
79.015,100075
78,73098
77.09,30220
77.19,22245
77.26,26315
77.625,30462
77.645,68996
77.615,48765
77.47,23834
77.66,18742
77.41,21977
77.23,33240
77.25,72026
77.14,51001
76.6,38601
76.55,26492
76.39,22764
76.24,31627
76.23,73460
75.52,42149
75.97,54911
76.83,63577
76.96,78539
76.68,61250
76.88,121089
77.87,90776
78.645,50272
78.16,51748
78.145,26072
77.555,37036
77.3,72806
76.885,47866
76.82,42904
76.99,40309
77.02,31515
76.68,60644
75.17,148304
76.75,50591
78.325,145507
77.445,39782
78.095,92221
77.71,36367
77.52,125737
75.355,150604
74.985,114027
75.44,97363
75.105,38218
75.4,45687
75.495,145759
74.9,79773
73.79,46448
73.875,26514
74.375,26356
74.28,29265
74.71,97302
74.845,45834
74.39,29312
74.305,33353
74.35,54866
73.95,30748
73.69,58606
75.32,38439
75.97,63720
76.05,23840
75.82,33253
76.01,32383
76.15,65955
75.28,63221
75.26,54223
75.43,34602
74.9,57910
74.965,51127
74.73,60901
75.365,44535
75.25,19587
75.445,28334
74.6,93251
73.64,91761
73.22,98632
73.26,58690
73.33,33330
73.89,35697
74.47,70947
74.11,51385
74.22,48762
73.985,63614
72.95,40051
72.38,44127
71.25,35284
72.17,41614
72.12,62779
71.79,42483
72.665,61816
72.12,57618
71.77,41313
71.12,48883
71.01,75746
70.38,112949
69.675,99227
68.88,82018
68.855,71774
69.635,78914
69.04,120856
69.54,119973
69.16,62913
69.02,52916
68.81,132707
69.745,111029
69.435,159557
70.6,111365
70.77,34001
70.49,41622
70.69,27758
70.845,34546
70.6,82359
68.7,368763
68.285,249086
67.46,49670
68.32,66869
69.005,58442
68.795,160078
68.72,115578
68.87,61139
69.41,44955
69.92,36274
69.87,62440
69.73,126712
69.11,52927
69.25,50191
69.225,51135
69.435,40734
69.545,47707
69.16,86870
67.87,94159
68.09,88695
68.365,88970
68.31,65937
68.105,73241
67.555,238198
67.78,76047
68.24,26692
67.82,33140
67.335,26305
67.19,77934
66.54,201267
66.91,160269
67.16,62499
67.17,32759
67.35,35666
67.795,73567
69.23,137646
68.11,73023
68.48,41274
68.755,47421
68.425,94874
68.395,74717
68.37,116847
70,98696
70.1,39582
70.11,31351
69.925,36874
69.695,28618
69.55,79763
71.03,91067
71.88,213786
72.32,50635
71.88,34512
71.695,108564
71.595,209113
71.155,80065
71.44,57407
71.26,56668
70.985,72531
70.595,103415
70.265,127096
66.455,447735
64.68,256669
64.165,168063
64.035,349548
64.32,147137
64.68,394107
67.455,92564
67.86,114953
67.95,88904
68.05,166464
67.835,111129
67.95,161407
67.105,169132
67.27,89965
66.69,43876
66.95,29235
67.005,44491
67,90071
65.35,178997
64.88,61383
65.66,46443
65.5,39391
65.87,33429
66.15,78361
65.58,116845
64.925,43047
64.885,34535
65.215,43696
65.22,58061
65.36,113077
65.89,54666
65.415,50786
66.195,121161
66.185,42826
66.18,48682
66.06,151147
67.145,109501
67.1,101236
66.88,84531
66.915,86850
66.695,72878
66.815,128030
66.31,39050
66.15,43007
65.815,45816
65.715,27468
65.825,38829
65.74,106087
65.725,25775
65.235,51268
64.91,19123
65.02,40620
64.53,25417
64.575,70327
64.11,85227
64.46,37868
64.235,48845
64.05,55617
64.22,89068
64.04,192089
64.78,63529
65.385,41421
65.445,25119
65.29,41909
65.16,27807
65.11,102195
64.4,85474
63.815,42744
64.485,42777
64.095,46901
63.65,58141
63.445,126741
64.25,24124
64.445,24976
64.47,20352
64.18,24653
64.235,29836
64.01,87313
63.57,46144
63.69,100744
63.415,47280
63.215,66155
63.155,74259
63.39,143171
63.69,90560
64.47,50414
64.12,48023
64.74,50246
64.775,62097
64.89,181121
65.12,41691
64.65,14177
64.7,27286
64.52,30769
64.37,39457
64.11,60726
63.905,39660
63.41,23017
63.29,51226
63.48,22425
63.64,46800
63.74,81048
63.77,93244
63.28,45475
63.535,41188
63.19,36652
63.275,34648
63.155,95280
64.82,56839
64.57,31956
64.37,21257
64.1,13893
63.735,46682
64.31,103740
64.77,44892
65.415,84008
66.06,29922
65.905,37462
65.615,21611
65.66,149152
67.605,92584
67.99,74163
68.045,61393
68.01,53572
68.485,65107
68.285,149359
68.53,39190
68.675,18046
68.72,26043
69.19,60517
69.43,64276
69.475,107770
68.82,37472
69.06,27106
69.09,234183
68.17,84290
68.8,44004
68.835,52146
67.94,47144
68.49,25396
67.88,41072
68.48,54275
68.72,28265
69.17,74388
71.6,68949
72.03,43277
72.18,74772
72.81,82122
72.25,72847
72.835,141870
72.165,105349
70.425,58750
70.48,61340
70.625,57727
70.995,51243
70.98,121753
70.24,44502
69.91,21511
69.9,27713
69.675,24744
69.42,14483
69.8,64698
70.64,64056
70.27,26719
70.025,35569
70.35,28610
70.52,21394
70.215,68564
70.72,38836
70.11,21429
70.03,15948
70.545,51552
70.295,12824
70.485,45978
70.76,14853
70.52,11499
70.01,15803
70.05,20112
70.24,26728
70.21,44076
69.945,18182
70.13,16829
70.04,20363
70.02,16272
69.955,15904
70.11,89769
70.18,20008
70.27,35873
70.735,51531
71.005,41426
70.63,46913
70.645,95461
71.675,43210
71.755,69441
70.405,36614
70.555,24628
71.195,35349
71.11,122622
71.555,28754
71.4,24262
70.83,22401
70.975,12868
70.85,17108
70.86,34259
70.91,52340
70.48,40924
70.515,21114
70.65,41881
70.73,33781
70.52,89849
72.37,59625
72.91,57351
73.01,33311
72.51,21910
72.505,40729
72.635,77158
70.34,63644
69.68,50371
70.35,36823
70.51,20329
70.595,21872
70.74,61093
70.26,89341
69.295,44518
69.86,93926
70.56,18759
70.78,18235
70.59,76823
71.4,58080
72.015,40602
71.91,55292
71.025,22503
70.965,19995
70.58,18708
70.75,6462
70.765,6509
70.78,36546
71.055,15180
71.08,9603
70.89,8516
71.445,5131
71.48,22772
71.01,68867
72.16,37870
71.3,43621
71.745,45472
71.96,24857
71.55,75834
71.45,57226
70.61,81726
68.88,78576
69.005,78543
69.29,49143
69.105,21300
69.405,117054
69.68,27116
69.68,273564
71.73,114482
72.14,55667
72.185,39901
72.99,119822
73.005,117812
73.2,39437
73.04,34715
73.17,34989
72.935,40336
72.82,123628
71.72,76479
70.82,55906
72.355,45202
72.265,53888
72.15,58505
72.09,126124
74.105,60417
74.605,69382
74.82,17810
74.59,44231
74.75,68874
75.225,115433
72.145,168718
70.34,122405
70.1,77758
69.27,68228
68.95,97888
68.705,283277
67.78,107647
67.25,51109
66.4,232461
66.41,101210
66.44,42571
66.21,86605
66.98,61272
66.83,11288
66.95,31053
66.99,50238
67.16,31148
67.26,65436
67.49,42754
67.925,42979
67.38,19757
67.68,12411
67.7,35601
67.45,61488
68.76,33472
68.47,30696
68.35,17790
68.32,27933
68.02,15914
67.925,98720
67.515,59921
66.8,49764
66.515,45199
66.22,32361
66.01,74623
66.01,182881
65.1,49866
65.36,54336
65.725,92313
68.54,236820
67.14,34522
66.185,82198
65.86,93861
65.19,37642
65.23,92930
65.45,33395
65.035,63830
64.5,244404
65.13,62457
64.56,25822
64.695,38252
64.77,35011
64.325,56574
63.995,112206
64.08,51394
64.2,79299
63.27,71491
62.7,41938
63.16,67901
63.1,72709
64.32,112910
64.83,56742
64.84,43095
64.715,48919
64.72,77638
64.99,119895
64.15,55522
62.515,53430
62.07,62401
61.845,39795
61.63,54093
60.84,243165
58.7,153688
58.69,76302
59.02,84262
59.18,86001
59.045,75338
59.175,239030
56.77,180739
56.75,81978
58.07,81616
57.72,109022
58.3,145775
57.79,361495
61.975,435171
63.07,180634
63.61,169560
64.43,86827
64.995,100682
65.05,358561
67.855,281221
68.07,95586
68.18,87202
67.89,98568
67.205,128593
66.62,124106
67.25,91996
67.7,77363
67.16,43157
67.775,41918
68.35,48398
68.885,138215
68.06,63861
67.82,56710
68.085,28584
68.305,48066
68.81,30820
68.56,61868
68.33,70620
68.865,37243
68.795,39862
68.605,32249
69.1,23078
69.205,68323
70.2,69408
69.69,67380
69.81,35767
70.085,45022
70.685,36312
71.185,100005
71.27,89217
71.015,95082
71.75,54764
71.44,25673
71.55,16201
71.655,100554
72.87,73663
72.5,64254
72.865,37411
72.955,42289
73.165,97787
73.15,267834
72.25,57333
71.8,55061
72.15,40775
72.32,34600
72.02,41132
72.05,97422
72.38,55483
73.13,49244
72.73,50391
73.3,61332
73.745,69706
73.73,179135
74.13,111260
73.88,41854
73.955,25417
73.52,13203
73.62,20505
73.695,62528
73.92,33788
73.76,28828
73.67,35150
73.295,24749
73.39,36140
73.205,80869
73.675,57427
73.66,48314
72.79,58633
73.19,24841
73.33,24057
73.29,55662
72.825,133678
73.285,50899
73.86,51224
73.9,22127
73.94,34465
74.19,75648
72.6,71691
72.73,47423
72.49,32917
72.715,41617
72.27,39284
72.47,91055
72.57,70418
72.96,34078
72.74,25580
72.63,31701
72.76,26222
72.695,47222
71.84,47437
71.3,44826
71.7,23684
71.83,26596
71.12,20432
71.805,48140
72.86,52501
72.58,32351
72.95,42076
72.83,34937
73.08,104836
72.355,111422
72.92,47066
73.03,22828
72.43,18013
72.37,22333
72.255,18263
72.55,111005
73.535,50157
72.69,25735
72.57,34211
72.245,36140
71.81,30882
71.71,124397
72.315,75218
72.55,36940
72.31,23718
72.39,19637
72.08,25012
71.53,44208
71.98,45745
72.01,38870
71.39,37583
71.525,29946
71.25,31219
71.3,66838
70.63,93128
69.175,78718
68.925,59507
68.86,54527
69.22,52003
69.41,165486
70.78,56230
70.1,29215
70.4,46933
70.73,109227
70.37,34954
70.015,74414
69.65,162237
67.87,227417
68.5,61191
68.485,97620
68.81,64201
69.28,84570
68.515,114804
67.45,73496
67.92,63997
68.47,45661
69.515,47398
69.75,113222
69.215,106131
69.19,78008
68.995,72178
69.16,111100
68.43,75406
68.6,181701
71.96,476255
71.555,191308
71.605,145480
71.49,98119
71.89,51774
71.94,210325
71.945,97035
71.525,80769
71.56,55249
71.71,52624
71.79,58415
71.625,214038
71.82,113196
73.18,58296
73.485,91619
72.89,72327
72.54,42027
72.54,96309
72.9,64947
72.795,67306
72.78,44384
73.545,50821
73.87,82104
74.235,87225
75.63,191542
75.6,110605
75.81,36487
75.76,60561
75.74,53087
75.48,125862
74.785,52080
74.37,66007
74.37,53717
74.235,73137
73.92,81280
73.63,136395
74.775,58914
74.01,41927
74.325,42103
74.58,28669
74.855,25317
74.87,47835
76.555,81141
76.875,82205
76.69,65124
77.02,42717
77.035,38766
77.155,107363
77.65,61042
77.425,108620
77.65,88059
78.045,56346
77.34,38752
77.64,82128
75.92,96558
75.2,69154
76.055,58023
76.06,66699
76.56,96537
76.55,127804
76.93,48997
76.09,33170
75.94,42948
76.18,25668
76.25,30400
76.11,63454
74.4,72127
75.22,47902
74.92,16680
75.25,18632
75.415,47898
74.69,58569
74.665,65058
74.46,37882
74.45,35660
74.35,27701
74.64,27393
74.625,59693
73.62,57249
73.795,31558
73.85,43420
73.38,91148
73.23,53230
73.14,151790
72.36,115908
72.03,71821
72.85,78557
72.475,31053
72.805,72880
72.95,126477
73.765,64053
73.74,55765
73.825,40550
73.935,39091
73.71,48332
73.82,159709
74.77,128970
75.4,65714
75.07,40701
74.76,54647
74.76,110926
73.85,132854
76.875,128525
76.26,100805
75.86,294960
76.25,74607
76.21,81596
76.08,216528
77.44,115067
77.49,64911
77.47,100733
77.395,85785
77.685,53193
77.5,173430
77.73,86125
77.875,130505
77.72,77214
77.88,55380
77.995,55105
77.82,114228
83.37,452868
84.54,280559
85.99,228917
85.43,124334
85.61,173804
86.55,333482
84.86,92579
84.58,84853
85.37,39477
85.22,25854
84.79,27810
84.87,89189
83.495,108187
83.475,62962
83.35,48406
83.87,36677
83.61,63515
83.485,188439
82.17,89435
82.08,64799
82.6,61507
82.565,47362
82.36,46077
82.12,131447
79.99,154436
80.18,188570
80.21,127663
80.46,80437
80.62,106916
80.62,207338
79.19,120980
78.96,105626
78.98,106339
79.065,100974
78.97,47579
78.955,124946
80.09,138763
80.18,97206
80.05,43963
80.12,33937
80.44,26107
80.055,88998
80.485,68999
81.2,42110
80.455,25880
80.43,29363
80.62,22220
80.47,44316
79.805,79817
80.025,52353
79.93,44367
79.9,67352
79.93,37788
79.87,77441
77.87,107279
78.17,147466
77.795,54391
78.04,38707
78.275,49316
77.93,132061
78.625,83981
78.36,50211
77.97,47654
77.76,50800
77.15,37191
77.38,82447
77.6,41995
77.885,21628
77.82,27622
77.72,26710
77.805,22913
77.68,48651
78.42,113299
79.465,64233
79.57,36486
79.595,27230
79.875,46638
79.72,130475
79.65,56728
79.525,60747
79.855,60263
79.63,66788
79.445,69313
79.81,188600
72.4,355912
71.385,278376
70.05,314871
70.52,161986
70.265,237526
71.375,429055
73.175,182699
73.59,166330
73.865,124249
73.845,82995
73.35,79352
73.49,192374
73.21,130414
74.06,122484
73.165,50453
73.27,35937
73.56,32604
73.57,101418
73.6,109959
73.775,129730
74.265,81596
74.08,55299
73.935,52757
74.08,146113
71.17,229860
72.95,79694
73.29,60882
73.45,55473
74.43,91070
73.975,150157
74.23,154000
73.83,132960
73.665,57324
73.44,97757
72.915,98774
73.385,197583
72.53,195200
72.355,114750
72.565,58868
72.34,99503
72.125,176223
71.79,340920
72.6,123909
72.43,193943
72.035,128731
72,87297
72.005,72513
71.745,227376
71.98,104416
71.91,76723
71.89,60150
71.41,61626
71.455,46430
71.77,124016
70.89,84066
71.47,55444
71.385,59020
71.215,77879
71.105,73123
70.95,166285
71.32,170358
72.53,88022
71.87,94612
72.02,56349
71.93,30760
71.87,137197
73.14,146157
72.84,185872
72.985,141083
72.94,165952
72.7,121444
72.96,205939
68.66,394357
68.125,367774
67.965,169880
68.06,173609
68.86,161778
69.37,322155
68.74,135977
68.58,71293
68.785,103602
69.02,54592
69.17,88651
69.025,303756
70.18,126805
69.47,84018
69.3,71201
68.99,77095
69.225,94245
69.25,98480
70.055,225436
70.21,102131
70.08,202127
69.07,82919
69.6,98211
70.005,131396
70.34,134125
71.065,102406
70.66,73358
70.84,136991
71.01,62919
70.8,211286
72.62,170854
72.8,171273
72.68,94797
72.785,52677
73.19,90461
73.29,215342
72.125,113948
72.09,79738
72.05,65881
72.1,83757
71.69,88725
71.53,125974
72.23,53130
72.33,50603
72.22,50425
72.26,42689
71.88,74329
71.475,105649
71.85,56947
72.19,39336
72.035,51529
72.035,0
72.39,88764
72.47,74116
73.28,46426
73.395,39936
73.03,19835
72.98,84030
72.34,68153
72.045,56261
71.98,35171
72.115,69154
71.61,63242
71.56,162519
71.46,141105
71.325,104006
71.585,94066
71.555,83417
71.96,81205
72.115,123560
71.05,687362
68.77,522520
67.505,408460
67.355,723096
65.99,513920
65.375,955445
66.2,287339
65.985,233533
65.885,119611
65.75,104310
65.995,111016
65.965,219773
65.6,181306
65.63,113810
65.98,80690
65.92,72458
65.95,137128
65.845,242548
64.87,278387
65.17,310010
65.02,281811
64.76,523707
64.99,155560
64.745,311541
62.585,485261
62.08,338791
61.51,352004
60.82,274328
60.845,319181
61.89,659248
63.05,284760
62.18,362185
62.305,194466
62.59,172129
62.045,161870
61.82,303183
61.22,188552
60.41,338905
60.72,988166
61.2,232011
60.7,135314
60.59,834654
61.01,237859
60.45,178551
60.65,157255
60.485,183324
60.6,215150
60.41,420079
59.925,311660
60.005,345734
60.26,332668
60.24,152244
60.11,329252
60.615,496587
62.595,286145
63.43,246425
62.99,160191
63.05,138072
63.23,203860
62.645,878131
61.52,235041
60.5,144011
60.76,66143
60.2,107641
60.46,95939
60.21,214048
60.19,145362
60.63,81150
61.04,79601
61.1,126916
60.69,73202
60.735,128401
61.08,40408
61.03,87794
61.645,37039
61.55,93494
61.31,37572
61.645,141371
61.66,101720
61.38,52957
61.54,34031
61.73,149652
60.57,81831
60.55,71787
60.47,40036
60.63,48019
60.915,31583
61.11,107741
60.335,72951
60.69,58480
60.73,49147
60.96,42337
61.12,55748
61.11,125058
60.63,68394
60.57,101558
60.5,101294
60.695,70430
60.42,56379
60.52,165641
62.45,208714
62.3,107352
62.71,83760
62.63,85550
62.73,101376
62.95,150934
63.92,195468
64.67,158507
64.66,79988
64.535,75397
64.88,94837
65.1,236104
66.58,241767
66.9,138469
66.41,134313
66.61,160502
66.5,151278
66.3,257939
67.59,882650
66.67,389215
66.305,341404
66.54,141561
66.445,293129
66.45,397111
65.47,462891
65.085,164046
64.805,230451
64.505,99732
64.71,157938
64.975,261183
65.33,546550
65.95,212281
66.175,334753
66.545,183186
66.375,308694
66.28,502927
67.135,312581
65.88,130753
65.93,123021
66.335,125699
66.44,258732
66.1,261460
65.8,465774
65.17,227492
64.89,186897
65.07,137414
65.39,255951
64.79,322483
66.74,351713
66.89,172068
66.59,86783
66.64,109763
66.87,385858
66.885,447968
67.785,296615
68.9,268401
69.22,171208
69.405,502086
69.235,404179
68.88,268125
68.17,473538
68.14,395965
68.29,495802
68.18,460041
67.72,207207
67.53,411839
67.24,357659
67.28,216662
67.865,171015
67.91,135025
68.015,223314
67.755,495501
67.865,190661
68,226652
68.23,141110
68.225,130117
68.225,99534
67.96,190066
67.5,71729
67.915,130479
67.94,196291
67.925,74351
68.18,132663
68.19,177581
68.75,203905
68.93,102159
69.085,123756
68.9,123623
68.575,160116
68.415,229657
68.51,287147
68.99,140429
69.06,111709
69.09,177383
68.97,182927
68.39,293418
68.435,405059
68.95,202615
69.155,371450
68.575,469185
68.16,95433
68.625,688921
67.71,161880
67.33,103620
67.36,504466
66.58,103512
66.445,169983
66.57,234456
66.74,320902
66.6,562952
65.865,247664
65.765,137593
66.44,221561
66.64,587907
67.64,92454
67.515,59766
67.325,51518
67.4,59529
67.095,51498
66.74,156782
67.48,192711
68.19,198170
68.545,78063
67.86,69741
67.49,147757
67.465,271243
69.115,231853
68.935,149883
69.31,155659
69.87,193501
69.9,163062
69.71,345988
65.2,865468
64.56,429090
65.025,414369
64.705,230545
64.74,408075
63.745,589569
66.77,328675
67.155,202792
67.12,215138
68.58,308620
69.145,261505
69.415,310466
72.45,591974
73.325,869858
75.505,506994
76.67,342470
75.185,200699
75.975,490122
78.27,259084
77.47,133449
76.95,118723
78.1,141135
78.6,153548
78.36,328634
78.385,125913
77.85,104450
77.99,127875
77.34,90439
77.305,175315
77.06,267499
76.68,145766
77.48,131576
78.455,112420
79.15,113539
79.59,154841
79.685,245620
79.585,138028
78.98,113340
79.34,88019
79.24,67227
79.645,99483
79.83,231713
79.865,54279
79.8,52042
79.56,109354
79.305,67930
79.03,67856
79.24,105912
81.095,107628
80.75,77473
81.02,56299
81.055,57128
81.05,85156
81.15,214540
79.555,159689
80.4,91412
80.43,66229
80.37,55980
80.875,63936
81.34,125580
80.615,102248
80.69,100791
80.36,101899
80.155,77560
80.68,48025
81.02,174633
81.04,115969
81,69069
80.59,159092
79.64,194340
78.98,163265
78.75,330387
75.75,269659
75.65,179412
76.67,77030
76.65,63249
76.7,107859
76.595,230799
75.01,271089
74.2,226469
74.325,111319
74.855,64144
74.87,42384
74.8,169592
76.04,96544
76.21,90896
75.92,84144
76.09,63014
75.58,77118
75.92,98148
75.73,105563
76.68,74178
77.01,195895
76.545,67286
76.715,244989
75.08,461705
74.71,109265
75.5,83606
75.03,67732
74.88,106018
74.725,65143
75.33,234577
76.31,174492
76.42,104080
76.43,89624
75.96,52686
75.215,58115
74.84,215597
72.545,199262
72.495,171626
73.27,266467
75,159308
75.73,156607
76.29,261926
75.66,61588
75.52,76722
75.305,50017
75.62,57566
75.98,59196
76.67,169389
75.455,97684
76.93,61710
76.18,145064
76.15,80139
75.7,97004
74.915,185040
75.715,134404
75.35,120179
74.695,157931
74.885,98363
75.74,119102
75.87,187359
73.28,171948
71.53,125342
71.61,115012
70.825,199915
70.18,141386
71.72,202247
70.4,109640
69.805,79217
70.79,94160
70.65,43862
70.8,46493
71.32,113329
70.635,64397
71.41,58588
70.62,62231
71.18,74324
70.12,55815
70.73,180306
70.65,107650
71.46,61589
71.6,54225
71.45,59206
71.185,50564
71.325,142040
73.37,197024
73.15,107441
73.33,92328
73.395,110955
73.53,185998
73.56,271892
71.72,174102
70.77,141517
71.175,164726
71.7,142733
71.85,114830
71.615,197960
71.82,69509
71.9,48642
72.34,30665
72.53,24646
72.16,54706
73.355,162565
74.29,204918
75.42,116298
74.995,118052
74.405,91811
74.15,59979
74.03,108313
73.835,65605
74.8,122389
74.62,61428
75.4,81494
75.62,54702
75.66,266734
77.05,125530
76.02,61021
75.495,52534
76.095,56731
75.99,58202
76.105,134923
75.785,84271
75.95,84409
75.335,81886
75.32,67630
75.3,47464
75.515,109335
74.07,79386
74.08,85334
73.54,86048
73.73,42734
73.82,40151
73.65,113719
74.8,89059
75.52,46244
74.87,40223
74.45,25761
74.42,35629
74.76,113371
74.33,108006
73.14,68283
73.22,56355
72.96,45037
72.77,42308
72.59,101492
71.42,102727
71.84,82904
71.87,69292
71.73,50097
72.04,72459
72.52,116677
72.125,250844
71.77,91852
72.35,51774
72.33,52530
72.17,58251
71.78,107005
73.065,94902
74.06,37704
74.36,54948
74.93,52902
74.325,37223
73.95,114272
71.52,254952
70.58,97451
71.21,84506
70.92,95445
70.205,100576
70.75,244167
66.4,318976
64.835,200469
65.36,147878
65.34,120603
65.71,100007
64.67,315591
63.09,346904
64.79,246049
63.86,109566
63.79,243404
66.3,175469
65.255,322829
69.095,159947
68.17,138390
67.73,108300
66.425,112183
66.23,133081
65.26,288736
66.22,204271
65.13,120349
66.14,77930
66.71,243872
71.885,253846
71.345,307162
71.445,124892
71.17,117912
70.025,165110
69.66,108996
71,107201
71.035,268604
70.16,99577
69.795,68852
70.2,92669
71.2,86559
71.99,55486
71.585,127899
72.72,67749
73.065,64883
72.505,74803
72.56,69431
73.35,45776
73.37,172871
73.875,121004
73.83,42932
74.035,42663
73.995,30811
73.71,42472
73.815,70309
72.89,83966
74.17,69276
74.27,31593
73.99,48397
72.64,49818
72.285,126464
74.69,73657
74.72,92590
74.95,80973
75.55,94353
75.5,99128
75.4,178257
74.255,116902
74.095,68021
72.9,70935
73.17,224303
71.33,77580
71.97,166536
74.77,81725
75.04,102931
74.895,93020
75.25,66406
73.51,67811
74.34,110539
75.32,135339
75.09,169582
73.8,109250
74.37,79610
74.385,37268
74.02,163288
75.84,65160
75.955,70994
76.265,103475
77.315,142000
77.78,101195
77.89,218149
79.465,173434
78.43,74609
78.65,61858
78.74,118500
77.725,72045
77.81,200481
78.06,102340
77.8,71663
77.61,80187
77.7,43184
77.87,48589
78.105,152968
78.68,82218
78.425,48037
78.345,58755
78.62,48874
79.115,48982
79.54,128424
77.885,71925
78.84,48583
79.84,54312
79.82,42568
79.86,54072
80.03,168575
80.93,119263
81.75,97420
80.96,72775
81.11,101322
81.23,79930
81.325,150513
82.81,81799
83.71,108279
83.93,134089
84.6,110210
84.51,110004
84.77,264575
85.835,224616
85.8,142832
85.9,139360
86.11,149014
86.2,106480
85.75,173109
84.56,145423
85.39,147582
85.555,100854
85.6,104670
85.135,104652
85.88,381549
82.88,297860
84.85,188558
83.34,294254
84.06,144678
83.6,161314
84.15,471539
82.87,226501
82.515,197022
83.1,107358
83.435,107919
83.07,74214
82.93,291093
83.4,104931
83.01,58242
83.08,57846
82.645,58047
82.79,42245
82.69,209829
82.7,163779
85.2,200279
86.04,146523
85.98,197068
86.86,134299
86.86,328820
89.71,287500
90.555,144348
91.005,102578
90.79,128740
91.35,134438
91.72,323212
89.89,243687
90.51,177868
90.62,73924
90.66,86112
90.03,141952
90.23,243091
90.28,172216
89.52,125666
90.1,52262
90.23,37710
89.74,55829
90.1,86283
90.605,133663
91.16,162847
92.335,98192
92.5,84152
91.87,59293
91.925,136945
91,100530
91.37,91323
91.735,41162
92,44695
92.31,57879
92.385,143681
92.76,90936
93.115,56945
93.37,70211
92.87,59829
92.93,329630
91.74,153370
90.035,183026
89.4,136564
89.53,65385
89.95,112069
88.74,96323
88.69,245366
89.11,93960
88.335,60432
88.64,51356
88.28,51410
88.5,71527
88.27,141784
87.13,117675
87.48,99203
87.75,70977
88.1,64135
88.11,76156
87.82,180086
88.42,137975
89.2,114381
89.2,68299
89.36,75706
89.07,59420
88.68,174893
89.21,85013
89.36,65038
88.78,46407
88.9,21766
88.86,46453
88.64,88640
84.395,146070
84.93,184175
84.32,227975
84.8,154845
84.19,251221
83.13,330252
82.78,211901
83.86,112686
83.52,82240
83.23,61705
83.61,119730
83.865,321188
82.89,188985
83.375,100214
83.935,69515
84.17,73447
84.395,148203
84.005,213690
82.39,349966
83.08,217676
83.29,187662
82.855,181428
82.59,84332
82.75,178571
84.38,176057
83.37,121802
83.605,115675
83.77,78707
83.67,99425
83.795,161461
83.43,218581
84.1,108118
83.91,100689
83.35,170171
84.24,332967
85.57,1053800
85.74,217145
85.78,133264
85.645,74398
85.53,72113
85.765,158152
85.64,216760
87.19,164049
87.73,120409
87.22,129953
87.33,59053
87.55,69935
87.49,216531
87.54,134707
85.93,64758
86.69,70084
87.285,110506
86.58,51064
86.815,132526
87.185,49562
87.26,33878
87,60883
86.74,33766
86.375,45154
86.29,99414
86.135,115150
85.96,88658
85.32,87303
85.32,59128
85.48,54444
85.82,133952
84.41,97961
84.83,95955
85.26,117784
84.87,49118
84.38,93176
84.035,169195
85.335,128739
85.66,91092
85.63,47185
85.36,21859
85.32,28559
85.53,118265
85.04,154578
85.185,114469
84.99,51138
84.875,48661
84.36,33515
84.69,91540
85.53,84668
85.985,97558
85.36,282410
83.475,58489
83.445,51140
83.34,83520
84.88,68211
84.56,79978
84,68649
84.35,48228
84.54,35012
84.25,210014
83.72,105195
83.75,70017
83.53,78733
82.88,68133
83.82,57848
84.455,114995
88.99,307696
91.335,190155
91.64,116869
92.1,110251
91.85,75139
92.05,119634
91.7,86386
91.65,46654
91.225,38997
90.99,40749
90.86,36427
90.84,80721
91.105,102005
92.7,104804
92.68,42894
93.195,72511
93.32,69062
92.94,377262
91.69,105694
90.54,88598
90.205,78185
91.08,59053
90.87,52147
90.46,139918
92.86,105945
92.75,69952
92.63,48450
92.69,30072
92.655,44757
92.865,135722
93.04,112487
91.4,84504
91.01,64159
91.66,34304
91.54,29302
91.36,189216
92.925,111918
93.7,64886
92.17,32357
91.95,69498
91.99,48745
92.245,87661
93.86,83969
92.95,60693
93.3,74522
93.3,0
95.82,204916
96.23,162753
96.64,85436
96,90450
95.985,89138
95.9,150471
96.175,121668
95.5,211158
96.225,128354
96.47,45805
96.93,172141
96.93,195921
97.13,117883
96.695,65610
96.63,26013
96.78,39846
96.245,26629
96.3,150995
95.555,118651
96.25,115342
96.56,59452
96.965,55201
97.16,48147
96.78,103215
96.21,80029
96.16,33996
96.29,41287
96.65,27977
96.08,45531
95.78,88016
94.5,147523
94.305,69165
93.83,75339
94.11,82051
94.185,34009
94.095,105473
92.24,108880
92.37,83207
92.565,81779
92.49,50337
92.665,56613
92.35,158419
90.85,125420
90.56,56110
90.61,47781
90.205,66916
90.235,49388
90.58,120302
90,75873
90.205,86096
90.705,69187
90.41,55646
90.465,64279
90.51,90193
90.33,93404
90.31,50874
90.56,30082
90.095,20835
90.26,32824
90.38,80765
91.61,45915
91.24,27542
90.85,32953
91.235,27518
91.24,26473
91.095,114502
90.09,48240
91.41,28500
91.37,28101
91.68,24032
91.44,30894
92.07,63130
91.335,85032
90.615,36217
90.79,58622
91.09,51203
90.9,119942
90.47,244353
93.33,122206
92.97,137348
91.8,111066
91.56,65970
91.45,41868
91.35,124003
90.77,101611
90.65,46573
90.51,66659
90.52,38440
90.735,76012
90.705,255425
91.37,89151
90.63,63250
90.625,63568
90.85,50231
90.445,48103
90.54,106278
87.12,264331
86.915,144151
86.79,88178
87.7,56285
87.45,55342
87.45,149648
87.365,92862
86.6,55765
87.24,71631
87.56,49814
87.37,51540
86.79,179455
87.565,274639
88.09,116623
88.75,134550
88.54,30433
88.05,26376
88.1,77054
85.86,156412
86.25,81640
86.83,58745
86.41,77089
86.3,58023
86.57,108884
87.84,79873
87.65,54200
87.98,44429
87.77,45762
88.28,89327
88.25,104025
90.46,222786
89.635,98867
89.75,61946
90,61383
90.52,149689
90.58,374860
87.295,258317
87.14,129430
88.06,115944
88.24,111516
89.085,121477
88.56,161538
89.545,201044
89.7,156450
90.74,113357
89.84,100522
90.96,54432
91.25,238818
92.995,194952
91.36,110666
90.39,64547
89.69,128436
89.465,99711
89.6,170590
89.765,100585
91.125,77446
91.24,68172
91.01,59633
90.67,47590
91.09,149187
91.72,60925
91.98,61674
92,45443
92.09,23646
92.11,36263
91.95,150226
91.075,103409
90.195,55035
90.59,39134
90.96,46266
90.93,149320
90.23,208118
90.44,51343
91.16,58463
92.04,37883
91.47,41373
92.01,71543
91.45,121903
92.2,132280
93.14,59423
93.165,45112
93.08,42159
92.93,38000
92.61,93888
91.975,101881
92.98,61716
93.075,76915
93.59,82432
94.015,83505
94.01,170014
94.735,144785
95.29,154994
96.265,94552
94.855,82636
94.945,63406
95.12,224933
92.96,120301
91.71,101471
92.16,49829
92.53,47122
92.7,54561
93.38,146625
93.47,43848
93.575,28331
92.98,26711
93.08,27357
93.84,37464
93.95,82476
95.61,158004
96.87,70329
96.7,57896
96.585,42813
97.4,51808
96.965,152695
96.815,60500
96.665,46828
96.58,36115
95.905,30788
95.455,38266
95.28,75486
95.725,106953
96.09,30272
95.53,36376
95.815,37243
95.99,34441
96.4,104067
96.34,64388
96.4,80323
96.16,36207
96.22,41974
95.74,26228
95.57,107636
95.36,104695
94.44,38624
94.56,40492
95.01,25482
95.39,41166
95.75,81687
92.255,172332
92.27,84290
92.395,41878
92.35,44211
92.785,44058
92.915,124523
93.215,80446
93.25,45114
92.52,40803
92.76,37112
93.02,42933
92.85,114069
93.05,118733
94.025,67142
93.6,52935
93.165,43274
92.81,33453
92.8,77928
91.375,192019
91.74,142378
92.38,61453
92.135,67181
92.725,47861
92.61,179576
91.98,152273
90.11,104967
90.7,180204
90.1,109888
90.51,123612
90.735,204088
92.31,124044
92.82,78488
93.105,79785
93.97,69138
93.875,56316
94.27,214704
94.05,69355
93.47,57685
93.95,45975
94.46,43906
94.47,50610
94.63,107835
94.9,74489
94.35,72482
94.26,45016
94.305,42764
94.18,40410
94.095,161054
96.045,100400
95.73,69840
96.1,68069
95.41,115265
94.82,71198
95.115,182248
94.03,74855
95.82,54267
96.06,33625
95.805,59658
95.385,41882
95.815,125106
98.06,105204
97.945,69473
97.52,58130
97.68,51581
98.265,72109
97.82,143433
97.65,94351
98.04,73516
97.87,66590
97.47,24812
97.805,45387
97.97,86189
94.18,245074
93.27,173012
92.695,151283
92.87,153853
92.985,223603
92.885,315811
94.79,122153
94.93,77828
93.815,62067
94.76,116232
94.21,89844
94.52,129125
97.42,185578
96.905,136753
97.92,118633
98.4,85999
98.68,149369
97.68,342901
100.71,205712
101.725,126237
101.19,123986
100.76,136474
100.86,87436
100.6,128666
98.78,89888
99.47,61240
99.61,101690
98.81,73505
98.24,70427
98.01,110128
97.64,52711
97.745,56040
97.235,59040
97.515,22185
97.21,33104
97.56,66358
97.27,81316
97.53,40390
97.59,36692
97.45,23128
97.03,55478
97.56,86621
98.23,54926
97.645,40045
97.62,49558
97.59,26963
98.24,16019
98.5,54710
99.53,66207
99.78,78628
99.71,75199
99.82,65598
99.715,64957
99.32,159308
97.575,115250
97.08,91957
97.255,94462
97.225,75133
97.44,74767
97.8,111630
98.11,102312
96.89,63823
97.285,33053
97.22,38203
97.105,38520
97.15,117787
95.91,55172
95.245,75779
95.375,48643
94.85,45768
95.5,38955
95.715,127756
98.16,108750
97.69,70418
97.5,70948
97.665,85499
96.82,56903
96.85,91986
99.24,121100
100.02,102809
99.74,71901
99.96,83800
101.11,55442
100.975,130725
99.6,108905
99.28,96022
97.24,67283
97.24,33775
97.375,36971
97.85,106100
97.91,68837
98.14,57021
98.91,46849
99.085,44441
98.91,53800
99.245,93565
98.365,38899
98.1,68944
97.87,71109
97.1,82163
96.45,66724
96.68,167682
96.42,71593
94.91,149918
94.41,70801
93.81,83809
94.255,51815
93.9,163430
94.56,69948
94.065,28714
94.12,33534
94.43,32533
94.4,44774
94.43,80600
93.75,62462
94.24,66260
95.05,37008
94.845,29941
94.53,36170
94.35,81366
95.785,75797
95.94,52098
94.81,82362
94.64,48418
94.325,34657
94.33,84684
94.02,114364
93.08,117614
92.315,69835
92.175,75894
91.78,90946
92.1,159318
92.01,83472
91.81,83071
92.02,89584
91.58,71879
92.08,77894
92.07,147823
93.97,87067
93.95,55637
94.095,50842
93.705,58072
93.85,54724
93.86,126268
93.405,60514
94.1,52025
93.8,46004
93.63,35110
93.89,42601
93.95,93154
93.04,91632
93.21,94382
92.345,50381
92.14,59816
91.76,76464
92.14,145828
93.93,88473
93.27,42492
93.305,42174
93.65,38734
93.93,136720
94.64,305833
94.885,73829
94.66,64838
94.41,74577
94.79,31261
94.86,34347
95.005,105562
95.875,109853
95.25,71561
95.585,85730
95.7,58417
95.82,96227
96.34,198879
96.16,56018
96.865,37343
96.25,44431
96.32,216742
97.37,129257
96.72,125470
95.315,329332
95.87,238090
95.91,95218
96.045,78546
95.77,193169
95.965,144373
96.44,52300
96.455,77965
96.81,184998
97.03,50859
96.97,114638
96.9,217314
97.75,90327
97.87,92043
96.93,119672
96.49,94187
96.22,108228
96.45,199829
97.82,155482
97.395,142734
98.18,143444
98.76,159937
99.385,301947
99.85,410425
93.04,382554
93.275,216957
92.95,204279
93.74,179469
93.93,135497
94.055,392043
94.11,198909
93.81,117306
93.465,114355
93.565,79706
92.785,202815
93.58,256819
92.18,128918
91.7,123815
91.465,76033
91.735,44617
91.895,66722
92.09,153465
92.41,153011
90.86,117276
90.4,76131
90.97,83294
90.99,138520
91.7,150767
93.045,78959
92.32,59943
92.94,72284
93.63,39398
93.675,45394
94.07,187070
93.37,104541
93.425,72202
93.29,77194
93.24,99872
93.675,66211
93.54,114802
94.49,121771
93.65,127345
93.54,70943
93.6,53763
93.66,104152
93.95,220023
93.47,172687
93.1,113174
92.92,93745
92.955,115807
91.875,110774
91.44,196058
91.53,105160
92.15,64483
92.33,54867
92.015,63670
91.665,66499
91.97,132900
92.36,132119
91.43,148709
92.02,100470
91.465,104915
91.11,206632
91.16,345330
90.855,158754
89.55,112914
90.055,107864
91.1,99078
90.79,88037
91.1,166362
90.19,131857
89.79,157086
89.54,81872
89.3,87252
89.39,63788
89.34,235437
89.45,238538
87.33,373516
84.87,343936
84.31,253035
83.195,355288
84.03,376098
82.39,311984
81.95,333338
83.36,222883
83.52,203391
83.17,250114
83.31,237518
83.695,121805
83.585,108466
83.89,173644
83.89,67100
83.9,61510
83.8,191560
83.38,180168
82.98,99959
83.515,106925
83.765,66792
83.61,101171
83.515,213999
84.89,188741
86,119560
85.85,92434
86.04,106960
85.66,128517
85.645,180919
87.055,158185
87.16,159019
87.4,369759
87.4,0
87.365,283028
86.13,153904
86.42,107772
86.635,59025
86.69,55240
86.49,140448
86.3,93793
87.25,117356
87.43,83649
87.415,116967
87.75,82211
88.37,142187
90.925,175302
90.18,116411
90.65,112287
91.12,107393
90.77,80129
90.65,248374
89.64,118647
90.14,66886
90.37,46890
90.27,73652
90.56,65435
90.4,138778
91.7,93492
92.68,83004
91.85,63343
92.085,41107
92.07,40711
91.57,140682
92.7,97594
92.46,79674
91.96,89265
92.16,81590
92.11,47983
92.235,203128
91.59,111559
90.77,94381
90.52,62118
90.525,50370
90.04,85284
89.61,223544
86.72,229796
84.845,174527
84.51,298984
83.065,295316
83.505,300063
83.97,377579
83.9,125930
84.14,133120
84.6,118770
84.51,150539
85.085,157114
85.355,272816
85.1,105720
84.76,106799
84.9,85001
85.655,67784
85.61,64681
85.66,166542
81.91,281252
82.52,168358
82.98,165474
82.72,206589
82.17,195040
82.245,421964
81.74,285400
81.53,171702
80.73,152038
80.28,146410
80.67,138387
80.56,284239
79.7,156127
79.37,145599
79.85,166298
80.04,129043
79.56,239595
79.465,383284
79.845,226358
79.88,90311
79.93,105069
79.71,88960
79.95,132253
79.73,307516
78.94,204955
78.7,139356
78.79,218811
78.665,152979
78.4,128026
78.82,261781
82.075,216458
81.305,141134
81.26,123985
81.09,95752
81.095,80011
81.195,160900
80.815,55925
80.58,48967
80.57,65304
80.56,47830
80.52,47912
80.54,74857
80.84,43553
81.25,44948
81.36,52923
81.36,0
81.01,34920
81.11,48955
81.19,35712
81.38,33398
81.385,27589
81.3,74570
81.935,70599
81.43,42971
81.3,46709
81.17,38811
81.35,48958
81.62,96836
82.08,46966
82.13,63438
82.17,42775
82.39,35922
82.31,45517
82.16,97943
82.185,47805
81.68,53162
81.93,22275
81.835,20230
81.94,33566
81.905,79087
83.42,105947
83.23,85751
83.17,108715
82.635,93581
82.365,127246
82.82,204584
81.34,130770
82.215,131759
82.185,171049
80.46,109463
81.125,84251
81.4,173765
85.02,241174
84.96,187377
84.49,102464
85.1,102290
85.495,82958
85.43,237580
87.25,192387
86.295,132343
86.99,156905
87.37,136450
86.73,115322
86.25,262916
86.155,143781
86.58,172109
87.13,97274
87.36,119828
87.46,179391
88.085,278626
86.08,125102
85.675,50745
85.36,54520
85.08,40015
85.28,63034
84.98,158706
84.47,76402
84.99,50266
85.27,40189
85.415,30323
85.295,56754
84.955,129273
84.72,111872
84.97,78342
85.56,62001
85.62,66749
85.9,57705
85.6,134244
84.92,82057
84.58,82779
84.65,99718
84.51,139102
83.875,58388
84.01,126544
84.13,99973
83.75,141521
83.66,92321
83.81,54872
84.27,51893
84,159926
83.07,67171
83.75,60005
83.81,73752
83.77,62370
84.73,108224
84.61,189514
82.6,147209
83.26,137402
83.53,126631
83.04,125622
82.79,107470
83.22,383095
84.08,216568
85.32,220029
85.265,123861
83.89,259340
84.57,229856
85.46,176899
85.03,74669
83.76,117311
83.43,101318
83.155,240748
82.96,72000
82.22,199691
82.955,86825
83.24,65528
82.48,35398
82.35,61634
82.08,96938
81.64,162424
82.26,207842
83.285,67879
82.83,105157
82.805,61338
82.61,88153
82.46,380744
79.995,228501
80.73,277584
80.89,92634
81.36,85003
81.58,75710
81.485,156868
81.34,153372
80.39,60770
80.24,130988
80.16,73596
79.97,90300
79.98,255551
81.09,236383
80.24,227813
81.26,159936
81.43,174066
81.54,158207
81.4,274538
80.985,237720
80.155,103929
80.05,129234
79.88,126381
79.96,120333
79.745,239010
80.365,146468
81.31,154933
81.305,74729
81.845,67896
81.66,129957
80.62,175576
79.285,226796
78.76,159301
77.975,143293
77.87,128842
77.43,121720
77.585,352082
72.255,649801
75.66,227956
75.61,226643
75.19,173958
74.5,228397
74.225,364663
74.59,293998
74.66,301332
75.65,253199
76.775,232756
76.06,179681
75.39,219414
73.65,250922
74.05,189574
73.84,118827
74.06,107908
73.86,151546
74.02,187902
73.63,126219
74.24,113907
74.62,103104
74.59,103325
74.55,100172
74.21,241501
74.66,81535
74.89,88108
74.16,91594
73.97,83320
73.86,71080
73.74,153630
72.575,186859
72.13,150735
71.75,107283
71.82,86830
71.6,190132
70.92,296040
71.34,207636
70.29,287349
69.72,132701
69.835,238389
70.54,372650
70.61,632905
70.45,232192
69.64,216516
70.06,113922
70.105,239664
69.96,146840
69.38,227874
69.91,94434
70.12,142020
70.625,92997
70.15,82464
70.495,119188
70.48,182727
72.3,113918
72.63,86952
72.575,72317
72.935,80209
73.225,109713
72.665,229400
73.32,125256
73.02,53024
73.07,84962
72.53,58165
73.06,34718
72.965,111534
73.635,119479
74.565,110612
74.315,124003
74.245,105439
74.31,117162
73.775,218992