418.77,51282
418.77,0
418.77,0
418.77,0
418.77,0
418.77,0
418.29,20775
419.35,51356
417.57,36554
418.17,13255
423.02,24916
426.05,45324
428.19,44760
425.83,27623
427.59,14263
429.55,21692
428.04,50723
428.04,0
429.19,19336
433.01,21594
433.89,20778
429.13,38489
427.24,26786
427.58,28163
423.77,43676
425.3,38994
428.69,15722
426.36,11245
427.09,13469
428.27,50514
434.9,33735
433.6,29965
435.07,10871
435.2,10304
436.57,13224
438.24,37767
433.67,12525
433.51,10891
430.46,14216
430.41,42928
431.44,46194
430.41,63585
438.86,35369
438.91,31801
440.6,24488
444.45,14774
443.9,15724
446.12,36736
451.09,33568
451.83,14467
451.5,30495
451.76,24313
452.76,32029
453.02,72731
451.08,12367
447.16,11596
449.27,7702
450.98,11416
452.07,32179
452.34,56699
447.12,9331
449.11,12625
448,5274
448.4,7450
450.62,5500
451.01,20016
448.83,14642
451.79,7444
455.97,33999
456.56,25462
456.67,23815
456.22,44640
461.65,21294
462.6,25008
461.44,35209
461.66,14478
463.6,16295
462.89,34794
457.4,27704
454.32,14195
456.71,11595
456.31,8426
453.79,17181
451.51,24198
453.55,13436
451.88,14035
448.86,4044
448.46,45405
443.2,45131
445.03,31437
441.1,15671
437.1,33574
439.51,9677
440.16,20456
436.1,17594
438.67,32398
443.32,17517
445.41,21431
444.78,5175
442.5,14097
441.85,9806
442.23,50345
440.2,21057
438.65,8124
439.94,9270
440.53,9024
441.76,16480
445.27,25110
439.51,16985
438.97,7214
440.24,22070
439.69,8065
440,12938
436.61,34086
438.62,17041
437.71,10516
434.69,9685
434.48,5810
436.42,12947
437.71,36676
432.32,35555
428.61,46460
430.23,31645
428.52,20579
426.44,39603
427.99,67423
428.89,26416
431.73,136930
431.55,34225
431.17,9027
429.31,5909
427.24,29997
417.51,64639
418.29,46290
419.65,13224
415.72,10755
414.97,10420
418.48,40947
427.29,27405
435.03,14698
438.23,15163
439.42,19324
439.89,20696
439.5,51683
435.49,34453
436.1,49709
435.92,33923
436.23,14962
435.83,33640
436.69,79630
440.77,13143
437.94,15905
435.28,8314
437.96,17392
438.04,18347
438.86,65159
448.85,59424
449.78,30135
449.05,29933
450.65,23340
451.35,18549
449.92,47092
452.37,23063
449.62,13993
447.93,17429
452.61,10568
454.52,12703
452.43,47225
447.81,44199
449.8,64083
457.44,31959
460.93,21553
457.45,23496
458.08,76694
457.13,29897
455.38,14885
450.72,17558
451.14,14774
453.44,13567
452.44,39141
452.44,0
452.44,0
452.44,0
452.44,0
452.44,0
452.44,0
439.68,32642
441.85,33931
445.11,18315
449.95,9348
450.34,10680
450.09,53810
445.85,13726
447.03,13902
446.66,8069
448.53,7972
451.39,11160
454.32,80400
456.84,17718
456.53,10983
452.31,5045
452.1,6058
452.66,6927
451.43,23585
457.75,13213
459.84,19973
456.97,11725
455.78,15701
452.81,12339
452.3,34895
456.02,18261
454.06,14959
458.13,8573
460.46,9843
459.11,12281
463.22,27422
464.85,18605
462.36,22810
460.71,7006
459.27,12812
459.16,13593
456.86,21377
464.19,18174
466.73,12593
468.66,8027
469.03,29113
470.22,17438
469.26,22877
472.03,17669
467.67,36345
467.77,18777
468.33,12082
470.04,14839
469.23,38433
474.66,26035
473.18,8964
472.43,3144
470.93,6597
470.23,14545
469.82,24945
471.91,9887
473.77,11058
472.33,10883
472.56,5037
471.43,12482
469.78,53196
469.84,14512
468.43,8304
467.97,13787
467.94,9410
469.54,23465
470.51,22610
472.37,24750
473.47,26296
476.17,5634
476.69,9910
478.96,10295
477.3,36512
477.61,15937
478.65,13825
475.1,23230
474.72,10152
475.77,25960
474.99,27136
476.28,12884
475.32,10132
474.46,8322
475.18,10122
474.99,11420
475.43,39837
481.33,61501
477.8,23711
474.87,23884
473.02,19322
474.32,16907
474.82,59387
483.01,23681
481.14,15899
482.43,25440
480.08,24692
481.64,13262
482.31,41360
482.42,25760
481.37,14145
484.99,9289
483.52,20643
482.08,15238
480.49,82181
477.27,10816
476.28,6810
475.71,7491
475.11,8132
475.41,11417
477.23,36151
472.39,12176
472.3,5419
474.1,7039
471.19,2214
472.56,5728
473.33,37434
482.91,24142
486.27,21065
486.68,13682
486.58,10362
484.93,5657
483.24,35361
488.46,31833
485.5,30441
489.13,21860
489.5,37166
490.38,27611
494.45,73432
498.29,19238
495.9,21459
498.6,15012
498.73,18859
499.6,21107
499.34,35552
504.93,39151
506.92,32337
506.89,25260
507.43,19189
509.1,20747
508.9,29744
506.54,76734
504.26,54710
505.23,43389
504.25,45106
503.01,46129
502.28,75857
498.12,28038
498.66,28780
498.06,26109
496.74,22190
495.95,21360
497.39,87286
492.75,63082
495.16,24459
496.39,7409
498.5,16405
498.26,21677
499.05,46049
506.36,28716
504.58,16800
502.16,31999
500.65,24364
502.04,15047
499.02,39380
498.09,9760
498.21,6481
495.2,15428
496.78,10980
498.18,5609
497.34,21796
500.55,15302
500.56,9274
500.34,5872
499.73,13837
499.21,4591
499.59,30912
502.08,36354
503.97,19897
505.48,19098
508.42,39866
509.46,27110
506.12,54635
506.08,27972
504.73,14586
507.21,9858
503.74,10891
503.65,14927
501.24,30584
491.43,31324
488.43,16198
488.09,11392
490.42,11802
488.25,12658
485.93,36390
476.67,38497
478.65,17521
478.59,13029
482.17,9576
482.59,14802
484.96,32363
486.27,28206
485.2,15410
484.51,35833
485.58,14246
483.37,27061
481.82,52611
480.02,39737
477.3,27409
481.14,36598
482.14,28037
482.88,33848
481.09,42207
480.28,19400
480.35,21392
482.43,26646
486.21,19922
487.32,15944
488.65,39220
482.85,22563
476.07,17199
478.99,11753
477.96,9427
478.82,14513
475.78,47590
472.44,26509
471.66,12175
469.58,9841
468.38,17380
463.02,29931
459.65,60786
468.57,36946
465.17,29943
465.28,16122
465.49,9464
465.22,12399
465.76,21706
460.48,20709
461.32,16050
460.78,28468
461.43,17782
461.53,36609
466.95,69071
470.06,32810
461.24,30246
456.02,26418
458.65,21660
458.59,20965
458.68,61170
459.47,37634
462.81,21106
457.21,6692
462.6,14735
460.49,27612
462.09,49433
457.84,33834
455.31,37175
456.06,16177
454.46,29440
456.42,12991
456.57,39417
459.39,37674
455.34,43509
448.71,26553
450.98,44545
455.33,32755
453.12,76523
459.87,31081
461.7,23394
462.52,21504
457.29,45240
454.29,32085
452.81,53414
445.76,45774
442.82,26726
441.9,17898
440.52,18926
441.72,16682
441.57,44246
444.29,18526
450.34,11742
450.03,6246
450.39,16005
448.98,6810
450.97,15345
451.87,20477
452,12378
454.88,9915
454.63,53147
458.1,13052
458.53,49259
457.15,13088
456.99,11420
457.99,13915
457.52,6968
457.31,7550
458.56,29211
447.92,21704
447.99,7073
447.11,19540
443.94,19904
439.92,20886
439.75,56519
434.25,43112
437.57,33587
442.24,17384
441.59,40044
446.35,39105
447.06,66371
450.39,24736
441.97,15783
442.52,15274
440.32,21739
444.31,14467
446.65,56129
459.08,14216
459.47,10712
460.46,10025
459.34,5048
459.16,5816
458.37,20681
459.9,21387
457.7,13353
458.58,11245
457.16,9187
459.78,15523
459.31,51112
461.62,32057
466.4,16921
462.98,9058
461.08,11585
459.72,21265
462.85,87923
467.7,15832
467.04,10334
468.49,10697
470.03,13782
469.43,5753
469.38,32404
464.26,28790
463.09,24756
468.32,17049
469.39,6059
468.09,12965
467.68,39030
467.25,14418
467.45,12636
466.47,7052
465.73,7293
466.5,9001
464.74,35815
460.33,10592
457.4,7037
454.05,5072
456.93,15523
457.42,4714
458.5,18607
449.67,24940
451.01,37051
456.22,5654
456.89,12185
455.61,10153
456.9,51348
454.61,9721
454.23,10457
452.46,14780
453.47,22371
452.44,16717
453.17,31541
454.61,10277
458.49,7447
458.23,7222
456.26,3501
456.66,1903
454.37,13617
454.27,14145
457.04,14324
457.42,8796
458.95,10240
459.72,11605
459.97,37756
462.33,21099
461.36,18147
461.82,17504
457.68,7607
455.75,23882
457.22,61721
460.84,39801
456.14,15383
459.33,10410
461.1,20133
461.19,19056
460.26,113773
450.75,23416
451.16,5439
452.19,5158
451.35,18719
453.93,11059
454.75,35305
444.59,15848
442.58,13910
440.97,20927
438.37,17059
440.93,15985
440.12,62468
433.94,21104
431.66,20277
426.44,12381
428.79,12199
426.81,13356
427.21,49085
432.59,19508
431.9,10401
429.38,10842
427.66,9942
428.69,11126
431.16,33175
424.39,23938
423.28,14712
425.24,8135
425.52,12521
423.03,11654
423.8,38689
428.13,13881
420.84,8479
422.37,8230
422.48,8445
424.93,18794
425.46,39726
434.62,28308
437.52,18815
438.12,12912
442.05,50617
446.05,54590
452.43,102935
455.21,38152
456.34,23943
455.22,20736
455.23,33905
461.56,28748
459.75,73646
466.7,56748
469.85,69172
463.64,45761
462.55,32866
463.12,77014
464.45,110256
457.28,62380
461.62,46371
459.76,48844
460.1,59339
456.78,47056
458.62,102320
464.52,31401
471.07,25063
473.8,27284
475.73,21462
474.17,17938
472.63,62498
479.92,56791
479.86,21695
478.7,33662
474.77,29589
473.91,46940
472.69,144769
477.23,41201
481.1,44474
480.26,25787
481.22,23314
482.63,39414
480.26,91334
478.75,36086
479.13,26764
479.69,20943
481.47,23104
480.68,21232
479.9,60767
473.5,20892
471.29,26275
471.1,27623
473.66,27903
477.54,17447
480.55,37842
470.57,36617
460.08,32203
462.52,27013
462.57,26531
462.4,10277
468.49,44542
477.52,13280
476,11492
477.44,16918
476.57,17059
477.55,16481
479.73,16946
481.78,13883
481.41,22343
480.58,17749
481.27,33037
481.5,17792
478.88,45530
486.64,20185
491.28,9095
489.34,7740
488.69,11271
487.07,35302
487.13,44653
482.29,30486
483.33,13893
484.48,2358
483.61,8341
485.72,9160
483.79,24533
481.39,13003
481.86,10110
481.05,9159
482.68,7000
482.07,21238
481.23,126441
474.69,18405
473.33,22781
472.62,27951
472.52,19494
470.6,18289
471.85,52096
463.09,25677
460.91,26468
464.71,23397
462.74,38161
465.22,33913
468.51,94452
485.94,76312
491.81,46390
492.51,16791
493.54,48750
491.86,29245
491.22,75083
490.72,12378
492.48,12055
490.74,28585
489.99,16400
490.14,8616
489.73,36918
490.65,19471
492.88,14120
491.69,6484
493.93,6173
494.88,11699
495.14,63717
486.36,49832
487.95,23125
486.45,11990
483.76,20432
481.51,24044
482.63,53652
480.25,17449
478.74,6530
480.3,4251
482.44,15163
484,13601
486.09,30537
489.5,16806
490.37,14656
488.95,10940
487.99,21607
484.84,17985
484.51,28538
496.79,16991
493.71,5342
492.76,6342
493.12,6615
491.92,19666
491.3,24029
497.28,26151
499.74,12096
498.61,20449
500.85,11799
499.97,10922
498.06,40554
496.31,11150
495.77,6302
495.29,8201
493.88,3658
495.1,6145
499.46,26784
497.67,12053
499.77,13383
503.15,29631
504.45,15279
507.1,27842
507.76,41572
501.98,7814
502.45,17474
503.26,6186
506.29,8315
504.16,14031
506.07,30709
504.84,29224
502.59,8254
504.28,8684
500.09,8489
497.86,9596
499.03,26027
500.61,18475
503.45,3359
503.04,10175
503.46,10732
499.67,12294
500.18,16391
502.14,8151
503.06,13104
503.99,12383
506.2,4412
506.67,3293
506.71,17550
499.23,12667
500.26,4923
499.8,2726
498.75,5300
498.86,8732
499.14,65103
494.83,20437
496.47,21947
495.26,16090
496.89,24753
496.47,13635
497.2,32589
504.11,12471
503.91,6303
501.55,14264
498.58,7165
499.8,2316
500.46,12574
508.44,10241
506.52,7713
509.1,3873
507.49,8305
505.4,8440
504.78,28825
502.49,8078
502.71,6790
501.39,4792
500.72,2958
500.83,8099
499.64,48298
499.91,16901
501.89,8162
501.92,11877
500.24,14525
497.84,11858
496.66,14885
502.97,10403
503.22,3412
506.07,1967
506.83,2298
505.25,5016
505.68,30569
508.65,7773
507.69,4416
508.78,2078
509.88,2108
509.38,3131
509.78,13776
508.72,6225
507.86,3085
507.99,1352
508.37,2865
509.82,4604
509.15,12319
507.39,7358
506.25,2262
506.81,4805
508.95,4599
509.5,7040
510.02,10751
508.75,10343
507.4,6015
508.49,5301
507.78,5438
506.27,3547
508.51,13026
510.98,9051
513.83,8823
513.29,10088
514.88,10324
514.7,7262
511.62,22203
512.71,13472
510.11,11375
510.63,4474
509.09,7161
506.42,5816
506.58,20694
502.45,11898
500.57,8841
499.3,4753
499.94,7495
499.99,8460
501.42,31542
501.63,15171
501.77,11041
502.67,4528
500.31,10869
501.33,5539
502.12,23426
498.08,13532
500.8,17801
498.04,6186
498.47,9473
500.1,7768
502.03,26266
505.95,14192
503,8258
499.92,3603
499.66,4889
498.38,5046
496.06,18825
491.84,4704
492.32,15009
494.22,2697
495.82,1940
496.29,3011
496.53,18137
494.1,8194
489.75,9160
490.65,6332
489.67,8187
488.66,5578
487.57,16379
490.48,14610
488.46,6593
489.54,5126
487.66,9757
486.25,9095
486.86,23078
484.28,12663
482.3,9529
485.73,13989
486.14,8855
487.3,5891
488.18,21108
488.59,10834
490.07,7016
490.44,7218
485.07,16088
484.47,16776
483.62,44349
488.17,25396
491.36,16470
489.67,14175
487.43,12094
484.36,3987
483.99,32382
484.04,8791
484.7,4638
485.22,2838
487.16,8289
487.66,5157
487.94,24046
488.69,8359
492.51,6304
490.78,5708
489.91,3366
492.18,4140
490.79,10137
491.56,7887
492.96,3261
493.61,7588
492.04,3275
492.7,10598
493.32,49481
492.66,12103
500.85,5789
498.95,5419
499.21,5868
498.82,6504
497.82,26967
486.03,17063
485.82,11114
485.28,6822
485.04,18028
484.08,10081
482.42,43016
481.16,23608
481.96,16637
481.57,6517
481.67,5679
477.61,12256
475.31,42737
485.21,25837
490.93,10790
487.74,4144
489.86,14431
493.92,14392
491.38,52312
488.83,7497
487.27,4611
486.72,6644
485.89,9472
484.74,46162
488.43,24405
482.54,15199
485.4,12155
485.86,10176
486.93,9080
486.94,9897
487.39,38169
483.31,25633
488.5,15552
489.62,10259
488.66,25541
486.22,14866
488.16,55316
493.81,11890
491.17,12536
489.7,8749
485.91,7009
483.64,22159
489.98,47579
480.12,16365
480.68,10698
481.9,9855
484,4122
485.19,12083
486.98,47821
479.54,20539
479.3,18471
477.21,8850
476.61,8352
477.88,13397
474.35,25769
470.65,30060
476.42,16078
477.03,3409
477.74,7704
475.06,13818
479.06,34919
478.57,17105
482.6,16671
477.51,4293
474.64,11413
473.28,20617
478.44,24625
471.07,22219
474.44,17151
476.17,14174
481.07,11549
481.17,9482
481.35,30566
477.16,21639
475.7,9329
478.33,5602
474.75,5587
471.6,11009
473.07,22171
482.38,9620
481.47,10133
481.06,7336
479.7,8839
477.61,13299
476.05,45521
480.41,28693
480.81,13131
478.87,8264
477.52,6458
480.41,8558
484.16,23326
488.94,35814
489.02,48474
488.32,14171
486.77,18422
487.5,10277
488.63,32067
491.42,30966
488.15,11026
487.91,4587
491.62,16820
491.65,20779
493.9,47150
491.77,14368
491.67,20122
489.94,6710
490.8,7635
488.02,10492
485.02,21101
479.83,18431
475.55,9476
475.35,11680
473.37,16614
472.47,29976
470.77,59837
467.54,20516
463.86,13021
466.6,7188
466.1,16052
468.05,16886
467.25,33869
465.71,36707
468.42,21685
470.12,16388
473.38,15619
473.1,9555
467.5,40776
474.15,38058
475.04,15491
472.62,7879
471.48,8851
470.64,4536
470.17,31638
459.75,38553
461.75,21402
471.52,13364
473.09,26157
476.66,22511
479.81,52198
495.2,72598
487.91,48265
484.79,55472
485.53,39734
483.34,44631
481.06,80595
488.91,13810
485.7,14379
485.25,11904
486.06,12106
488.33,14286
486.71,54521
492.2,20260
490.6,14365
487.72,8779
487.24,8211
489.23,11152
486.96,37752
487.63,29226
487.45,17283
484.71,13999
483.64,11626
484.96,10608
486.14,56866
491.13,18844
494.63,8743
493.6,14245
492.3,14648
489.61,13513
487.83,27762
497.54,19706
494.55,12915
497.29,10496
499.11,12557
497.7,13422
498.77,36353
507.87,13227
508.58,10083
509.15,7798
506.79,10232
506.27,7173
508.98,44079
505.05,22928
506.57,21976
503.46,7639
503.56,11775
502.34,4482
504.52,18174
508.43,12468
511.38,10282
511.24,7426
510.58,6437
510.29,7036
508.14,30003
507.76,17498
506.97,9061
507.34,15229
507.53,15589
507.52,4879
508.86,17698
513.23,9678
516.39,8103
514.75,7554
516.15,9586
517.06,14568
516.8,35094
516.39,12452
518.13,7604
521.17,8227
519.39,6983
520.61,7008
520.43,36212
516.18,23566
510.75,23413
510.87,25381
510.35,21793
512.53,17923
513.81,47399
511.79,19246
512.38,22771
514.65,9654
514.78,6038
516.93,37906
512.95,50140
508.33,16142
509.55,8173
510.43,9315
511.29,19447
510.8,41638
512.92,96114
508.05,30197
511.23,24031
502.41,29910
499.16,24592
494.7,48368
497.1,89674
503.53,23947
506.45,25349
508.81,6192
509.67,18063
509.91,8975
510.99,36564
510.1,32949
515.1,32497
518.24,28300
518.45,24941
514.35,17540
514.94,85646
516.06,21796
514.17,35543
512.54,12831
512.09,22482
508.96,23253
508.59,55367
509.51,27746
507.96,17449
508.71,25815
500.66,10633
507.63,6210
510,65760
496,86570
481.94,71293
479.05,45604
478.59,65566
481.38,60188
484.91,111897
490.74,32516
487.24,89552
486.98,100744
486.97,84060
487.09,31461
486.71,92066
478.25,49708
476.52,34991
475.49,24593
472.93,41700
470.47,36482
471.66,142709
477.16,23722
480.43,23484
479.86,21048
479.22,12770
478.89,32067
479.8,57380
483.81,26000
487.47,23512
492.33,18667
490.08,46451
487.78,8979
486.4,90385
488.99,29468
491.54,33555
498.78,25733
495.77,13900
494.7,14052
495.61,61741
493.06,16813
490.65,19146
486.14,29523
483.87,22683
487.91,12081
486.05,64098
488.29,13288
489.15,10343
489.22,11715
489.46,10916
489.8,7771
490.14,48032
492.59,25769
491.6,16520
490.15,17623
490.67,11838
493.55,12272
495.8,40989
503.14,11829
504.9,8731
504.05,22695
501.2,44008
501.21,34344
501.41,14493
501.16,16248
500.89,15208
499.36,64053
493.55,46548
492.62,39749
492.28,32991
491.66,15762
494.82,17460
494.46,40413
499.26,17016
496.04,10252
495.67,14392
497.28,17629
501.95,26115
505.23,105160
511.32,24192
505.34,9944
504.72,8249
506.39,15334
504.84,13064
504.4,40449
502.72,24223
503.99,32368
504.35,26169
502.52,24734
503.25,15951
504.7,48191
500.94,23893
505.78,13664
505.37,11916
502.97,19424
501.84,6872
502.32,35828
506.54,22637
504.94,10672
503.63,14523
505.78,27978
504.54,22709
505.33,52671
508.53,10300
511.88,27813
511.64,6730
509.58,8757
509.52,5174
508.67,31577
513.45,27398
515.51,17649
516.45,6224
516.58,8662
516.63,6837
513.31,22147
511.96,21356
513.58,9975
513.48,13649
512.49,9255
512.45,9708
511.47,30852
508.18,33558
510.04,21359
510.43,10637
510.52,8992
510.97,11128
510.99,51429
509.74,31313
504.56,21493
505.17,27173
503.76,10494
506.7,19034
505.43,53761
508.98,22871
508.82,17137
509.07,13436
509,24557
505.5,27863
502.84,46864
496.17,31801
498.85,21835
496.97,12570
494.81,10408
494.39,9361
496.66,51013
491.36,25755
488.32,19154
486.08,10163
484.88,9863
486.58,8921
489.93,53518
492.19,11291
493.5,12221
493.69,9425
492.4,7403
491.32,8523
490.23,23857
492.92,8208
491.59,10864
490.02,3948
490.81,4537
490.82,11569
488.86,26069
487.81,28246
493.95,7712
493.47,5171
493.63,4829
493.85,13909
494.05,25950
495.28,14188
493.87,8964
493.85,10227
490.73,5083
491.06,4751
494.28,20916
493.68,10256
495.12,6094
496.45,2380
497.21,4700
495.63,2702
498.06,16657
498.93,11747
501.65,10088
502.95,4533
501.98,5627
500.78,7811
500.71,19133
503.7,20477
503.55,16385
500.89,8262
498.94,11218
499.02,5948
499.28,31175
501,8165
498.49,7023
498.93,5216
498.86,5649
498.57,5696
498.12,19132
496.04,3818
493.72,6517
494.65,7847
496.01,6697
494.22,7034
495.33,47949
489.16,19831
486.2,28498
484.75,12687
482.76,16209
484.45,18050
485.05,41495
481.27,44110
478.87,55817
477.7,81210
474.16,25150
474.3,24641
471.96,107838
461.99,74916
460.38,47601
461.28,35156
462.1,38355
463.04,38515
463.39,116736
458.48,52085
458.74,38149
460.27,17527
459.41,14182
460.16,26601
460.24,96910
466.53,25471
464.86,27428
462.04,19257
462.79,16091
461.14,16401
460.6,49556
457.08,26539
457.27,36035
454.76,17472
455.59,32909
454.11,46380
454.62,54392
459.22,36411
464.6,29223
462.65,46877
461,45745
462.9,42626
463.17,80374
456.95,37598
461.61,38761
463.45,18455
467.7,15190
466.91,15116
466.53,63193
472.28,67763
474.98,36849
472.98,18360
470.47,24860
465.52,16810
462.3,71691
458.41,48333
456.79,26849
460.81,28140
455.83,28368
456.81,31231
456.03,73618
456.6,37759
452.59,27532
451.52,25627
450.8,17387
451.5,21944
449.92,69142
452.59,58593
454.06,36666
455.83,28303
453.61,25313
455.32,20750
455.09,48911
451.99,28076
453.06,27426
454.15,17570
454.41,17598
454.02,12957
455.26,61209
454.61,31326
458.29,22336
458.1,28317
457.57,13999
458.33,19121
456.5,43496
458.18,56626
457.89,34896
456.27,13175
457.45,14647
459.65,30490
460.45,37448
464.12,24676
459.52,16018
459.76,13255
459.59,18153
460.72,21085
463.08,33639
462.79,52999
461.62,15612
462.76,13350
465.59,11682
464.94,22170
463.9,52687
459.77,46761
456.9,20218
457.36,17471
458.04,11743
457.57,13112
458.96,73703
462.99,34412
461.8,14986
462.09,10385
461.68,12486
459.94,16658
457.54,59333
468.59,48896
467.13,29131
463.89,28841
466.07,26769
468.46,28704
466.16,59360
470.24,34956
468.95,8143
468.79,11292
466.88,13097
468.24,19700
470.51,50016
452.83,105592
446.6,162249
438.64,89089
439.75,65961
441.34,78689
440.02,188016
444.87,60154
445.54,74267
447.89,46840
448.24,32573
444.57,45843
442.37,72186
445.83,42622
444.7,36602
443.86,44302
446.46,36260
447.24,31697
446.77,59825
443.09,19860
442.01,20233
443.35,27550
445.12,47245
441,29774
445.92,52704
450.81,16319
451.97,14074
450.85,7855
452.16,21302
453.77,16759
454.02,52005
455.6,41981
459.72,39793
458.15,32847
456.48,36574
457.84,27970
456.39,67184
461.96,23643
461.35,17243
463.88,12480
464.39,25284
464.5,14297
464.38,39246
465.24,30687
464.77,25717
462.29,7970
462.57,10913
464.3,14675
463.02,35445
466.19,10951
464.1,17324
461.62,5914
462.63,11861
462.88,9369
463.98,27255
459.6,17652
459.8,6363
459.97,8366
460.24,3035
460.8,9296
458.91,35124
458.94,38360
460.8,10389
462.05,5395
462.77,7685
462.58,16949
462.27,37891
464.19,32526
463.17,13232
463.78,9181
464.05,11578
464.74,16735
467.54,51258
465.64,20385
466.72,17223
465.94,14783
464.69,13290
462.6,13759
462.93,47854
460.46,27559
460.49,19879
460.36,7851
462.17,11669
462.46,30345
459.82,30163
462.26,15813
462.61,13797
457.58,4814
458.48,8838
458.38,22910
461.1,36561
458.24,24186
458.14,13406
458.96,10717
458.28,9233
459.1,15298
459.34,60022
459.92,14610
457.57,23340
454.25,12913
456.01,11340
457.66,10670
454.66,47492
449.9,21709
447.45,12975
446.35,6947
447.44,17216
446.72,9989
446.23,36120
447.57,38415
445.37,20911
448.32,19800
446.73,9000
446.48,13287
446.08,31796
446.02,9287
447.6,6464
446.93,8225
446.03,7945
449.34,9800
449.94,15349
448.37,18267
446.41,17080
446.41,11544
446.46,6007
446.29,13826
447.06,25643
453.45,23556
451.36,9697
452.62,12318
452.89,15082
451.67,6888
450.9,27167
451.49,17291
448.78,26883
446.29,21946
445.29,17997
444.44,17938
444.5,34927
443.93,31831
441.5,19573
442.49,9058
439.74,11224
439.59,10612
441.15,31658
442.58,16533
441.27,12035
441.72,19687
441.83,8400
440.26,10138
437.73,25236
439.6,42945
440.91,29595
438.55,30122
435.17,27704
433.1,41329
434.83,51906
436.18,51988
442.15,17582
441.41,13470
437.02,33537
440.03,27798
438.89,50154
439.33,24994
440.37,20388
437.29,21436
436.48,16811
433.25,14261
435.26,29569
436.77,25860
435.34,21749
435.19,24752
437.27,11191
439.4,7138
439.05,23407
438.2,21132
443.55,18322
441.78,12191
443.9,13481
446.13,9923
445.2,33511
443.49,26960
442.74,20039
441.8,15714
442.07,13966
443.6,7322
441.14,39442
450.79,30676
450.06,19956
448.74,14819
451.55,10511
450.41,9269
449.03,19836
453,38013
452.85,22214
449.48,32560
450.6,34385
448.93,29394
451,48725
455.07,28244
454.39,27230
454.89,15833
454.54,27126
455.27,31108
455.15,88127
451.98,34058
451.68,33116
449.84,23267
449.23,23597
445.17,29556
441.53,90071
443.22,18522
443.31,18093
445.63,21052
447.71,15644
447.3,16101
448.44,31537
454.31,9943
452.39,12822
452.23,13049
452.76,18087
454.53,7700
455.31,25341
454.83,11650
453.63,9165
454.92,4688
452.63,10821
447.93,30170
447.07,47503
444.69,27741
440.89,23567
440.05,18239
440.17,10351
439.3,15117
439.4,55758
438.91,24750
438.85,16789
436.7,13639
435.27,20621
438.69,12259
441.91,80105
445.98,13181
445.71,16570
448.22,12327
447.13,19618
446.9,11598
446.19,66113
463.37,64040
461.98,37735
463.27,15387
463.44,13483
465.6,10924
466.9,50823
467.18,17515
466.61,8846
464.79,7065
465.14,6775
464.69,4650
464,26192
471.76,42314
477.18,27510
477.76,44474
479.68,30733
480.31,26832
481.61,72783
480.83,15607
481.07,17660
480.29,13836
481.53,25838
482.8,23625
482.82,52180
480.49,18065
483.11,11814
484.65,16467
484.41,17698
484.23,18765
483.21,35545
488.27,22092
489.96,17870
490.73,26501
490.97,17596
491.44,18436
490.87,35170
494.5,40581
492.85,21113
493.18,19986
494.74,14284
494,21971
492.79,39501
492.57,40882
495.51,26587
496.38,19734
497.45,26523
498.64,26533
499.91,115984
487.66,69270
483.52,40322
483.68,25752
483.7,24995
484.24,39241
483.05,60186
476.66,25469
476.24,19952
476.06,14843
474.53,33058
474.17,31298
476.61,75918
472.95,22062
471.69,19275
474.31,29975
475.94,15392
476.69,13581
476.44,51427
469.08,40268
466.47,46860
462.12,31819
459.52,50419
458.94,40933
456.28,113965
456.42,45816
459.39,20940
459.09,14896
461.34,13759
459.12,10702
459.2,54166
459.35,13569
455.06,32171
455.4,9121
457.29,6315
456.94,15153
455.73,44084
460.11,7403
457.78,5246
457.87,12600
459.51,12470
459.97,10707
461.02,32246
466.67,21150
466.65,13338
466.35,13126
466.4,12675
463.02,9341
463.08,24858
452.71,20543
452.51,15492
453.5,9285
453.85,12543
453.85,11961
455.11,34741
459.84,20707
460.63,11568
460.91,9731
459.62,9555
460.2,11927
462.31,36108
463.43,9862
462.42,4496
464.12,6593
465.44,7601
463.96,12083
463.09,18221
466.61,5675
468.71,7467
468.71,5792
469.57,8949
470.22,10518
467.52,30007
467.28,19250
463.43,25645
463.14,11117
463.92,8898
465,7012
465.04,22114
463.32,18618
462.39,4630
463.46,4461
464.48,4917
464.68,8002
462.67,14857
460,17577
456.9,12496
454.95,5059
456.24,13732
455.2,20152
458.24,29780
469.47,18880
470.35,4274
466.08,11102
466.72,5622
465.96,8678
468.07,29110
464.99,9668
464.71,4557
463.6,5085
464.62,5947
465.42,6178
464.85,14039
469.63,20215
464.22,18610
463.01,9515
464.38,5513
464.09,6396
463.24,29553
464.5,15658
462.47,13167
462.2,9830
462.15,4552
461.21,6315
461.6,22030
459.8,18748
459.86,16326
460.98,15246
460.81,13345
459.47,15588
460.73,35307
461.61,15117
462.63,5491
462.26,9694
460.3,10311
460.21,8564
461.13,16962
459.04,11578
456.93,5069
456.75,9456
458.37,10750
457.71,6852
458.54,31627
457,18675
454.79,12888
453.76,6404
454.28,5756
453.88,10088
454.74,29496
451.44,19547
451.58,17476
452.09,11104
456.07,11352
456.57,16190
457.21,18809
451.63,9766
453.06,17433
449.36,10537
448.04,6757
447.83,6059
448.64,27313
455.6,10244
456.27,8982
452.5,3921
453.48,12961
451.8,3667
451.62,31521
451.35,12236
453.04,5617
453.53,8172
453.09,4753
452.26,3989
454.33,21946
448.95,26405
451.37,14691
453.43,21116
455.05,8999
454.16,10627
452.23,33981
453.26,11740
453.21,5799
453.82,4224
454.17,3325
454.8,5353
453.86,14192
453.31,18325
450.99,7559
447.97,5906
447.56,11644
451.59,4653
450.86,18115
457.69,13807
458.03,12422
455.08,14130
453.97,4717
453.92,9191
455.61,18461
456.74,15735
452.28,23236
451.61,8240
450.79,4252
450.85,7188
450.45,41103
450.85,27979
451.08,23875
454.7,21638
455.5,17569
454.81,10408
456.01,36381
459.43,73248
463.08,34896
469.6,31458
469.34,19112
466.41,9519
466.82,43460
469.31,13329
471.05,11496
470.87,3449
471.7,6366
472.23,5949
472.19,24103
472.64,23102
473.34,7527
472.99,4264
472.24,5195
472.13,12689
471.01,57038
461.18,19434
462.03,12408
458.52,12461
456.99,6327
456.3,16096
457.6,36009
458.77,24131
459.68,22366
456.84,10521
456.55,2659
457.78,1284
456.23,46734
459.26,15069
461.61,7358
460.4,3394
461.41,4941
460.88,5791
462.41,23867
464.6,13631
467.93,14768
466.56,1641
466.08,4261
467.37,7100
465.89,13727
462.86,10245
462.82,7661
463.04,3875
463.61,4100
462.85,8111
463.56,22193
464.58,17856
461.92,8811
461.13,8691
463.76,3428
463.92,12580
462.94,42145
430.46,201032
428.57,93225
429.16,70622
429.97,43199
429.28,61891
429.68,138699
443.26,52424
444.01,54333
446.02,29742
445.2,22147
444.34,55911
441.16,77132
441.54,33372
438.1,23712
435.41,34157
435.25,17019
435.5,15231
436.1,56833
440.57,25648
438.69,17143
437.62,15709
442.81,14827
443.52,9882
443.58,32357
443.94,25971
450.87,18171
452.19,14764
451.73,9862
452.11,8653
451.62,43667
455.57,24606
453.94,6839
455.41,5870
454.73,6651
455.06,5296
454.64,17306
454.96,10990
453.48,9496
456.11,8560
454.9,11839
454.01,10423
452.07,27317
449.1,26580
452.35,10272
453.52,7827
454.78,12671
454.24,9731
454.52,28887
453.38,20662
454.93,20806
454.22,10221
453.15,6979
454.33,9839
455.24,47966
452.81,34560
451.71,11772
452.83,8912
451.5,20869
449.9,19754
450.25,28799
449.49,18365
449.88,11640
451.24,5867
451.05,6899
451.5,24643
451.36,34726
451.19,18612
452.41,10355
453.52,8321
454.67,12395
455.54,8839
455.47,20048
453.49,21175
452.53,10991
453.04,41460
449.69,30256
448.7,26194
447.23,15574
445.96,13999
446.57,26055
446.17,74387
445.19,21695
444.29,15062
443.93,12388
444.23,20415
445.65,32055
444.89,46157
442.3,31218
439.62,21806
439.36,11639
439.33,27214
439.67,11582
438.73,55035
435.57,50318
435.87,47992
436.89,28774
437.19,36372
437.06,25914
437.24,59357
441.3,25519
438.39,14266
438.05,12168
437.37,22355
437.21,19250
437.27,57026
433.57,57312
432.48,20867
432.53,43101
430.72,43431
429.81,51045
428.42,128602
428.31,53357
427.69,53233
426.78,53272
426.76,50363
425.6,77920
425.14,126435
451.3,98948
451.07,46487
455.5,44888
457.04,29897
455.16,28467
456.08,104046
453.36,52867
455.93,18149
454.73,10107
455.37,8101
456.37,15823
456.52,49256
471.51,65647
474.98,59979
477.26,32191
477.04,53625
472.47,38519
473.92,98404
485.61,38357
480.6,12073
479.87,4676
478.41,11665
478.53,20839
478.71,46806
475.57,24953
480.33,26296
479.18,22634
480.6,11929
479.06,29259
479.62,52008
482.24,17287
480.8,14229
480.64,8780
480.74,11571
481.7,11983
480.51,28978
480.83,10932
481.36,10943
480.56,4335
480.27,2840
480.26,9472
480.5,25181
483.75,5477
481.56,11355
484.52,13881
483.57,5738
483.2,5342
483.72,24579
483.86,17342
487.22,13126
486.56,12612
486.29,13761
485.74,10429
485.59,86906
479.84,12698
478.69,8447
477.79,7780
479.75,10823
479.06,19544
478.8,20621
471.98,25976
475.38,10487
475.19,15093
475.6,12837
475.86,14746
476.84,33922
474.78,15744
478.63,4463
477.74,3564
478.34,3887
479.62,4567
479.71,23169
478.28,4081
477.02,1767
477.78,1748
477.62,2262
477.38,5807
477.08,27096
479.79,9356
478.76,7955
481.12,18622
479.41,4411
478.93,4839
477.05,22529
474.97,9386
475.98,7373
476.54,3911
477.75,1988
477.06,1340
478,19150
481.48,12696
480.01,3614
479.94,2633
480.19,5293
478.8,4120
476.45,12611
481.36,16218
483.03,6919
484.9,12919
485.08,9577
485.4,12088
485.43,24698
477.75,9693
473.71,6907
476.02,4032
476.83,6738
477.61,6550
478.42,27961
475.18,6377
476.16,5485
474.28,4203
476.82,1750
477.35,3566
478.16,9903
483.03,6262
481.94,8275
479.72,4086
477.5,4436
477.09,3193
478.4,13557
480.61,9795
480.74,2860
482.3,4960
481.75,6284
480.8,1861
481.11,12399
483.74,7348
484.48,5111
484.87,2637
484.49,4732
485.06,5395
484.48,11646
483.76,7918
482.58,2000
481.94,1977
480.59,1318
480,3623
480.27,10248
481.44,1725
479.94,1891
479.87,1943
477.68,1385
478.13,1450
478.24,7838
471.24,18296
473.67,5458
470.54,5245
469.47,3618
467.53,5659
467.83,30476
468.5,8488
471,9339
473.54,8346
472.14,5544
471.27,7658
470.57,9109
471.3,6600
470.41,5507
470.26,2361
471.09,5153
470.9,5343
471.42,15731
469.04,6591
466.6,6715
465.84,5524
465.69,4004
465.71,4390
466.32,8818
464.72,6483
462.95,2022
462.76,3260
463.22,2957
464.08,8626
463.01,15037
468.89,7413
463.82,10494
462.98,7333
462.86,5440
462.18,7525
461.87,15440
461.62,10877
460.51,3860
463.81,5863
463.09,2155
463.25,2193
463.33,11293
466.18,2684
464.96,4831
465.29,6506
464.33,1331
463.35,3125
464.66,7819
465.14,17483
463,12045
464.53,17637
464.99,8953
465.8,8521
464.27,20484
469.69,4719
467.47,2409
468.06,2090
469.4,3383
467.12,7008
466.11,27401
463.97,5495
462.9,7789
461.22,17423
457.2,14530
454.19,14067
452.48,76084
453.11,22839
452.42,15852
448.41,6441
449.61,8298
450.41,7099
450.71,22284
456.99,11224
457.07,5568
457.91,3276
456.57,3720
457.29,8318
456.65,28828
452.15,8283
453.89,7853
454.38,6455
452.77,3825
452.52,4842
453.07,17717
457.23,11565
457.67,7294
460.27,4908
460.07,6148
460.98,9978
459.27,25967
456.02,10521
458.22,6718
457.81,2735
457.87,5651
456.44,9112
456.36,13786
458.45,3711
458.81,2487
458.29,2870
457.61,1640
455.98,6321
456.57,28369
450.24,11931
455.8,8392
458,6976
458.72,5284
457.43,2356
456.24,11179
459.49,10478
458.49,4042
458.73,1958
456.9,2671
457.13,2993
457.13,11705
457.87,15826
455.66,11895
457.06,4675
459.6,3180
459.8,3072
460.94,9444
464.1,14360
461.1,15536
462.1,5081
462.29,7847
461.73,10722
463.41,43587
460.67,11000
460.61,9690
461.1,8716
462.2,10920
462.34,6001
462.39,14040
457.81,11810
454.18,14511
453.77,10588
454.44,7555
455.18,13487
456.13,23238
457.96,7115
459.81,10844
461.56,13097
464.59,24651
466.09,18836
469.6,32909
476.18,48781
475.28,41503
477.38,16055
478.04,11601
479.84,16941
477.66,62351
477.35,28415
480.15,19046
482.53,17665
482.64,17591
482.41,14362
481.82,54665
484.3,10251
481.97,7835
484.72,7503
484.45,8784
484.91,9998
484.44,24097
483.04,14156
481.77,12779
479.62,9561
479.9,8574
480.66,12064
480.33,27022
479.19,38508
478.34,13221
477.62,24789
477.92,31190
476.94,20184
480.03,31398
487.15,31121
486.04,23352
484.7,20842
484.35,21208
484.26,21925
485.11,58590
481.68,5670
482.52,7872
481.3,6293
481.13,7930
480.67,9120
480.01,16934
479.08,7502
484.38,8144
482.6,7636
482.77,7990
485.09,7918
485.7,36830
487.03,13342
483.29,19107
486.3,10290
486.87,11139
484.93,11866
484.92,22395
483.51,14579
483.24,14130
483.38,8517
484.23,5850
481.94,3379
482.39,14746
489.02,8680
488.18,5274
487,5602
487.56,3531
489.74,4771
490.82,14913
493.56,22110
496.33,26954
498.96,24987
498.16,11619
497.98,17592
498.66,79130
500.06,11605
498.22,7590
499.35,8237
498.18,4496
500,6419
500.34,24321
498.77,23755
499.39,15059
499.67,11784
499.14,4876
499.76,10100
498.42,19728
497.75,9248
497.68,7559
496.81,2257
496.52,4427
495.56,9811
496.62,48613
498.78,12905
498.18,8726
500.91,7591
501.36,10747
499.63,15235
500.81,17559
512.57,42245
508.26,26232
508.87,15129
511.25,25193
512.7,19498
511.75,63626
515.86,44982
513.86,20125
515.11,20834
513.42,14080
513.05,16119
513.55,28136
514.7,21125
515.03,21041
513.98,16833
511.11,5601
508.8,10754
508.28,14499
514.48,10733
510.19,8928
511.16,4850
510.04,7525
513.09,8697
511.86,22754
504.59,14209
503.49,7965
504.84,21435
507.81,5481
506.09,17432
504.19,18917
504.93,10446
504.04,7817
503.18,14662
503.62,13278
501.84,14536
502.46,42460
500.49,6442
499.65,11788
498.53,9723
498.18,8238
496.66,7379
496.99,17002
502.1,15686
502.45,7510
499.52,21180
496.75,7241
498.39,6149
499.93,23056
496.05,18221
501.05,11880
504.24,3638
501.91,2214
503.27,5829
502.49,24969
502.03,13823
503.5,10040
503,7270
502.41,6492
502.97,5468
504.08,24885
501.01,9859
497.59,14333
497.76,22969
498.4,23676
497.89,34201
497.63,43172
500.31,20038
499.82,8942
499.91,18522
501.38,8619
503.82,12227
504.81,50613
506.55,10146
508.43,10139
507.46,4702
508.71,4583
508.94,6399
509.29,18532
507.11,11313
507.09,16837
507.86,7080
505.81,12256
505.09,9647
506.18,23978
503.63,7610
504.86,10317
507.2,4833
506.54,7866
507.64,7651
508.75,20297
504,30589
505.04,41772
506.62,39489
507.48,37959
505.26,14888
503.86,36635
504.53,16686
505.87,5473
507.39,8760
506.63,11257
506.62,10563
507.42,24054
505.95,10826
509.36,11653
510.09,6643
511.29,8098
511.49,8231
512.16,33676
512.9,8995
511.43,3564
508.18,17744
508.61,7959
507.99,4324
509.25,15070
509.15,6827
511.58,4808
511.65,4583
512.65,3695
511.7,3864
512.89,16175
511.6,3778
512.08,4367
514.19,3020
514.06,2910
514.11,13779
512.69,30613
511.9,5253
512.44,6070
516.17,4051
515.23,2648
515.43,3571
514.56,13900
514.85,11783
512.87,8729
512.79,12241
512.39,7419
512.93,3823
514.83,16390
507.02,13311
510.06,13225
511.43,3091
510.91,4230
511.77,4694
511.74,14055
517.32,22902
515.12,24446
513.36,22277
513.04,15362
511.6,11393
511.46,19189
506.62,7934
507.91,4281
509.1,2035
508.19,6387
509.13,5099
509.31,27439
506.87,7428
508.27,6986
508.05,8741
506.99,9899
507.25,7217
508.35,13972
510.61,27786
511.22,6296
512.31,6359
513.42,8005
513.96,6691
514.26,9802
516.06,8229
513.82,5863
514.91,5445
515.83,5699
515.87,4191
516.73,20880
519.38,11036
519.25,11938
518.94,16095
520.18,16454
517.98,7015
517.25,9193
515.75,5195
516.39,4090
516.83,15032
515.68,6530
514.55,7627
516.93,4530
514.05,3015
515.23,3785
514.67,26199
507.67,19208
511.27,12633
509.91,34555
512.73,21483
509.1,19631
509.13,27447
515.76,20995
519.12,18594
524.29,17792
520.42,20323
522.18,14455
523.8,36015
526.84,12423
526.68,8123
524.31,6043
524.03,10548
521.64,7117
521.01,24451
522.54,12828
522.25,13834
519.19,10603
518.91,14204
520.62,9430
521.52,25992
521.75,12976
523.69,8622
524.46,3444
525.51,4340
525.3,5327
524.62,17740
524.4,13539
522.55,7172
522.54,3286
524.36,2857
525.18,5931
524.37,13362
522.67,18010
521.54,11955
521.25,5781
522.51,4362
522.07,4419
522.89,18639
522.11,9706
521.26,6516
520.71,3131
521.93,2409
522.46,2055
524.84,7541
515.45,23159
516.45,12777
516.97,13652
515.53,19236
517.77,14305
517.35,41773
517.9,11344
519.76,6538
520.36,9681
519.68,5037
519.02,4318
520.46,15648
515.57,19446
517.69,10362
520.51,5409
521.77,5666
522.04,18830
521.71,31692
512.06,31993
509.85,32988
506.42,21895
506.33,13956
507.02,12087
507.18,49881
501.64,12715
500.74,11029
499.59,7289
502.88,6009
503.45,4847
504.04,37463
503,15270
504.64,10141
503.45,5715
502.1,7122
502.57,9659
502.46,23998
501.88,11207
500.11,8912
499.9,4076
499.2,4137
499.08,14906
498.69,32221
496.59,31492
496.37,14447
498.26,7708
499.61,6597
498.08,7200
495.63,27296
494.6,26247
495.25,15677
493.34,8650
494.44,5606
494.42,7123
493.68,14150
494.33,7500
496.02,4868
496.21,3469
495.51,1851
495.14,3933
496.32,14724
494.56,6422
495.61,8022
495.24,3216
495.54,2378
495.73,3129
496.59,9136
496.15,4906
496.87,3324
496.87,2281
497.37,2411
497.12,3209
497.55,10060
500.94,14014
502.94,5059
501.96,5502
502.94,3533
502.24,3945
502.45,13676
501.23,3311
503.06,1011
500.68,1303
501.68,1456
501.32,3535
501.76,9532
508.27,12191
511.22,11252
510.26,3297
511.66,6343
512.93,9329
512.42,31765
518.81,20116
516.71,9252
517.23,1035
516.79,7690
516.3,13272
516.08,16588
520.4,16968
520.82,10874
521.62,7442
520.62,8373
520.09,4857
520.96,14709
513,19604
511.89,4519
510.62,3676
509.41,17515
512.85,9719
512.9,40924
513.67,17903
508.68,11423
509.15,4253
509.44,4074
508.71,4856
509.84,21617
510.04,14494
509.23,5894
509.42,3662
510.6,12534
512.55,5918
512.64,17974
513.83,6788
511.69,5798
512.71,3827
512.63,1743
512,6190
512.51,8021
511.17,35523
512.15,20871
511.99,17971
513.48,5467
514.26,8083
514.92,18464
499.76,29083
492.61,18284
495.09,24464
495.99,11397
496.56,11831
495.27,30959
497.76,25931
495.73,8334
495.56,4456
495.59,4153
495.49,7181
494.33,21219
501.97,34527
503.41,36377
504.28,16587
504.51,15653
504.83,9462
501.95,24882
479.26,52308
484.5,28057
485.58,15252
485.06,13647
486.99,18416
487.33,26632
489.37,13858
489.89,18110
488.48,14142
488.69,9100
487.12,33445
483.39,66760
479,64799
484.47,54267
485.37,51630
486.05,78675
487.95,95144
488.13,62689
490.18,12635
491.24,7280
490.54,3642
491.62,8805
493.53,7785
493.17,11517
493.86,10760
493,10280
491.26,10510
490.18,8250
490.98,8865
490.88,34233
469.88,95230
458.88,101838
461.97,106409
457.64,45465
458.63,169876
464.9,120495
472.11,67856
474.13,34036
475.89,15308
477.35,25292
478.58,18192
479.27,64515
479.91,39223
480.1,13402
481.62,8193
479.92,15795
479.33,19376
480.26,50808
480.18,31375
477.74,32235
479.59,18554
481.18,6193
480.32,5080
480.32,17032
484.87,30151
488.53,42350
489.63,9120
489.99,23858
487.96,23174
489.37,41464
481.09,39775
483.44,23641
484.43,25585
484.34,12489
484.09,24539
483.11,48554
482.87,32388
486.97,28782
487.02,21950
486.62,11376
486.41,16567
488.49,34786
483.29,42223
479.76,12502
479.5,8982
480.72,10069
480.87,13725
480.43,23461
482.9,10356
482.28,6442
484.94,15521
486.1,10501
485.72,27977
486.44,12767
494.1,19473
495.6,19490
493.96,10212
492.46,4106
492.19,19903
493.79,36800
495.37,22424
495.5,15327
495.52,15158
496.76,11251
495.97,10544
495.01,212114
494.83,12664
493.12,15414
492.53,6303
492.96,9755
493.27,10444
494.03,17670
490.88,21012
490.63,7166
492.45,8728
491.52,11709
490.96,22342
492.93,52069
496.4,23908
498.24,12965
496.92,7421
495.49,6770
494.28,8621
492.31,25521
492.78,21475
490.82,6536
493.29,5115
491.5,4177
491.72,4842
492.24,12618
496.6,11225
495.33,7466
494.87,10245
494.24,15999
494.15,10078
495.91,21121
496.27,23492
496.65,18136
496.65,13729
497.1,7199
498.73,7425
497.64,16189
500.36,15192
497.41,8124
496.35,19689
497.47,15401
496.79,8012
496.12,26890
495.23,13483
495.44,8186
496.08,6076
496.12,10976
496.5,13012
495.87,15357
498.56,11276
497.05,6542
496.62,7964
496.58,9902
498.9,12029
498.68,28093
504.87,9749
503.29,9705
501.69,5282
500.88,8912
502.28,6503
502.13,29711
507.71,26346
504.41,11116
503.38,6322
501.81,7407
500.08,11195
500.71,21676
499.61,11029
498.06,9235
496.73,6251
498.25,8815
499.01,6923
499.95,102119
468.12,102728
464.33,39665
465.53,43044
466.5,29333
466.74,33382
470.45,72658
475.37,30977
474.45,22185
473.5,18407
471.91,23887
469.68,23854
470.37,76607
458.64,54497
458.16,40788
462.63,26094
465.49,36287
464.04,17732
464.3,34401
462.7,29813
460.56,12737
459.45,13913
459.64,12590
459.01,13660
460.42,27702
457.22,19799
452.19,19770
452.55,13082
451.87,9055
451.52,21020
449.84,49464
456.03,24014
453.73,27542
450.79,33369
447.24,36554
450.1,14951
450.72,41152
454.63,17979
455.9,16242
457.61,18808
455.71,15978
456.27,19120
454.03,52843
456.77,39613
458.97,29838
459.44,21946
462.88,24890
460.65,17875
460.77,47747
457.88,43000
463.69,41775
469.28,21337
466.55,15468
467.82,20665
467.72,43899
469.43,26592
469.54,17413
469.07,16877
467.97,12357
470.69,9436
470.12,23007
473.46,12193
472.87,12387
473.09,5004
470.58,11816
468.54,11086
467.05,35645
465.69,26258
466.26,19342
466.89,10230
464.86,20206
466.78,17986
466.27,41292
468.61,23911
469.87,32883
469.06,37077
468.97,25500
468.24,24522
469.09,54359
469.88,11342
468.67,7931
468.44,10635
467.98,8912
466.23,11212
466.2,15359
469.47,16339
470.08,4522
470.67,7597
471.01,6648
470.9,9840
470.92,27344
471.91,22186
471.35,23934
469.32,12924
470.92,12231
471.17,20174
472.15,31425
474.15,25789
471.85,29455
471.43,8544
471.51,14314
471.45,8481
472.2,30583
472.92,27781
471.04,11022
471.5,6123
471.78,7529
471.41,10117
471.47,35000
467.71,13117
467,7453
466.33,8902
465.25,9569
464.86,22020
463.84,36485
467.23,11176
469.96,7300
471.01,7389
470.5,8545
470.07,6276
470.52,23563
473.53,13571
471.2,8292
470.97,9411
472.81,8190
472.94,5355
472.12,32555
470.02,10430
471.61,27612
471.79,5011
471.97,19631
472.99,8822
472.88,33969
471.17,12499
469.17,21372
469.57,23164
469.42,21823
469.94,37148
469.16,52538
439,99563
435.49,57579
433.02,69549
431.91,77943
433.82,52135
438.2,65441
439.17,41131
439.22,23852
441.9,13128
440.96,11350
440.17,13062
440.18,38337
439.58,28173
439.46,14277
440.27,9613
439.58,27413
437.67,19461
434.91,42382
437.06,44617
435.67,30095
436.22,16087
436.49,31698
435.21,32274
436.46,37056
435.44,31313
436.3,23501
436.15,11936
436.34,20483
436.36,31990
436.48,51379
435.53,32032
435.2,21070
435.08,19613
436.18,16181
437.27,19480
436.46,35243
435.09,24609
434.47,13435
433.32,20024
432.58,15308
431.67,11781
431.58,34165
429.25,56519
426.18,48385
426.34,24652
424.85,36797
425.38,27318
425.91,67977
422.49,39741
422.05,26311
421.3,17555
420.3,36098
419.23,46928
418.04,63627
426.66,22964
425.95,22412
427.93,23503
427.62,26185
427.56,23280
427.29,71825
454.53,109088
448.64,44972
452.79,37713
449.99,31164
448.27,17647
448.94,127747
462.57,77431
454.82,51621
459.25,51335
463.06,45192
462.25,43173
460.49,106116
474.75,124701
476.06,42666
472.77,23304
472.38,36021
474.3,50400
475.28,127888
479.71,55571
479.88,38337
481.02,45824
483.35,57139
483.23,43953
479.5,119597
473.51,31954
474.53,30113
475.68,25040
473.86,31239
475.44,28472
473.83,97578
472.58,21039
471.26,16215
467.4,13687
466.9,17262
466.85,26539
465.35,44104
463.73,25617
461.39,7903
462.88,8874
464.67,6580
467.04,19389
465.79,37973
471.3,31010
472.78,31840
474.01,21009
473.57,69084
475.43,17680
472.49,43152
471.23,12731
472.47,29214
473.58,4127
473.77,13463
475.34,7096
475.42,22425
472.19,15098
470.19,7380
470.22,9811
469.53,3417
469.82,9857
468.06,32127
464.58,29644
464.06,24460
462.75,11090
462.44,29316
464.55,20635
463.06,37391
461.7,26584
463.52,23289
466.32,7059
466.02,9445
466.38,11110
467.46,38586
466.72,24860
469.29,17668
469.33,8142
469.45,9362
470.08,17105
472.5,35142
469.06,16567
466.44,4815
468.55,4968
469.51,5358
470.98,9334
470.2,16344
471.81,13909
472.22,5416
472.07,2948
472.54,2790
472.09,21955
471.6,33484
474.28,16272
476.16,9870
476.54,5318
476.94,7172
477.29,4248
478.69,17534
483.37,19112
480.42,28252
479.34,24871
479.95,20115
482.02,10109
480.91,18018
482.57,12909
484.23,10648
481.73,8093
483.39,6541
484.69,14926
485.62,28812
487.71,18162
487.44,12361
488.22,10506
489.38,13766
489.97,15734
489.84,30619
490.84,13313
488.44,5053
486.09,6823
487.49,5389
488.81,8612
490.79,17534
490.12,18791
488.91,8227
487.65,19952
489.59,6706
489.9,5361
492.82,19474
496.42,21189
498.23,24898
495.33,7136
494.68,5039
495.71,4628
494.23,33844
498.48,32854
502.64,18775
501.34,9256
499.96,9670
500.23,8869
502.34,15689
501.82,10216
500.88,3054
499.98,1160
501.59,2695
500.2,2625
500.98,21315
499.54,8400
500.03,6134
498.78,2298
498.53,3849
497.97,3342
496.62,28146
497.21,9096
497.58,5779
500.55,2630
499.95,2340
499.77,1872
500.04,21152
502.42,6383
502.11,2960
500.43,4781
500.42,8618
500.37,12192
500.36,26734
496.83,9433
495.62,14930
494.71,9887
494.52,12297
493.67,8291
494.13,21031
492.81,4113
492.15,4898
491.74,2189
491.01,3049
490.25,8685
488.36,34994
482.3,22593
481.5,26722
482.91,10240
481.55,9868
482.11,13937
481.04,46228
457.92,67841
458.62,18329
460.07,23105
460.23,28685
461.26,52666
459.82,76833
459.77,28493
460.88,20893
462.01,30339
462.19,45328
461.25,15830
463.73,73747
469.92,31729
471.2,15982
471.75,22129
475.23,22617
475.49,16962
476.1,50070
474.84,12599
472.76,7985
474.45,8076
473.35,11253
474.42,11722
474.52,14158
475.57,25290
479.86,19530
481.59,16890
485.05,11159
485.71,8985
483.98,29200
482.03,19876
479.46,12946
482.58,10501
479.93,10311
481.34,14639
481.28,24171
482.46,11481
479.43,10138
477.94,3243
477.2,2003
477.37,10089
479.1,39129
477.37,18381
475.95,15791
474.13,23287
472.3,25376
471.97,27417
472.82,74197
469.03,15449
466.75,11027
466.31,8155
466.77,13934
467.62,11657
470.57,57014
474.52,15379
473.76,3463
473.26,1707
472.88,5936
473.75,4003
475.06,14121
474.48,13758
472.04,20261
472.72,28139
468.64,8870
470.17,18423
471.39,42478
464.62,15345
466.77,8354
466.32,5454
468.98,5509
473.15,28961
475.76,77088
471.59,10008
473.59,12944
474.5,8754
474.69,13162
475.68,10732
476.06,16015
471.76,13655
471.03,13671
471.13,15130
471.14,12929
470.41,14525
470.91,28825
470.44,14908
467.57,8707
466.26,11580
466.23,5411
466.97,8878
464.45,49964
461.52,40644
461.69,22288
462.09,14787
462.83,17659
465.67,15401
466.13,24004
468.71,13627
464.43,15004
462.51,7286
464.14,6784
464.23,14581
464.84,23453
466.96,24032
469.51,12967
469.44,19798
468.88,5538
468.9,7528
469.26,52539
469.79,10863
466.8,5416
464.02,11094
463.32,14562
464.51,20165
467.9,33831
464.96,16046
465,20187
464.89,9194
467.21,11998
467.64,20243
467.36,42643
465.61,22616
469.19,11839
467.16,14959
467.84,9033
466.96,11525
465.19,27982
475.87,32620
480.9,31029
480.45,27579
476.68,36612
471.71,30185
472.9,138916
487.73,36402
481.77,17639
480.35,12720
479.52,8785
476.3,15785
475.86,41977
475.86,26099
476.12,18509
476.81,9087
477.01,10904
477.79,13745
477.98,21910
476.42,35605
469.84,18699
470.56,32747
468.48,20020
468.18,18498
468.52,18787
468.12,14264
468.87,7922
470.13,44568
472.72,15179
473.07,27510
467.88,8538
469.45,14848
469.13,27254
471.52,34671
467.95,28852
471.47,15468
474.04,6975
475.75,10971
473.92,20465
473.57,32228
472.02,38432
476.41,10987
477.87,14304
478.78,12999
479.62,13545
478.35,25451
482.59,36307
486.55,13522
488.3,9524
487.45,11421
486.87,17364
482.49,30624
486.6,16090
488.55,13279
491.75,14223
492.42,15656
494.27,15762
493.72,35346
499.25,35488
496.79,18422
497.7,22005
496.52,18584
497.01,22248
497.88,49998
515.44,108181
523.61,37264
520.09,24322
522.32,25685
523.6,31112
526.03,77087
543.12,82785
543.4,48973
547.27,41210
548.25,37554
549.14,36428
549.71,94532
552.77,68202
548.37,71265
545.82,15883
543.25,24397
545.02,19609
545.69,57000
543.97,28754
543.5,14084
545.75,18192
544.59,15387
543.89,7287
544.96,31315
540.01,21187
538.76,19877
539.13,6349
538.06,5684
538.27,10714
537.32,21899
534.04,13527
532.83,8662
535.97,4786
533.58,4261
535.63,9316
535.98,30108
534.41,31801
534.53,13658
536.44,17574
536.31,14197
536.86,22540
538.16,40914
544.78,27689
541.83,20554
543.38,14982
542.25,17521
541.33,15649
537.75,19810
552.93,23836
552.76,14325
552.53,4545
550.61,6405
550.8,15055
550.98,37787
544.6,20826
542.81,12264
545.35,4966
544.37,11197
546.59,9972
545.38,34894
553.85,22085
554.14,15177
552.05,23523
555.83,17214
555.1,28648
552.78,83746
544.86,30186
549.73,23335
550.36,21380
554.01,7796
554.95,14850
557.75,36914
552.74,47082
545.87,21795
547.28,10121
549.64,9269
551.6,21402
552.3,46894
560.09,37925
559.55,37205
555.14,22388
559.89,13057
560.55,15421
563.34,60993
557.95,34378
550.64,24616
553.42,12845
551.7,7944
550.48,13513
548.79,37385
547.49,26246
549.61,29719
547.68,22136
549.51,19253
549.47,17507
550.39,55484
543.35,61174
546.52,63432
548.02,20936
545.53,16458
544.88,41572
542.41,57793
548.18,17753
547.5,18433
548.35,9635
545.27,7976
546.79,14487
545.14,35502
542.54,24069
541.25,18672
538.74,14395
539.83,19221
538.34,20792
537.43,40911
542.75,28778
543.57,30845
545.87,21011
545.68,10029
543.15,9697
544.15,32267
549.93,27578
549.26,12926
549.39,9965
550.36,11405
550.15,11947
550.14,39553
554.99,14345
556.79,15460
555.84,7214
556.75,21760
557.34,23761
557.9,35948
554.34,38380
554.42,23382
554.18,4853
555.7,11245
557.38,7813
557.27,21189
554.57,13799
552.77,12789
554.76,12461
555.92,8744
556.13,6532
557.23,20117
556.95,7026
558.37,6345
558.49,5411
560.14,7056
558.55,6043
557.18,13463
557.1,12952
560.48,7552
560.12,4327
560.7,6333
559.96,2211
558.29,18341
559.55,16727
558.32,9549
559.65,8250
558.36,5386
557.44,13417
557.4,19924
555.41,17620
552.52,10825
550.3,8529
549.85,6720
550.26,7335
550.98,33168
560.6,15987
559.88,10844
559.45,11774
559.17,3969
560.74,6689
561.06,25552
566.75,10905
566.13,6212
564.49,3444
564.9,2898
563.41,4563
564.02,15857
568.28,12192
564.35,17220
562.56,7871
563.57,4188
563.52,5349
564.12,14373
567.27,14310
568.29,11894
564.34,5630
564.76,4935
561.91,6425
563.78,17441
562.36,22803
564.9,7643
567.23,7294
569.26,7567
569.13,8092
568.1,35676
565.06,15065
566.15,18641
565.4,6304
565.28,11455
564.68,10232
565.01,27761
573.72,14868
576.16,12046
575.73,14932
575.06,11719
574.4,8948
575.17,42445
580.84,42343
582.28,9724
578.47,6034
576.07,5934
577.64,11091
579.13,33815
574.07,14939
571.47,8054
568.71,5497
570.24,6674
572.81,5301
572.23,24313
574.82,15789
574.33,32969
573.49,10034
574.84,11610
575.37,27961
576.55,64821
561.2,23246
567.27,18303
570.93,7045
571.63,11447
568.86,9023
571.18,21920
574.17,11736
578.02,9178
578.31,7182
579.5,4239
578.25,16662
577.41,46930
561.83,28051
561.21,15010
560.29,10895
566.21,11330
566.43,22178
565.1,32690
560.76,21664
561.78,14505
563.28,12664
565.66,5923
565.65,12233
565.31,38880
569.09,12218
572.27,9781
572.85,6376
572.13,7197
571.92,8907
571.74,39605
576.01,15715
572.85,10563
569.95,8904
568.42,5194
568.44,7209
568.6,38224
560.73,24108
561.64,18570
559.57,17701
560.88,6253
559.61,11765
557.39,35950
558.49,8265
558.29,7540
561.58,4024
560.71,9835
560.93,25272
560.73,23168
560.43,13924
555.81,8726
556.48,9784
557.68,10730
558.43,22569
558.34,68594
555.79,13943
554.54,10153
552.57,21795
555.08,8452
557.48,10287
556.18,52802
552.82,18992
554.83,10521
554.82,6341
552.96,6501
553.58,7358
553.29,25451
550.77,22899
556.17,12513
552.56,10440
553.85,10422
551.88,7047
553.7,38415
555.51,10729
556.99,24148
555.46,17440
553.67,8604
555.87,13952
554.51,34313
553.59,12301
556.03,10032
553.59,8967
554.86,7671
553.25,9382
553.27,25262
561.12,8761
562.35,8672
563.43,16730
558.38,24915
560.68,5535
561.99,23474
561.61,10566
564.55,8641
560.99,1989
561.25,5724
561.03,7482
561.86,24690
564.56,19864
567.85,8016
567.37,12869
565.51,11520
565.03,10293
565.67,31528
569.54,22685
570.68,15928
570.9,13116
569.94,20628
570.33,13908
572.64,44786
566.01,16593
569.33,10593
567.92,7551
568.13,8300
569.74,7933
569.91,30041
573.03,16582
571.16,13330
570.14,8343
571.02,9467
569.84,12321
568.87,22756
570.25,9618
567.79,7228
567.36,3801
566.5,2183
566.95,4418
563.29,24231
563.28,11966
564.66,3950
562.24,4683
560.77,5221
560.51,5499
560.46,16270
565,11267
564.98,11198
567.97,6982
566.71,4253
567.17,3734
568.52,14813
572.98,20549
573.2,11417
575.1,3385
574.46,7323
574.29,9239
573.36,19290
576.09,13253
579.26,9772
578.74,9721
577.39,10176
576.97,9136
576.6,20949
577.66,17284
582.35,17982
584.69,11629
584.72,12191
584.12,9146
585.87,38525
526.75,177207
541.84,138106
542.64,56695
540.81,27250
541.74,32169
538.56,73256
550.21,69094
552.01,51829
553.22,29521
553,48095
551.02,34693
553.66,70943
542.69,69111
542.91,29211
543.9,15065
544.09,16637
548.34,15465
547.69,38483
546.96,13600
548.04,15332
543.93,19546
547.41,13484
549.01,5941
549.15,28650
553.7,16689
555.97,17370
555.84,11635
554.59,3636
553.53,6628
552.34,30355
548.51,21520
549.08,11618
549.63,10000
549.44,16760
552.42,18002
551.71,29974
550.15,21781
547.97,6455
546.37,47852
547.5,5944
545.81,9071
546.53,31471
548.95,11969
547.68,9860
546.69,16250
546.8,7101
544.5,25067
541.77,37005
549.58,22235
548.98,11780
549.09,4663
548.25,6969
545.68,16447
546.28,40150
544.92,7659
545.13,6697
543.9,9612
544.89,7974
545.64,8129
545.49,25020
543.74,22801
546.47,21365
544.16,14792
543.55,12574
541.69,9488
542.07,48434
548.66,11332
545.92,21558
546.04,12516
544.99,26647
545.21,30356
545.1,23805
545.46,10497
544.8,14868
546.55,9363
546.33,7065
547.29,8424
547.74,18233
547.97,14944
547.74,14166
547.59,12521
547.71,10030
547.46,10358
549.07,28033
539.55,18233
538.71,12928
538.06,10334
539.63,11333
537.08,9924
539.04,24894
540.42,12933
545.08,8947
543.03,10072
546.33,17698
547.16,12243
546.93,42797
578.44,48880
578.78,29982
572.13,24605
573.43,36863
575.03,28332
576.11,59649
581.31,30081
580.84,22226
579.98,20134
580.68,24535
581.25,34824
582.8,41663
591.92,20881
594.23,13125
595.38,16531
594.41,9535
596.32,15635
594.17,39958
607.8,10117
605.92,11273
604.15,4787
604.5,8831
603.91,10918
603.08,34119
597.72,30823
595.77,20103
593.95,16786
594.22,14499
595.87,12605
596.55,28695
589.64,28674
587.12,17101
585.84,21437
585.99,14296
583.56,16046
582.55,48887
581.69,11621
577.66,13735
576,13356
575.35,10346
571.01,11346
569.51,35002
573.09,21634
570.19,15183
572.36,11941
571.06,10239
573.52,11708
572.34,38144
567.61,16617
569.95,11081
571.08,3646
571.36,9131
570.27,10268
569.37,22690
562.31,21144
561.17,11079
561.27,23148
560.07,18650
560.82,14476
558.16,58331
574.58,21413
571.01,18445
572.8,8890
573.19,9449
572.67,12342
574.21,46351
580.48,18914
578.79,16270
579.04,7668
580.11,7924
579.41,14390
577.5,27057
578.97,10560
573.74,9701
570.77,7938
570.9,10481
567.92,17254
570.16,27230
586.24,9881
580.72,8286
582.25,7778
581.66,11831
582.55,11656
581.49,22828
582.81,13643
581.37,12091
582.39,16075
582.64,10016
583.15,7653
584.28,30796
593.31,15782
592.25,11232
592.66,11840
587.72,6259
586.16,4752
586.61,19848
589.58,10058
591.28,13994
593.71,26820
593.71,0
582.16,14490
583.71,11161
585.31,9468
584.56,8607
585.78,9834
584.77,27484
586.52,11026
586.26,7817
586.77,4690
587.39,2889
585.59,3835
585.9,22507
594.6,29842
585.67,12327
592.28,14880
588.91,20720
587.37,13699
589.28,17088
581.37,35008
572.3,21595
567.44,20740
566.52,23955
563.39,26087
559.71,95576
541.8,84741
536.6,92327
533.24,57322
531.87,30078
531.95,40007
529.23,110550
532.64,27475
533.41,24479
532.79,16627
530.75,42921
537.48,28717
541.99,33044
545.65,30411
542.24,24073
542.98,5070
542.53,5168
547.46,10048
548.6,30339
519.85,70449
520.29,81083
520.16,23922
521.04,27455
519.97,24147
520.57,74162
514.38,35972
512.88,40300
512.03,25613
507.8,28349
503.4,40169
502.48,145114
494.91,191239
504.88,69211
506.89,23488
506.74,17894
508.24,12620
509.89,68277
497.23,50188
499.58,29498
492.79,100432
486.52,83951
488.39,62798
486.35,97276
473.54,135619
464.92,91615
463.54,52952
467.46,50003
465.6,64681
465.28,106542
484.34,58831
484.37,44946
485.19,31176
486.08,24913
486.44,36025
485.98,77904
476.38,57141
476.65,34106
471.03,28533
474.19,30265
477.81,33723
475.85,104410
476.92,57491
480.84,71080
484.93,59426
485.02,28927
483.06,29140
483.56,44059
486.25,16017
486.22,8360
488.01,9936
489.48,10127
489.48,0
493.49,18694
495.29,9341
493.97,5973
492.99,2564
493.44,16952
493.4,21029
496.61,15772
492.65,15814
492.78,15347
492.22,7702
492.19,7660
494.57,36568
487.94,30012
488.01,21189
490.48,25529
490.83,22627
491.14,40496
492.18,63538
493.82,20327
491.62,18244
488.24,12526
489.52,15759
489.62,30603
489.97,83088
493.55,15082
491.16,12656
490.12,18861
490.73,18021
488.44,15420
487.68,38383
493.67,20774
499.6,8442
497.94,7874
497.92,8606
498.2,10531
497.85,32371
498.03,15656
499.57,17708
502.75,9916
500.75,9827
497.8,17413
497.01,41838
500.84,24230
498.6,22081
498.1,9071
496.15,9422
497.8,10037
498.25,34473
497.05,12931
503.55,12500
503.58,13860
502.66,6715
503.53,16180
506.55,39397
515.31,54160
512.29,34955
510.47,15053
508.25,43312
507.02,62457
503.48,96434
520.21,49114
529.14,44757
525.24,27802
529.73,20943
527.33,22214
526.36,67491
523.1,45704
523.61,56956
520.13,34361
522.24,17372
524.73,9265
523.89,35580
520.14,19780
525.4,19401
523.51,8881
526.59,3551
526.79,7429
528.06,30574
511.24,77536
500.93,70518
502.54,54351
501.35,30384
497.76,50702
497.28,97183
498.73,37253
502.8,18995
500.68,15794
499.33,20854
500,27894
498.42,83423
504.41,30582
504.59,18013
505.46,16962
507.57,21300
508.07,14439
506.42,26480
504.31,24973
505.71,11802
503.07,14182
504.36,17717
503.13,16422
503.15,43872
505.58,54866
510.13,23426
510.61,9533
512.48,12594
512.8,14218
510.92,45096
510.44,19918
512.58,8033
513.28,29775
516,35352
516.34,15228
517.24,43207
525.15,19807
526.41,13794
527.97,16323
528.96,11098
528.06,13844
526.69,27056
523.69,19415
524.73,8783
523.42,12230
525.95,14667
523.99,14819
524.44,28859
522.29,21243
521.95,4936
521.29,5931
520.14,8538
521.74,22437
521.35,39441
523.83,25887
523.59,11534
522.79,10997
524.14,18442
527.27,29651
528.75,58136
529.36,17051
529.72,7166
528.96,4478
529.96,6847
528.81,12815
528.14,20036
527.45,32261
532.56,29751
533.75,29404
533.61,16488
532.94,19118
534.45,45345
529.89,14586
529.06,8626
529.09,7967
530.69,9230
528.76,8943
530.12,28549
513.62,73544
518.11,47802
515.92,47716
519.43,41542
519.54,51264
520.7,41354
515.84,17016
513.68,13567
510.25,15469
511.41,7842
510.98,12818
511.78,42489
513.89,8108
512.24,21945
513.9,30412
513.11,32458
513.31,27998
511.79,38713
507.38,22362
511.85,11072
512.01,7775
511.98,7899
512.12,15324
512.32,18030
516.1,11644
514.49,25897
518.99,7967
516.51,14301
515.63,9814
517.43,26888
519.01,33529
519.83,67008
515.16,26953
516.4,13781
513.89,21444
512.62,56568
512.84,17085
511.87,14307
512.83,7127
511.1,18409
512.68,13525
514.26,51997
515.46,11353
515.02,8073
512.23,10718
509.87,6360
510.32,14125
508.32,28040
492.2,38946
493.63,40849
490.69,27811
488.55,42794
484.38,47422
482.86,184646
483.21,43397
488.05,16359
487.3,13632
487.85,14135
485.58,23386
488.5,48192
490.13,18994
489.95,11934
487.53,14165
487,19948
486.06,20602
485.67,51313
441.98,180960
443.96,65303
442.65,50291
448.46,47316
454.73,50661
451.93,108421
446.96,41536
447.56,22964
447.38,15925
447.79,15339
447.47,21473
448.12,76130
444.77,59435
449.05,63587
441.13,68548
440.86,28600
441.61,34266
447.28,78639
454.49,40755
451.83,14548
448.09,15397
445.2,14935
446.04,31872
446.82,55355
457.21,16397
457.76,15644
457.01,14859
456.71,9710
452.97,21105
454.83,48146
459.03,27141
457.75,18593
456.67,13974
453.63,15864
451.92,23214
454.34,56055
459.61,13115
457.03,12448
455.75,10829
453.48,13691
453.18,10444
451.65,42561
456.71,26884
461.94,58445
461.5,22522
460.36,17553
461.93,17626
463.27,49522
462.46,22117
460.54,20500
459.71,9170
460.69,12314
462.43,13453
463.06,36924
458.03,26102
462.62,23010
463.37,17088
462.36,19402
463.86,34572
467.62,69585
476.28,35031
478.14,43597
478.32,48958
481.25,32759
482.81,29244
478.66,50469
466.02,31059
467.01,14940
469.77,20515
468.66,13221
470.41,22248
471.38,49265
468.91,26546
469.88,28360
467.49,15117
468.73,50567
471.74,19244
472.26,30907
468.12,11278
467.72,13463
466.71,14199
468.5,4309
466.09,10095
468.05,22284
469.75,30700
473.3,17600
475.05,22958
475.16,31641
472.65,12226
472.42,40486
476.05,14809
480.63,23676
483.53,23699
483.27,11610
486.08,9968
485.06,86761
488.79,16117
491.1,21463
489.53,22968
488.33,7304
490.52,11433
491.06,32058
488.31,13891
487.78,17233
488.59,6881
488.98,4589
487.75,19499
489.86,36404
492.11,19284
493.69,19498
497.07,17915
498.74,23555
496.22,18102
496.5,35245
493.63,42449
497.03,24508
499.27,23948
500.38,6866
501.22,17603
500.53,91312
501.28,11484
502.45,8071
500.92,20068
500.87,19728
501.55,31155
500.83,37846
499.94,11729
501.5,11407
500.71,4146
501.36,5946
501.33,4691
500.88,35076
504.79,19878
507.46,19089
502.77,8181
503.09,3699
501.49,7398
501.45,33447
503.2,15576
504.54,9119
501.39,9130
499.79,1938
499.85,9313
500.7,11266
502.68,8296
504.77,11605
504.63,6384
504.61,6671
504.98,3788
503.52,22587
509.55,39382
509.15,18476
510.03,12442
508.66,12774
508.11,17188
511.87,46743
509.08,24477
511.12,15459
511.24,15099
510.99,12055
510.04,21084
507.74,36455
504.82,14917
506.79,13361
507.74,9658
508.7,7170
508.48,8079
507.52,20699
515.82,30266
521.69,41965
526.93,33095
528.89,23426
529.98,20133
531.32,61694
524.17,47651
531.87,60358
530.04,47349
526.18,52781
520.59,53865
516.61,78265
496.59,49159
501.57,24893
504.49,23516
506.04,25943
512.29,27837
511.86,59997
549.36,90837
542.88,48999
544.56,34862
538.81,34442
541.05,25114
541.4,104208
551.48,117832
543.38,59473
546.56,54242
556.84,105696
569.12,80263
561.77,139231
578.55,68569
575.61,37048
571.84,50234
577.75,32612
581.45,28958
581.27,76251
578.55,51951
580.1,31934
582.43,17927
583.55,25834
587.6,23420
584.63,94550
575.02,33871
570.61,22529
566.17,16698
564.75,12490
567.08,13120
570.44,45329
567.72,28578
568.65,15706
568.73,17795
568.97,14779
569.71,12746
567.94,30182
569.09,18033
575.57,14634
576.01,15177
574.48,10171
571.15,12391
570.54,32994
460.37,282617
440.97,159772
441.19,104074
445.46,67838
438.07,92371
437.92,183379
424.3,87970
421.7,80400
419.3,43478
419.27,68229
415.95,89590
416.57,157673
414.28,36678
417.4,35363
416.95,37658
416.3,34384
410.51,35827
413.73,81242
422.54,47026
423.96,35715
420.35,11426
422.76,29429
419.64,66739
416.3,137687
414.46,73118
414.39,65684
414.92,48184
414.74,55852
414.07,42263
413.46,132996
403.03,72777
402.43,42730
402.67,15429
406.51,31322
405.9,28375
406.41,68621
406.94,44273
407.26,74803
405.86,45764
405.59,32072
405.85,68016
406.47,120404
403.85,79417
403.54,56351
401.78,53269
400,94979
399.34,82445
400.05,204749
390.52,75482
393.99,37976
399.82,39828
398.55,36316
399.72,19053
398.36,59312
394.09,72161
393.89,75841
391.16,66393
390.17,72924
391.54,59741
390.32,134007
384.73,96840
388.21,51312
388.38,42947
387.83,23369
387.82,28033
387.01,90007
391.74,51829
394.49,44473
396.98,32477
397.37,34510
398.01,47946
396.26,110120
390.49,45032
389.41,27263
387.62,24249
386.57,42459
384.06,87105
383.8,126380
383.65,39455
380.84,43767
378.52,43294
377.66,49636
376.41,39244
380.36,40077
378.47,19775
377.4,21259
379.46,24770
378.86,21484
376.5,34949
377.01,100477
374.11,41886
372,41570
370.95,31915
368.46,63122
369.64,51901
369.53,121746
372.57,96930
369.83,41474
367.37,45561
367.74,36681
368.78,41784
368.48,136728
316.96,414006
309.65,219284
310.93,179735
308.82,211752
309.25,396291
302.76,571807
310.49,363870
307.21,220312
305.27,241856
303.64,164349
301.44,161111
303.68,291649
250.05,862240
248.01,452134
255.86,407036
260.39,293057
258.4,289246
264.57,505973
272.41,197157
270.54,147287
262.99,211506
280.95,197421
278.67,142061
283.89,339893
296.91,237011
293.74,145544
302.09,231794
305.52,230783
303.15,114127
303.32,256249
306.75,102758
307.79,115752
310.18,113263
312.91,61145
315.03,113623
313.14,103099
299.03,123409
300.07,93194
298.43,48723
298.81,55281
297.75,44650
296.98,114416
295.01,87953
290.66,51394
292.62,33675
291.91,36862
291.96,56026
289.43,93606
287.22,57845
287.74,48994
285.46,48926
285.11,33793
286.89,29965
286.92,46058
286.66,113053
285.28,37459
285.15,25369
284.9,22452
283.07,39421
283.96,130173
291.24,125114
294.01,40006
293.02,24344
290.82,19572
291.13,30724
291.31,31711
293.39,41155
291.41,38445
288.18,21802
287.83,22295
288.18,36624
289.31,139809
293.88,66271
295.33,34910
293.94,52008
291.48,32079
292.85,43802
293.08,107343
298.42,63630
299.26,52845
294.74,20507
296.81,18091
293.52,27448
295.29,43310
295.42,27822
295.28,21246
293.5,27706
292.48,19387
293.54,13982
294.04,68389
295.09,31611
294.68,32873
293.12,12375
292.89,15391
293.93,11610
292.68,27925
292.59,36131
292.04,28118
292.61,30337
290.06,44883
287.09,39732
288.85,92142
292.75,30013
291.37,18683
291.51,16001
291.69,16126
292.95,22062
293.44,55175
296.65,23411
294.08,20204
293.59,18253
294.71,18899
293.53,28339
293.68,108214
295.71,30320
295.47,31926
292.96,23261
293.73,14155
293.47,18692
294.12,43382
298.74,70193
300.8,40850
300.54,15016
300.68,21233
300.22,34107
299.43,78448
301.5,40070
304.31,52502
308.18,39898
308.27,41123
308.97,27974
308.12,85273
306.36,44734
306.22,25756
308.28,20956
306.55,21253
305.51,40246
304.77,76435
301.34,63860
301.41,50710
299.07,29881
301.03,23144
301.57,34076
300.62,78093
300.3,46760
302.13,41642
301.43,24719
301.47,22956
301.9,29840
300.79,45840
303.25,29240
303.6,17771
304.51,17884
302.91,18233
302.98,30984
302.09,65942
300.62,24315
299.35,96575
297.26,62936
298.49,48642
297.42,136921
297.39,160341
293.15,133740
290.77,49595
293.48,32976
291.31,25865
293.92,31793
293.56,56976
294.64,37015
296.5,26733
296.02,15665
297.94,9933
296.78,17781
297.37,42791
294.93,51063
295.44,84504
296.24,17813
296.17,15396
295.94,31865
296.24,66325
299.22,32201
298.9,18912
298.01,22606
297.44,14015
296.97,19032
295.6,39217
299.02,24176
299.44,23861
301.67,20633
302.99,22741
301.32,22230
300.33,64733
301.04,22445
301.54,21135
304.53,11267
304.52,17242
305.22,17375
304.64,86855
309.65,77788
314.06,95818
317.35,79748
314.8,29501
316.22,28970
318.43,153141
312.09,80222
308.56,77092
308.52,79171
306.73,21363
305.77,49033
303.82,112342
303.92,28087
304.45,31486
303.46,31141
302.55,100
298.62,52148
298.13,24454
298,27124
297.71,29492
296.49,33943
296.66,52536
299.52,55263
300.32,30304
299.8,43945
299.51,41877
299.8,31395
300.05,81758
294.24,51846
293.5,43632
293.9,52511
295.68,31822
296.3,48957
296.67,84011
293.68,41871
296.88,39675
294.54,15516
296.1,11831
296.35,12549
295.12,66740
292.75,33214
293.47,23409
294.59,15748
294.3,23250
295.97,32507
295.21,107517
295.84,38229
294.31,67418
293.78,29885
293.95,23213
294.05,25652
293.95,70975
292.05,108289
286.44,58844
287.97,45460
287.81,28091
287.82,47801
285.18,44745
289.22,51047
287.12,37348
286.57,13932
287.26,13122
287.89,10542
287.87,67414
279.12,89929
282.07,48630
283.57,14075
283.26,25674
282.44,23116
282.5,104356
280.09,77525
279.37,33059
277.91,31454
276.21,33641
276.99,26010
276.99,111043
279.53,34638
277.86,38858
278.8,27381
277.62,55127
277.15,58407
276.38,101475
279.23,55617
279.34,57112
279.33,37893
279.3,30624
277.5,35225
278.31,62413
280.76,45562
280.95,55437
282.27,53828
282.09,59666
281.69,26508
284.01,94406
282.45,50176
279.2,69882
276.58,54250
274.84,34969
276.03,52137
274.22,150035
277.41,55911
278.69,41319
279.13,58948
277.2,65175
276.63,65966
275.49,172205
277.07,85672
277.01,35444
276.94,62557
276.26,68781
274.79,103265
274.27,128152
262.93,224018
263.75,113350
261.63,72281
262.82,64327
261.63,118328
259.62,212113
256.79,87316
255.83,119243
254.78,91464
255.47,39121
257.79,97563
259.17,103914
252.08,109089
249.41,81377
247.57,50662
248.18,289848
247.96,103722
247.01,209443
239.25,119826
235.92,155921
237.17,49440
234.17,81501
232.4,194240
231.68,328474
236.4,84250
235.09,63110
234.49,52744
233.91,45780
233.98,47997
235.92,96426
238.4,100431
236.55,128199
240.87,113033
243.8,134496
244.73,48520
245.48,91695
241.96,61772
243.36,72002
241.69,41291
241.44,27406
243.4,17190
241.71,57385
239.01,75767
235.05,40192
237.93,12202
238.09,19948
237.84,12019
237.75,37616
242.29,56981
241.64,40350
243.1,46795
245.21,32487
244.44,18949
244.67,61735
250.39,45094
249.18,13552
250.24,17829
249.05,21613
248.78,8954
248.92,35671
254.69,56611
255.33,26559
255.61,30929
253.79,33396
254.08,18693
254.56,71935
265.26,61276
262.71,56853
264.18,82981
265.13,56613
264.22,66868
265.86,92063
264.68,66430
267.52,55655
265.06,26376
263.4,20638
265.43,22618
265.14,55155
295.43,208428
297.13,224065
300.86,141338
302.26,99543
302.93,94094
299.91,156515
303.08,145413
308.69,86870
305.17,61015
306.04,42394
306.61,27131
304.61,71515
298.55,87012
296.99,54713
295.41,68548
294.85,53954
297.79,44478
297.09,92068
296.27,50051
291.31,36209
292.26,19352
291.13,39566
291.94,20338
292.61,65805
292.47,28034
297.73,27825
298.02,12289
298.61,19190
299.3,15401
298.63,41540
302.49,30116
301.67,22521
301.64,7010
300.76,9850
299.31,9018
300.91,26069
299.87,27929
299.12,15206
298.13,19832
298.87,9526
298.79,23464
299.4,27489
300.44,11349
299.18,9544
300.54,25672
301.35,17357
301.99,17176
300.55,162481
298.19,16074
296.6,7597
297.12,12293
297.1,8494
298.52,7092
297.74,24501
295.51,18567
294.33,13447
294.82,10897
295.79,20183
295.95,40784
296.97,94453
299.72,44448
296.69,18794
296.63,28642
299.57,19191
299.58,38274
300.99,183183
303.75,48025
305.85,42145
303.09,17147
303.9,20403
303.62,12007
302.64,34954
299.09,34577
298.94,11709
298.43,13565
299.12,11112
299.65,18258
299.96,76156
301.48,28684
301.42,14103
302.49,15998
303,10812
304.22,24108
304,24254
308.88,52977
306.28,27423
308.44,21028
309.84,27634
309.11,19356
309.05,59518
311.89,44942
312.41,37687
314.5,23348
313.44,17112
311.48,38132
314.08,66434
321.71,94971
327.22,137635
335.11,84082
339.06,98451
344.02,125369
341.65,141732
336.86,55502
334.92,58044
337.3,31020
337.65,47994
338.89,35390
341.19,93153
340.37,93504
350.64,143793
350.6,45842
348.84,31872
347.69,41550
347.19,35314
351.59,59150
351.94,32119
351.27,16618
350.03,35178
348.02,21949
348.17,63086
344.22,35926
343.9,26509
344.08,29880
343.99,13818
345.16,11061
343.9,31065
337.76,64069
333.59,27561
336.94,21034
337.89,17206
336.86,9779
337.02,87543
336.05,16352
335.21,9950
335.5,9057
334.21,10319
336.22,19368
334.99,38230
337.95,20034
337.79,18527
336.11,14453
334.87,19545
332.49,59687
331.51,70357
332.13,31792
331.22,27455
334.2,22277
334.64,24506
333.93,24571
334.47,69457
331.68,20910
335.59,11361
336.86,7149
335.65,12756
336.12,8504
336.42,33274
342.4,42498
343.59,33642
346.57,36313
347.02,36550
344.12,32538
342.92,47571
344.17,31521
345.05,20877
343.99,32620
347.25,13976
348.19,13538
347.97,24557
342.37,16934
341.6,12920
341.97,21402
342.71,21694
341.75,9111
342.74,28338
338.64,15980
337.68,10405
337.99,11579
339.56,9176
340.26,6266
339.97,32583
338.2,14250
338.99,15157
339.62,23442
338.65,16898
338.66,20140
339.33,56276
342.85,37895
340.54,23734
338.48,17949
338.41,13336
338.96,14859
340.1,47889
340.86,20901
341.59,22965
341.14,15970
337.91,37177
339.65,21709
341.99,26403
346.74,20742
343.33,17127
345.81,39689
348.17,18494
348.6,28918
348.01,46700
354.2,56822
359.24,36027
357.78,29236
359.16,50700
354.35,32955
355.19,85107
352.72,45536
355.64,40346
354.93,24582
355.41,19608
354.59,51486
354.76,31831
354.12,39760
357.3,26183
357.81,12196
356.94,10746
357.3,17159
359.27,39111
362.78,53613
368.3,27736
366.35,13201
365.47,15855
365.94,17084
364.94,49946
369.23,22276
368.16,12692
369.01,15203
365.41,15232
365.26,13631
362.85,65790
359.15,40483
356.3,78917
353.25,31723
352.29,34901
351.79,28855
350.35,77653
350.77,14900
352.86,5768
352.16,6717
352.89,5477
352.47,11631
351.06,21015
352.18,31316
355.01,14371
355.27,8387
355.57,17333
356.83,7250
356.29,26594
358.45,24591
357.07,59331
356.58,18173
354.61,9042
354.74,6427
356.16,31253
354.71,20970
353.93,12371
353.2,12357
353.68,10179
351.5,12279
351.13,34166
350.23,20361
348.44,16578
349.46,8715
349.77,9061
350.32,18979
352.65,43744
355.27,21596
356.44,18947
358.08,19150
359.4,24198
358.86,14652
358.81,48112
357.43,31744
361.35,18646
361.06,48484
363.62,40550
364.64,23725
362.78,56301
354.87,27676
355.31,17951
354.97,13409
354.66,18390
354.84,11877
354.84,45164
352.51,32352
352.77,9298
351.65,12854
355.19,12278
355.37,23586
355.64,34935
357.65,25660
357.68,9179
358.88,9746
358.63,11035
358.63,16068
359.23,51351
358.89,20215
358.73,35980
359.14,33252
359.09,27799
358.97,34163
359.77,81148
359.07,46196
358.8,27742
361.9,32061
369.58,44788
368.24,22246
364.04,47693
356.77,38377
356.95,45226
354.07,27873
353.27,38946
351.86,29876
351.3,48126
344.7,38177
342.27,39413
341.02,27177
340.68,29345
340.73,40855
341.53,92077
340.46,27879
339.39,19353
338.56,20109
335.59,62826
334.58,15320
335.02,49002
328.45,81658
325.75,49416
327.2,31126
326.96,50112
326.87,28624
327.52,124174
330.75,51044
329.25,25974
328.62,23434
325.77,31630
326.49,18758
326.17,69530
321.79,62331
320.28,38422
323.35,30271
322.24,29610
322.68,31044
322.86,104279
324.51,34793
321.38,18745
319.01,21507
318.99,13668
317.92,12426
319.08,58958
314.3,35827
311.08,49775
310.37,41936
313.34,45865
314.49,94508
317.11,109654
316.59,43853
317.53,28792
315.1,23996
316.69,17176
315.56,29421
313.83,81045
317.07,18967
316.23,24709
316.79,48524
320.21,43769
319.99,27280
320.79,40677
336.84,53309
334.1,26252
335.44,22208
335.83,12520
335.39,23145
335.57,47954
330.49,48850
329.95,14465
330.94,11526
331.16,17043
327.24,49581
329.01,39095
318.34,31073
317.52,39846
317.93,18639
317.57,10165
318.68,18379
318.68,107441
320.68,30208
322,15153
321.87,18746
320.18,11255
318.67,10631
316.3,33208
306.64,27295
305.41,42634
306.65,37716
307.67,17334
308.04,19376
309.95,81326
303.85,35997
300.37,38320
302.7,42424
302.46,36029
303.55,54981
303.41,103299
306.5,84190
308.93,25901
306.73,38746
308.2,34816
307.07,17951
309.17,80739
309.62,43816
313.81,22890
318.26,17395
317.62,14817
317.38,25015
315.66,52693
314.17,21490
315.76,14718
315.97,11753
317.41,12457
317.18,10831
315.75,47342
321.65,19103
321.29,20873
321.31,12508
321.46,12821
321.35,10767
321.79,44757
326.45,14554
324.51,8383
326.1,6759
326.05,4581
324.8,3487
324.53,19573
324.33,17127
326.65,13848
327.24,26656
327.24,0
324.52,19786
322.3,18011
320.84,17004
322.06,13033
322.88,16043
321.83,53344
323.77,48231
322.54,19782
321.37,22419
318.79,9142
319.3,15355
319.57,40053
324.12,46321
328.45,33345
331.44,38785
332.06,25867
334.41,32000
334.38,82885
331.07,45203
329.36,16404
329.23,14176
328.35,13468
326.98,26109
326.73,68345
326.4,23086
327.73,15397
324.51,10910
325.55,17054
326.34,17852
326.19,33828
322.77,16331
323.06,9444
323.6,8446
324.11,12588
321.43,11739
321.79,24272
321.87,18165
321.74,14032
321.43,11088
320.81,9421
320.56,6801
321.43,16982
321.08,12648
320.93,9097
321.69,7957
322.71,6223
322.38,17930
324.05,45921
331.16,24987
331.09,29989
333.69,23363
335.21,27523
336.09,24159
333.2,53936
340.34,46126
338.75,30471
338.53,33196
339.91,17373
338.9,22763
338.33,49595
337.82,43337
335.3,30107
337.08,18276
338.24,14894
338.74,13074
339.66,44521
335.62,24890
334.03,31384
334.12,28062
330.83,13375
329.62,16093
329.31,64573
331.91,25376
331.57,13999
331.74,13338
330.27,11880
329.24,11974
330.06,30809
324.24,34657
325.54,20692
325.04,31000
325.17,14463
325.22,19154
324.17,55718
329.17,14751
331.1,9767
331.37,10147
331.01,11554
330.94,15494
330.93,128055
323.8,16371
325.63,11687
325.09,11694
323.37,9623
322.57,9199
321.91,36835
324.25,11641
323.17,4057
322.45,7819
322.7,5963
322.36,9103
321.78,19892
322.82,6073
324.68,11254
325.49,9057
326.67,8927
326.44,5449
327.91,6957
327.58,5243
327.38,4241
327.54,14567
328.79,6584
327.24,4402
326.68,3020
326.16,20094
326.88,10692
326.83,11906
333.18,16972
330.48,7086
329.05,7279
329.42,7115
330.49,5174
329.75,27599
330.24,10527
328.42,5512
328.65,4417
328.46,6554
329.28,9012
328.39,37468
326.73,33382
331.99,25326
335.25,17736
332.78,12545
332.78,17192
335.71,29610
333.05,25915
335.03,20866
339.86,26330
339.74,50183
342.31,26531
341.72,56005
345.82,24611
345.86,33263
347.93,18994
347.74,56618
348.11,21530
347.9,52636
341.75,21096
338.07,11951
336.05,11498
336.6,7407
337.9,12594
338.84,37878
342.58,27039
343.63,10210
343.28,12098
343.97,4290
343.4,12136
344.53,33804
340.97,11693
341.53,7767
341.57,3843
341.27,9029
342.08,13092
343.1,32832
335.96,29760
336.69,17244
335.28,15872
334.86,12439
337.2,12741
337.01,32446
334.1,30875
334.36,21528
333.3,20501
332.27,27444
332.1,24103
331.66,65952
336.14,22316
335.47,10464
336.08,11988
334.71,19259
334.69,27655
335.31,58944
328.7,17516
330.94,35408
334.58,14063
334.29,23930
335.02,19165
335.66,55486
331.95,34866
331.66,27959
330.98,9514
330.53,9839
330.44,15861
328.96,31021
328.02,29844
332.26,15961
335.14,19947
335.25,13770
334.72,14932
334.63,67382
342.52,59652
343.2,49744
343.43,22731
341.92,20501
342.44,29139
344.9,83274
350.3,50247
350.76,26692
350.57,28956
351.77,40744
351.42,31310
351.3,89661
351.48,38982
352.35,39114
352.35,40994
352.26,59352
352.62,34479
353.2,144226
346.51,34205
345.43,29373
346.72,12411
347.76,17174
347.29,23251
348.47,44402
281.06,352602
281.41,221892
280.71,202351
279.84,143967
280.07,150774
279.7,277246
287.58,96776
288.93,59621
291.7,62592
290.34,39461
292.11,47342
290.6,97369
288.22,88307
289.5,41797
289.89,25679
288.62,39038
291.68,30640
290.96,98013
285.75,45219
284.15,32913
283.14,27298
284.69,26999
284.36,22588
283.94,70246
285.76,36217
287.76,15177
285.18,22307
285.55,16936
284.91,22203
283.91,49269
284.15,38263
281.17,20820
280.34,49411
278.66,52040
279.32,47806
280.77,57707
277.03,59771
276.67,59409
273.99,24951
272.47,28712
274.65,36533
276.14,106878
271.55,56302
269.04,103132
266.18,71962
265.59,29167
266.2,42603
264.55,124600
270.18,60685
270.2,32378
274.3,44842
274,49316
274.86,28650
272.22,44291
272.99,29176
275.07,28015
277.1,34328
277.46,37739
276.23,41471
274.77,83519
274.18,27484
275.88,20646
275.21,12536
273.73,16070
272.5,18969
271.35,115157
271.71,30406
272.32,39528
275.96,24801
275.79,29066
276.51,26959
276.58,51449
275.77,55507
280.19,97266
281.18,39800
280.9,34012
281.03,83694
282.05,268881
287.33,28458
283.13,112027
285.51,33472
286.95,16476
287.86,18155
288.89,95839
286.35,22677
287.4,21150
291.3,14243
288.4,18099
288.93,23513
288.64,71969
285.3,73143
285.41,46984
286.64,32389
286.58,50466
286.06,33165
286.18,159248
286.08,17089
286.72,15186
285.78,20104
285.32,20573
286.37,19359
285.83,37306
283.87,30745
284.43,21684
285.97,22680
284.78,15011
287.19,19466
286.4,45501