219.76,39090
219.76,0
219.76,0
219.76,0
219.76,0
219.76,0
218,30654
220.08,13441
218.9,9461
219.76,12406
221.48,18991
222.49,44857
226.11,42592
223.69,33969
224.8,22903
224.65,24417
223.23,32223
223.23,0
224.14,27230
225.28,26181
224.55,21065
221.28,19622
220.56,29737
221.31,52105
218.17,27694
219.12,21391
220.61,14087
220.01,12596
220.76,14009
221.21,62580
221.58,30897
222,12083
221.58,8535
221.4,24688
221.28,22344
221.22,62174
223.86,18474
222.64,5854
221.92,4420
221.92,5877
222.43,4869
222.56,17828
224.44,9738
226.2,6035
227.16,4553
227.55,7412
227.26,3351
227.2,22884
226.76,20685
227.71,11207
227.26,16157
225.64,8828
225.09,19002
223.6,114553
221.63,29814
219.35,17727
219.93,33187
220.26,41809
220.65,55867
220.7,129445
218.31,17728
219.45,8550
219.77,9184
218.96,10860
219.43,17778
219.35,56208
222.13,92036
221.2,32364
221.01,20359
221.23,11304
221,3325
220.41,30504
222.45,96086
222.25,25169
222.14,15876
221.39,7740
223.18,4840
223.09,26279
222.15,10949
222.36,8697
222.24,15159
220.78,4830
220.4,5897
219.43,21591
220.8,19210
220.54,10407
220.09,11784
219.64,15273
217.29,25319
216.08,61763
217.31,19279
216.33,23164
216.89,19188
219.03,17199
217.89,21851
219.4,42929
223.65,22661
225.7,15633
225.78,10137
225.19,10729
225.75,14901
226.43,39389
226.65,34534
226.37,20437
227.98,17946
228.27,11135
228.63,21871
230.09,61056
227.21,15183
227.78,8518
228.41,6585
229.22,11528
229.1,9268
227.81,25468
229.58,12576
228.64,23879
227.34,14541
227.4,11118
228.21,20676
228.84,51686
228.09,20909
225.84,21651
226.27,16619
225.56,17998
223.67,20873
224.51,66417
224.68,17460
223.43,9541
222.54,20460
223.92,13594
223.27,17575
221.99,60480
217.92,36198
218.02,43302
216.08,15872
215.05,19253
215.47,22705
217.6,65007
221.99,35182
223.94,11635
225.24,20847
225.43,16308
225.44,21657
224.7,28887
223.28,9916
223.56,10618
223.49,12165
222.26,10134
222.41,9880
221.4,61932
223.31,18660
221.78,17154
221.59,18043
221.91,8774
219.91,11600
221.05,40239
223.45,31716
226.5,70614
227.52,31470
228.68,27622
229.47,29114
229.5,75976
237.37,77414
237.21,68956
238.82,81842
239.69,57162
236.17,47641
233.17,119830
235.44,69408
235.9,54721
237.34,42166
240.63,31159
240.14,45114
239.91,83908
242.59,64945
244.56,43005
242.9,36017
241.12,19893
240.3,23200
239.63,52506
239.63,0
239.63,0
239.63,0
239.63,0
239.63,0
239.63,0
233.86,59197
232.03,45983
232.27,40593
232.4,42767
230.22,42332
229.27,97703
231.66,67734
234.36,36051
235.84,31939
236.43,47532
235.25,54707
236.58,75261
239.22,49341
238.05,26067
237.92,18018
238.67,24227
238.65,25661
238.8,72329
237.83,46665
238.58,18984
236.97,31158
236.31,23465
234.15,29904
233.38,45897
235.23,17484
235.48,15812
236.18,19393
235.95,16486
235.61,21638
236.97,32972
238.98,58695
239.29,34153
239.3,27717
238.6,45882
239.67,55692
238.02,88887
238.06,17317
236.82,22331
235.94,14286
237.79,9845
239.56,15430
239.82,79461
238.91,41073
238.22,38912
238.14,23264
238.22,43786
237.73,50987
236.63,145757
239.72,24977
240.96,28076
240.5,19474
240.47,23255
240.91,21171
240.92,38242
242.04,22832
241.75,19195
241.89,23220
241.34,10942
241.96,15613
242.17,38901
241.79,22301
243.76,9714
243.12,23852
244.32,23966
245.14,16044
245.43,29837
247.34,29362
246.83,38665
245.99,16702
245.33,22605
245.86,18479
245.89,44768
246.84,6635
248.57,13844
247.62,8548
246.77,13841
246.98,17616
248.2,38747
248.24,21852
248.83,21691
247.97,22816
249.33,10813
249.37,13337
250.24,34620
246.77,14726
247.83,6560
248.22,7298
247.48,14564
247.02,9739
248.16,47257
251.5,26930
251.09,19678
250.84,14476
250.88,13652
250.98,13421
251.23,43213
253.27,24903
252.78,18635
253.35,16854
253.01,18146
252.52,17486
251.76,71623
246.28,64259
243.04,87774
238.58,94065
234.89,41730
237.47,13652
238.38,104241
232.05,54103
232.02,34466
234.1,19596
232.49,35893
233.07,20607
233.51,54836
234.72,81414
233.3,43546
231.67,26859
230.68,68318
231.33,44234
230.98,189717
225.31,99103
222.79,105853
222.67,68779
221.46,43066
221.54,66170
221.24,226386
219.83,45972
219.38,37027
219.69,87813
220.34,39475
222.83,27083
223.54,52976
220.62,46415
222.21,37245
222.44,18873
221.68,16708
221.46,26029
220.6,72693
220.57,53924
219.19,38160
218.79,64272
219.02,36735
220.37,22258
222.32,51793
224.37,25569
223.59,16885
224.2,13077
223.52,8371
222.52,16569
223.16,32507
222.52,23337
223.31,16712
223.46,18467
223.01,14433
223.28,12268
223.02,81678
223.95,21922
224.92,14435
224.7,9357
224.45,36375
225.27,24165
225.21,52903
221.66,121673
219.97,57006
220.52,34019
220.91,28875
221.57,24768
220.99,77091
223.13,17589
222.72,9374
223.24,11647
222.74,12948
223,16670
223.51,37122
225.65,31244
225.83,24244
226.56,10461
226.54,17827
225.8,19568
225.51,76387
227.57,47935
224.16,39007
223.1,25580
222.16,42517
223.16,32905
222.61,60225
217.06,44442
216.13,49447
216.22,28177
216.58,40045
215.41,58046
213.77,92272
210.33,30227
211.43,29985
211.08,16532
211.86,16342
212.92,18410
214.41,58864
215.59,31870
214.29,19604
214.1,13163
215.48,22717
214.28,17224
214.51,53072
216.2,44532
215.6,27173
215.2,19583
216.55,21694
216.55,26502
215.33,77507
216.85,86352
217.21,39622
217.19,42512
218.22,40465
218.27,43047
218.29,72902
218.22,33307
216.42,19639
216.02,26073
214.33,17586
215.1,14773
214.29,79957
212.95,28871
213.8,22819
214.35,32565
213.12,19210
210.17,32210
208.62,54091
210.97,25726
211.19,9491
211.85,5075
211.9,10906
211.35,8784
211.9,25869
214,20964
213.95,9920
212.68,9872
213.45,11415
212.99,23913
214.23,77361
213.4,19238
212.12,23067
209.53,24070
211.22,15366
211.1,13189
211.41,51728
206.16,21009
208.65,7267
207.41,14272
209.37,8487
208.08,9444
207.33,60530
206.8,30083
204.82,33119
206.16,15761
206.08,25083
205.84,58481
206.55,58355
203.45,44588
199.51,46690
201.31,29154
200.15,17236
203.02,15769
203.33,72736
205.88,32509
206.35,6313
205.71,5131
203.92,7211
202.94,28104
204.6,33984
205,52835
206.07,38029
203.52,45128
204.52,34208
203.68,35429
203.18,71713
209.83,21930
210.89,18403
211.02,17052
211.2,14265
209.17,12571
210.1,45950
208.78,19086
208.96,8704
209.66,10531
207.96,8092
208.38,16329
208.7,44688
209.65,10975
209.77,9256
210.65,9306
211.13,10401
211.77,12552
211.84,32470
208.29,21488
206.91,13831
206.01,17044
206.19,54109
204.61,82022
205.2,92081
199.2,78693
194.71,58202
198.51,78781
197.49,83439
200,80083
199.54,87932
196.61,137434
194.89,48348
193.41,15343
192.73,13830
192.79,29007
192.41,58115
196.28,44679
196.64,16737
196.68,15114
196.12,12851
196.32,20326
196.69,42449
195.68,22137
195.14,12625
195.89,7196
196.03,7215
195.95,21008
196.78,28104
198.54,24061
199.13,23253
197.94,5611
197.09,4730
197.58,12150
198.41,19565
201.78,17162
200.96,9898
201.9,6437
202.37,12183
202.09,10495
201.99,46389
203.81,14966
203.12,11023
202.61,7083
203.22,1923
202.85,1668
203.71,17701
202.27,13935
202.08,16076
202.72,13674
202.94,12400
202.96,12533
201.42,33991
202.86,22322
201.82,18722
201.62,7801
201.93,13123
202.78,13360
203.42,31835
203.63,7473
204.05,5491
204.21,8041
204.53,6279
204.42,8892
205.01,47548
205.92,9170
205.05,12292
204.38,6321
205.52,6694
205.07,5923
205.39,30232
206.76,26097
207.23,17404
206.13,5703
206.55,10240
206.51,13467
206.44,24131
204.58,27357
207.64,26458
207.56,8416
208.95,8686
208.84,15980
208.42,46975
205.6,22665
203.3,6966
204.13,4971
202.36,8272
201.83,8478
202.44,32687
203.18,4875
202.56,5490
202.92,3420
203.59,5753
202.62,25671
200.17,44080
194.72,12981
193.3,13171
193.91,7172
193.26,12798
193.71,10712
194.41,35405
190.55,27371
187.94,9367
189.18,6173
189.85,18358
190.98,22804
191.33,68000
193.65,23201
192.21,8774
191.41,10991
191.24,11614
191.07,12619
190.81,33056
194.5,19560
192.52,12868
191.4,15274
191.39,6775
191.45,15034
192.66,36655
191.62,7301
190.29,14216
191.21,17753
190.83,15162
190.1,18858
190.19,56114
191.38,19305
189.67,17430
190.47,9869
189.3,12768
190.07,23462
190.05,53404
193.17,40406
192.88,13356
192.89,10850
193.72,7703
192.37,15375
192.1,45788
190.8,30435
192.14,25028
192.77,8599
192.98,5088
193.27,8080
192.39,25325
192.75,24804
192.22,31928
191.92,20008
190.59,14487
191.38,9052
191.29,22280
196.14,14266
198.08,17317
199.2,18642
198.01,10594
197.05,4506
197.56,48307
195.8,27127
195.77,22091
196.22,9038
195.62,7831
195.07,9336
195.19,33008
199.96,15585
197.46,18876
197.3,5715
197.74,6171
197.37,9224
196.14,19823
194.15,20593
194.48,11547
194.95,8703
194.72,14795
195.45,8140
195.15,41786
192.21,15300
192.11,13756
194.17,8917
194.7,5829
194.89,8857
194.41,44457
197.82,11303
195.37,8841
195.48,4854
195.12,2388
196.15,4454
197.12,27727
193.22,11064
192.08,3999
192.16,10783
190.93,14813
190.43,12564
191.64,38964
192.05,27077
191.4,20527
190.85,20088
191.04,20687
190.12,38205
192.28,42870
192.78,12619
192.73,10815
193.22,21335
193.21,12187
193.91,11855
194.79,18241
189.08,14576
190.28,9262
190.57,7246
190.88,2865
192.14,5944
192.41,25792
192.72,11849
192.07,8211
192.53,3420
192.88,5116
192.99,4885
192.3,20167
189.86,19232
189.04,15708
188.96,12471
189.46,10417
189.69,21466
189.26,51215
188.39,11564
189.6,11650
189.73,11029
190.52,7126
190.16,12175
190.8,34859
186.02,23345
187.51,18627
187.96,11993
187.27,22434
187.63,20861
188.56,38500
193,14892
192.02,5611
191.26,5285
191.02,7508
190.67,3993
190.87,24478
193.87,13296
194.14,5945
194.95,3971
194.27,6424
193.84,5511
193.26,18108
195.71,15962
197.33,22511
197.33,10688
197.48,8144
198.29,15028
198.48,26754
198.16,36533
198.57,24455
197.91,14790
197.62,25135
197.18,37561
196.91,80886
195.5,35225
195.7,18155
194.65,23042
194.22,41738
193.53,17107
193.07,43320
194.24,17528
195.7,8788
194.95,11592
195.78,17513
195.42,17409
194.9,42913
196.02,18989
197.77,16737
198.15,11079
198.42,8389
198.05,15160
198.7,41954
197.78,15052
199.28,11872
198.15,13413
198.65,7620
197.9,9067
197.83,26288
197.89,27183
199.9,6600
199.97,6141
199.15,6529
199.34,20421
200.96,29335
201.97,25193
201.62,17422
202.85,17842
202.71,22123
204.32,12417
205.2,37394
206.48,29229
207.12,17836
208.15,6351
208.55,6793
208.6,5886
208.8,27689
207.87,19805
207.31,22735
207.96,13824
208.58,9987
208.15,8236
208.39,19466
203.77,39631
204.25,16228
203.82,13485
204.03,12313
203.81,7904
204.68,26090
205.48,20488
206.79,11349
206.35,18671
206.8,6136
206.99,12191
207.08,24638
207.48,16707
209.13,14151
209.43,12495
208.95,9508
208.74,7110
208.37,19305
209.31,9022
208.62,4592
208.06,10884
208.98,3669
209.13,3957
208.87,14663
210.88,17893
210.62,11490
209.51,8465
209.97,10445
210.3,8691
209.37,37151
209.97,8044
209.99,7905
209.96,4118
209.95,6292
210.22,6929
209.96,22095
212.93,42378
215.23,24785
215.35,8779
215.31,15169
216.37,10080
216.16,32459
219.78,20508
220.95,41254
221.06,15292
220.58,13477
220.44,9806
219.39,50226
219.49,12957
219.53,9354
219.25,6441
219.09,5649
219.28,5719
219.28,28903
217.41,21148
217.87,12188
217.63,8588
218.15,9560
217.69,10022
218.02,29526
220.36,28167
219.9,24634
220.71,13745
220.75,16230
221.43,17777
221.2,33711
218.26,9419
218.65,5211
218.46,9902
219.07,7350
219.85,17350
220.41,35451
221.42,15517
220.44,9658
220.7,7655
220.54,10279
220.65,9048
221.27,29294
219.28,5897
219.03,4055
219.23,2185
219.28,2155
219.11,6380
218.45,8629
216.88,8190
216.88,6211
217.41,3872
217.3,7580
216.73,4521
217.09,20897
218.55,9732
218.67,15471
217.69,6446
217.57,10148
216.72,8984
217.47,24445
218.57,3467
218.24,2539
218.63,3202
218,2812
218.17,4953
218.19,17257
219.61,5633
219.1,9929
218.37,5764
217.76,7287
217.77,9032
217.73,36775
218.21,14710
215.5,18080
214.57,10021
214.11,2518
214.48,3398
213.25,23605
210.31,7710
210.53,15438
212.73,23792
214.41,17492
214.06,26552
213.42,59766
210.23,25312
208.75,22981
208.39,13450
207.77,7790
208.26,9092
208.12,43836
207.43,9387
207.76,5556
208.28,3276
208.37,6299
207.88,5488
207.37,34356
206.9,23293
206.89,12618
207.72,10257
206.24,9197
207.64,6101
207.82,37679
209.28,6270
209.34,11736
209.65,10379
207.77,11584
206.9,8865
206.94,31972
208.47,26016
211.12,7939
211.09,4441
210.6,8541
209.63,12863
209.46,39172
209.43,29794
210.93,20221
210.57,14911
210.52,15844
211.15,12121
211.52,35906
210.73,7893
211.87,6621
210.9,5118
210.78,3142
211.48,6932
211.6,13720
214.92,5790
214.77,6940
213.75,7913
213.67,5632
213.8,5168
214.29,40554
216.51,14258
215.95,7313
214.96,5767
215.08,9508
215.57,8346
215.39,19034
213.24,30449
211.82,9713
210.93,7826
211.69,8952
211.54,8183
209.99,40477
200.86,102661
198.54,68512
198.24,32637
201.59,20519
201.29,22099
201.15,79853
205.67,39501
204.92,13793
204.6,9493
204.32,6910
204.55,12915
202.83,45206
191.8,29666
194.64,22722
193.63,17515
193.38,14027
193.15,25730
192.59,80545
196.38,9882
197.5,13173
196.6,8384
197.54,11379
198.19,9878
197.77,44827
197.21,20815
195.84,7694
196.47,9328
195.42,9836
194.26,10939
195.45,49123
198.56,6536
198.86,3659
199.24,4430
199.59,8624
198.87,10263
198.86,34583
193.49,42920
194.06,12611
193.13,15936
193.6,12415
193.19,18463
192.91,50048
189.86,10854
188.83,14617
188.84,16894
188.05,15294
187.46,10201
186.31,28047
186.6,33942
185.7,18051
185.15,15613
185.38,19279
183.83,15628
186.11,48657
184.98,22561
185.51,16225
182.69,15221
181.65,26193
181.66,21289
182.35,84444
183.69,19377
184.46,19943
185.47,21045
186.56,25615
186.35,21195
186.53,48145
183.78,10792
183.4,6784
183.98,2472
183.03,5992
182.13,11094
182.52,42526
183.6,9777
182.58,9847
181.55,11778
181.26,4663
180.81,14940
180.39,46184
182.14,11675
183.17,18075
183.76,7694
183.7,7159
184.81,6370
185.58,40783
187.92,21558
188,9222
187.8,6831
187.97,9985
187.85,8846
188.74,37405
186.84,52849
183.96,13964
184.39,29037
185.39,19752
185.14,12447
185.78,51402
183.54,49822
184.63,20668
184.46,9947
184.37,6036
183.56,5570
182.71,38481
179.78,20170
180.94,8664
180.23,5919
179.48,8205
180.05,13849
179.7,65885
180.57,15415
179.47,28074
179.94,10906
178.56,11153
180.06,13036
178.91,46821
177.94,31176
177.22,34994
178.91,24616
180.19,7412
180.15,19449
177.91,41837
179.23,20592
179.33,8911
179.44,9268
178.59,8591
177.53,12382
177.8,28285
174.17,41825
175.43,26274
179.39,11722
179.94,12751
180.6,21679
181.96,47785
182.09,19840
180.52,13828
178.83,14992
179.08,15166
178.88,7964
179.11,31333
182.75,13405
182.47,11503
183.19,10445
182.64,23994
183.49,27566
182.92,37453
185.9,35508
185.1,15926
184.45,11770
185.33,24390
186.25,15160
184.77,32545
183.92,18348
184.93,17592
184.99,17434
183.75,12953
183.53,23663
183.49,64870
177.39,60007
176.26,33479
175.87,55509
173.55,41876
173.43,42009
173.03,156596
174.43,75448
171.21,48346
173.05,30581
174.63,26572
174.88,15055
174.85,70718
177.75,13645
178.64,21075
179.12,16514
177.87,18959
177.47,10554
179.11,27060
178.29,28175
178.55,12068
178.75,8350
179.04,9688
178.83,7448
178.82,32550
179.67,53900
181.71,41013
181.92,30548
180.69,23707
181.45,19899
180.68,47553
182.18,65240
182.87,21439
182.64,11894
182.7,13498
181.57,16629
180.94,45243
181.33,23333
181.66,27668
180.35,23591
180.73,28149
182.32,31885
182.13,75998
180.38,29863
181.03,26267
182.34,9247
182.12,15896
181.62,9726
181.69,44062
180.25,33482
178.8,19351
179.86,21696
180.83,12229
180.64,12384
180.83,53999
180.4,8991
181.37,19061
182.05,23136
180.61,13113
181.96,40929
180.22,58620
176.11,24172
178.86,22807
179.04,27208
179.6,21450
179.3,15020
179.61,66617
180.17,46236
180.88,30049
180.02,14216
180.63,12676
180.43,14909
181.53,85660
180.74,46766
180.75,55328
180.28,65876
181.09,39551
181.44,48059
181.57,144474
184.75,30225
184.66,27743
185.26,45913
186.43,46400
186.31,186496
187.99,85715
187.29,67408
187.11,108373
188.32,74822
186.81,39832
186.45,22217
186.36,90168
194.53,83627
195.18,211046
195.33,349954
194.61,83822
194.73,57067
196.14,193650
199.98,126036
200.98,62346
201.09,38318
200.19,23025
200.28,54374
201.37,76562
202.49,27969
203.41,40863
203.23,45481
202.69,34326
203,50794
202.42,84392
200.16,55975
197.73,52317
197.15,90718
195.16,155158
193.4,148478
194.46,370702
194.62,29976
195.8,16947
195.49,38965
195.09,13554
194.35,8483
195.31,62653
194.42,22725
191.45,22587
192.4,12928
192.43,14766
192.37,14269
192.77,125412
193.9,15284
193.66,7315
193.49,28364
193.55,18031
194,17286
194.39,68848
194.55,22310
194.49,13129
194.58,22398
196.19,18334
196.2,11123
195.67,32129
200.43,22283
197.67,20271
197.02,10237
196.84,11738
196.33,11246
196.31,47628
194.49,30260
195.07,22897
194.61,15520
194.76,16409
194.82,17585
195.23,36301
197.81,9128
198,6723
197.78,20156
195.35,22260
194.47,17365
194.34,23027
193.43,21515
192.48,15216
191.66,39853
194.22,22856
194.62,8809
194,9868
194.44,10926
195.5,14084
195.83,48616
195.24,26433
195.26,14253
195.43,14411
195.33,13958
197.96,22392
199.49,60928
200.85,25545
198.55,14097
198.65,12331
198.63,12695
198.89,16387
198.91,49736
197.09,23479
197.9,6255
198.22,4618
197.93,8638
197.79,8017
198.28,25463
194.72,15920
195.03,15439
194.71,13523
194.77,22572
194.84,10290
194.54,44534
194.15,20303
193.46,12964
194.58,13906
194,16439
192.73,20004
192.78,53254
196.21,20451
197.27,6225
195.69,6900
196.17,5618
195.67,9944
195.7,28437
197.34,11305
197.5,7466
196.55,7461
196.39,6725
195.95,10708
195.58,40945
195.14,9352
195.5,4855
195.96,3677
195.42,8447
195.67,7445
195.67,16349
194.88,23565
195.5,9603
196.74,11965
196.72,10156
196.94,15493
197.37,38995
203.7,21959
200.51,54278
201.1,14806
199.57,8280
200.36,8898
200.32,44824
202.29,18812
203.73,12734
203.88,7975
203.61,10310
201.37,34691
200.77,90218
196.29,33502
196.47,19316
194.84,15602
195.21,56860
195.39,23948
195.58,70078
193.97,21605
193.21,10681
192.85,6250
192.85,14250
193.67,19188
194.33,43686
194.29,21953
193.13,16018
193.47,4883
193.21,9167
191.58,8614
190.38,67454
190.45,32647
190.54,17404
189.86,18030
190.72,23627
190.74,26167
190.7,49827
192.33,42531
193.4,44172
193.32,35016
193.74,38181
193.24,30951
192.93,49288
192.34,17315
191.93,18633
191.53,9943
191.08,6586
190.45,10334
191.83,28042
194.51,12087
194.49,7290
194.89,3416
194.58,2684
194.13,4288
194.87,14278
194.27,6870
195.33,6494
195.8,4020
195.63,4515
195.22,4675
195.18,11264
194.77,8111
193.95,4160
193.07,3541
193.48,3179
193.18,5461
193.11,22471
193.15,13837
194.05,8443
194.39,6375
194.91,7425
194.54,6263
194.39,16674
193.05,10349
192.2,7974
191.59,4703
191.85,5756
190.7,12736
190.09,31561
191.43,20166
191.87,7123
191.02,5311
190.55,4550
191.14,5252
191.38,23376
192.83,18523
193.64,27865
194.55,19880
194.12,11878
194.31,7210
193.89,21809
191.39,29498
190.21,16073
189.54,8363
189.89,8353
190.51,21590
190.34,91420
192.23,32122
195.17,15639
194.96,9979
194.47,9298
195.21,14875
196.56,40360
198.19,9541
198.96,10822
199.92,13628
199.64,13513
198.69,19817
197.27,31783
196.39,13281
196.09,5294
196.05,4379
195.62,6651
196.45,5652
196.22,14331
197.45,14876
197.08,4890
197.26,9854
197.7,15016
197.87,5687
198.47,23359
197.61,30462
198.89,10618
198.79,9026
199.11,13027
200.38,9747
199.33,33442
197.71,20331
197.2,4251
197.04,5218
197.37,5256
197.87,11078
197.89,36236
198.81,33668
200.43,15623
199.81,8042
199.34,11175
199.25,12654
198.84,29421
199.26,18507
199.3,15845
197.23,21867
196.05,23473
195.58,15235
194.85,44201
192.7,32710
191.25,18678
191.2,14448
192.05,26089
191.8,16276
191.85,72654
189.9,21111
190.82,14906
191.35,13296
191.26,25680
191.49,31202
192.13,72713
193.94,34354
195.92,25862
196.33,24448
195.52,24112
196.52,25933
194.39,64580
188.29,51949
190.34,26934
189.18,22236
189.75,16714
189.82,13964
189.15,57804
184.67,43011
184.57,44889
183.77,38461
185.69,46724
185.9,36812
185.6,78262
181.19,57188
182.65,54862
183.78,44920
185.01,29783
185.7,27097
186.19,52462
188.09,30650
186.7,39290
187.93,14694
188.08,13755
187.25,22685
188.38,69389
188.25,12466
188.39,9280
188,11862
187.12,5215
187.51,7732
186.52,40329
186.44,10343
186.43,10282
187.6,17839
187.74,11537
187.79,16103
188.33,24015
190.3,31728
189.28,12577
190.19,7875
189.46,21049
189.38,31942
192.26,62753
192.8,28936
195.04,35117
195.86,50501
198.23,31413
199.17,33982
197.85,68886
194.9,16560
196.64,6401
195.76,11118
195.57,11740
195.05,25923
194.58,47284
193.97,23762
194.76,15500
194.32,14263
194.23,8482
194.01,9000
194.02,39016
193.54,13838
192.13,37272
192.43,9782
194.78,20139
192.1,9298
193.91,33536
194.15,10541
192.43,9666
192.66,10103
192.55,5396
192.31,5275
192.11,15726
191.19,24342
190.6,38245
190,21186
188.96,27526
188.79,20901
188.84,28575
187.95,33820
189.19,14891
189.91,4800
190.12,9082
189.81,8545
190.34,36659
191.7,16750
193.21,7745
192.35,19642
191.68,25297
191.71,29135
192.15,50944
190.34,29424
188.24,20669
187.69,10862
188.03,15127
188.45,18718
189.4,39550
185.26,29502
186.57,26213
187.49,11489
187.23,18480
187.62,37981
187.27,37370
186.04,16117
187.54,43971
186.93,31299
187.97,26955
186.88,17488
186.6,64268
185.02,49723
185.2,41767
185.43,28225
185.1,23754
185.51,44855
185.75,97826
183.85,28825
182.64,34616
182.08,34713
181.42,28684
181.43,36299
180.36,64759
178.36,51431
177.74,19755
178.21,34951
178.63,27797
178.58,28948
177.69,42971
178.7,78557
177.82,53259
177.14,26632
177.28,23019
177.74,26649
178.68,103379
177.67,31203
177.73,29264
178.75,30466
178.94,19302
179.32,22567
180.25,44694
199.31,121298
198.48,85347
197.74,63066
196.46,36779
197.18,51547
198.1,145173
193.96,46019
195.32,32907
195.72,14422
197.01,21214
196.43,22791
195,109010
193.21,34219
194.96,18665
195.86,45475
195.82,48164
194.94,11566
194.1,30595
194.38,23581
194.62,16025
194.93,18389
194.84,9039
195.75,43675
197.04,50845
197.05,35850
194.45,26672
195.07,15550
194.87,13756
194.37,13663
194.92,46779
196.07,26330
195.4,15077
194.46,14277
194.37,11065
194.66,9145
194.84,78048
192.9,83855
192.27,51608
192.28,35571
192.25,114732
192.24,64192
191.52,96129
191.16,38141
189.55,28055
189.09,14219
188.57,12663
188.53,13485
188.37,17563
190.51,21867
189.64,37922
189.17,30237
189.38,69978
189.04,28555
187.85,60965
186.43,46431
189.54,25482
186.55,20134
186.1,13671
184.14,30509
184.37,54823
183.81,33466
184.56,47093
184.94,20752
183.14,21321
183.51,28427
183.7,51708
184.01,21547
185.34,7565
184.94,10273
183.76,12599
181.65,12133
180.94,48386
178.36,57862
178.31,37310
178.49,35196
177.06,24468
178.41,47322
178.73,71582
178.85,106892
178.29,47771
177.52,58447
179.68,36879
179.25,34143
179.25,99024
178.47,30759
176.02,37669
175.7,33739
176.05,71106
176.51,99276
176.22,146637
178.23,43116
177.76,46479
177.44,29137
177.52,22699
177.29,33021
176.59,81726
179.11,29231
177.81,40286
177.03,31382
176.94,32210
176.07,50265
176.44,113655
176.21,65331
176.94,50004
175.79,40964
176.03,45676
175.58,76224
176.05,133992
171.76,37508
174.5,28462
174.97,14996
173.32,17520
173.28,34101
172.35,78658
172.87,36143
172.78,21433
173.72,20002
174.9,27228
175.17,27122
175.35,54243
178.3,59904
178.06,27093
178.87,17661
179.47,12523
179.88,24758
180.76,142191
183.86,88801
183.01,50383
183.8,43246
183.62,54017
183.21,30564
183.43,64440
185.43,21721
184.57,18046
185.67,19142
185.3,22535
185.36,64809
185.77,109656
187.59,18036
186.59,26758
185.93,12360
185.18,11189
184.96,15756
185.39,25437
185.95,14024
186.58,8465
187.25,13870
187.2,8927
186.94,9350
187.16,44540
187.87,10235
185.91,9797
185.62,14796
185.16,8572
185.22,5571
185.72,21007
184.82,22759
184.07,14282
182.35,16481
183.01,10360
183.11,13347
182.78,35441
182.79,17301
181.74,14347
181.83,9330
181.26,8317
182.21,9674
182.13,74773
181.85,24159
182.68,23036
184.02,22894
183.93,24816
184.23,15269
185.09,44423
185.06,28167
185.55,15956
185.2,9426
185.77,10952
184.95,9639
184.9,15110
185.85,15958
186.09,10106
185.92,10759
185.92,15811
186.45,28952
186.22,57071
186.75,12592
186.22,8108
186.21,6947
186.07,13186
186.32,15653
185.79,23192
183.8,8465
184.58,7751
184.36,22510
184.43,17221
184.68,26178
184.95,38192
185.56,21497
185.25,20963
185.38,10094
184.9,7353
184.78,3913
184.97,31029
187.18,24210
186.25,15337
185.91,12697
185.9,4653
185.25,6262
186.1,25381
187.5,26398
186.72,23961
186.65,15410
186.52,12527
186.32,17986
186.38,21728
186.05,9207
187.37,21841
186.78,19873
186.88,19328
188.14,22094
188.38,50439
192.96,46241
190.04,28755
189.8,20645
189.38,27197
188.5,27538
189,66001
188.08,14117
186.72,11554
186.56,12690
185.71,8977
185.75,8277
186.24,46717
185.24,53079
188.06,29687
186.97,18838
186.65,14787
186.64,16581
186.94,50569
183.03,27889
183.63,18031
182.5,16582
181.91,12109
181.77,4563
181.46,26915
180.46,26287
180.58,9415
180.62,5461
180.62,5628
178.66,4525
178.05,44331
179.37,23718
178.04,19265
179.37,18310
179.04,18089
179.77,4653
180.82,27889
182.96,14512
182.19,5967
183.81,5919
183.74,3391
182.76,6285
182.49,23982
183.84,32304
184.91,33099
185.49,25111
186.26,27985
185.9,16674
185.74,25679
181.9,15125
180.75,17146
181.56,18010
182.15,17041
182.81,21112
182.33,42521
184.75,16771
183.86,3840
184.08,2968
184.44,4112
183.6,14631
183.91,46342
182.27,17839
181.56,6313
181.71,4425
182.94,6673
183.43,7514
183.73,51198
187.01,22588
187.35,22822
187.21,9026
187.4,13810
188.01,11032
188.73,22068
188.08,30182
188.01,16246
187.37,10020
186.27,16314
187.15,14819
186.6,34954
185.38,28222
186.69,14681
186.81,8040
186.48,6693
186.43,5270
186.56,17111
187.73,13635
186.55,7291
186.26,5326
184.84,6564
184.66,10918
184.66,31660
184.49,10534
184.87,9749
184.36,4717
184.6,6696
184.39,3724
184.72,26719
185.76,7784
185.3,6216
185.64,4777
184.64,3487
184.45,2974
184.58,14997
184.78,5528
185.64,3515
184.91,2109
186.49,3481
185.34,5349
185.8,23356
184.64,10337
184.06,8603
183.94,9997
183.78,7473
183.7,7826
183.93,38976
184.5,14227
185.5,7136
184.99,6453
186.45,5878
186.47,7617
185.75,20413
183.94,9787
185.6,11993
182.68,9889
183.41,6726
183.56,4562
184.46,31771
185.51,6106
185.77,6141
184.67,3448
185.11,2665
184.55,9844
185.77,17334
185.68,18582
183.66,9906
185.47,2283
185.39,3097
185.54,2549
185.42,13396
182.95,20105
183.65,10749
184.56,11986
184.43,9528
183.9,16530
183.71,24272
180.09,8734
180.67,17036
179.68,23572
179.15,7624
179.42,14017
179.08,38377
180.15,14820
179.54,6314
179.09,6253
178.7,6456
179.56,5572
179.33,42633
180.45,8910
180.3,8093
180.38,7178
180.28,3083
180.09,4455
180.21,21832
182.24,17711
181.24,8102
180.87,3517
180.85,13349
181.78,22579
182.22,31212
181.12,12603
179.88,10353
180.81,13779
181.58,9224
181.74,14194
181.86,42324
181.67,17260
181.74,12000
182.85,2840
182.63,8551
183.22,13687
183.77,43325
186.36,34582
187.04,16286
186.96,17177
187.9,13455
188.43,14535
187.55,26784
187.12,20866
187.3,15301
187.53,12201
187.63,12654
187.46,15115
186.87,22660
185.07,25500
184.85,16763
183.89,5862
184.05,11704
183.72,4310
184.38,40865
183.43,16853
185.91,13612
185.75,13904
186.93,11358
187.57,4827
187.63,21923
187.03,28737
188.39,26381
187.94,17535
188.44,12733
189.07,13991
189.12,35753
187.26,11360
187.79,10330
186.83,5414
187.07,9088
187.71,10443
187.58,21324
186.85,7196
185.55,20076
185.45,5645
185.36,6237
185.12,10877
186.63,23853
184.57,47834
186.16,15864
185.23,12758
186.53,5189
186.53,12889
186.86,50460
189.72,37694
190.76,26068
191.13,6284
191.43,29953
192,13151
191.23,30239
192.3,23864
192.04,20150
192.75,11288
193.28,7837
193.53,13908
194.28,29355
193.7,18968
193.04,11501
192.68,2467
193.54,4325
193.14,12964
193.11,44788
191.4,6283
190.18,7912
189.7,4003
189.68,8295
189.85,4108
189.69,30507
189.76,5677
190.43,11056
191.4,5631
191.21,2515
191.12,3687
190.65,11757
190.99,9527
190.66,4406
190.17,3150
189.91,6461
190.95,8286
191,17119
188.75,9333
188.55,19893
188.42,9778
188.26,12203
188.28,7994
187.25,19772
188.86,16014
188.26,16712
188.31,7854
189.34,8298
189.13,5380
189.45,17890
188.89,12823
190.29,14653
190.79,16302
190.82,16080
190.63,15952
190.65,38980
190.38,15652
189.92,13134
189.9,12445
190.17,9225
190.2,8832
190.22,37274
190.47,20256
190.38,12235
191.31,15057
191.47,3682
191.24,3906
191.93,12416
192.97,7562
191.77,7003
191.52,3413
192.49,4418
192.65,6204
192.61,18147
191.96,8844
193.87,12124
194.3,11739
192.88,13674
192.24,8387
192.28,6877
192.42,8004
191.93,2733
191.66,14411
190.21,9659
188.79,5182
189.7,3953
189.87,2118
189.86,5583
190.31,16239
190.04,27746
190.54,15024
190.81,12052
192,7050
191.61,9532
191.94,14533
192.65,15070
191.88,5248
191.74,5634
191.52,3071
191.72,7774
192,23966
194.19,12457
193.57,7495
194,6905
193.81,11969
194.13,10064
194.46,37196
194.33,35488
196.95,38803
195.6,13709
196.41,13040
196.53,14559
196.84,37529
196.37,19828
196.81,7064
197.24,13368
197.39,15135
197.75,15263
197.64,42970
198.07,7778
198.01,6325
197.81,8100
198.23,7315
198.23,9257
198.01,22987
197.74,10071
197.15,6984
196.93,8366
197.2,5160
197.29,4601
197.01,18599
199.28,16410
199.78,14136
199.89,13644
199.47,11314
199.4,15728
199.75,37691
201.2,10382
201.32,6149
201.72,6321
201.89,3595
201.49,5851
201.9,28689
202.42,22625
204.42,14395
203.51,16585
203.44,14084
202.98,12262
203.38,57945
201.59,24424
202.09,17820
203.16,17478
202.64,14891
203.57,22234
203.71,43123
205.08,25039
204.59,4804
204.34,12614
205.27,12002
205.58,12277
204.7,24498
203.62,30179
204.09,25855
203.94,26339
203.14,32652
202.9,23274
202.6,44230
224.3,208396
222.84,41237
223.6,78832
223.41,57661
222.12,65393
221.36,109397
220.17,53728
218.16,30357
217.98,40321
218.5,32448
217.06,27818
217.86,116391
216.9,36892
219.46,12689
220.06,7146
219.6,8080
219.43,17978
219.78,60347
218.67,37166
220.11,17663
218.76,20562
217.92,11517
217.03,39382
217.33,37346
217.66,15546
217.13,13419
216.63,7824
215.92,13850
216.85,20270
216.65,54284
218.29,9356
217.35,4736
217.16,8841
216.96,12036
216.36,8355
216.13,36264
215.91,11196
216.24,10119
217.4,1638
217.46,5930
217.43,3561
216.88,9105
217.11,30742
215.81,14065
215.49,10376
216.08,9902
216.1,24047
214.78,43596
216.92,16824
216.41,18129
215.78,6876
216.6,6911
216.74,6197
216.14,15981
215.23,17287
213.79,7316
213.56,11780
214.47,4821
214.67,6800
215.11,17307
214.74,18005
214.97,17049
214.57,28540
215.35,10935
215.28,4364
215.57,36102
216.56,26687
216.67,48222
217.31,24490
216.83,25615
216.58,41230
217.09,95389
216.24,35610
216.46,33265
216.23,26023
216.03,31050
215.96,5509
216.04,98175
214.9,60992
215.29,24148
215.85,21065
215.61,16221
215.88,16531
215.89,85330
214.08,24556
213.74,47867
213.44,26248
212.44,29351
212.72,10440
212.5,79901
211.66,12441
211.79,17948
211.07,13141
211.09,11018
211.35,8236
210.83,51868
212.48,5297
212.43,4935
212.41,4571
212.71,5502
211.98,4687
211.19,19740
210.33,6172
210.46,4300
210.99,3625
211.04,2739
211.24,5851
211.08,29663
212.06,6696
211.7,9117
210.53,5056
210.31,4089
210.15,4407
210.31,22059
210.12,8852
209.54,5782
208.83,4236
208.54,2346
208.58,4282
208.41,16206
209.1,9617
208.63,7194
208.93,8439
209.1,4975
209.85,8066
209.7,30009
210.39,5663
209.73,3555
210.28,3090
210.29,3818
209.73,3303
209.61,9601
209.95,7161
209.02,4605
210.37,6709
210.63,1974
210.74,2697
211.26,11551
213.18,20351
213.23,15803
212.29,12114
212.05,15127
211.22,13466
210.84,32805
210.71,31118
210.68,9731
211.25,6220
210.85,3154
210.31,5488
209.92,23502
211.46,4754
210.66,8594
209.89,6775
209.77,8971
209.94,5341
210.5,34372
210.28,11699
211.27,8814
209.61,7221
209.91,12113
209.22,11784
209.07,33278
209.4,18932
209.26,7604
208.05,7763
208.08,7358
208.16,13787
208.05,32883
205.28,17680
205.28,12591
205,11507
204.92,15492
204.52,8021
204.42,21949
203.34,11947
201.33,14069
200.98,10488
200.2,7340
201.25,5739
201.66,19895
201.01,14493
199.59,6957
199.91,5806
200.53,17591
199.75,10903
199.04,25044
198.46,15991
199.13,5498
199.3,10184
199.86,6948
199.7,9301
199.75,31965
200.1,13240
199.69,8414
198.8,5183
199.34,9992
199.38,8277
200.43,21073
199.97,49351
199,36162
201.94,8202
202.12,29872
202.62,11816
202.28,46496
201.36,14856
200.61,2841
200.95,12617
201.27,5591
200.96,6685
200.18,33878
203.1,12289
203.7,6979
203.55,5342
204.55,3777
204.01,6884
203.86,49701
201.99,5882
202.04,4667
201.79,8254
201.22,6456
201.39,5369
201.9,44264
200.64,9969
202.12,6419
202.37,3326
202.29,3104
201.62,6589
201.63,12829
199.74,6064
198.8,3427
199.28,4448
198.63,11583
199.71,10659
199.91,22238
202.15,6435
202.51,5215
202.93,6555
203.08,5510
202.17,6582
202.06,19887
200.27,9723
200.62,6345
200.4,9920
200.09,8713
200.67,11895
201.31,25498
199.94,11549
199.28,28835
198.45,21421
198.51,19593
198.06,11844
197.98,44622
196.84,7219
197.11,6568
197.84,3591
197.23,3061
197.73,4932
196.9,10767
196.05,7446
195.67,9853
195.09,9039
195.01,7286
194.2,6191
193.93,32417
192.28,11596
190.65,5751
190.75,6900
191.43,11510
191.39,9140
191.21,34374
191.58,17383
192.88,8359
193.19,12464
192.76,5134
192.66,7530
192.92,32479
193.33,10591
194.16,10051
193.68,8655
193.09,5825
192.68,3266
193.2,14722
189.79,10075
190.08,8571
190.11,5343
190.24,5229
190.8,4817
191.09,23402
193.62,16040
192.4,12091
192.77,7306
193.24,5575
192.29,4612
192.45,17469
193,13060
190.67,6527
192.04,6753
191.11,4814
190.89,17023
190.89,25253
190.64,5010
189.29,3421
189.22,4177
189.57,3304
190.12,5384
190.13,27769
189.29,11799
189.57,6591
192.01,3957
191.46,1886
191.55,9191
192.63,22963
191.23,10274
190.82,7959
191.55,2183
191.46,3483
192.82,3077
193.05,12213
193.77,14801
195.26,3693
195.43,2466
195.23,5721
194.98,7253
195.21,34431
196.04,6330
196.97,9928
196.44,8548
196.72,8305
197.48,13420
197.97,14791
197.43,5889
197.35,10963
197.09,15064
196.46,9922
194.9,11984
195.67,39476
198.72,19221
197.65,20911
197.69,8550
197.35,16773
196.62,10152
196.39,32363
198.89,8926
201.17,9612
199.82,4326
199.06,5430
199.77,6521
199.68,16135
199.64,9976
200.53,4015
201.4,3951
200.61,6179
200.16,8638
200.07,32728
196.13,39165
195.68,39838
196.12,26540
196.01,24785
196.34,20943
195.65,64133
203.23,89086
200.27,50990
200.65,34043
201.16,56145
202.88,30962
199.82,80993
201.79,27873
201.1,19657
200.26,24573
200.4,32042
200.36,8654
200.34,48999
199.6,18895
199.2,20260
199.97,8009
199.94,16352
199.26,23409
198.89,39499
196.78,15186
195.69,9458
195.03,8579
193.94,6741
193.37,10042
194.44,32321
191.89,20415
194.89,24308
194.32,15494
194.66,11565
195.4,13202
194.87,39173
193.38,11893
194.6,7783
194.17,4734
192.85,11954
192.17,7877
193.06,45803
191.66,19019
191.94,11340
190.79,8591
190.08,15554
189.65,27941
189.47,34567
192.11,5796
193.37,7963
193.68,2925
193.72,8102
194.82,11340
195.33,28517
193.7,15197
194.79,16868
195.97,9296
195.86,5852
196.39,4236
196.03,19939
196.11,11838
195.97,4820
195.75,9759
195.4,9002
195.99,6158
196.29,17477
198.48,15720
199.86,9430
199.76,6651
199.77,8150
200.07,10245
199.43,23706
201.02,10805
201.01,14120
201.22,4363
200.9,2489
201.04,6248
200.81,20236
198.87,18014
199.56,3800
199.91,1642
199.67,1372
200.01,11213
200.44,27546
200.69,16005
200.51,6298
200.24,6727
200.03,25198
199.44,23751
199.83,85011
200.78,5955
200.69,10985
200.63,23997
200.06,11641
200.29,12819
200.53,19979
199.83,3046
199.34,7823
200.66,3198
200.33,5545
198.55,7987
198.11,35245
198.01,11269
197.39,8628
198.32,10389
198.89,12439
198.64,14693
198.71,30734
198.1,11737
197.39,21126
198.1,10525
197.56,27839
198.12,11453
197.72,51786
202.1,16176
204.45,12110
204.3,5139
204,8900
204.27,13368
204.56,24933
206.56,20379
208.04,5550
206.84,10951
206.84,3127
206.92,5049
206.61,12431
206.79,17665
205.95,7349
205.07,8776
205.66,5337
206.1,6624
206.56,7530
206.84,5296
206.91,5665
206.11,2923
206.35,15195
207.13,4074
206.88,16345
206.58,9651
208.5,5675
207.83,9723
207.97,7938
208.85,4495
209.14,17966
209.05,3828
209.3,6925
209.45,13880
210.5,4984
210.13,7701
210.33,11407
210.7,12271
211.15,9348
211.43,8553
211.21,13283
211.34,11757
211.57,25104
211.74,16416
212.22,13892
212.31,28908
209.87,12400
209.65,9567
209.27,11972
208.04,9106
207.92,15020
207.74,32631
208.47,6343
209.79,14720
210.14,5805
208.59,19925
208.68,10598
209.86,18561
211.59,2827
210.8,2517
209.47,1153
209.38,1347
209.94,3140
209.18,9663
210.18,9762
211.4,7223
210.56,3983
210.57,3757
211.23,11671
211.82,66366
216.96,19006
216.64,13249
217.38,11694
218.03,16606
218.52,13655
219.3,30962
220.52,21860
219.78,14222
221.19,13346
221.62,11175
221.16,16197
220.72,30738
219.96,10058
219.6,14128
218.78,9048
219.45,8540
219.77,6187
219.57,14552
219.63,15407
220.03,15841
220.21,9822
220.51,22762
220.84,13586
220.64,40319
219.39,11197
220.91,6265
220.41,9951
220.61,2236
220.32,5502
220.3,20354
220.71,7751
219.56,8357
219.46,5720
218.94,4121
218.75,10625
219.05,24448
219.29,10876
220.04,4334
220.09,1964
219.73,7730
220.1,7963
219.96,19112
221.61,6151
222.63,7013
222.54,3520
222.09,6084
221.85,17394
221.74,20062
220.86,15707
222.22,7787
220.62,8433
220.37,19320
221.09,27671
223.76,48770
231.64,28792
230.98,24927
232.31,29761
230.97,27355
231.16,31076
230.9,55096
229.4,16166
230.64,20748
229.29,10387
229.88,8439
229.73,14108
229.27,44055
230.87,10279
230.1,12191
231,5896
230.37,5319
230.08,9479
229.89,17977
229.12,12757
230.76,11884
230.93,8378
230.94,8094
230.4,14830
229.92,24492
229.21,32596
228.66,22144
229.07,10498
229.71,9016
229.72,12645
227.82,45129
226.74,21286
227.37,7828
227.53,7074
227.51,12147
228.48,11442
229.23,30742
232.59,19226
231.43,10585
231.23,1465
231.61,7100
231.85,12488
232.13,15670
232.59,3163
232.87,4012
233.02,2181
233.48,10183
233.56,6028
233.87,12141
233.48,5379
233.53,3751
233.46,4525
234.36,5483
233.7,13253
233.85,12463
234.28,3127
233.32,2633
233.59,4630
233.47,6527
233.63,3438
234.08,8876
233.72,4213
233.39,2791
233.03,2652
233.33,814
233.56,3346
233.37,7393
233.76,15572
231.87,8258
232.3,10734
232.54,17481
232.23,21096
231.13,13734
230.62,5227
230.62,4971
231.18,7616
231.78,3331
231.04,3217
230.56,14965
231.25,7208
231.62,9339
231.86,5317
231.17,3522
230.75,6418
230.32,15726
229.55,18541
228.16,6465
227.49,10760
227.65,21994
227.69,7715
227.43,26068
226.9,17247
226.55,13790
226.31,17209
226.2,22511
226.71,19865
227.69,18357
226.08,19777
225.94,11403
226.38,7767
226.1,13430
226.05,17425
225.2,22812
225.73,8494
226.71,7521
225.9,2739
226.23,6668
226.23,10093
226.43,24735
225.12,16205
223.76,15565
223.72,9175
224.19,7780
224.58,12152
224.89,26382
224.69,18688
223.56,13590
223.6,15701
225.05,7181
225.37,23109
225.98,30883
225.21,14228
225.66,11094
225,6974
225.41,10657
224.52,5964
224.04,12923
225.47,14513
224.75,8666
224.12,8608
223.79,11485
223.81,7478
224,14896
224.01,10894
223.74,10057
224.38,10548
224.32,16049
225.36,17182
226.06,31187
226.69,6185
225.99,9706
226.66,7401
227.08,14016
227.44,9001
227.96,21681
231.31,19536
230.1,19613
230.91,8925
230.02,9976
230.72,26423
230.69,70099
231.68,26643
230.88,25202
231.23,29999
230.91,15433
231.83,24959
231.67,54895
231.49,19054
232.2,17069
232.61,21296
233.18,24029
231.62,27101
231.11,47387
232.96,43382
226.65,36869
226.78,20079
228.97,20245
227.86,20674
227.9,36582
227.51,19759
227.88,20308
227.31,11903
227.72,18872
227.57,13171
228.56,27092
229.56,16880
229.1,5740
229,14930
229.85,7799
230.13,10514
231.06,29084
231.49,17657
231.84,7121
232.71,14443
233.33,10169
233.39,21120
234.67,25356
234.62,7122
234.24,5849
233.4,8706
233.92,6518
234.79,11160
234.43,27239
233.59,11764
233.09,13352
234.39,5839
235.26,7552
235.51,4316
236.32,18719
234.73,14159
235.19,11717
236.38,12564
236.3,5693
236.73,6353
236.99,19021
236.11,24361
235.36,14152
234.88,15980
235.42,11704
235.62,15127
235.6,24226
235.93,12233
237.53,16335
238.23,22222
237.96,11051
237.38,9984
236.92,12305
238.49,10804
238,6080
237.54,3983
237.73,10893
237.61,17022
237.66,18276
234.81,17066
235.19,5610
234.93,6997
234.92,8441
235.21,13983
235.99,37375
235.17,9549
235.18,11342
235.01,4494
235.9,6524
236.57,4447
236.36,21060
235.86,9776
235.69,10562
235.9,7285
235.27,11202
235.23,12255
235.29,37490
232.15,18383
232.82,10484
233.01,11093
233.21,5175
232.94,11544
232.19,45414
233.52,21748
234.04,28186
234.68,10262
235.03,12943
235.99,20008
237.12,34351
238.67,16059
237.13,17181
236.93,10442
237.47,8401
237.5,10501
238.34,21370
236.43,11467
236.33,8636
236.48,5406
235.84,2261
235.67,13263
234.16,17738
233.78,13064
234.5,6637
234.55,6781
234.99,11119
234.47,7528
234.88,19949
237.28,2496
238,7142
238.08,7566
238.35,8340
238.14,6665
237.85,17536
239.16,8449
239.88,4565
239.3,6412
240.11,5288
241.32,8528
241.14,25326
243.78,11421
245.03,6483
243.82,4429
243.86,2961
243.57,3592
244.05,18628
243.73,11271
243.02,6463
241.75,3072
242.36,5646
241.73,8643
240.62,20131
242.08,13122
242.39,8477
243.02,11720
242.51,16339
241.74,8759
241.47,24633
242.6,9231
244.29,5968
244.2,18676
244.35,21189
243.89,10411
243.07,13834
243.58,8049
243.17,13990
243.38,5486
242.78,3458
243.03,3503
242.61,12520
240.28,15541
240.61,11326
240.56,14898
241.45,17453
241.26,9023
242.07,20740
241.84,9954
242.67,7147
242.7,5888
242.18,3462
242.02,14584
242.17,43946
243.58,11037
244.07,7943
243.73,4562
243.42,5146
242.7,3575
241.74,10770
242.49,11826
242.07,8320
243.39,4577
242.36,4070
241.16,11118
240,15066
240.97,8949
239.83,6407
239,10649
238.46,16571
238.53,6252
238.21,11369
237.96,30676
238.76,15828
238.57,6800
238.72,3856
238.57,8334
239.5,14146
238.12,14757
237.21,3371
237.46,5317
237.69,3199
238.01,4000
237.54,16973
238.61,7242
240.38,11658
240.49,17423
239.73,14981
239.91,10173
240.6,15496
239.41,9658
238.12,8174
238.01,6953
237.86,6424
238.66,2693
238.35,25312
233.61,13931
233.12,43877
234.19,11002
234.27,12540
234.89,14369
234.66,24250
234.14,3765
234.83,2533
234.86,5080
234.21,5838
234.04,9192
233.68,21982
233.89,16877
233.22,14703
234.24,5848
234.1,5807
233.6,8074
233.46,18534
231.99,34343
231.55,25064
230.72,13202
231.95,18398
231.52,11506
231.01,37738
233.72,9217
233.31,11972
233.87,10023
234.57,14191
234.98,21480
236.16,52666
238.63,17653
238.41,17171
237.71,7785
238.06,6949
237.77,5410
237.91,21769
236,5044
235.98,3812
235.76,3616
235.69,2636
235.6,5586
235.39,12818
233.24,10778
232.95,12729
233.38,6403
233.08,4631
232.97,7385
232.63,24057
233.07,8948
231.62,4285
230.67,12866
230.68,3945
230.33,3840
230.34,22587
232.67,8729
232.08,5071
231.67,9590
232.09,4284
232.21,8087
232.54,16588
234.8,12305
234.06,12566
234.7,7532
234.82,6765
235.23,8398
235.35,18149
233.23,12097
233.06,8075
232.83,4797
232.18,5905
232.26,4666
231.9,22179
231.55,7205
232.67,9388
232.37,5568
231.22,3614
230.67,5156
230.81,10815
233.62,12406
232.73,4107
231.86,4988
231.74,3355
231.44,3839
230.86,20602
233.15,4446
233.55,5329
233.72,5866
233.15,4810
232.14,5378
229.77,16208
231.04,20436
230.68,16928
231.39,3981
231.86,6571
230.71,7408
230.94,5397
231.78,15769
231.8,10320
231.03,4301
232.03,5304
231.58,7869
231.28,17238
228.85,15107
228.49,11046
229.75,4346
230.01,4839
230.03,4209
229.71,16996
226.28,18591
227.02,6052
226.24,6969
226.31,7594
226.66,2285
226.24,14630
225.23,4893
225.43,7748
225.96,5924
226.22,2651
226.82,4651
226.91,12062
223.74,11722
223.96,5076
224.53,5527
223.53,7626
224.2,9432
223.87,123350
226.39,6785
223.99,15172
224.7,6224
223.67,15716
222.67,7257
222.75,23650
222.22,11452
221.48,7563
221.68,3113
221.77,5393
221.34,8661
222,19774
219.4,10561
219.09,4534
219.05,5206
218.79,8882
219.52,10083
219.14,15607
219.56,7927
220.69,2437
220.74,5022
220.09,7397
219.32,4185
219.06,23700
222.03,19638
220.64,3813
220.68,5428
221.21,4430
220.89,6303
220.79,24108
222.72,14733
222.9,6484
222.88,5676
223.23,7668
224.98,12644
224.34,24430
225.09,9598
225.82,11975
225.73,11623
226.13,5597
226.5,9132
225.94,20099
221.68,40873
219.94,16664
219.89,23555
220.3,9542
221.9,18742
221.39,29174
231.89,34655
230.22,11496
230.99,5394
231.32,12175
231.84,8441
232.1,27900
232.72,9401
231.18,6716
230.43,4716
231.13,7295
232.25,6874
232.41,26458
232.19,7845
230.91,6179
231.44,4372
230.5,3546
229.8,6678
229.47,21756
227.89,5123
227.32,3959
227.77,5620
226.96,6436
227.44,4573
226.87,14688
224.95,5644
225.42,4852
224.68,8078
225.3,2039
225.29,7686
226.15,23472
224.39,7431
225.11,6119
225.27,7647
225.99,6611
226.48,11979
227.27,15490
230.68,11799
229.55,8458
230.29,7372
229.85,9123
230.41,8094
230.24,16130
229.43,13069
230.12,4744
229.12,2643
228.93,3365
229.14,4195
229.26,12675
230.49,3401
231.97,2997
231.73,1781
231.95,5282
231.29,1996
230.78,12097
234.03,12361
233.96,11730
233.68,6001
234.15,6261
234.51,5719
234.84,19924
236.03,25485
236.77,13577
235.15,7110
235.33,3179
235.24,6327
235.39,14423
237.02,6870
237.19,3126
236.63,1060
236.14,1795
235.82,2438
235.98,12710
236.09,2594
236.03,3977
235.54,3531
235.62,1173
235.76,3469
235.69,13142
235.8,6350
233.9,4007
233.51,1944
232.62,6367
232.9,9135
233.58,14469
235.12,12245
235.05,12537
235.34,9001
235.73,5313
235.05,6743
235.18,17484
234.31,15161
235.22,9493
235.26,3562
235.53,7976
234.86,3032
235.35,8113
234.12,6645
233.57,7789
233.29,6070
233.21,8686
233.45,5681
233.84,11976
232.15,5119
233.65,3922
233.51,2034
233.17,1524
233.01,2351
232.99,15113
225.18,21993
226.39,16529
225.24,13931
225.36,5648
225.03,11677
224.33,43869
222.96,19597
224.15,14350
224.39,10017
224.34,12944
224.23,17000
223.46,36033
223.07,13105
222.95,4884
223.12,3859
223.1,4924
222.06,5620
222.02,17195
223.13,6849
222.36,6745
221.95,7874
221.81,9633
221.38,12202
221.24,22119
219.8,8084
219.21,8374
219.48,8412
219.05,7792
218.98,13584
218.58,27261
217.66,5738
217.34,6304
217.76,4661
216.88,9269
216.63,17186
216.53,24752
216.34,28331
217.35,17338
217.75,12630
218.58,11368
217.44,20848
217.91,19233
218.53,13044
219.64,9513
219.48,16514
219.32,8689
220.18,7443
221.27,54503
222.45,9638
220.85,7273
219.85,6239
219.11,5435
218.85,18300
218.94,23971
220.51,5890
218.97,5212
218.14,7216
217.59,2571
219.06,2037
219,16667
217.44,9350
218.41,6458
218.27,9202
217.86,9459
218.15,18953
218.79,29509
219.85,13176
219.52,7365
219.14,7899
218.83,12547
219.04,6731
219.24,19583
219.85,11118
220.51,5367
220.66,7717
220.79,8097
220.15,5994
220.33,14803
219.47,8004
218.76,2784
219.62,4822
218.97,3876
219.17,3469
219.66,18986
218.51,7676
219.46,7735
218.94,4185
218.75,3300
219.02,3833
219.08,17968
221.33,7447
221.59,8282
218.91,3884
217.98,2907
217.31,5379
217.72,9849
214.07,23985
213.57,10428
212.99,8550
213.23,14277
213.58,16065
213.52,37783
211,14081
211.25,13916
212.5,13263
212.73,15298
212.32,11034
212.58,31049
212.36,13946
212.45,8996
212.77,5380
213.36,12872
213.21,9581
212.88,32420
213.33,8586
213.52,6620
214.21,7071
213.98,4869
213.99,6189
214.34,15129
214.87,39119
214.69,11632
215.01,7673
214.84,8940
215.54,10042
216.27,21526
215.72,8396
216.56,14250
216.73,8290
216.92,6950
216.93,8733
216.8,15349
218.55,9951
219.76,17846
219.27,7150
218.9,9236
218.71,7643
217.88,20913
213.69,13677
213.56,8078
213,11100
211.42,9031
213.19,16326
214.35,40590
214.67,9031
215.27,5793
215.58,5369
216.2,4259
216,9587
215.27,18741
215.37,9495
216.07,4023
215.98,4087
215.15,2712
214.97,5095
214.59,15041
217.17,13516
217.49,11761
217.3,7214
217.84,4814
217.11,5261
216.94,42957
218.71,16659
216.15,16493
215.55,9554
216,5234
215.99,5753
215.86,8158
215.93,4486
215.56,4252
215.53,3609
215.18,5380
215.42,4071
215.69,14682
218.14,20206
217.67,5256
217.27,8584
215.1,6205
215.42,3802
215.58,4772
215.49,2921
216.13,2269
216.12,9745
214.64,9616
214.62,3154
213.82,5898
214.33,5196
214.14,4029
213.83,18568
213.44,9736
212.52,10956
213.22,7031
213.73,3283
213.57,4013
213.37,16145
214.2,8007
214.41,7160
214.22,6766
214.2,9232
213.62,10570
214.05,17444
217.16,5603
219.01,3854
219.78,1019
219.57,1527
219.13,3419
219.54,17430
221.02,14006
223.07,6977
223.2,2847
222.93,4440
222.25,5509
222.15,14772
224.14,9289
225.75,8036
226.77,7042
226.14,9551
226.4,3669
227.08,9933
229.63,21770
230.71,10449
231.96,17346
233.2,19765
233.41,16269
233.95,22160
234.56,42167
234.83,4670
234.41,3569
234.36,2865
234.63,3905
234.74,12690
234.12,8605
235.2,5988
235.17,12864
235.12,4421
234.75,17897
233.54,14991
233.07,13843
232.59,3339
233.33,4552
232.83,3852
233.14,4661
233.18,26037
231.93,16328
233.27,15781
232.16,7480
232.71,5385
233.2,3982
232.81,16014
232.42,23580
232.81,13434
232.06,13252
230.66,6396
230.93,5528
230.78,23738
229.64,8478
229.31,17503
230.67,9519
230.34,5621
229.89,6545
229.36,36620
229.63,17439
226.26,17273
227.28,13544
228.77,12341
227.9,11690
226.42,35300
231.49,21127
230.97,15351
231.45,14974
233.42,11097
232.66,18476
231.4,33192
233.61,24838
232.96,12485
233.35,8309
232.85,5989
232.78,8461
233.05,29717
236.34,12506
236.48,5735
235.72,4424
236.33,2825
235.86,1041
235.55,25279
235.62,18311
236.8,8141
237.69,7944
237.78,4563
237.93,12880
238.97,18595
238.31,7999
234.8,9877
235.04,7789
235.45,3097
235.19,7938
234.79,17681
230.09,16568
227.34,6714
228.67,8463
229.17,8359
228.25,9675
229.33,30668
223.27,15317
225.36,7973
226.95,7768
226.01,14448
224.84,11714
225.97,20788
230.02,14684
230.53,8111
230.71,4387
231.05,7689
231.33,11476
230.98,59554
232.4,9370
231.62,5698
230.89,5462
230.28,12480
229.65,18486
228.06,32121
230.61,6437
230.81,7955
230.8,6579
230.16,4992
230.64,3709
230.8,15960
228.94,15433
228.77,6268
228.23,3410
228.36,3658
228.65,7588
228.27,21439
226.35,16279
227.52,13220
227.52,10337
226.8,7624
226.04,13366
226.42,32290
227.99,25085
226.51,7117
226.5,9396
228.1,4915
227.75,6472
227.82,16645
230.56,12963
229.89,9628
230.63,6195
231.04,7951
231.58,10141
232.5,32878
234.22,13529
233.6,6328
234.42,11164
234.53,8802
234.33,6950
234.59,31489
234.92,15858
234.23,11555
235.33,7772
235.65,5695
235.47,5656
235.51,12603
235.35,10546
235.81,6247
236.18,4778
236.12,4109
236.14,5327
236.5,30940
236.83,5447
236.53,12175
236.83,6790
237.1,7188
237.18,4801
237.24,24702
237.11,14686
236.06,8793
235.98,3973
236.53,5208
235.93,11503
236.23,27370
235.53,5435
235.11,6987
234.61,4024
233.93,5592
233.43,4474
234.39,24877
235.78,8580
235,5101
235.36,7758
235.61,2550
235.89,3497
236.16,28013
238.7,13389
238.92,13316
237.78,8874
239.29,8738
238.58,13021
238.1,31544
239.11,9660
239.5,10771
239.85,7594
240.23,7796
240.18,7256
240.52,17319
242.26,28461
243.38,32491
243.51,9449
243.27,12044
241.3,10973
242.34,50975
242.53,5407
244.44,4475
243.74,4341
244.42,5407
244.05,5452
243.17,20932
244.75,8505
244.71,7578
244.15,6953
244.52,3751
244.34,1909
245.21,46296
246.2,7087
247.53,4295
247.54,6343
247.23,3333
247.35,3245
246.92,28550
248.23,27408
246.3,16064
246.88,12035
245.85,21694
244.27,22774
245.15,32516
245.19,11284
244.7,12358
241.46,8106
243.48,2578
243.8,4265
243.52,19804
244.83,5752
242.65,5487
241.97,1140
241.64,11911
242.18,5181
242,21022
242.14,19539
242.4,7260
242.73,5806
243.08,3372
243.15,3216
243.2,23691
242.86,11936
243.15,16056
242.98,2077
242.58,11490
242.84,6885
243.68,26747
237.47,24195
236.08,18353
236.49,8161
237.55,9357
238.41,6259
238.42,22974
237.49,5765
238.42,7067
238.7,11133
238.61,8079
239.38,6310
239.91,27330
242.54,35061
242.45,25727
242.67,13156
240.79,15608
240.62,20515
240.54,32291
243.33,3278
242.67,1606
242.36,5130
243.34,4450
243.36,4431
243.24,13877
244.77,10118
246.08,8099
245.72,7039
244.97,2729
245.53,2560
245.3,10936
244.29,10189
243.67,5892
243.14,4051
242.85,8069
244.11,19470
243.17,29203
242.47,27854
238.17,23765
239.49,6577
239.24,9515
239.91,8453
240.13,38396
234.69,28370
235.15,22891
235.7,11735
235.84,11165
235.27,16271
234.97,72116
235.6,19512
235.57,14608
234.88,8552
235.69,9827
235.74,15329
235.71,38138
236.52,45313
238.2,25625
238.54,20953
238.75,15712
239.09,13803
239.6,54664
239.86,14402
237.93,17301
237.74,8093
237.64,13429
237.38,11713
237.54,21298
237.53,14200
238.06,7510
236.67,8813
235.63,8367
235.9,7286
235.36,34134
237.05,6483
238.62,9175
237.34,9678
236.8,9549
236.72,11559
236.67,27130
238,14078
238.1,10546
236.61,8616
236.83,10967
236.47,15050
235.31,41469
236.32,12458
236.01,7693
237.26,3883
237.3,4871
237.82,6912
238.5,12743
236.31,7402
235.36,8811
235.38,6489
234.83,11720
235.09,12880
234.63,31506
232.19,17516
232.17,15215
233.07,9381
232.37,17006
232.23,12523
232.57,44872
232.96,19668
229.98,20736
230.73,4425
230.36,14402
230.17,8474
230.31,21602
229.25,5469
228.84,5066
228.51,4369
228.61,9039
228.39,5346
227.49,18442
229.58,15462
230.54,9481
230.07,10901
230.67,13798
229.98,3529
229.89,19220
229.91,12652
229.1,14129
229.76,12824
229.24,12704
229.24,6777
229.08,31662
229.32,25909
229.27,15551
230.48,3346
230.21,5400
229.61,6148
229.58,19721
232.33,16489
233.38,7075
233.28,7400
232.99,7835
233.32,16603
233.86,21748
234.35,8017
236.27,4610
237.19,9051
236.93,6441
237.02,8085
237.44,21106
237.42,14329
239.41,10048
239.33,8589
239.02,8018
238.4,6810
237.77,19059
241.25,14321
239.35,13980
239.86,4301
239.72,4805
239.96,7314
239.96,17103
236.46,18593
234.9,14430
233.69,10433
233.65,9037
233.29,11365
232.49,40747
234.37,12953
235.38,8044
235.24,7425
236.17,9904
235.6,10523
235.63,14584
232.41,7604
231.93,7796
231.75,4425
232.19,6214
231.97,12811
231.7,19802
230.68,12918
232.1,3646
232.25,5787
232.76,4791
233.09,10169
233.3,20251
233.14,10842
232.74,10414
233.19,7465
233.17,5852
233.05,8495
233.15,49963
222.74,37672
222.51,21887
221.03,16623
220.71,19998
220.74,28879
221.44,58700
221.69,17943
223.44,14321
223.14,9557
223.19,10313
222.73,7920
223.6,26183
224.06,33054
224.54,49354
223.97,14340
223.83,35588
223.96,38579
223.86,41038
224.39,34666
226.1,13257
225.59,10599
226.24,12699
226.21,25668
225.12,47430
225.41,36696
226.18,50676
224.67,26242
224.25,40555
224.53,21066
224.5,83252
224.77,44511
225.28,15385
225.35,17279
225.08,38548
225.47,38352
225.62,50550
226.04,33550
225.77,33671
225.86,16521
225.85,33633
224.9,31766
225.28,37850
223.96,3785
222.88,1687
221.87,3133
221.91,5968
221.85,8383
222.37,16915
223.86,5215
224.77,7712
224.89,4352
224.65,4489
224.82,4496
225.39,11819
235,22479
235.55,34820
238.79,18701
239.87,21457
240.75,24032
240.68,52129
238.45,21269
236.55,12031
236.29,14005
236.04,7380
235.8,16287
235.24,53369
234.62,14226
235.35,11644
234.32,7210
234.36,7196
234.48,8876
233.78,26062
237.44,13627
236.31,7839
236.28,8150
235.34,9028
235.33,11595
234.8,32588
233.25,19846
232.08,8792
231.54,11570
230.63,13207
231.04,10631
231.42,24514
231.71,37772
231.93,43549
231.35,32661
232.2,15766
231.15,26436
231.4,48315
230.19,12366
229.54,15740
228.44,16391
228.84,8139
228.35,10961
228.76,59292
228.54,11307
228,11603
228.16,5938
227.26,3073
227.47,3361
227.65,18726
227.27,5581
226.69,6409
226.85,6745
226.92,4305
226.88,7596
226.61,16805
224.65,13407
225.58,8673
225.85,5939
225.58,9949
225.87,4568
225.03,26818
224.74,3865
225.31,4808
224.55,718
224.36,1808
224.07,6942
225.11,11015
226.96,11224
228.62,9439
228.78,11888
229.19,13350
229.88,11159
230.34,41814
234.03,29771
233.84,19383
234.07,10286
234.22,4798
233.73,11584
233.49,46078
239.81,40153
240.49,19764
240.06,16539
240.19,14559
241.79,18210
240.83,31220
236.28,25245
237.23,12674
237.23,9868
237.2,13436
237.18,12235
236.64,38681
238.61,4017
238.08,6085
238.47,5755
238.09,4652
237.36,4304
237.38,17702
237.78,11048
237.22,17332
236.98,30396
236.98,0
233.61,36020
232.98,13704
233.35,9689
233.11,11123
233.29,13454
232.33,42555
228.94,35080
228.67,19988
228.69,8012
229.83,11203
229.85,11223
229.31,47452
229.35,10947
226.59,17552
226.34,20522
226.35,11431
226.29,19660
226.3,40967
226.92,8340
225.96,12828
226.29,8197
227,7739
226.97,5881
225.95,25209
227.83,11593
226.83,20462
226.6,11998
226.59,11407
226.48,15729
225.88,30017
225.79,23485
227.68,22455
227.8,6647
227.28,5016
227.1,4178
227.39,40209
226.27,20543
227.76,14645
229,13619
229.78,9567
230.89,8662
231.84,33129
229.06,14135
229.1,12674
228.84,6707
229.04,7337
228.73,9473
228.33,48684
226.33,22390
226.2,11096
226.6,8257
226.65,11111
227.21,5667
226.49,22591
228.7,31505
230.18,13168
230.22,4881
229.05,9331
229.62,10671
229.29,12221
226.92,6919
226.39,11507
225.72,15369
225.97,6458
226.03,6048
225.61,25914
224.42,11732
224.1,14240
225.07,11944
224.01,13073
223.37,25329
223.26,37608
224.07,27375
222.42,22366
222.43,17616
222.69,14137
223.13,19282
220.12,61245
219.55,20877
218.06,13594
218.91,7892
217.74,21165
218.8,13487
217.95,45179
216.14,16208
218.29,13159
220.76,17537
220.81,14168
220.22,9154
220.56,49044
218.87,1201
221.28,4278
222.44,1551
222.61,4177
223.21,7301
223.53,4807
224.05,1605
223.82,3038
223.21,1637
223.59,18758
224.83,8340
224.45,6164
223.69,3510
223.58,4320
223.83,4515
223.96,9034
220.77,3063
221.08,5347
221.72,4945
222.24,8952
222.04,3897
221.83,18985
222.14,5690
221.49,1786
220.94,8926
221.19,6054
220.91,7311
221.23,21682
223.85,6579
223.37,3694
223.19,10357
222.6,7154
222.48,7994
222.8,26147
223.3,4441
224.52,5625
225.14,3529
224.88,3702
225.14,4626
225.23,11636
224.85,10948
223.71,11204
224.99,6988
224.48,8320
223.84,16844
223.81,53934
224.42,41330
225.2,20045
224.76,8581
224.7,18117
224.71,6041
223.95,44890
222.66,8522
224.07,7104
224.01,16331
223.55,9725
223.92,12175
224.88,17674
223.06,30040
221.06,12552
220.48,7915
220.15,3490
221.03,18875
219.6,48700
218.91,17546
219.46,7312
218.81,2867
219.54,9663
220.11,7384
220.32,37532
221.95,14824
221.77,7188
221.37,5756
222.35,5029
222.85,5521
222.34,27514
225.48,10455
225.2,6692
225.05,5236
224.57,5397
225.04,8497
224.41,39488
223.43,10052
225.45,12409
226.75,11281
226.33,9885
226.67,16263
227.14,25191
226.31,10458
227.14,7128
227.95,6447
227.84,5571
228.22,7640
227.39,25987
229.56,15879
229.18,20213
229.72,11131
229.42,9042
229.43,14191
229.65,22185
228.82,21365
228.21,13437
229.04,10975
229.3,14675
229.46,9889
229.93,42014
240.76,62043
238.99,23137
239.94,17119
240.09,64471
240.06,39941
240.4,61708
240.09,44052
240.87,28134
242.61,21617
242.98,24723
243.34,23695
242.22,38388
245.73,28407
246.71,40083
248.13,34759
249.05,32312
248.85,19263
248.71,83469
245.68,22115
245.4,23970
244.41,23229
243.92,12893
243.04,16537
242.28,46467
244.64,19120
244.72,7511
244.71,10807
244.65,9023
244.38,16936
243.81,31725
244.02,5749
243.15,8947
243.63,12977
243.59,7184
243.86,11247
243.72,76874
242.12,14273
243.82,10678
244,14834
244.12,26684
242.78,19883
241.91,41630
230.5,64010
238.48,31661
237.93,14976
237.62,10197
237.27,17232
237.34,36163
236.71,8498
237.81,30517
236.98,13019
237.48,11055
237.35,39643
237.07,48377
237.77,22392
237.06,6136
236.66,6005
236.51,15298
236.89,17318
236.42,47714
237.58,9386
237.41,10610
237.39,5346
237.07,11488
237.12,15228
236,22078
236.82,27842
235.26,15940
235.05,10406
235.08,5887
234.71,14975
234.48,22274
235.56,10857
235.78,8339
236.35,6400
236.16,8596
236.79,7954
236.62,39162
238.67,29439
239.51,11166
240.2,15272
239.29,9767
238.96,13164
239.69,39214
238.33,15203
238.82,11983
239.22,10445
240.27,11579
240.38,10094
240.97,31234
240.98,7650
241.41,7603
242.01,6393
242.44,5519
243.29,7604
244.21,35090
245.76,10358
243.61,9353
243.95,6677
243.32,2518
243.84,4674
242.54,19091
243.07,6328
243.64,11435
244.01,7540
244.37,3733
244.23,6638
243.82,13210
240.08,10239
239.14,6874
238.38,10707
238.09,12134
238.69,9080
239.56,14190
240.13,7395
239.36,4105
238.57,5849
239.31,8456
239.86,17428
240.53,40571
235.24,19177
235.4,8147
237.48,6871
237.25,10255
237.53,11754
238.04,40921
237.58,4349
237.71,4273
236.42,4970
236.2,7497
236.76,3666
236.69,31144
236.75,16816
237.95,19281
238.36,14669
239.13,12209
239.24,27902
238.92,44009
240.68,8807
240.2,10464
239.41,4824
238.99,8035
238.09,4249
238.78,20970
238.95,13530
239.54,13231
238.61,4601
238.89,5895
239.64,10379
237.86,15713
239.79,7121
239.41,6438
238.73,4458
237.72,4356
237.84,7024
238.99,29088
242.5,10268
241.62,7100
241.77,9025
241.64,11310
240.82,18113
240.21,33310
237.57,28088
236.42,32242
236.15,26944
236.69,7053
237.44,9515
237.55,57497
238.4,13544
236.52,9795
237.55,6382
238.32,8183
238.32,13932
239,27656
236.78,10446
239.17,8736
238.12,19569
237.73,15251
237.71,27609
238.13,28001
241.35,16540
240.35,12528
241.16,18119
241.89,15009
243.19,12340
243.43,38338
237.76,17888
234.83,14965
235.32,8676
233.92,12683
233.35,13643
234.15,43974
229.6,9409
229.92,5967
231.31,5895
231.41,5072
231.72,5556
232.6,20814
231.76,8338
231.14,9621
229.34,6197
229.97,4878
228.6,7808
229.19,28027
230.15,12741
231.16,8360
231.42,9948
231.32,7281
231.2,10329
230.96,25409
231.53,14104
231.4,5832
232.19,2516
232.83,7947
233.78,20439
233.36,50604
232.85,10064
231.32,9616
230.41,17264
231.01,8835
231.92,14719
231.8,34248
231.68,12361
231.76,5510
231.63,4289
231.12,3952
229.48,9594
231.32,31648
229.53,16367
230.05,12744
229.63,9930
228.98,14191
228.06,21390
228.71,45854
226.48,5744
226.9,6857
226.26,6485
228.09,4758
228.36,8601
228.56,23096
231.92,23790
231.12,14103
230.28,20082
229.25,12939
229.48,19261
229.17,29657
229.77,7685
230.1,5584
229.17,3635
229.8,4785
229.99,5738
230.67,26394
231.16,4495
231.73,8942
231.9,6070
232.25,6909
232.2,4558
232.29,33234
230.6,8517
229.92,7442
230.27,4171
229.53,3675
229.69,3410
230.24,16901
229.79,10962
228.63,4846
228.38,6469
227.76,4384
227.6,5204
227.25,18787
228.3,12283
228.9,6099
229.37,7009
228.99,13206
229.64,18751
230.8,43667
230.29,13474
231,9763
231.8,5139
230.86,8432
230.78,11178
230.46,24006
230.44,13388
231.06,3678
231.76,1602
232.3,2888
232.19,3168
231.91,36898
223.08,29876
223.37,36610
223.91,19577
223.26,24682
222.59,37413
221.39,78245
213.49,73921
211.38,36384
211.53,21416
210.28,17709
211.44,19970
209.22,67340
203.48,48762
206.03,41951
203.18,20717
202.87,21414
206.57,23481
204.87,59488
211.09,17265
208.61,19008
209.01,14598
206.71,10533
205.75,7741
203.84,46369
204.4,27040
201.84,18806
202.4,11541
204.6,41100
217.3,44842
215.38,73195
213.74,28992
213.26,51068
211.87,50422
212.76,44917
214.3,48612
214.94,83502
212.64,20852
211.38,13579
211.52,17413
213.25,16944
214.14,11759
213.68,27995
215.09,11593
216.44,26443
215.15,21875
216.56,17856
217.36,11916
217.81,43309
217.76,30518
217.28,36170
217.32,27387
216.38,56260
215.22,41674
215.29,73380
213.25,32279
214.45,39834
213.85,20568
213.37,22996
211.4,25957
211.36,48410
214.87,16617
214.48,8218
214.61,14942
216.18,10945
216.57,13378
215.97,32177
212.04,23382
209.62,7507
208.7,8049
209.84,10589
209.04,11265
209.43,38106
212.21,16752
212.69,11201
212.79,16436
212.49,13653
210.27,21087
211.93,41095
218.42,28951
216.58,27010
214.47,8494
214.23,11043
215.27,20684
214.47,46369
205.6,32706
207.87,32617
208.37,29467
208.52,18839
209.38,20648
209.68,55061
207.55,26803
208.12,17525
207.82,12360
207.57,21915
206.92,23608
207.64,62206
208.43,13422
208.63,6562
207.98,6838
206.85,13055
206.62,9634
206.84,32220
207.2,9390
208.08,7821
207.53,5573
207.99,5985
209.85,9140
209.57,23690
206.03,4131
207.27,5839
208.21,4830
208.18,1652
208.38,6098
208.45,43024
209.22,13935
209.61,6325
208.93,8176
208.11,15773
209.59,8794
209.32,29557
211.09,23487
212.65,9002
212.39,13401
214.45,9485
213.79,19618
213.74,31489
211.98,27998
213.64,5476
213.36,1705
212.84,2358
212.78,9620
212.68,9935
210.24,14162
209.09,9160
209.06,5087
208.72,4627
208.74,4453
208.84,23979
208.59,24696
207.99,13329
209.17,6844
209.36,5489
208.85,10867
209.12,32015
210.52,12789
210.11,23704
212.47,9236
213.52,12561
212.38,14360
212.54,47699
211.91,21044
211.26,5618
211.38,27778
210.35,9095
211.41,11174
211.43,23923
223.12,62865
224.4,25323
223.78,9098
224.93,11248
225.87,23676
225.46,45762
226.1,14286
224.75,16387
224.26,11054
223.57,8563
223.92,16083
223.95,28084
220.87,11312
221.33,11896
222.08,12318
222.4,9629
222.58,10513
223.05,45886
223.56,6693
223.54,11987
224.52,13257
224.94,14620
224.78,17769
225.8,80465
225.75,11409
225.34,9932
225.65,20515
226.42,6127
226.32,6239
226.28,17442
223.38,17631
223.93,10992
224.29,19254
224.36,23304
224.46,5737
224.14,38145
224.52,12945
223.79,7425
223.92,5708
223.83,5409
223.62,9536
222.94,31994
221.14,13909
219.96,16159
220.56,2041
220.76,8811
219.48,9323
219.09,22591
217.89,11763
217.36,6166
217.62,8648
217.55,2301
218.7,3330
218.73,11868
216.74,10794
217.35,26010
216.74,15205
217.05,10958
217.49,10341
217.57,28157
217.77,22748
218.95,33107
219.02,13513
219.05,13250
219.34,24681
219.33,43090
219.44,12981
218.68,6110
218.23,3887
218.47,7195
217.93,12419
217.65,47891
217.13,22492
216.75,6565
214.96,7898
216.43,10779
216.74,7779
216.9,38813
217.37,10974
217.33,12518
217.35,6639
216.97,5561
217.93,13852
218.38,41928
214.44,33731
214.88,19368
215.13,13483
214.94,19617
214.89,16249
215.45,60728
215.53,77173
217.08,31566
217.63,21474
217.65,21673
217.96,16999
218.11,60373
215.89,43617
216.61,29194
217.19,13617
217.54,17429
218.03,9856
217.88,28567
215.9,5817
216.82,7972
216.79,9134
216.52,11032
216.73,7653
217.32,19368
219.93,18472
218.79,25996
219.38,4109
219.45,4586
219.18,8905
219.51,20831
220.43,13609
220.02,27783
220.25,15460
220.66,6925
221.16,12336
221.07,41846
220.75,16663
223.45,32133
223.83,6556
223.78,1778
222.88,12880
222.43,26829
221.74,10767
221.43,11013
221.67,3706
221.71,4499
222,9327
221.65,25537
220.66,9523
220.66,4960
220.11,8147
220.65,6384
220.92,5374
221,17307
220.57,5839
220.65,7262
220.59,3973
221.04,3559
220.78,4451
219.65,29244
221.08,10508
221.44,12422
221.14,9786
221.78,8526
221.69,13481
221.3,37991
218.73,16743
218.48,23279
217.89,5285
217.73,44781
216.59,41796
216.37,66893
217.47,24431
218.01,26508
217.62,3704
216.71,58641
217.15,16661
217.43,68743
219.27,22406
218.12,17644
218.24,4877
218.23,7027
217.65,9032
217.82,31318
219.45,9645
219.35,9475
219.21,24401
218.35,17544
219.96,35875
220.29,53504
223.12,19855
223.01,14530
223.08,11054
223.33,5324
223.12,9990
223.27,28322
222.68,12744
222.05,6553
222.75,3828
221.92,3984
222.34,4861
222.52,17622
224.27,9473
224.42,10136
224.58,15880
224.46,6940
225.5,19426
226.24,39952
226.48,7902
227.19,2405
226.83,6282
227.06,7301
226.46,25598
225.96,38197
227.08,6014
226.94,3765
226.49,4066
226.65,3734
226.72,17266
226.43,61749
226.63,9229
229.82,13975
232.2,16978
230.56,7734
231.17,6871
231.87,35655
231.55,9716
231.8,8994
232.17,3785
231.5,4248
232,9420
233.01,22304
234.22,9134
233.7,4810
233.95,22554
233.95,0
232.72,13254
233.04,11220
231.86,7517
230.99,12041
230.63,13004
231.04,40238
231.96,7255
233.87,3612
233.14,4744
232.65,6466
232.72,11062
233.12,36623
233.55,9882
232.52,4668
233.4,5650
233,5529
233.6,7843
233.34,26260
234.48,16873
235.82,9840
233.95,6193
234.4,4606
234.09,6465
233.67,41963
231.54,12780
230.97,18841
230.76,22703
230.73,10180
230.66,8096
230.8,41929
229.8,14239
228.91,16161
229.68,5343
229.79,3356
229.58,10233
229.66,27198
228.76,5573
228.26,15282
228.92,10014
228.1,7160
227.96,8973
227.86,28324
227.48,7687
227.32,25107
226.92,3755
227.12,5697
227.05,6113
227.33,38752
225.75,38388
224,27871
224.13,29266
224.05,21603
223.6,21314
223.82,33729
221.79,45692
219.75,43400
220.31,26832
219.85,14696
219.41,16307
220.62,52587
222.36,10381
222.67,8193
222.68,8591
222.75,10753
223.11,17528
223.23,40481
224.92,12400
226.06,14626
226.24,16142
225.41,13839
225,24738
224.41,38264
223.8,13046
224.63,13446
225.22,25476
225.2,17393
226.03,26198
226.17,132177
222.76,54883
221.87,86346
220.69,54678
220.24,62208
218.51,56470
218.32,132396
220.9,89357
220.33,54443
219.81,26516
219.83,50740
220.08,36373
221.67,83459
222.15,67571
225.07,64938
226.04,42789
226.06,22502
224.14,25193
224.55,97549
219.31,208176
217.76,174583
216.66,149179
217.97,91047
218.3,69466
218.98,272067
219.29,56554
219.29,52872
220.25,22235
220.57,34003
221.87,48271
220.39,112990
219.82,29065
218.73,25338
219.49,18053
218.99,17609
218.49,34293
219.3,47577
216.23,25512
215.8,18812
216.16,5933
215.9,6448
215.25,12619
215.64,53157
217.12,28433
218.34,19964
219.09,16489
218.85,9680
217.44,18814
217.47,64120
218.2,21606
218.08,9142
218.23,5501
218.62,6701
218.84,6269
218.94,28926
219.6,25512
220.82,34528
221.57,28869
221.9,14855
221.36,26664
221.94,47036
221.4,25146
219.54,27248
219.1,34153
218.83,22816
218.93,39852
218.63,84054
219.77,13406
219.8,8672
219.27,5102
219.5,21933
219.16,22273
219.02,31077
217.67,24410
215.46,21356
215.89,19333
215.4,30881
215.42,22537
215.23,50617
216.4,15169
216.27,6796
216.99,3843
216.01,8804
215.63,14071
215.44,70067
217.37,17629
217.39,19250
217.89,17204
218.91,7290
218.4,5850
218.67,29429
216.95,18950
217.44,24533
217.16,22165
216.08,15891
215.8,26926
216.25,73733
218.68,24940
217.95,17079
217.72,11402
217.59,11429
217.93,17487
217.56,35448
216,11346
216.65,13693
217.36,14816
216.76,26507
216.81,26297
216.2,56310
218.34,123909
219.18,92565
219.11,13100
219.02,14295
218.85,12325
219.05,45065
222.07,26183
222.41,43132
222.34,42802
221.7,30277
221.89,35011
222.17,61322
220.52,14806
220.69,36245
220.36,31128
221.72,38939
221.63,17850
222.09,45765
224.83,25489
226.98,171824
222.99,24288
224.37,21884
223.61,14922
224.04,29257
222.59,16965
220.93,10977
220.48,27904
217.39,99034
219.58,31605
219.3,66128
217.87,23866
217.83,10444
218.68,7797
218.77,3095
219.05,6766
218.6,32141
218.53,19713
218.02,28654
217.38,14007
217.03,24624
216.98,23447
217.28,53304
218.34,51279
218.16,46441
218.05,23654
217.97,34740
217.7,33730
217.3,88356
220.68,26023
219.64,9621
220.45,12527
220.4,16616
220.93,11143
220.07,40991
218.15,18199
217.63,38777
217.39,28802
217.49,36450
218.87,34862
218.49,62246
218.34,10859
218.5,10644
217.59,18545
217.16,28101
217.05,26218
217.75,38542
220.03,10929
219.49,18731
220.4,9161
219.92,11831
220.22,11986
220.25,47027
220.6,26132
217.32,16761
217.51,9034
217.62,18634
216.91,24787
217.41,79075
214.77,38045
216.33,24272
215.83,20911
215.56,32042
214.83,22412
214.83,96211
215.66,45333
215.58,28023
215.06,28425
214.64,24494
214.66,19256
214.27,52920
213.32,47331
209.81,48229
209.83,33983
211.26,34300
211.2,38191
212.14,84738
213.92,37533
213.3,46912
213.23,36271
213.93,11652
213.32,49189
213.22,74304
212.95,73862
211.97,64110
212.29,71906
212.24,63504
212,47863
211.89,130454
212.7,21807
212.95,32370
212.53,33102
213.24,33552
212.94,33040
213.39,84436
214.58,16692
214.65,21857
213.77,18772
213.7,22878
213.46,22140
213.63,79684
215.46,16212
214.96,18327
216.2,42819
216.02,18060
216.39,32790
215.21,76410
216.49,34822
216.89,22715
217.25,17278
217.68,17984
217.6,22157
217.7,69054
218.07,23540
217.75,16550
218,20618
218.77,31870
217.94,49857
217.74,128969
221.66,74020
223.81,71339
225.4,36051
224,19573
223.47,41135
223.35,180614
225.18,67174
224.78,73722
224.26,25095
225.29,50054
224.82,70491
225.28,126193
226.6,54404
227.36,36833
226.86,38572
227.25,47666
227.56,29607
227.16,129258
228.92,34585
229.49,19545
229.42,38508
229.53,40008
228.82,50562
229.53,110532
231.36,18030
230.79,11806
230.7,19861
230.95,43488
232.06,67833
232.51,98230
234.01,32746
233.86,42315
233.41,37825
233.56,19920
233.28,19853
233.27,85380
233.86,23385
232.7,24516
233.07,16524
232.96,18745
232.63,28269
232.82,63369
232.3,52777
232.53,29701
232.49,28783
231.73,19118
232.23,38466
231.75,80406
233.59,15147
232.18,23538
231.5,21028
231.46,13832
231.29,28980
231.7,83081
234.28,40238
233.89,46463
233.96,28561
234.5,46518
233.74,35492
234.18,91200
233.41,30833
234.35,8373
234.35,18568
234.89,26990
235.43,35436
234.46,86759
233.49,35193
230.84,21117
230.17,14427
230.04,12847
229.55,13580
229.61,50135
228.1,34998
228.3,15425
229.54,15583
229.77,15065
230.35,20172
230.75,31323
227.78,13837
229.38,23737
229.66,23359
229.12,8263
229.71,3654
228.92,29726
229.96,9737
226.74,23110
224.49,11803
224.38,6484
224.67,13765
223.26,43632
223.44,13077
223.44,17613
224.45,6816
224.42,4004
223.76,10266
223.4,28744
223.06,14016
223.73,10174
223.93,11175
224.37,14001
225.01,6354
225,42906
224.84,20825
223.41,10041
223.58,4698
223.45,4524
223.99,5348
223.75,46763
221.95,28237
221.34,32495
221.26,19182
221.75,14293
221.61,16038
222.34,49638
222.97,28203
223.64,18931
225.71,19015
224.96,20020
224.31,16656
224.5,52660
224.62,25056
226.15,24420
226.33,16016
225.38,12636
225.68,17506
225.55,48674
223.38,18388
225.36,15409
225.08,13604
224.81,20275
224.27,19145
223.67,55729
224.47,31593
226.08,25751
225.36,24969
224.83,24448
224.2,15286
223.48,88269
222.92,39030
218.66,58914
219.61,53652
218.43,35678
218.35,36323
217.73,103356
216.77,28810
215.83,35031
214.69,43748
214.27,31354
214.32,26910
214.82,77085
215.52,30533
215.85,21195
216.07,15134
215.88,14827
215.08,33238
215.29,76939
216.13,16525
217.96,15798
217.39,13420
216.85,11446
216.84,18980
216.04,53743
215.19,33750
215.07,15636
215.2,10288
215.59,23272
214.62,45639
214.56,63200
215.59,10555
217.41,14553
217.21,13194
217.23,16253
216.61,18375
216.63,55106
215.99,9329
216.24,5366
216.02,14465
216.16,39095
216.48,11297
217.44,71081
217.24,40686
217.99,19861
217.57,29870
216.12,12956
217.2,18807
216.83,59889
216.04,12177
217.04,11679
217.31,5388
216.68,6390
216.92,9536
217.18,37685
217.22,11879
216.01,10237
216.53,14202
216.71,13392
215.75,11586
215.58,39851
214.44,13734
214.93,5102
214.15,6092
214.09,8132
215.17,10462
215.03,53812
217.34,38922
217.65,43326
217.67,31376
217.56,18797
217.6,21379
218.4,44133
220.35,33968
220.45,15716
220.9,6795
221.6,6013
221.61,14968
221.91,66364
221.92,10062
222.2,11788
221.71,16477
221.58,11118
221.69,10292
222.1,40863
223.94,12863
223.98,9751
223.63,7282
223.07,3161
222.53,7104
222.42,36179
219.93,7713
220,5968
220.06,10611
220.22,10073
219.9,12866
219.21,37818
218.84,7858
219.59,4399
219.95,9317
219.94,11317
220.56,30406
221.44,31035
220.01,21466
220.01,12825
220.12,13137
219.75,6088
219.35,19982
218.71,56099
218.57,14245
218.32,10172
218.6,29781
218.79,8367
218.43,18098
219.3,57016
218.81,20114
218.37,45520
218.61,19607
218.94,15998
218.4,42499
218.56,92953
220.08,16100
220.49,22528
218.85,37804
218.64,31115
218.35,37734
219.05,77686
220.17,24171
222.6,14688
223.99,10784
224.02,10291
224.33,9603
223.87,99168
221.52,11570
221.47,7983
220.44,11333
220.54,20433
221.76,27067
221.32,119132
223.84,14532
225.13,12817
225.78,10837
226.38,4207
225.95,6009
226.13,34189
227.82,10766
228.75,9436
228.77,10308
228.77,6543
229.03,13376
228.75,37720
228.45,5130
229.04,5023
229.47,15744
229.47,0
230.56,17127
231.01,21597
231.01,7799
231.19,9152
230.95,12792
229.99,34816
228.71,15430
230.29,23928
229.89,34336
228.71,12403
228.69,10051
228.85,37299
232.2,17196
231.32,18630
231.46,11830
232.98,11470
233.02,10702
232.29,34438
232.52,24105
233.66,30392
234.14,16199
234.46,10638
234.66,23472
234.55,49552
235.05,22732
235.3,13977
235.24,12152
235.77,13875
235.57,20745
235.22,44142
235.69,14533
235.56,5970
234.92,12067
234.49,14524
234.52,10965
234.78,34934
232.84,13188
232.77,6795
233.29,11029
231.11,8998
231.82,15929
231.71,56425
232.29,8875
232.22,5630
232.08,4635
231.68,9754
232.34,16356
233.99,56641
232.67,43271
232.72,18386
233.27,22919
234.3,16829
233.96,21965
233.98,94552
236.14,6223
236.52,20111
237.37,17860
237.34,8844
237.94,12245
238.27,41336
237.63,14787
238.14,4558
237.38,13406
237.9,7040
237.97,9986
239.41,30323
238.45,6921
238.15,11927
235.91,6487
234.51,8412
234.72,7077
234.68,42613
235.18,14907
235.32,6961
235.11,9264
235.21,6105
235.42,4967
236.62,22420
235.81,13630
236.33,9884
235.09,6452
234.59,11462
234.03,7236
233.25,42014
231.44,22251
231.66,9036
232.19,12039
233.33,10666
233.15,19141
232.75,37597
231.51,10353
232.86,6783
232.76,8157
233.09,4341
232.4,9230
233.43,21092
232.72,6657
233.12,3143
232.51,4103
232.69,5149
232.5,4847
232.85,40326
233.32,5869
233.59,8319
233.45,10438
233.45,0
233.03,1187
232.57,726
232.2,716
231.69,1274
231.79,4258
232.13,4992
232.61,9146
232.58,2388
232.22,2086
232.35,3907
233.05,6626
233.1,10866
233.2,5841
232.99,7141
232.78,16573
232.46,10737
232.82,20455
232.19,43719
231.44,7736
230.61,6372
230.73,8727
230.44,3412
231.07,2018
230.54,16122
229.01,6070
230.62,6818
230.97,2104
229.82,3912
230,8700
230.99,16872
230.62,13175
230.02,14197
231.26,6678
231.45,6455
232.82,16655
231.95,43281
230.6,10689
231.3,13907
232.02,9039
232.09,16110
232.58,13566
232.63,24911
231.35,23951
228.64,26074
229.13,31969
228.75,28120
227.29,9961
226.49,82340
227.6,9439
227.22,9288
228.67,7772
228.5,4981
229.4,4167
229.38,28821
228.68,17159
226.02,17868
226.21,13040
226.61,16720
226.53,18269
227.31,77775
224.9,39832
226.34,27898
226.31,18384
226.73,22141
227.02,38008
227.07,69468
228.46,13777
228.15,24195
226.82,19470
227.07,16322
227.92,11156
227.77,51947
228.22,12950
226.57,12794
226.5,10067
226.57,20042
226.67,18672
225.37,44558
227.42,10986
227.47,13249
228.09,9956
228.2,8960
228.16,17985
228.81,57428
230.01,9425
229.87,10760
229.49,6688
229.42,9313
228.59,14927
228.67,43002
221.07,99347
222.2,24519
221.63,34595
220.56,17398
219.79,39880
219.39,72638
224.35,17012
225.5,22555
225.59,29690
226.09,17555
226.97,24922
227.78,55776
230.79,35080
231.09,30178
230.92,45139
230.67,15024
230.45,20749
229.57,64849
231.66,20340
230.66,33111
230.4,8790
229.03,22745
228.99,12240
229.65,39569
228.8,24295
229.47,28341
228.69,34948
229.09,28662
229.34,39567
230.25,170337
234.74,84274
232.28,47148
232.16,35300
230.46,20104
230.57,26762
231.24,72593
231.89,36238
230.89,25145
229.4,41891
228.72,22338
229.13,36085
229.04,50914
227.32,32368
229.93,12298
230.21,17587
228.79,21054
231.1,20360
231.57,61719
231.46,28996
230.29,24383
230.77,16191
230.59,6843
232.5,17717
233.33,84650
232.01,53913
231.97,33808
231.23,34878
230.48,48025
230.3,68456
231.74,81876
237.94,30440
239.93,22466
239.22,19231
239.14,18433
237.75,13494
239.04,65680
243.7,28017
248,27709
249.12,21150
248.98,25544
247.83,27900
249.09,89516
250.45,47403
249.31,25567
249.91,14492
248.66,17770
248.89,21730
250.07,34421
250.2,21460
250.28,17371
249.49,21844
249.15,13810
251.12,10930
250.66,58579
248.93,9521
251.42,5631
251.79,11036
252.6,13678
253.16,14250
253,67120
255.79,28630
256.5,24500
258.04,26067
259.02,20402
259.18,22299
259.36,89617
262.1,20303
261.68,18206
261.55,15086
261.72,21295
261.15,29129
260.48,86124
263.09,36187
261.62,51565
259.98,33474
258.53,22529
260.35,25761
261.27,103108
258.38,26173
259.83,12178
260.9,13740
258.99,21021
259.18,23086
259.49,48585
261.89,26109
261.13,28309
260.9,12485
261.15,11325
262.41,27575
262.03,59330
260.87,16995
261.9,13706
261.87,9279
262.26,7070
261.53,14401
262.12,28850
263.53,18799
262.31,19813
262.36,9989
262.55,8546
263.23,17262
261.71,36513
261.83,30764
264.5,10656
263.79,12524
264.1,16267
263.93,18663
264.21,29082