162.33,12409
162.33,0
162.33,0
162.33,0
162.33,0
162.33,0
163.15,14985
162.99,13869
162.52,11576
163.13,10426
164.44,19379
166.77,50210
168.75,26817
166.09,12059
166.01,3951
165.93,6830
166.4,25380
166.4,0
164.34,22019
164.14,11994
162.92,25277
160.59,12917
160.31,9776
160.12,71186
158.62,8752
159.26,11824
160.42,4123
159.25,9839
160.76,15120
161.16,47129
162.04,21816
163.08,11439
164.02,20846
165.08,23886
165.31,29170
165.51,80028
188.47,205753
189.9,278086
189.99,78261
188.9,43597
189.25,68256
188.82,138121
187.19,71950
189.09,61704
188.54,20468
189.39,30958
188.86,13912
188.46,62003
186.45,19546
190.29,16316
188.83,12265
188.5,7962
188.75,21035
187.85,36171
185.81,22671
183.3,21991
183.78,19184
184.5,24529
186.13,18977
186.16,61851
183.99,19620
185.43,5958
185,8307
184.61,11019
185.7,16150
185.74,39559
183.8,24517
184.34,7217
184.75,14623
184.7,13626
184.89,23431
184.38,33033
186.48,16935
186.24,5060
185.69,4101
185.44,3604
185.15,3615
184.95,19486
183.09,31089
182.74,24271
182.33,22365
182.44,31620
181.92,24906
180.93,90062
179.74,14137
178,29870
177.89,15052
177.53,16732
175.78,31971
175,38636
174.16,32758
173.74,26451
175.44,21008
175.8,35789
174.93,37036
175.66,69831
178.38,12682
179.11,27395
179.07,24426
178.67,12662
179.33,10301
179.02,32607
177.39,18075
175.86,4987
176.39,8940
176.28,4949
176.39,9085
176.37,31906
174.39,24170
174.25,20934
173.76,15819
173.34,13257
172.91,16625
172.07,39965
173.3,12450
173.75,18737
172.1,6689
171.78,13691
172.25,25231
173.35,36006
172.95,26311
172.82,43806
172.79,8323
172.08,10813
170.96,24706
172.81,45150
173.53,19509
171.94,9826
171.48,21373
171.27,26531
170.72,20595
169.7,37232
166.47,23452
167.59,11045
166.94,8598
165.89,7587
166.61,10062
168.31,43147
170.91,23398
172.95,14826
173.9,14158
174,13423
173.82,26497
172.91,34632
171.35,12746
170.91,8959
171.77,7600
171.9,7328
172.51,9849
172.41,38426
172.31,12621
170.43,14181
169.1,4940
169.47,11776
168.46,8375
169.67,22619
170.96,14467
173.42,32415
174.84,16057
175.48,14113
175.89,30479
174.85,23692
177.27,40697
176.99,39583
177.21,13302
176.73,8075
177.2,9079
175.82,31377
173.77,22521
171.77,11052
171.54,14788
172.55,28761
172.69,35287
172.36,34843
171.65,31397
168.23,33877
165.61,29464
166.87,23875
165.83,11411
166.08,60516
166.08,0
166.08,0
166.08,0
166.08,0
166.08,0
166.08,0
170.83,18081
171.01,43562
172.34,20523
172.12,23742
171.36,19497
170.67,37207
170.13,14219
169.06,14936
169.2,7907
169.05,4786
169.67,11933
171.02,42556
172.03,13973
170.4,8851
169.79,2990
169.99,5848
169.56,5508
169.12,21938
170.4,10099
172.37,6834
170.31,5666
169.12,7440
168.56,3846
168.83,31022
171.97,30956
173.01,22262
172.6,15484
173.39,12009
172.57,7817
173.42,33547
176.96,30622
178.9,21239
179.07,8564
178.33,8857
177.94,23882
177.89,41048
178.13,24872
180,15100
180.67,12209
181.79,25015
182.76,29028
183.52,75360
180.27,31645
181.07,15580
179.77,8679
180.26,12469
180.57,7327
181.22,54890
180.76,19735
181.31,19959
179.91,4216
179.5,8834
179.67,5447
179.67,21748
180.54,6988
180.03,6402
179.91,8243
179.65,4767
180.07,5272
180.07,24970
179.09,14327
178.8,10931
178.98,11275
179.02,10134
178.32,13602
177.69,30210
177.25,10337
176.94,15748
176.88,7614
176.57,12260
176.64,11312
176.79,45186
176.45,4814
176.29,2918
175.6,4966
176.2,13934
176.87,7160
177.16,21967
180.51,6539
180.69,7674
179.34,3695
179.92,2713
179.73,6910
180.47,33491
184.74,33335
183.74,13342
183.86,20956
183.72,12240
182.27,4243
182.99,34949
183.37,9873
181.41,6311
180.85,4239
180.85,4672
180.8,5808
180.9,28242
180.73,13313
179.37,7890
180.06,5222
179.29,8581
178.98,10555
178.68,49373
174.14,33738
171.58,11504
171.13,34006
169.07,21066
170.05,14424
170.58,44500
168.65,25105
168.64,10526
169.04,11101
168.02,11014
168.3,21442
168.93,45468
165.61,43550
162.17,22221
163.19,14933
162.96,23743
162.4,16793
162.55,67305
160.84,19262
161.48,19137
161.46,10493
159.9,9063
160.38,13587
161.36,36120
159.07,32110
157.42,19240
157.53,25939
157.98,25041
159.22,17241
159.44,40405
153.94,42114
156.02,25666
157.58,11654
157.76,11748
157.9,13604
157.67,29676
160.22,23937
157.3,18079
157.32,7743
157.6,23035
157.61,5845
157.99,40136
157.83,15569
156.37,11177
156.52,8938
156.63,14391
155.73,18559
155.29,46447
154.53,22086
155.1,8482
156.26,3313
156.77,5325
156.34,3427
155.74,15378
155.62,8618
156.35,10237
155.4,7753
155.87,4823
156.39,10262
155.89,30034
154.56,10315
154.38,4077
153.56,3420
153.78,11475
154.71,10491
154.37,29730
155.8,19538
156.74,11865
157.48,2685
157.1,9116
157.13,6883
157.28,30880
157.42,9273
157.95,7829
158.3,11010
158.71,24994
158.07,6736
157.18,29166
157.67,9860
156.98,3870
156.32,6528
156.12,10678
155.87,12756
155.81,47312
155.56,33042
155.94,53194
156.14,27876
157.08,23292
156.06,26192
155.87,68164
151.85,44985
152.77,23503
152.39,41788
153.65,38460
153.42,28105
154.54,70142
151.5,52445
150.84,60070
150.63,24254
153.13,24807
151.84,14955
153,73953
152.62,31682
151.29,23111
153.18,13758
153.64,20165
154.17,25637
153.23,73913
154.4,15099
155.4,8215
155.71,12080
156.94,14499
156.73,13422
157.36,44084
155.11,23120
152.48,15603
151.42,18134
150.71,11671
150.79,18325
150.21,58463
148.23,37737
147.84,26725
147.78,29452
146.74,27605
145.11,23051
145.14,75629
147.9,27196
147.25,24513
147.47,12683
146.57,10830
146.94,18381
146.56,53822
147.74,18389
148.03,12810
148.1,14428
148.05,20528
147.6,27334
149.72,38926
148.75,15906
148.35,10997
147.17,20303
148.54,10275
148.09,14007
148.26,69879
145.5,26708
147.88,18025
147.54,10195
149.17,12322
147.71,11390
147.54,52840
146.89,21456
146.57,23394
147.29,32219
148.68,27903
150.79,38159
151.04,47066
149.58,21520
148.87,16104
149.94,12130
149.17,23413
150.77,13211
150.86,36549
150.11,21834
149.72,65816
149.37,16181
146.78,13852
147.01,58093
147.67,79485
143.78,41769
145.28,26322
145.18,22649
146.21,18436
145.68,18488
145.11,54941
147.72,12899
148.12,14838
148.35,18245
148.71,20033
148.45,9746
148.01,24866
148.98,21090
148.5,7719
149.95,3912
149.86,9185
150.72,10295
150.96,26468
151.39,15737
150.49,7285
151.15,5718
151.54,8300
151.52,21595
152.32,22225
147.23,48176
146.74,19020
145.85,16074
145.56,11818
144.53,14820
144.65,53104
140.47,38022
138.81,40814
140.34,27671
139.9,31445
141.18,21644
140.66,62260
139.83,31183
139.31,16245
140.09,15323
139.24,8514
140.26,13699
140.91,42182
143.61,20591
144.16,12263
144.76,9993
144.49,11150
144.26,15197
144.97,81113
143.12,27621
142.64,9780
143.33,12995
143.45,23552
144.26,13855
144.35,38096
142.84,25067
145.46,16886
144.52,10619
144.55,9972
144.94,19835
145.11,49685
149.12,21086
148.87,12176
149.15,6361
149.46,11458
149.22,10254
148.31,26421
151.25,19020
150.28,11731
151.3,17621
151.22,7316
151.08,13334
151.13,48533
149.69,41361
151.04,21213
151.68,16983
151.88,28820
153.03,32950
152.07,89339
151.62,24862
150.58,22780
149.54,9839
150,14600
150.2,19141
150.39,46061
151.33,16073
151.23,10250
151.51,12708
152.21,15161
152.15,7862
152.05,40378
153.23,22164
153.53,36275
153.09,3974
153.42,12825
153.45,17595
154.24,50068
156.5,14313
156.13,18467
155.92,13818
156.01,11405
156.72,9552
156.43,44624
152.73,16123
154.55,21826
153.34,9964
153.77,11901
153.87,15914
154.05,50659
152.17,21682
151.5,14371
151.45,7733
150.41,12801
149.14,18485
148.39,60467
150.27,20948
149.08,18051
149.54,12969
150.86,14119
150.14,7578
148.57,36838
143.84,32746
145.11,18942
144.71,16650
143.74,20714
144.54,19698
145.26,33945
142.32,18416
141.68,17304
143.06,26481
144.15,35657
144.49,21343
144.98,60683
146.83,20603
145.08,9845
145.01,16836
144,14589
144.56,29044
144.56,48809
148.95,39498
148.31,16169
147.45,15068
146.5,9451
146.95,38770
145.81,54126
144.04,17204
142.6,12821
142.85,9852
143.41,15635
142.57,14879
142.59,48118
143.72,43689
141.7,32890
141.83,8600
142.43,12851
142.42,25716
143.8,43831
144.59,19257
144.6,13474
144.25,12880
144.08,4990
143.97,25516
144.86,127303
144.37,42263
146.15,33594
145.87,14035
146.34,9807
146.55,9222
146.93,35925
148.41,41174
147.5,76794
146.71,38505
146.19,14867
147.29,29117
148.01,156597
152.58,40241
152.41,14769
152.47,7337
152.95,5493
152.6,7585
152.67,42671
152.4,10731
152.31,6395
152.25,6152
151.57,7620
151.14,8706
151.44,19055
153.24,8996
151.58,9099
150.68,7249
150.49,3471
150.18,10775
149.97,24026
148.74,37723
150.2,21861
150.13,15271
150.13,9388
150.56,10795
150.61,48056
148.38,29364
149.92,32147
150.96,34813
152.87,20055
152.74,38202
151.58,79850
153.19,18066
152.03,8231
151.8,8863
152.06,8591
153.37,14716
154.11,37135
151.92,16665
152.23,17163
152.72,11734
152.12,6605
152.28,5627
153.34,21273
152.42,37678
153.24,13225
153.2,5974
152.92,9902
152.7,11984
154.13,28215
153.92,25890
153.52,23369
153.72,23212
153.55,17464
153.73,14808
155.11,35842
152.62,25886
154.22,12638
154.16,3138
153.73,4886
154.35,7639
154.78,24847
155.22,13841
154.41,19172
154.17,14034
154.26,13946
154.13,13149
153.62,33381
151.77,41891
150.8,35559
149.87,14206
150.55,6394
150.3,12959
150.19,47929
147.56,15824
148.63,7402
148.85,4781
149.95,10702
149.02,14082
149.27,52328
146.95,20400
146.45,16452
147.39,8406
146.04,10556
147.23,18111
147.63,41497
150.79,35859
151.51,13786
151.83,11953
151.94,14049
151.65,8140
151.66,43782
152.27,5002
152.63,5932
152.82,8509
151.81,10941
151.33,10053
150.78,43020
151.69,36068
152.1,10369
152.45,13920
153.02,4303
153.53,4886
153.65,50115
154.07,12966
155.19,9393
155.71,5603
155.04,8938
154.91,4812
155.31,20184
156.15,13938
156,10499
156.16,8727
156.45,14203
155.57,11066
155.44,60190
156.19,11882
156.53,11821
155.87,11214
155.17,10378
155.12,10712
155.46,38131
157.81,25034
157.51,15197
157.52,11941
157.65,11142
156.77,12518
155.98,50926
150.54,45178
152.17,36580
150.08,22903
149.95,32571
150.47,28046
150.17,64456
150.81,22915
151.5,9326
151.69,9910
151.4,8299
151.54,22079
152.52,42852
154.06,16854
155.31,10718
155.55,8950
156.07,9243
156.62,13102
156.74,45236
159.31,33829
160.91,33161
161.05,34352
162.05,25855
162.29,33343
162.53,79174
162.34,25700
162.73,16971
162.45,14020
162.12,13506
162.2,17855
162.76,36759
160.04,11120
161.43,4503
161.35,17169
161.98,15179
161.3,18018
161.91,52374
160.99,8522
161.32,37581
161.31,7742
161.22,9431
160.63,6774
161.15,16336
160.23,11473
161.18,2693
161.5,2919
161.11,2885
161.12,6574
161.67,13998
162.1,19708
162.55,22124
161.72,13577
162.57,14633
162.62,16578
162.85,50458
164.33,20246
165.39,16970
164.85,12878
164.11,9069
163.82,14779
163.08,41265
163.11,22651
163.71,21333
164.14,22717
163.64,23114
163.3,31538
163.39,54196
167.15,23992
167.95,21077
168.44,12146
168.18,12643
168.24,22560
168.3,59043
169.92,25798
170.58,25713
170.59,21303
170.89,17756
170.43,16157
169.74,50088
170.18,13140
170.29,9362
170.72,8284
170.51,11243
170.75,4523
171.05,30189
172.32,26017
171.66,17450
172.27,10815
172.57,13642
172.34,2999
172.75,22276
173.42,18923
172.52,14767
173.45,8039
173.35,10815
173.99,12217
173.19,33815
172.01,26272
171.74,15442
171.86,11362
171.93,13735
172.42,11960
172.34,21560
172.5,15302
172.88,13693
173.45,15619
172.95,14733
173.56,20460
173.91,46265
173.79,33152
174.25,19098
174.48,13192
174.65,8636
174.6,10006
174.53,57899
173.32,35945
173.15,26157
173.63,20988
173.69,30664
173.7,38345
173.56,58260
173.01,22186
173.09,27128
172.91,23457
172.13,22764
171.77,31298
171.86,40277
171.66,16562
171.35,10612
171.45,8355
170.59,9363
170.67,21126
170.44,37932
171.57,15199
171.45,11429
170.56,11675
170.34,7059
170.73,13679
171.11,37809
171.61,19437
169.34,21028
168.73,14511
168.56,14586
168.72,13678
167.68,48284
166,27418
165.57,22093
166.57,16062
167.05,9994
167.17,10944
166.61,32334
165.28,32142
164.21,26945
164.29,26016
164.15,29917
164.19,24225
164.08,47600
163.41,21490
163.41,29351
163.88,14067
163.62,8282
163.72,10827
163.14,40250
163.31,14819
162.64,8957
162.85,7376
162.56,5300
163.75,8629
164.87,30804
166.99,19930
166.47,19173
166.74,15947
164.82,8392
163.64,19862
163.48,78908
161.33,46393
163.65,29443
163.64,16536
163.46,15687
162.79,22971
163.38,49489
163.54,34170
162.65,11873
162.34,11568
163.04,13038
164.24,6033
164.93,46755
163.77,13048
164.19,10188
164.01,11557
163.33,9395
164.05,8273
164.31,27994
166.68,13131
167.01,10000
166.47,7991
166.49,8944
166.88,7412
166.79,46486
168.4,30125
167.83,23685
167.98,16362
168.03,11438
168.51,14651
167.99,26513
164.76,10131
163.8,4990
164,5398
164.37,12086
163.67,13291
162.85,37229
160.84,10498
160.84,6730
159.89,15913
160.43,12185
159.43,19153
160.11,35175
159.55,29272
157.87,14122
156.94,18746
156.97,15663
156.56,64856
155.24,74882
146.83,105048
147.89,48069
148.21,33490
147.85,20484
147.56,25982
147.79,82372
149.89,25901
150.87,19146
149.48,6541
150.35,16099
150.34,16671
150.33,51960
149.17,12548
148.54,9867
148.66,9221
147.39,17527
146.81,26687
147.14,52074
148.54,21085
148.65,10577
148.84,13780
149.42,12738
149.75,98238
149.51,74682
142.4,26643
142.01,19841
141.07,14159
141.38,12427
141.57,69959
141.73,61516
138.13,45877
136.6,21161
136.84,20367
136.8,24775
136.89,31891
136.11,81002
136.48,20393
136.72,19633
135.46,12308
135.25,28589
134.83,22276
135.64,46738
137.8,24042
138.88,10559
137.59,14283
137.72,13486
137.77,14807
138.34,46461
138.79,25270
139.41,27189
139.9,18880
140.49,28607
140.43,18320
140.19,73360
139.31,21732
138.64,15601
138.59,10002
138.15,17837
137.39,15548
137.74,41462
138.02,9076
138.08,8400
137.65,7539
137.29,8914
136.76,4896
136.79,43260
134.97,22513
136.04,14177
135.77,9146
135.81,7645
136.43,12564
137.79,51253
139.52,16655
140.56,10348
140.59,22491
141.03,13012
141.18,15664
141.6,38456
141.92,21657
139.95,10683
140.22,20740
141.07,21585
140.88,25369
141.33,63537
140.4,19535
140.92,19990
140.25,9644
140.39,7315
139.78,19276
138.51,39639
135.74,8932
136.29,36395
134.6,23107
133.95,22501
133.79,15431
133.35,42807
133.8,17008
133.43,15599
133.96,10509
133.07,17400
133.79,18855
133.96,36379
133.33,11651
133.79,14290
134.47,13921
134.99,13492
134.87,10724
133.6,46853
134.72,17248
135.15,10198
135.51,9598
134.99,9875
134.38,5895
134.37,38405
131.61,12945
132.82,17158
136.65,9190
137.23,8781
137.49,8063
137.77,28286
138.21,11244
136.99,9411
136.33,7079
136.44,7018
136.27,8043
135.93,25752
138.01,8959
137.95,12072
138.45,4417
138.38,9807
138.68,11394
138.06,37600
140.3,23809
139.3,13579
138.85,12064
139.42,13319
140.28,13144
139.23,42746
138.69,17942
139.1,12210
139.83,10753
138.79,13559
138.74,18314
138.95,32689
136.11,22927
137.86,11532
136.42,8043
135.21,9532
134.89,9581
135.13,41902
137.66,22573
136.39,15591
137.76,14496
138.13,11751
138.33,12983
138.27,40496
141.81,46437
141.31,35990
141.08,36622
140.46,28081
139.92,42141
141.04,124747
145.53,99739
143.81,50538
143.17,31694
141.45,47440
140.58,26454
140.14,85995
139.75,54418
141.74,34914
141.74,29379
141.65,50561
141.97,22032
141.53,82421
142.07,24465
142.13,18787
140.78,25404
140.26,12640
140.26,16207
140.11,46936
137.44,54487
137.4,22251
137.75,40625
138.82,44546
139.32,17448
139.81,82327
139.43,9866
140.02,15076
141.4,17190
141.68,23196
141.83,15291
141.11,44564
140,33341
138.63,17612
139.9,23657
139.74,14870
139.74,22380
140.09,40633
138.95,18739
140.26,8138
140.7,9253
140.71,9429
141.05,63921
140.57,30721
134.97,24097
138.48,13655
138.18,14501
139.12,13676
138.32,12928
139.08,52520
138.1,21465
138.37,34288
136.53,7735
137.16,3313
137.05,12082
138.07,41434
140.09,13695
140.63,11948
140.45,8442
140.47,10407
141.2,17196
141.68,42111
142.77,11111
143.25,18777
143.06,17622
142.94,8183
142.1,64099
141.65,21133
140.54,12272
139.98,11791
140.09,7900
139.3,12109
138.74,14384
138.51,47303
143.82,30405
144.64,19591
145.6,5484
143.66,12216
143.87,15237
144.75,50005
147.41,30100
149.73,21388
150.08,31262
150.59,27153
151.17,25989
151.03,64745
152.8,27338
152.21,17758
152.24,17764
152.7,27758
153.39,19493
153,42806
152.99,18643
153.06,12229
153.43,15964
153,28314
151.7,13565
153.07,62479
151.81,15703
151.48,10256
151.32,16770
150.81,14237
150.24,17312
149.61,41344
146.07,26094
145.41,22014
148.03,12006
148.56,10104
148.61,9576
148.37,27457
150.12,20763
149.97,21102
150.73,61998
151.11,31970
151.45,26590
151.24,52308
152.06,9984
151.83,18273
151.98,27822
152.68,17425
152.44,25108
152.44,36790
153.14,18591
153.88,12374
153.85,6480
153.31,10374
153.85,7882
154.06,31434
155.21,4271
155.55,10605
155.1,5642
154.92,5052
154.91,4832
155.08,13872
155.06,8908
155.14,6980
154.95,19115
152.87,22720
153.45,15607
153.29,13346
153.08,11429
152.39,16506
151.68,55172
154.88,50005
156.06,20309
155.24,20980
155.82,11658
156.19,16361
156.07,46197
156.89,54615
156.91,23793
156.91,33894
155.92,24951
157.74,34368
158.12,64594
161.35,30962
161.2,30913
161.34,19315
160.7,17730
161.73,24748
161.61,42863
158.95,32599
160.11,26646
160.52,33992
160.13,23918
160.38,30142
161.05,60383
156.67,27457
156.35,52382
154.56,57579
154.61,24722
153.82,29510
153.61,50255
148.9,80823
148.45,48807
148.6,66284
148.49,45073
148.02,24904
147.27,50166
148.49,85359
149.55,67048
149.29,88183
149.06,57361
148.61,17561
148.25,80033
150.91,37879
152.5,41916
151.38,24260
152.4,22612
152.16,29843
151.53,67862
151.66,80563
150.85,89031
151.19,111811
150.72,96589
150.98,58718
151.19,52002
152.21,23456
153.04,22048
153.63,14094
154.34,16362
154.01,31290
154.11,105880
159.3,85340
157.9,41483
156.78,43359
154.82,43284
154.81,21706
155.5,39686
156.77,25907
158.16,26857
157.59,28091
157.55,35654
156.81,26383
155.88,52437
152.37,39985
152.89,21504
152.51,26269
152.74,23995
152.72,24072
153.19,50280
152.85,34925
151.76,48552
150.76,27754
150.7,27286
151.01,45871
151.27,116246
151.2,26125
149.73,23016
150.13,25745
150.94,25367
150.1,41570
150.29,66612
149.65,17695
149.86,10162
148.12,10022
148.38,9032
148.08,11467
147.86,57261
148.18,20793
149.27,10011
148.97,11879
149.37,7519
149.17,7917
149.52,36461
147.8,61702
146.98,17108
147.33,14602
146.93,10292
146.41,9335
147.68,52198
147.54,15747
148.79,4497
149.3,6157
149.52,5691
149.34,4913
149.85,18466
149.22,9347
149.37,11474
150.21,4498
150.19,6007
149.75,5721
149.63,28834
149.64,8381
148.26,7619
148.03,13424
148.2,9944
147.88,12690
147.8,28916
148.36,7227
148.57,6052
149.08,5332
149.09,9209
148.86,3555
148.81,19425
147.43,5212
147.35,3038
147.51,2301
147.38,4343
146.32,8480
145.82,13981
147.34,18543
148.79,10737
147.81,13048
147.53,7585
147.55,14703
147.86,25200
149.31,7932
148.99,11097
150.32,7540
149.74,15512
150.09,14422
149.81,31332
148.35,25828
147.51,20371
147.33,33172
146.97,49687
147.31,91326
147.37,34741
148.17,114793
149.45,45621
149.44,20832
149.46,60830
150.57,84923
151.56,209313
153.31,29271
154.8,33084
154.57,13556
155,20358
154.65,17187
153.87,51976
152.05,28327
151.35,15616
150.77,12129
150.14,13394
151.12,22524
150.76,34376
153.01,36817
151.73,14868
152.34,11358
152.97,17570
153.68,19888
154,65800
153.78,10576
153.89,9761
154.87,17070
154.99,19167
155.36,21774
154.91,42709
154.62,18310
154.5,18157
154.35,15176
154.31,15139
154.28,12497
154.25,29103
153.1,13493
152.38,15052
152.34,16834
152.12,25983
152.2,39758
151.89,69817
152.12,54489
151.59,25654
150.77,27199
150.63,15341
150.93,15624
150.82,148704
147.32,26331
148.34,20211
148.79,12563
148.99,14109
149.3,11814
149.86,34067
148.53,9049
149.48,5660
149.25,4225
149.48,9561
149.69,11221
150.05,55406
151.31,10806
152.34,12714
152.47,9861
152.77,8853
153.27,11830
152.45,27682
151.84,22623
153.49,16451
152.2,11062
151.77,9042
153.12,10187
152.71,19087
148.85,9323
148.67,5647
149.34,3808
149.88,6842
150.46,6080
150.46,24175
149.63,19624
149.97,6784
150.53,10209
150.71,11695
151.14,8142
151.38,19760
154.07,36921
154.04,28979
154.16,11230
154.47,11065
154.41,23764
154.88,63723
153.41,32768
152.43,19039
151.73,12162
151.56,12803
151.33,23240
150.29,57947
156.05,66050
154.88,25503
156.14,46897
157.15,35027
156.4,48178
156.59,92284
156.7,51314
153.9,57580
153.75,29135
153.58,51797
153.52,35906
155.29,71496
160.31,40730
161.53,28994
161.76,42105
162.75,35054
163.83,36272
161.82,55245
159.63,34016
161.67,23095
162.01,11726
161.67,12415
161.87,23899
161.87,32324
160.52,33065
160.61,16182
159.99,14819
159.75,12036
159.85,19528
160.35,42801
158.56,15885
158.26,6237
158.58,10049
159.87,14387
158.57,7199
159.95,27185
158.67,9866
158.55,9952
158.12,6386
158.41,3116
158.19,9725
158.47,22109
157.7,27705
158.25,7426
158.31,15015
157.45,10512
157.24,17210
156.99,34966
155.79,14817
156.3,9316
156.35,4557
156.62,5723
156.45,10990
156.56,32053
156.62,29137
157.49,22651
157.4,7961
157.75,6399
158,9733
157.79,26783
158.26,9276
157.54,15243
157.22,5643
157.89,7168
157.94,8297
158.51,19451
157.57,12772
157.37,7562
158.09,6766
157.78,6932
158.08,7922
157.81,15603
155.46,9853
156.42,9875
156.39,5525
157.25,5093
157.67,6347
157.94,26077
155.61,6415
156.21,13959
155.31,5804
155.48,3271
155.92,4501
156.35,14444
151.47,26392
151.24,14460
151.12,6613
151.82,6206
152.41,13049
152.62,38745
152.21,5833
152.58,5043
152.49,6044
152.91,8287
152.55,11421
151.43,22047
153.63,58861
153.09,17325
152.34,15511
152.23,11889
152.86,25584
153.46,28014
152.51,17970
152.96,14977
153.42,6613
153.46,7502
153.86,10071
154.47,26427
156.59,9219
156.47,8111
155.51,8797
156.35,11382
156.39,19551
155.86,28810
155.72,21514
156.59,11196
156.44,9757
156.72,6906
156.58,13789
156.21,34843
156.37,7335
156.77,22458
157.58,6401
157.25,4876
156.7,8976
156.24,22569
156.96,7009
156.55,6857
156.6,10527
156.52,10937
156.79,13291
157.07,44287
158.73,13457
157.91,14535
158.42,10335
158.36,7278
158.36,20600
158.69,27201
159.43,11807
159.2,14293
158.88,6431
159.14,13765
158.57,17777
158.98,26407
157.56,19516
157.39,6838
157.18,13266
157.13,8813
156.5,14681
156.38,26158
156.48,18682
156.22,26066
156.54,8982
156.57,13600
156.56,11145
156.97,19886
159.69,23348
159.51,17778
159.47,19909
158.65,32828
156.97,31546
156.88,43343
155.58,28463
156.8,17096
155.51,31422
154.98,16269
153.55,30304
155,69981
154.05,33665
154.31,46325
155.72,36489
154.93,23124
155.54,35080
156.31,75610
158.73,18086
159.45,27467
160.13,32147
158.84,25308
157.51,34087
156.85,68277
154.73,39269
156.32,17668
156.89,15621
155.94,27200
156.97,25516
157.37,71812
158.92,38553
160.32,37341
160.59,30832
160.88,19836
160.04,20288
159.84,102925
161.21,62297
159.49,35659
159.43,24020
158.8,38200
159.68,53498
159.81,99398
156.62,38293
156.71,18112
156.39,15347
157.18,9090
156.94,10257
156.36,25247
158.48,32289
158.79,14929
158.73,10116
158.74,22016
157.82,18747
158.65,46090
160.35,21557
161.33,26141
161.26,12536
160.95,11799
160.52,18856
160.83,34637
158.82,24691
160.6,8758
160.71,5903
159.67,13513
159.8,11144
158.14,50455
158.08,31087
158.12,10061
158.05,13067
157.92,21683
157.82,13781
158.11,27769
159.76,21373
158.9,11722
158.91,9730
159.21,17148
160.07,9911
160.26,35965
160.87,13773
160.53,9806
160.27,6094
160.11,7447
159.44,9027
159.8,13678
162.32,16716
162.01,10870
162.44,5601
162.16,10504
162.37,16248
162.67,46998
163.48,11255
163.91,8186
162.78,6977
162.01,23411
162.15,9285
162.89,20572
163.7,10965
163.82,12678
164.17,5226
164.31,7561
164.19,12455
164.46,45869
164.73,11395
163.65,12627
164.14,3127
164.16,6622
164,5955
164.49,34442
165.09,21100
164.03,10147
162.5,13487
162.39,5276
162.93,10134
162.7,42562
163.65,7201
162.96,4392
163,4114
162.68,12324
162.67,12403
162.4,50799
161.54,13850
160.65,9239
161.3,12087
160.7,14986
160.3,13654
161.12,26456
160.74,8878
162.17,6646
162.23,3842
162.66,4590
162.33,6118
162.42,37411
163.22,23423
163.9,18767
164.57,10900
164.75,10727
164.64,9665
164.78,28435
164.61,8846
165.43,4481
165.47,3218
165.23,4330
164.93,49515
162.77,41347
161.66,11183
162.59,6912
162.68,11063
162.78,5730
162.91,6976
163.62,19521
164.17,8504
163.94,4261
164.12,4383
163.94,8377
163.74,11003
164.3,40013
165.58,15585
165.43,8822
164.88,5092
165.02,6029
164.53,10145
164.94,30695
165.46,6395
165.53,3265
165.4,2737
165.19,7434
164.87,6454
165.35,19942
166.77,20992
167.28,11478
167.03,9933
167.08,9945
167.41,13009
167.43,37741
168.57,16867
168.29,9266
167.83,8544
167.74,8984
167.32,12065
166.74,63180
166.8,18181
166.91,10236
166.66,5952
166.59,8363
166.95,5762
166.58,41123
167.89,38521
167.67,23194
166.73,12662
167.22,12617
167.06,18563
167.2,71479
152.61,73124
151.49,42630
152.02,51625
151.87,38364
151.45,44530
150.82,102187
150.34,32651
148.64,14683
148.93,10852
148.66,10105
147.15,16086
147.31,27806
149.18,33585
149.04,19130
150.04,22522
150.47,18514
151,21220
151.97,42170
152.67,25690
153.01,13560
154.04,13216
153.92,11186
153.32,7669
153.38,29113
155.1,10551
155.54,19005
155.15,19059
155.68,7251
155.93,6928
155.95,13853
153.72,16627
152.52,13833
152.73,14386
152.86,8675
153.35,11555
152.76,50686
151.71,18814
150.88,11049
150.91,11906
151.17,18333
150.85,31829
151,93284
148.77,24462
147.72,9039
148.13,19962
148.5,12612
148.51,17290
148.35,24470
149.53,4156
149.4,6494
149.04,3481
148.66,17318
149.14,6411
150.33,30403
149.59,7782
149.56,7387
149.42,3203
148.56,1755
148.78,8934
148.87,32951
147.8,8169
148.3,5033
147.84,3723
148.01,5642
147.57,5863
147.87,14079
147.46,6486
147.03,6686
146.9,16805
146.13,17435
145.67,4887
145.95,20073
145.08,14739
145.29,10005
145.12,6247
145.45,10503
145.17,12983
145.54,26109
145.92,5934
146.15,9941
146,7607
145.19,6563
144.69,12222
144.19,37004
144.38,20093
145.06,13104
145.04,14171
145.31,15819
145.18,9812
145.26,40227
143.85,18956
143.58,11351
144.07,8602
144.12,14570
143.89,14030
144.04,27992
144.47,8394
145.24,9548
145.07,10760
146.19,8179
146.96,14339
147.29,62681
147.64,13374
149.26,10887
147.49,10092
146.93,7860
146.45,3975
146.91,31202
147.69,4356
147.63,9244
146.76,4348
146.99,3532
146.82,9083
147.51,16066
146.73,8648
146.54,9216
147.69,11879
148.1,8012
147.71,14843
147.65,53772
148.26,9582
147.47,6124
148,5095
147.32,3868
146.89,9189
146.44,34271
145.05,8728
145.74,5633
144.9,3433
144.63,6056
144.76,5382
144.87,13549
146.62,15252
147.14,13214
146.87,8883
146.78,11211
147.35,9705
147.6,40429
148.33,10208
148.34,10200
148.01,8551
148.19,6018
148.41,6440
148.62,15163
146.76,17947
146.69,6427
146.72,5766
146.02,4261
146.1,7315
146.5,17561
144.43,14813
144.5,8195
143.57,3295
143.78,11061
143.62,12364
143.71,32778
143.64,20504
145.37,9618
145.5,9666
145.14,6536
145.24,8749
145.21,58219
145.18,10601
146.31,4548
146.26,5574
146.82,6076
147.24,10662
147.13,42272
145.24,13568
145.5,7183
145.49,3448
145.44,11760
145.34,7138
145,19121
144.19,12521
144.94,5076
145.33,4745
144.5,4339
143.75,10357
144.08,27538
145.46,8344
145.99,9129
145.53,10038
146.26,5404
146.69,12144
147.25,48970
146.79,16271
147.48,11244
147.03,6659
147.39,7326
147.53,7938
147.11,82195
146.72,22423
147.02,22805
146.72,4275
146.92,4902
146.94,5521
146.76,19050
147.84,14849
147.32,19591
147.13,8889
147.25,9113
147.22,7060
147.68,37566
148.18,32372
148.3,18863
148.04,18949
148.51,11036
149.17,9154
149.08,21383
150.23,19125
151.3,28452
152.06,9774
152.11,5749
151.26,9898
151.04,21463
152.28,14666
153.06,14536
153.83,11206
153.96,13230
153.84,9841
154.2,42429
155.15,9318
154.7,30068
153.5,18808
154.46,5824
154.35,10194
153.99,45376
152.89,9984
153.02,7331
153.16,6903
153.87,6002
153.59,7477
153.3,24021
150.93,20064
150.73,6637
150.76,10945
149.84,18966
149.56,3551
149.83,98738
148.91,22596
148.47,21320
148.75,11140
148.64,17034
148.68,10961
148.44,69440
147.19,18061
147.22,15648
147.15,6801
146.76,25040
146.51,29557
145.62,62983
147.8,19449
147.63,27809
147.99,39141
148.69,51052
148.43,17288
149.14,51343
149.65,8088
150.2,18418
151.14,5976
150.54,6551
150.7,21475
150.54,34125
150.7,12225
150.51,4843
150.69,13464
151.27,8100
151.2,9251
151.26,47888
151.6,14601
150.98,13013
151.13,4927
151.13,11027
151.08,8289
151.37,47624
152.01,31853
151.96,9552
151.68,5524
152.03,7766
152.55,8465
152.79,121734
157.79,50779
158.39,43820
158.6,67596
155.42,20610
155.33,34087
155.9,12571
155.22,11078
154.8,11042
155,37813
153.7,26784
153.52,16492
153.69,5037
154.1,10043
154.23,7951
154.4,32582
155.67,7764
156,4465
155.63,2633
156.57,6644
155.96,12979
155.48,44951
157.25,17379
156.58,9772
157.06,8845
156.64,7254
156.81,11516
156.36,34233
157.9,19834
158.89,17837
159.59,10162
159.42,10301
159.2,4567
159.52,35108
161.54,13855
161.22,17741
160.25,4713
160.95,7047
161.02,5644
160.71,26445
161.63,13811
160.81,16404
160.73,11135
160.57,10198
160.23,11682
160.32,54443
159.1,21931
159.41,3971
159.21,8849
159.21,6633
159.54,8373
159.51,19216
158.22,14189
158.06,8861
158.41,3760
158.61,2552
157.88,3278
157.49,37530
159.03,10124
159.03,8602
158.59,9227
158.31,4984
158.53,4236
158.25,31787
160.48,5660
159.86,9971
159.71,5165
160.33,10331
160.26,4466
160.26,48647
160.47,12845
162.1,17928
161.8,6086
161.72,11164
162.02,12007
161.66,27089
161.73,4975
162.72,13839
163.02,9684
162.44,10783
162.15,7550
162.23,29816
162.87,16174
162.53,4268
162.67,5619
162.62,6449
162.54,12770
162.13,13775
162.53,9389
162.9,62412
164.19,117986
158.94,39316
159.6,20620
160.53,77648
158.31,32698
158.69,14093
158.9,10926
159.04,13907
159.25,44048
158.97,75473
159.96,19365
160.28,10113
160.59,5673
161.17,11495
161.04,12567
160.55,25136
162.34,14871
162.9,9441
163.09,5059
162.77,7838
162.27,3971
162.44,26936
161.89,11086
161.91,8061
161.69,4465
161.67,4303
161.41,9010
161.19,21138
160.98,10385
158.88,11614
159.13,17124
159.15,5633
159.42,6057
159.71,38016
159.53,18674
158.62,11950
158.57,11595
158.67,10929
158.62,8336
158.25,21217
157.56,20709
158.81,10924
158.77,6984
158.47,12541
157.6,27462
156.97,60377
157.08,7802
156.88,12343
156.93,26729
157.28,6447
156.6,11306
155.9,20020
156.94,26861
157.72,38774
156.93,26070
156.84,16369
157.4,12291
157.36,47278
153.23,43857
155.22,40098
156.65,19881
155.54,18416
155.08,12605
155.48,44833
155.6,28037
154.61,5923
154.79,6676
154.13,7075
154.82,11593
155.78,39049
156.75,31508
156.36,16166
156.38,16748
155.69,12276
155.81,12938
157.08,34395
155.06,26645
154.33,14358
154.44,8337
153.63,9388
153.32,6445
153.44,23397
152.21,12432
152.56,5871
152.52,4334
152.65,3083
152.79,3887
152.63,10886
151.18,5785
150.98,3740
150.88,4652
150.96,3884
150.92,5558
151.05,32162
150.3,8873
149.92,20219
149.96,7619
149.79,8471
149.66,9273
149.22,28785
148.64,5077
148.24,5239
148.42,7242
148.73,18514
148.8,29292
148.57,55550
148.52,5220
149.32,8063
149.32,3066
149.38,6509
149.22,9467
148.93,17185
148.67,5320
146.89,7203
146.03,9093
145.84,7211
145.47,13345
146.27,31105
147.3,23478
146.5,4227
145.97,5956
145.79,3387
145.29,3287
144.92,11010
146.72,14539
147.01,5215
146.9,4165
146.45,4430
146.53,4774
146.61,18363
146.67,8608
145.67,7553
145.8,5737
145.8,6752
145.89,2748
145.79,24471
146.75,10350
145.41,5563
146.14,6083
146.55,4044
146.42,2922
146.85,13051
148.24,2947
148.05,2977
147.76,3371
147.41,4581
146.34,6042
146.54,15323
147.48,9545
148.18,9155
148.77,5784
148.8,10237
149.45,10687
149.25,29055
150.29,6480
148.98,3886
149.53,4609
149.51,8762
149.6,9028
149.71,8913
149.62,5903
149.28,5429
148.62,2444
148.34,2794
148.84,13416
148.15,27546
148.05,15828
146.94,9642
145.95,9819
145.99,12606
146.17,13738
146.05,63425
145.19,14849
145.09,8359
144.36,9488
143.97,16513
143.62,7040
143.41,55913
142.07,15485
141.68,13831
141.4,7302
140.58,10523
141.06,13103
141.49,42108
140.56,32717
140.16,13561
140.54,9490
141.05,4739
141.15,6169
141.07,38589
140.61,16903
140.91,9379
140.87,7533
140.63,12526
140.68,21172
140.17,34048
139.63,11367
140.31,4982
140.37,5552
140.48,7197
140.34,19531
140.44,56932
136.38,32488
136.01,19968
136.73,10019
136.66,6115
136.97,8466
136.53,40852
136.03,20521
136.12,7360
136.6,12096
136.84,19463
136.87,6819
136.57,24472
139.07,6585
139.41,5349
139.33,3400
139.44,6653
139.23,3865
139.5,30190
140.09,5310
139.58,5637
139.53,2417
139.34,4181
139.63,7468
139.59,21116
138.16,17703
138.75,5630
138.9,6137
138.61,10283
138.01,8004
137.63,20252
137.02,5025
136.76,6052
136.57,4710
136.84,2689
137.43,7073
137.67,15121
138.27,7164
138.33,5008
138.12,2834
138.31,4311
137.75,7489
137.51,34651
135.81,32401
136.19,11967
136.22,11588
135.78,9135
135.82,8930
135.42,65939
134.84,19028
135.31,6913
134.8,9857
134.54,16605
133.92,25861
133.94,36011
134.67,7571
134.95,5640
134.79,4601
134.76,5814
134.92,10952
134.37,25703
133.88,8220
133.36,15263
133.8,6946
133.18,24139
132.58,8229
132.31,44984
132.1,39349
132.06,16844
131.49,14661
131.85,11757
131.45,34930
131.86,36442
133.27,32549
133.91,27413
134.35,21137
134.44,36643
134.41,13778
134.66,87549
135.26,28569
136.5,21236
136.19,20560
136.13,14159
135.22,20469
136.03,43852
134.21,13280
134.1,20390
134.14,8896
133.94,7779
134.61,11585
134.45,64535
135.66,10993
134.28,10313
134.53,14473
134.48,13864
134.01,14232
133.79,55711
133.8,9356
132.71,10330
133.54,8324
133.61,12797
133.27,7837
133.35,25222
133.52,12217
133.74,8810
133.14,7971
133.57,4145
133.72,4445
133.73,21034
133.03,6900
133.21,6355
134.78,910
134,4727
134.39,7431
134.74,18079
133.42,4941
132.75,6312
133.65,6955
133.53,4533
134.61,5771
134.48,20019
134.82,12791
135.55,7543
135.94,7723
136.03,8285
135.44,10244
135.48,9940
134.96,13199
135.32,13735
134.16,5584
134,9555
134.14,7352
134.68,21242
133.8,11007
133.85,4265
134.45,9622
134.94,16524
134.48,7658
134.95,20675
136.76,9324
136.07,9799
135.58,6054
134.95,5107
135.21,4908
135.3,28854
136.85,24545
137.77,36456
137.51,23267
137.51,31060
137.71,14061
137.04,50179
136.18,9328
136.47,12277
136.84,12308
136.39,13340
135.77,12581
136.1,27947
134.53,18276
134.73,7652
134.86,5797
134.66,3025
135.32,5771
134.94,29620
134.69,23274
133.14,16126
132.99,17649
134.14,20475
133.57,13326
132.33,35523
133.11,12012
133.08,14240
132.91,18309
133,17755
132.9,17750
133.09,25362
131.53,30811
130.72,25810
131.09,21529
131.49,26585
130.52,39189
130.18,68894
129.95,19094
130.17,9648
129.48,14154
129.37,8223
129.45,7655
129.88,28489
128.39,19977
128.39,14185
127.84,7946
127.32,9376
127.79,17408
128.14,34551
121.38,120387
122.58,49636
121.85,25821
120.9,37979
121.88,75203
121.78,84735
120.31,33979
120.42,29443
119.47,13902
118.85,25864
117.57,38569
116.62,106234
117.43,26039
118.14,14898
118.45,32730
119.35,19992
120.31,9869
120.74,49979
120.59,26654
121.27,20172
121.88,34192
121.84,49760
122.49,47497
122.57,75345
123.59,8638
122.61,7788
121.34,16062
121.01,22629
121.07,16306
120.78,125891
124.42,36735
124.64,22868
124.29,17118
124.57,6038
124.32,14949
123.65,34745
125.82,6138
125.15,7470
125,2895
124.93,3466
124.81,11048
124.68,31273
123.6,9254
123.52,6075
123.83,3570
123.74,5435
123.55,10688
123.69,27790
123.13,13222
123.35,10050
123.21,4977
123.28,11024
123.28,8838
123.49,21102
123.9,21706
124.36,4992
123.69,6039
123.45,4895
123.67,3917
123.56,13920
123.41,18929
123.02,18987
123.82,11045
123.3,13567
122.08,29080
122.02,35535
120.53,15779
120.46,7208
120.62,18964
120.97,24576
121.02,22206
121.08,93879
121.53,23500
120.87,12993
121.32,9966
120.97,11066
121.08,11465
120.94,23720
124.52,16394
125.34,16980
125.62,8755
126.15,10398
126.31,16097
126.31,31995
127.42,29821
129.21,49847
128.47,27092
129.24,27982
129.9,54676
130.11,46049
129.88,36211
129.24,15482
128.42,12268
128.63,14948
128.49,13172
128.84,34050
128.86,7100
129.57,10630
129.83,17253
129.74,9648
129.89,24797
130.06,51350
129.68,39904
131.6,35413
130.95,26555
130.56,20721
131.28,20311
131.69,42685
131.6,28196
131.44,18468
131.58,14306
131.9,9981
131.77,22139
132.04,47137
132.78,9052
132.22,10181
132.71,11592
132.59,3305
132.45,6111
132.29,26776
133.28,18165
133.65,18339
133.62,24634
131.98,18358
131.99,11578
132.38,15135
132.01,13804
132.51,13550
132.18,46311
131.58,4573
132.26,5171
132.31,3979
131.57,10697
131.97,7129
132.57,18929
134.68,14631
135.04,11686
134.5,15516
134.79,12732
134.62,9706
133.98,27340
133.49,11093
134.69,6870
133.55,9396
133.29,5990
133.44,7707
133.4,25677
133.21,57336
134.04,27108
135.43,27657
135.69,11487
135.93,9038
136.2,56288
136.65,11198
136.61,10145
137.41,6156
137.06,7366
137.05,9101
136.97,17604
135.99,8651
136.33,3008
136.45,4855
136.48,4096
136.52,5788
136.21,8872
136.68,5787
136.11,28029
136.5,6005
136.46,19186
136.77,17486
137.16,25738
137.73,10707
138.26,9723
138.32,14627
138.24,8803
138.06,4693
137.67,36212
138.25,44769
138.66,7657
137.64,9873
137.63,7166
137.81,6879
138.33,15268
137.3,25596
137.1,24902
136.89,14998
137.03,7484
137.08,14229
136.87,28940
137.14,6092
137.78,4544
137.01,3785
137.23,5108
136.59,12595
136.76,12573
136.12,14221
136.86,9023
135.72,14902
136.01,7232
136.45,28707
137.84,43480
142.19,31006
142.22,28223
143.25,28619
143.3,23688
142.33,31894
142.43,65875
142.88,29095
144.03,25244
143.92,14628
144.13,15070
143.58,21504
143.42,37785
143.99,11961
143.36,16457
143.64,27207
143.59,11760
143.29,12647
142.45,32237
141.91,22501
142.38,16081
142.21,9063
142.15,14232
142.38,10173
142.13,31470
139.8,30792
140.28,27345
140.77,22666
140.65,18656
141.04,16922
140.08,81976
137.77,28243
138.03,10376
137.28,8071
137.01,8610
137.56,11013
137.23,31059
140.2,11169
139.53,6985
139.5,9089
139.77,10017
139.86,15247
139.42,35485
139.21,11628
138.78,6696
139.13,4131
138.97,3878
139.14,8165
139.17,12685
138.81,5578
138.55,4020
138.68,1972
138.38,1306
137.87,7820
137.81,14584
138.12,8686
138.25,6230
138.47,3504
138.32,5481
138.41,4277
138.79,15670
138.8,7093
138.36,5478
137.88,3801
138,1124
137.78,3407
138.09,16915
139.62,10539
139.89,8293
140.62,8607
140.59,11452
140.31,11761
139.85,45433
138.88,14670
137.91,12866
138.38,9518
139.55,8856
139.9,4414
139.11,19248
138.62,8105
138.98,9340
138.51,7005
137.85,8763
138.04,11347
138.32,25742
139.15,12446
140.13,5845
139.38,2776
139.07,3991
139.72,6245
139.06,19073
139.48,4479
139.14,5846
139.99,11381
140.09,2998
139.95,4429
140.65,14843
140.06,11328
139.83,3447
140.29,2972
140.68,4439
140.83,7637
140.37,25022
141.44,8018
140.62,3835
140.64,2715
140.6,3597
140.57,8458
141.18,32161
141.38,13190
139.99,10647
140.27,8096
140.85,12456
140.72,19587
140.32,72923
140.45,21378
139.86,7374
139.69,8560
139.7,13225
139.94,13256
139.65,45988
137.38,46098
137.86,34803
137.82,16080
137.63,17253
137.04,22544
136.97,44781
134.88,21822
135.66,11895
134.88,10851
135.06,12815
134.91,21017
135.35,58562
137.24,26952
136.42,9265
137,10453
137.04,8793
137.46,13170
137.92,27159
137.43,6855
137.11,5310
137.36,3734
137.79,7180
138.24,7778
138.59,21617
139.89,11524
139.38,6226
139.2,7504
139.26,4389
139.56,6821
139.66,28552
141.03,12641
140.06,11402
140.71,5981
140.42,5070
140.8,4198
140.65,12867
140.43,22500
140.66,7335
139.95,4261
139.63,9379
138.83,16103
138.43,28464
140.72,29971
139.4,15999
140.27,14010
140.56,11466
140.28,10256
140.31,35024
140.01,17686
140.06,8923
139.93,3977
140.21,2614
139.84,3112
140.36,16919
138.02,27135
137.98,23102
138.04,16957
138.37,15688
138.23,16432
137.91,50381
127.68,78104
127.78,49332
128.15,25875
129.37,28115
129.34,65851
128.9,188432
127.9,45756
126.43,64764
126.3,61794
125.29,39389
125.49,45525
125.85,94435
124.41,30630
123.57,23261
123.56,41349
123.67,28097
123.06,20173
124.06,45432
123.21,25222
123.92,23509
124.68,22509
124.45,28774
124.55,23163
125.06,37620
123.96,15557
122.82,10225
123.02,14491
123.28,11087
123.38,11434
123.22,50234
126.87,48949
127.27,50188
128.58,42731
128.15,42435
128.4,38442
127.98,138396
128.12,27630
128.66,22715
129.39,22680
129.66,26207
129.63,13399
129.68,28391
129.42,18978
129.1,10492
128.9,12222
129.1,10596
129.77,17710
129.9,40141
129.43,7855
129.49,4330
128.84,12705
129.12,13108
129.16,7619
128.92,44228
130.13,11174
129.66,11092
129.82,6565
129.71,9741
129.93,21335
129.74,17329
127.46,21199
126.72,11885
127.18,8759
126.84,8695
126.67,8830
126.17,42037
127.14,12948
126.52,12935
126.67,10713
126.49,16978
126.91,8756
127.11,34109
128.1,24244
128.2,6652
128.1,11402
128.38,9868
128.94,12423
129.52,43913
130.38,31202
131.34,29220
132.44,24536
132.16,17823
132.15,30458
132.15,55744
131.95,24949
133.09,22655
132.03,14640
132.34,22831
132.58,15822
132.64,47500
132.83,14713
132.19,16318
131.82,19441
131.31,14223
131.23,16077
131.19,44531
132.04,11668
131.52,7973
132.14,15265
132.03,7630
132.92,13837
133.16,29614
133,18276
133.28,21208
133.5,9097
133.35,12801
133.2,8645
132.56,33614
131.94,19814
130.6,8209
131.2,10448
131.03,11576
131.5,13603
131.33,29685
132.16,10083
132.13,6691
132.1,6237
132.09,10544
132.33,6835
131.92,29612
131.64,11970
132.01,8029
131.82,6238
131.31,8425
131.43,17518
131.26,27547
132.5,11591
132.39,5132
131.6,7615
131.84,4964
131.92,4245
131.8,13623
130.87,11588
131.3,6721
131.76,5169
131.17,5596
131.62,7439
131.88,15208
133.52,28999
134.6,21693
135.15,26362
135.26,14131
135.05,18513
135.03,61522
134.2,18154
134.61,17031
134.75,10061
134.89,6024
134.3,16098
133.42,40937
136.12,26342
135.27,12528
135.45,10083
135.76,7156
135.47,8469
135.54,32916
136.4,21268
137.47,12555
136.72,15040
136.65,12021
136.68,14136
136.63,30002
137.4,12726
136.53,18299
136.6,17369
136.28,10418
136.41,10767
136.71,41800
137.52,8584
137.28,10330
137.84,7355
137.71,12467
137.9,9670
137.96,36727
138.47,18950
139.53,31516
139.36,19578
139.27,13617
139.26,14308
139.71,54984
140.96,13739
140.4,12051
140.2,10853
139.83,13302
140.19,11570
139.39,93735
136.73,14825
136.67,16759
137.06,10373
136.68,10063
136.68,17144
136.05,41213
137.01,16631
137.38,7851
137.06,4486
136.69,9518
136.88,13624
137.11,35877
136.25,14136
135.78,9266
135.8,10934
135.75,13728
135.57,13373
135.31,28465
135.79,10050
136.45,12462
136.61,8088
136.47,4796
136.34,7227
136.27,33144
135.56,8506
135.97,11512
136.39,17397
136.28,14987
136.26,26474
137.33,41491
137.9,13048
138.12,13903
138.22,18442
137.99,13686
138.75,17680
138.52,37474
139.82,19381
139.55,22044
139.59,12815
139.05,14537
139.41,11564
139.41,37319
138.72,14621
138.61,15495
139.55,13110
139.32,10007
139.53,7598
139.32,25760
136.37,49603
134.7,45869
131.84,142493
129.03,74287
127.77,48999
128.43,81110
129.84,29532
129.91,14789
130.21,11102
130.55,6487
130.29,7212
130.39,35700
131.05,22981
130.84,16552
132.21,8570
131.91,8804
132.15,8812
132.38,30978
131.67,32061
130.9,24518
130.48,18011
130.54,32859
131.78,23651
131.54,29745
133.5,41784
133.23,17551
133.31,9516
133.52,14746
132.8,16192
132.68,51835
133.77,16498
134.26,9341
134.76,11856
134.79,9957
134.63,7579
134.96,29787
135.88,14268
136.24,6437
136.94,16949
136.94,14205
135.54,25235
133.49,30558
132.47,21032
132.88,26420
133.81,9316
134.39,8503
134.29,7915
134.65,32826
135.24,21543
134.32,10962
133.89,11312
133.93,4841
133.95,10226
134.13,55793
133.9,10449
133.94,3770
134.11,5144
134.12,4155
134.26,2342
133.82,26563
131.35,19103
131.18,14583
130.53,9347
130.82,28005
130.85,14248
130.44,34394
131.7,14573
132.04,12088
132.28,8501
131.88,4277
132.59,5682
132.55,10394
130.74,15061
130.33,5824
130.11,10423
129.32,17675
129.1,17242
128.86,23330
129.38,10048
129.25,9703
129.44,6046
129.02,12527
129.02,16227
128.04,37086
127.76,12475
127.28,31758
128.44,25480
128.56,28092
127.64,30405
128.37,101190
126.89,38253
126.07,29633
126.68,13164
126.44,23108
127.56,15973
126.95,38657
127.19,22037
126.73,9726
127.13,12186
126.63,5770
126.47,4780
126.53,33480
127.76,6698
128.01,6622
127.62,9375
127.96,9542
127.43,5974
127.3,47618
128.01,16090
127.9,11934
128.38,13597
128.62,23202
129.83,12663
129.93,38272
130.04,48947
132.21,10840
131.38,10436
132.02,10212
131.47,8129
131.57,38661
130.28,37809
129.08,27362
128.54,12012
129.34,9872
129.84,11337
130.25,35889
129.94,18535
129.39,13893
130.6,7181
130.75,17201
131.01,11435
130.53,22853
131.63,11518
131.65,9509
131.81,6347
131.48,3262
131.66,5372
132.07,19450
133.16,11242
132.59,6924
132.52,7084
132.36,4450
132.23,7831
132.14,31710
130.86,2921
131.69,2188
131.52,2790
131.16,5443
131.7,3072
131.5,11206
130.24,13978
130.28,4283
130.2,6228
130.39,4371
130.28,14141
131.81,20257
131.17,12784
131.3,10561
130.75,4403
130.98,11608
131.18,5919
131.38,17213
131.7,6064
130.93,3593
131.13,3080
131.22,978
131.27,2030
130.98,11844
131.07,10581
130.91,4082
130.67,3858
130.62,4755
130.67,4934
130.72,31412
131.34,14464
130.95,10008
130.66,10324
130.93,6319
130.54,7176
130.48,20708
130.93,10919
130.1,4821
130.09,4006
130.31,2811
130.66,4760
130.95,15688
131.67,8440
131.73,9015
131.26,4473
131.13,6444
131.32,5636
131.27,16917
132.43,5017
133.1,5818
132.75,1787
132.63,7761
132.78,5601
132.55,22462
134.75,17022
134.32,19674
134,12825
134.44,11947
134.35,24611
135.18,57018
137.11,26043
136.44,17612
135.13,11334
134.66,9476
134.24,2997
134.21,11533
133.32,5981
133.91,4209
133.8,3392
134.04,5933
133.45,6391
133.54,25954
132.96,9438
134.34,19050
135.02,2435
134.62,1504
134.35,4755
134.61,21574
133.58,7512
133.66,1892
133.77,1920
133.82,8348
134.35,5722
134.48,14673
133.96,7753
134.53,6653
134.39,4011
133.85,4306
133.85,3264
133.44,13102
132.3,9565
131.89,11360
131.42,13529
131.04,8352
131.11,7278
131.05,29583
129.92,14391
130.24,6701
129.48,13034
129.65,16882
129.32,19665
128.58,26724
127.26,41715
126.3,31782
125.8,24297
126.09,16622
125.96,13451
125.5,37533
125.24,11178
124.57,8054
124.51,4429
124.65,3547
124.47,3697
124.36,43133
125.07,6686
123.9,16236
123.84,13916
123.38,7694
123.05,7714
123.07,24681
122.85,13873
122.42,8143
122.47,3557
122.18,10538
121.55,12591
121.28,33737
120.68,16505
121.61,6590
122.25,7518
122.61,8498
122.65,11343
122.93,29873
122.84,16584
123.74,17923
123.77,17822
123.98,6134
124.32,5040
124.35,34079
125.01,11722
124.69,6176
123.86,892
123.87,1363
124.03,5687
124.6,12977
124.21,10933
123.71,5126
122.79,4940
122.77,4874
122.8,10147
122.71,26222
121.92,8291
122.61,4591
123.17,3243
122.96,4894
122.79,11944
123.46,22701
123.25,12842
123.1,6820
123.76,9258
123.17,4466
123.18,8330
123.29,21703
123.9,18618
124.91,11302
124.74,2185
124.51,4040
124.16,5363
124.39,7486
123.68,11093
123.45,13204
123.55,7302
123.62,10691
123.87,3860
123.94,18418
123.66,10812
124.02,5241
123.44,1397
123.48,1572
123.29,9455
123.52,16035
124.08,10819
123.9,6944
123.55,5671
123.31,4304
123.29,7400
123.27,13223
121.18,7038
121.04,7430
120.74,11604
121.33,4156
121.1,5142
121.24,20290
119.95,9020
120.42,16351
121.1,13569
121.42,12170
121.22,11862
121.62,31653
122.45,11499
121.94,14499
121.91,2980
121.58,4618
121.93,11827
122.35,44379
122.07,6746
122.77,7963
122.25,13598
121.49,7434
121.46,6368
121.3,45108
121.97,13762
122.41,10970
122.63,6528
122.77,10190
123.44,10182
123.63,19824
124.2,11638
124.27,9062
123.54,3127
123.65,4223
122.96,7684
123.44,40842
124.11,34520
125.16,3864
124.84,2728
124.81,3400
124.54,6767
124.66,19261
122.19,17487
121.58,11377
121.21,8079
120.82,19768
120.86,10354
120.77,53192
123.29,31819
123.71,17451
124.26,12631
124.9,11863
124.91,14126
124.53,39866
123.66,16680
123.34,24836
122.9,9311
121.99,15232
122.57,7590
121.87,25532
123.38,15843
122.93,8483
123.17,2418
123.13,4835
122.59,5018
122.57,10748
124.02,10459
122.51,5498
122.55,3137
122.36,1442
122.53,5977
122.48,41046
121.73,16981
120.91,13732
120.9,5434
120.77,11762
121.44,7441
121.16,28299
122.2,4841
122.05,6663
121.99,10212
121.3,7758
121.55,9057
121.55,5816
122.1,4965
122.5,3141
122.37,13723
123.08,14509
122.63,14683
122.38,8667
122.25,5943
122.22,1632
122.03,5536
121.51,5621
120.91,3666
120.9,1228
121.58,1952
121.25,3216
120.92,16235
120.89,5764
120.92,8694
121.01,5507
121.37,7432
121.14,10191
121.28,12483
123.6,13944
124.4,21311
124.87,9937
125.12,6411
124.07,5586
124.25,25735
125.42,14652
126.62,9708
126.56,5295
126.68,8355
126.94,26696
128.34,58225
128.86,22202
129.96,9931
129.8,8691
129.49,14136
130.11,17183
130.32,35846
132.39,8438
132.3,9058
131.76,7408
132.34,9249
132.44,7072
132.38,33172
132.19,8993
132.29,4653
132.32,3251
132.43,4067
132.64,7765
132.68,16430
133.13,8638
132.72,7590
132.56,5185
132.44,3129
131.99,8244
130.38,14456
129.9,5530
129.3,5986
129.28,20276
129.65,8556
130.41,5445
130.57,20970
130.38,22593
130.68,13151
129.99,9150
130.61,11187
130.77,20584
131.04,27172
114.44,120132
113.27,59019
113.39,43578
112.78,33962
112.9,34668
113.27,156951
112.57,53994
112.83,48183
113.19,36910
115.27,37047
116.11,19002
116.09,63757
114.97,35683
114.29,9026
115.4,35605
116.08,84530
116.23,56554
115.53,80556
115.9,35205
116.02,26456
116.53,14008
116.37,10177
115.92,9736
116.19,45599
115.44,31204
115.67,24910
116.14,9925
116.09,11406
115.98,17389
115.88,37621
117.22,15759
117.54,9977
116.69,19534
116.52,10533
116.28,3706
115.99,56516
115.47,10342
116,11155
116.94,14095
117.18,33603
117.17,15870
117.64,59805
119.02,21052
117.5,19964
117.04,28776
117.26,5658
116.91,7054
116.77,14894
116.38,21104
115.45,26190
115.81,13753
115.24,11070
115.41,15059
115.06,45111
113.98,17847
113.64,28534
114.69,44425
114.66,52312
113.98,18414
113.98,55560
114.48,24630
114.25,13535
113.68,8005
113.34,7124
113.24,6546
113.15,33407
113.89,18108
113.34,16412
113.38,11721
112.85,9839
111.97,18555
111.17,36965
112.32,13918
112.59,10350
112.9,16488
112.88,13939
112.85,12797
113.08,29241
112.67,10992
112.88,12235
112.38,6045
112.41,3613
112.78,7159
112.67,13587
112.89,5684
113.17,2446
113.12,1905
112.49,2522
112.63,1824
112.35,12021
112.89,9725
112.49,4591
113.31,8170
113.69,3654
113.87,7525
114.14,27879
113.56,5067
113.32,21600
113.46,7165
113.51,6264
113.48,3257
113.85,16451
115.74,7778
116.08,10041
116.15,9416
116.1,4903
116.25,8316
115.92,27167
116.13,6755
115.83,10613
115.85,4496
116.31,4488
116.4,4863
116.81,14278
117.66,11441
118.06,6161
117.81,5698
117.88,6779
117.67,6389
117.44,16720
117.53,3905
116.53,8413
116.78,2249
116.77,1841
116.75,4045
116.91,17654
117.56,19216
116.98,14692
116.97,9086
117.09,20088
116.77,30149
116.91,70211
115.85,21769
115.63,18048
115.32,9003
115.21,8926
115.01,12373
115.26,49315
115.86,38715
116.66,43458
116.98,23086
116.51,16750
116.67,23080
117,57972
117.81,20860
117.76,26348
117.16,13451
117.67,5989
117.39,11243
117.57,23148
117.04,5624
116.78,4881
117.02,12372
116.31,4230
116.53,4978
116.4,18620
116.99,12548
116.9,10241
116.89,13117
116.25,14373
115.69,13808
115.94,61894
115.8,47321
116.28,31679
116.39,22689
116.57,16143
116.78,15919
116.27,42673
116.06,9042
116.11,7014
115.97,8768
115.91,3030
115.93,4352
116.33,31043
116.58,17318
116.55,24849
116.37,14358
116.08,22528
116.61,14938
116.24,38603
117.62,46629
117.51,15637
116.6,10667
116.75,10889
116.22,9469
116.38,51903
117.58,19298
116.18,5090
115.64,6809
116,7057
116.37,7222
115.78,33715
116.66,7473
115.88,3059
115.83,2431
115.78,3518
116.16,7412
116.58,39534
117.3,7180
117.44,14415
117.58,28890
118.01,11406
117.9,17222
118,53496
117.74,4655
117.66,9641
117.41,4342
117.48,3732
117.75,6834
118.27,30506
115.65,12293
116.18,9318
116.14,5685
116.47,3720
116.55,7039
116.84,30071
116.39,57442
116.61,17793
116.74,11980
116.99,7499
117.35,20610
117.29,48216
115.33,18405
116.24,34840
115.31,30981
114.58,7628
114.86,10776
115.5,38124
117.94,14517
117.4,10816
116.98,20715
116.84,17089
116.99,29660
117.25,37379
118.03,7163
119.41,11405
119.28,9127
118.72,4406
119.13,8988
118.87,16528
119.46,4196
119.44,5767
119.14,3952
119.39,7150
119.7,12850
119.42,17040
121.14,15118
120.84,13445
120.74,8456
120.8,8588
120.83,31643
120.93,68229
115.79,29041
116.06,38563
116.54,22019
117.32,20545
117.6,27002
117.28,68548
116.97,5740
117.45,11244
117.09,16645
117.41,9624
117.34,11155
117.37,19050
117.99,36978
117.74,19355
117.47,8484
117.59,6977
117.81,7533
117.82,35271
118.12,21732
118.14,17155
118.64,8715
118.67,13054
119.1,36030
119.67,64535
121.91,9091
121.68,16861
121.25,9985
121,6684
121.28,14144
121.71,56280
123.04,13255
123.2,12482
123.29,12690
123.37,8055
123.1,4511
123.16,24997
123.59,38263
124.5,38263
124.08,13027
124.49,11857
124.37,11814
123.89,33202
121.96,19919
121.42,26190
121.32,5430
121.06,4604
121.61,3096
121.76,19401
121.72,5031
121.39,10234
121.44,9769
121.02,3583
121.25,6936
121.11,22914
119.62,25613
119.46,21823
119.67,4682
119.36,11823
119.46,10266
119.2,53030
119.75,9069
119.49,6513
119.53,2561
119.58,5979
119.37,18031
119.31,24885
119.81,8939
119.14,7291
119.11,6797
119.26,6076
119.24,6089
118.97,14268
119.49,7586
119.21,2798
119.25,6092
119.46,9400
119.38,5064
119.31,28095
120.5,12889
121.02,13233
121.55,50695
121.36,8917
121.44,10131
120.95,49370
121.85,6653
121.92,14229
121.79,9546
121.24,5187
121.33,3785
121.17,16045
122.25,12722
122.78,6100
122.47,3147
122.46,12459
122.57,9617
122.59,22412
121.64,8931
122.42,3251
122.57,2611
122.55,3641
122.58,8111
122.92,27751
123.32,11566
124.02,9843
123.85,5291
123.59,3621
122.92,7185
122.46,16652
123.94,10359
123.3,5646
123.65,10787
123.93,6860
123.85,16647
124.21,38523
124.13,7104
123.3,6886
123.14,3860
123.6,7293
123.42,9733
123.47,28571
123.64,5861
124.07,5049
123.69,6173
123.65,10278
123.97,9251
124,22997
121.6,37984
121.15,22747
120.29,17306
120.14,22536
120.09,29143
119.82,60246
118.7,28826
119.8,15819
119.68,12812
119.96,21142
120.16,17376
119.92,40519
120.12,25531
119.2,22431
119.58,10619
119.75,20884
119.43,21859
119.82,33407
125.69,48893
126.44,37572
125.74,21739
125.61,18573
125.25,16845
125.6,46937
127.57,13730
126.84,15043
126.34,12512
126.43,20306
125.73,15560
125.88,81219
124.75,14124
125.06,9503
124.36,9968
124.36,11337
124.33,13031
123.76,73964
122.23,33318
124.02,11641
123.32,23670
123.74,8401
123.8,25798
123.08,28995
122.66,22846
122.68,23925
122.34,8857
122.01,15505
121.85,20021
121.95,27337
122.66,21925
122.43,34204
122.15,9657
122.25,10423
122.63,14016
122.71,26865
122.88,8319
122.71,5505
122.73,6705
122.54,8346
121.83,8714
121.91,19086
122.23,10627
121.28,6608
120.86,1955
120.75,3299
120.98,8308
120.49,11439
121.23,5291
121.11,5844
121.03,8053
120.94,5990
121.24,9039
120.98,24376
121.2,50192
121.12,17183
121.73,13527
121.26,34685
122.02,36082
121.99,41597
122.66,21925
122.92,11032
122.88,8145
122.88,8492
122.97,7509
122.94,35404
121.58,31532
121.54,17789
121.19,6631
121.03,11172
120.69,11539
120.85,26425
121.69,25797
121.42,20867
121.01,15250
120.64,25567
120.03,18045
120.02,63033
120.36,21501
119.71,24250
119.1,10207
118.86,8967
118.74,8030
118.95,21643
118.72,15895
119.71,10974
119.92,11985
120.44,13726
120.85,41414
121.46,74356
121.31,11244
121.83,21649
121.42,10125
121.58,8234
121.37,30527
121.63,51839
121.3,28855
121.5,13871
121.8,10564
121.76,10068
121.8,7071
121.76,57223
122.81,35660
123.77,12696
123.96,13574
124.29,26409
124.24,21190
124.71,53525
123.33,14600
123.75,10334
123.26,19958
123.25,21084
122.54,15613
122.66,36639
121.69,19609
121.09,30826
121.14,8871
121.26,11186
120.99,14309
121.39,40668
121.78,4813
122.13,9056
121.64,4383
122.01,9435
121.75,5181
121.02,35896
123.43,10539
123.98,14949
123.91,7094
123.77,14255
123.76,10535
124.09,33146
127.74,15685
127.45,17758
127.12,10728
126.56,8083
127.22,10661
126.69,73011
125.42,11831
124.59,19900
124.21,13870
124.21,9259
124.26,18259
124.26,44386
126.2,14328
125.76,16942
125.51,10929
125.46,14120
125.04,8351
125.36,28125
125.48,4923
125.24,6525
125.62,15231
125.62,0
124.43,22166
123.25,10050
123.42,7402
123.5,9302
123.57,6187
123.64,20739
121.55,64727
120.39,25518
119.78,15807
120.39,16435
119.8,17646
119.8,47000
118.7,28178
118.31,14268
118.37,8859
118.11,17223
118.02,36523
118.32,18622
118.38,24473
117.95,6876
118.05,3773
118.4,9343
118.31,7788
117.82,20490
117.72,21771
117.03,24697
116.68,10620
116.62,17214
116.32,11728
115.9,52166
116.26,46049
117.11,18693
117.56,22621
117.4,20005
117.85,14970
118.04,49588
118.79,35765
119.79,26726
119.15,12085
119.74,27946
120.01,24255
120.59,42051
119.37,13901
119.8,12453
119.98,9903
119.46,12867
119.08,11670
119.17,30362
118.77,20198
117.93,14226
118.16,9022
118.41,11215
118.53,20632
118.66,24090
117.79,22429
119,25419
118.53,16477
118.33,6908
118.46,7983
118.35,29004
119.52,14051
119.39,12464
119.44,5921
119.38,6210
119.62,11394
118.98,30407
118.48,15208
117.81,5792
117.89,5436
117.5,8586
117.47,14079
117.09,29115
116.92,9757
116.6,12303
116.84,10540
116.93,29319
116.98,50082
115.48,111459
114.16,37744
113.72,25381
113.01,35354
113.18,37378
113.66,28760
113.27,89059
112.91,54868
114.68,29433
116.15,29897
116.59,28812
115.82,28334
116.09,47229
115.74,6540
115.05,11295
115.55,6026
115.55,12972
116.53,14353
117.13,17415
117.09,5248
116.84,13627
116.7,7452
116.65,18961
116.63,7415
116.37,8024
115.93,14342
115.84,13900
116.04,16929
116.23,31332
115.05,9717
115.44,6437
115.63,3499
115.81,5951
115.9,6693
115.85,15977
115.78,10704
116.09,12149
115.5,8658
115.74,9873
115.87,9332
116.04,28563
116.61,9175
115.92,3769
115.41,6262
114.96,12309
114.33,17931
114.04,26296
113.38,14864
113.99,14200
114.07,8830
114.19,12424
114.08,11783
114.07,26810
114.84,36412
114.63,13224
115.2,9459
115.17,14727
114.96,8798
114.82,27202
116.86,26638
116.44,21310
115.32,8850
114.72,14089
115.07,9749
115.26,52078
115.84,19738
116.38,14325
115.99,19896
116.04,26606
115.79,33647
116.29,50017
115.01,42590
114.26,38969
113.76,15212
113.68,16599
113.92,20487
114.14,55066
113.13,52223
114.3,34298
113.7,17591
114.3,16745
114.77,17689
115.01,50774
115.78,13882
115.31,10841
115.11,13615
115.54,12429
115.85,10438
115.82,47208
117.02,17109
117.15,22205
117.25,24837
117.56,11520
117.77,16176
117.77,39532
119.18,21383
120.17,33819
120.38,6938
119.95,18305
119.62,26189
119.61,52682
119.98,28296
120.4,10134
120.21,8290
120.07,4327
119.89,8790
119.62,25807
121.96,36332
122.19,24843
122.76,18383
122.12,11913
121.83,10066
122.36,29962
122.02,20222
122.18,20657
122.65,12422
122.67,9114
122.57,14194
122.76,42545
122.56,8992
122.37,7116
122.76,6898
123.01,8386
123.03,11798
123.04,36267
122.58,15368
122.91,11669
123.12,11997
123.06,14876
123.54,14978
123.28,45946
124.45,13204
124.09,25508
125.53,15087
125.78,10232
126.12,10800
126.08,39222
125.63,16280
126.22,11626
125.4,8263
125.55,6181
125.24,7561
125.19,15084
124.86,22229
124.91,18905
124.99,19097
124.99,9764
124.81,24154
124.08,50178
105.06,210105
102.12,179351
102.88,85322
104.23,99701
106.05,66266
105.28,163115
106.96,93338
105.43,100362
105.22,51490
106.23,38867
105.79,48090
104.8,76835
101.03,76636
103.04,56025
103.27,32093
103.39,28808
103.28,48126
103.08,138073
102.02,48472
101.77,28772
102.27,20316
102.39,25004
102.49,25291
103.1,83533
103.15,47321
102.98,27810
102.98,9971
103.15,16914
103.23,28806
103.63,41833
103.95,42914
104.51,27148
104.81,21139
104.75,14419
104.78,27632
104.4,45856
105.01,15676
104.2,14676
104.14,12640
104.42,16074
104.02,12685
104.24,22994
105.4,31438
105.53,14294
105.64,7543
105.68,13411
105.48,22666
105.49,37260
105.75,23431
105.46,23486
105.1,18960
105.1,17882
104.99,20471
105.29,40990
104.8,15141
105.32,17554
105.53,9278
105.72,16409
105.57,16229
105.76,29730
106.13,11750
106.53,16843
106.91,13738
106.78,12737
106.57,19826
106.87,74983
107.4,29834
107.01,16866
107,19190
107.17,16950
107.33,21853
107.16,44632
107.71,31272
108.05,15603
107.89,9625
107.9,12530
107.72,21680
107.82,29523
107.52,7388
107.9,8887
107.75,13662
107.83,10327
107.69,21269
107.92,33759
108.42,46539
108.23,26450
108.06,26176
108.37,36085
108.81,24028
108.73,53290
108.68,47133
107.99,21053
109.14,9727
109.08,13218
108.98,16951
108.77,44442
109.73,26436
110.36,14270
109.96,19641
109.55,15265
109.56,14040
109.26,46323
109.96,20663
109.78,12104
110.24,15237
110.61,18577
110.56,7545
110.43,32369
110.43,12000
110.43,9054
109.94,13210
109.4,8564
109.42,22358
109.53,48115
110.78,49300
110.86,22217
110.61,21560
110.74,20658
110.84,40013
110.47,59971
111.65,39819
111.55,35796
111.68,28323
111.47,22887
110.66,21070
111.13,46419
112.86,31067
112.78,21893
112.01,10777
111.97,22074
111.71,11015
111.43,34593
110.64,31357
110.38,22783
110.12,17898
110.11,26369
110.24,71051
110.39,76746
111.45,24014
110.43,18216
110.45,23553
111.07,23370
111.35,22454
111.62,51361
110.99,34740
111.52,12334
111.22,17022
111.26,12381
111.43,25160
111.85,58303
112.81,31521
112.67,53206
113.18,34278
113.15,33411
113.61,28775
113.58,67326
110.83,39378
109.65,22961
109.63,53280
109.06,38412
108.79,56609
109.18,89210
107.99,23405
107.77,13311
108.21,11388
107.82,13338
108.04,12308
108.33,47932
109.4,24139
109.33,12528
109.05,10469
108.71,12625
108.28,16033
108.36,31475
108.42,22354
109.02,23951
108.96,15598
109.08,11428
109.19,6714
109.35,32303
109.91,11152
110.46,12155
110.43,7752
110.37,17824
111.1,14333
111.02,44176
110.93,13586
111.08,9431
110.49,9087
110.54,7717
111.09,12662
111.19,44524
110.82,22888
110.81,29929
110.7,12340
110.38,28217
108.91,26726
110.15,50280
109.8,14809
110.5,20264
110.26,5104
109.66,7388
109.52,8080
109.65,35039
105.97,63981
106.5,31764
106.22,20207
106.7,35870
107.11,47061
107.27,115401
108.81,23989
109.31,18780
108.89,18626
109.06,22380
108.51,33379
108.08,91468
107.5,64791
104.92,142848
103.64,65055
103.54,26133
103.27,45160
103.06,84676
104.41,56550
104.51,22545
104.37,18790
104.2,14265
103.67,17386
103.57,72446
104.09,22515
104.37,14423
104.23,35047
103.52,14441
103.47,19543
103.65,26822
103.26,10843
103.52,9079
103.52,8518
103.21,11705
103.05,8584
102.88,36286
102.07,28549
102.88,9246
102.85,8196
102.85,8586
102.55,6856
103.03,27940
101.9,41377
101.63,30374
102.16,12821
102.13,15853
101.82,28759
101.56,42069
101.89,22870
102.35,28463
102.73,26210
103.06,15466
102.85,20937
102.81,43714
96.06,73547
95.46,74697
95.47,32595
95.33,30415
94.46,20937
94.47,81691
91.7,36610
91.68,54318
92.71,34755
92.31,21203
92.49,50636
91.42,81481
88.83,60879
89.8,24470
88.46,22365
87.72,32154
89.58,24084
89.1,126069
89.74,56679
89.11,31238
88.75,21083
87.88,40030
87.11,19091
86.73,62705
86.16,24585
85.19,18741
85.22,17992
86.56,74791
92.01,79879
91.29,68917
90.65,27240
89.93,25193
89.28,38901
89.03,54122
89.86,26221
90.07,67557
88.47,25744
88.95,31149
89.09,11750
90.56,44400
90.91,23439
90.5,51874
92.53,18331
93.35,17443
92.03,12941
92.74,19378
92.97,14618
92.71,42678
91.45,24064
91.55,6886
91.48,14544
90.94,14713
90.4,18229
90.41,37337
89.29,12378
89.24,21137
89.38,5053
89.28,9136
88.45,22560
87.97,48229
89.39,28173
89.71,14899
89.91,41926
90.56,9933
90.89,15366
90.64,42210
88.81,7847
88.74,24004
88.94,5222
89.14,17902
89.61,10463
89.61,27313
90.6,19154
91.27,23919
91.11,16090
91.04,21072
90.05,12176
90.64,54568
92.5,22447
92.52,29573
91.33,13952
91.09,13146
91.78,12602
91.11,30980
91.42,27720
91.65,51615
91.81,26195
92.17,18285
92.32,23528
92.17,64338
91.46,38825
91.57,29434
91.59,21712
91.45,44455
91.03,22104
91.38,65993
91.72,57525
91.5,46319
91.31,41060
90.87,45739
90.78,66611
90.62,148731
89.64,81038
91.51,24980
90.47,34498
90.2,52976
90.93,52118
90.38,87006
88.35,25191
88.52,22007
88.67,17425
88.33,45951
88.64,35466
88.62,70648
89.44,26125
89.35,34036
88.63,21808
88.11,25245
88.59,25048
88.66,58633
89.9,19857
91.04,19704
90.63,21942
91.18,15789
90.85,8902
90.57,30398
89.58,16426
89.97,19366
90.09,13613
89.82,11310
89.76,11173
89.88,33803
88.92,10687
88.7,11092
88.56,20749
88.47,4536
88.3,5921
88.3,32676
87.86,18976
87.5,25750
87.94,5666
87.95,14994
88.12,35183
88.13,86265
89,24300
89.29,19185
90.51,15041
91.22,12419
90.65,31131
90.65,85605
90.76,46353
90.36,45402
89.9,26871
89.7,20243
90.18,25754
90.03,55653
94.32,38876
94.16,24465
94.1,21798
94.6,23243
94.98,15711
94.8,59127
93.45,28497
93.14,19912
93.32,13022
93.15,22593
93.05,15560
93.54,41652
92.8,22170
93.45,24569
93.49,7274
93.27,10996
93.05,19673
93.41,54035
93.25,18379
93.21,15218
93.48,14977
93.85,12961
93.59,16835
93.75,36473
94.19,17047
94.26,14943
94.04,18951
94.54,9728
94.33,15767
94.62,40232
94.11,19222
93.8,11273
93.67,12460
93.86,17126
94.14,13254
94.18,43849
93.97,14932
93.66,10470
93.86,15342
93.54,16303
93.28,14797
92.75,31841
92.13,13144
92.12,4970
92.1,4715
92.07,35392
91.45,21930
91.36,29505
91.23,8988
91.2,6080
91.56,16899
91.84,6546
92.23,7128
92.42,28151
91.19,9019
90.72,6716
90.79,7802
90.85,7600
90.9,13198
91.06,19515
91.38,54295
92.26,28712
92.32,9138
92.43,8911
92.4,39691
92.73,57322
93.1,15223
92.88,39660
92.49,12195
92.63,4069
92.13,9948
92.04,21437
93.33,16190
93.13,9167
92.2,5087
92.53,5753
92.67,14930
93.14,60300
93.12,28024
92.76,22936
92.42,29284
92,21368
92.28,25502
92.84,70669
91.46,17418
91.77,21460
91.94,14638
92.25,4821
92.18,10466
92.67,26329
92.96,21901
93.45,6177
93.51,4658
93.33,8204
93.54,14006
93.46,41695
93.26,20351
93.7,5585
93.53,7498
93.69,11166
93.77,6067
93.81,40540
92.83,20133
92.67,8809
92.91,4864
92.5,5135
92.75,13196
92.74,24899
93.62,7763
93.42,5017
93.66,2256
93.43,4499
93.42,4281
93.52,20444
93.88,18561
93.96,5300
93.95,2814
94.37,8485
94.88,5668
94.62,22408
95.57,35997
97.23,32099
97.46,15617
97.46,25070
97,37866
97.03,48087
97.77,44591
97.14,32141
96.67,10476
96.69,10049
96.62,28580
96.21,43349
95.68,12501
95.71,11840
95.36,6643
96.03,3065
95.88,12691
95.77,26141
95.68,7726
95.54,3343
95.57,3022
95.68,6566
95.76,18591
95.31,35717
96.16,22245
96.12,7104
95.77,4977
96.06,7401
96.24,9493
96.27,33807
95.72,11258
95.73,11015
95.34,12313
95.56,8112
94.94,9028
94.79,35220
95.15,31616
95,13723
94.72,10780
94.61,27780
94.93,29984
94.26,68307
95.2,18995
94.57,9159
94.58,7413
94.54,7908
94.46,16193
94.47,19583
95.19,7675
94.77,9253
94.31,5187
94.06,3794
94.87,8137
94.97,20627
95.99,15306
95.67,10438
95.72,9445
95.98,7099
95.74,6820
95.63,26344
94.1,31943
94.7,31932
95.32,12412
94.81,20088
94.07,41492
94.59,66743
95.78,11466
96.24,12096
95.45,4528
95.63,3764
95.74,5797
95.66,13558
96.95,36044
96.62,17171
96.26,10135
96.53,12919
96,18170
95.64,31561
95.65,10101
95.84,27406
95.64,7917
95.68,13884
95.9,5554
95.82,33449
96.51,42713
99.05,54491
100.34,29462
98.83,15599
99.38,9966
99.77,38318
99.54,13785
99.73,7769
100.09,12584
99.8,16590
100.05,11647
100.41,57382
99.95,38437
99.6,9578
99.61,35064
99.61,0
98.41,29774
97.76,17641
97.09,18483
96.5,15782
96.45,11332
96.52,49850
96.86,16593
97.81,27999
97.84,25138
97.84,14493
97.76,10546
98.03,43591
97.9,12390
97.11,15623
97.44,9443
97.4,10222
97.79,14038
97.6,55727
98.49,9630
98.95,8012
98.59,10668
98.52,6697
98.74,13741
98.03,34910
97.13,11005
96.82,14426
96.85,10341
97.01,8413
97.05,10274
96.77,40533
95.49,17674
95.26,14436
95.49,7424
95.41,6258
95.33,4133
95.5,54694
95.11,9816
95.08,5534
95.17,12709
95.04,3545
94.88,4517
94.88,28507
94.83,10884
94.48,25858
94.38,10317
94.7,5490
94.63,15051
95.03,39508
94.74,22782
94.02,18432
94.23,9735
94.4,13695
94.53,7152
94.66,18932
94.56,6541
94.09,7099
94.17,12864
93.92,5850
94.14,5665
94.43,30986
94.55,8318
94.16,5438
94.08,9333
94.19,7787
94.48,9537
94.44,46232
95.88,25534
95.22,11288
95.5,19351
95.84,19219
95.86,32221
95.93,32358
96.82,27194
97.2,19337
97.54,50352
98.15,29519
98.63,30343
98.63,34514
98.12,15970
98.36,13683
97.65,11963
97.24,11316
97.5,19271
97.56,32663
97.73,11703
97.39,21407
97.99,23175
98.16,36255
98.64,54747
98.83,58487
96.89,60044
96.92,43746
97.2,24141
97.09,32634
96.62,17273
96.57,81023
88.53,181623
87.17,56737
87.5,65557
87.54,60345
88,52399
87.83,144374
85.02,53925
84.66,68383
84.57,55379
84.89,37492
84.65,72905
83.4,133156
82.59,55819
82.17,61570
81.82,31645
82.71,35764
82.08,54074
82.36,88805
82.14,40930
81.8,43584
81.89,25837
81.42,28162
80.53,27805
80.47,54917
81.66,35823
81.08,24408
81.36,13338
81.42,13980
81.25,10075
81.06,41185
81.03,47036
81.53,71868
81.95,34509
82.38,48595
82.43,38595
82.12,61263
81.87,23205
82.2,17519
81.97,11380
82.08,12249
81.99,24863
81.72,35091
83.13,22999
82.43,15847
83.04,10108
83.14,18362
82.91,12320
82.73,23379
82.19,28608
82.03,14362
82.4,16722
82.53,15607
82.59,19577
82.64,39491
83.44,46440
81.91,13907
82.43,11201
82.07,20005
82.14,13078
82.36,33618
82.97,35149
83.53,42819
83.33,15988
83.04,30175
83.4,14972
82.9,39872
83.09,39101
83.06,35168
83,24623
83.36,31749
82.81,27685
82.89,77680
83.39,93374
84.36,53861
84.88,45355
84.54,57777
84.89,46171
84.4,57575
84.48,30118
84.13,35416
84.22,19659
84.46,14767
84.43,16578
84.64,46362
84.53,37778
83.91,14441
84.14,16174
84.41,9823
84.2,7196
84.12,45862
84.59,45265
85.13,26347
84.78,14122
84.67,14238
84.62,9262
84.59,46402
85.42,26144
84.8,19109
84.53,11583
84.4,18527
84.54,17736
84.52,27314
83.55,14704
83.57,20280
83.69,14301
83.8,13778
83.56,10292
83.78,26867
84.83,51100
86.32,57213
86.12,27360
85.7,38984
85.58,29937
85.83,49802
85.36,18757
85.07,11874
85.21,14561
85.38,11955
85.12,10537
85.11,19641
85.17,60255
84.58,7311
84.49,5156
84.57,5797
84.88,4207
84.65,20450
85.01,24059
84.77,7729
84.78,6444
84.61,8586
84.79,6761
85.01,21294
84.71,15176
84.08,17997
84.23,4943
83.93,13777
84.15,10857
84.27,34844
85.81,19067
84.89,9580
84.88,6304
84.57,7261
84.85,7038
84.72,18506
83.07,35404
82.62,29247
82.52,24969
82.58,24205
82.49,21978
82.26,49379
82.59,48848
82.63,24197
82.24,20465
82.55,16361
82.49,16046
82.5,24516
82.05,81022
81.31,38905
81.58,34599
81.48,29347
81.65,27546
81.85,59646
83.45,31609
82.46,29662
82.68,39192
82.41,38016
82.16,81778
82.42,95669
80.72,50964
81.24,37129
81.52,33421
81.18,64459
80.82,37646
81.2,77144
81.88,26383
81.79,32188
81.83,26634
81.89,37168
82.06,34725
81.76,54414
81.92,20042
81.48,11295
81.6,8229
81.36,7334
81.38,15904
81.44,23506
81.38,21843
81.59,15696
81.78,14640
81.56,15560
82.08,19720
81.94,29769
82.22,34777
81.97,25822
81.91,16122
82.12,25803
82.09,19936
82.07,30650
82.31,18326
82.32,22299
81.8,15564
81.93,16685
81.95,13258
81.64,32695
82.07,14466
81.92,15073
82.28,21244
82.36,14748
82.59,16343
82.59,28190
82.97,15335
82.95,17729
82.82,14985
82.66,10735
83.14,36959
81.74,56570
81.78,36204
81.67,32359
81.57,13062
81.69,13458
81.77,13280
82.02,52389
82.44,45297
81.92,16896
81.72,13622
82.02,13543
82.05,30666
81.71,40104
80.88,65252
81.02,11691
81.31,12902
81.32,22031
81.68,9495
81.66,35760
82.58,19751
82.8,20112
82.81,23422
82.7,26973
82.18,18639
81.74,35285
81.66,27181
81.57,27933
81.56,22663
81.57,16405
81.44,24930
81.26,54625
80.52,90009
80.58,52110
80.45,31107
80.51,35047
80.03,35276
80.03,84187
80.95,13266
80.57,9274
80.67,18070
80.7,19031
80.97,11692
81.12,34512
81.59,35203
81.6,21971
81.48,17587
81.55,18408
81.64,14366
81.74,43438
81.11,28220
80.79,36288
80.71,29119
80.5,33999
80.35,34265
80.22,46909
81.48,16918
80.88,18800
81.04,9331
81.07,13980
81.28,12189
81.64,34259
84.21,37153
83.21,29947
83.51,24622
83.77,29351
83.6,19934
83.21,64398
83.69,42125
84.36,24615
84.32,20318
84.54,28653
84.03,29805
84.37,62663
83.2,31196
83.83,38253
83.77,25057
83.9,22707
84.12,22663
83.95,70347
84.09,28314
83.72,12273
83.62,14727
83.6,11883
83.34,23509
83.28,37366
83.27,29127
84.04,20923
84.18,25127
84.26,19933
83.91,11430
83.79,58548
83.06,22894
83.18,29696
82.94,14294
82.82,14159
82.95,27839
82.42,59035
83.3,20245
82.22,38294
80.95,18590
81.06,27705
80.61,37279
80.26,61118
80.71,22840
80.71,16826
80.56,12528
80.91,16640
80.42,20440
80.36,51906
80.45,25591
80.44,18049
80.67,13013
80.99,14193
81.24,22535
81.49,49419
81.89,31843
81.56,25998
81.61,20820
81.72,15372
81.57,16009
81.56,56017
81.81,36695
82.04,31482
82.15,30952
82.34,20884
82.38,31788
82.72,76402
82.99,27113
82.94,16294
83.07,17418
82.96,15995
82.98,15651
83.78,49404
84.42,46395
84.18,16010
84.16,17595
84.65,14944
84.68,13438
84.42,48963
84.46,42997
85.64,35360
85.81,28204
85.67,20947
85.59,22764
85.54,44781
84.66,36836
85.36,19673
85.24,23995
84.86,12345
84.82,13043
84.73,72505
85.15,33182
84.22,22189
84.03,15958
84.22,38943
85.03,21648
84.69,38394
85.07,42207
85.07,25707
85.45,22601
85.34,12301
85.03,12158
84.94,53086
85.96,64217
85.89,54962
86.34,46414
85.99,42439
86.12,50005
86.34,143608
93.11,137663
93.06,99568
92.94,71120
93.18,70776
93.38,83811
93.27,177226
93.44,60357
93.04,63265
94.18,37446
94.79,34658
94.85,44269
94.49,91326
95.14,43754
94.27,35351
94.31,38161
93.86,26042
93.94,48101
92.67,116187
92.39,30254
92.77,30110
93,35228
93.04,17457
93.35,13375
93.6,66329
91.61,51739
91.04,29522
91.38,25730
91.61,25050
91.6,29195
91.46,96774
91.06,36421
91.34,25486
90.78,30808
90.09,25173
90.17,13998
90.51,56089
89.64,35180
88.99,22942
89.95,25631
90.59,12366
90.61,23054
90.58,55646
90.49,38509
90.56,34104
89.9,15652
90.3,13882
90.66,17587
90.57,55694
91.59,41434
91.82,53858
92.01,47505
92.18,41472
92.42,84286
93.2,91342
90.92,62640
89.82,41239
89.33,24435
90.06,21768
89.79,21397
90.01,101020
91.25,30348
91.26,18908
91.3,55774
91.87,39219
91.98,31608
92.11,70078
92.82,35268
92.83,14289
92.95,21371
93.21,21370
93.29,23664
93.21,56068
93.5,33130
93.8,20602
93.8,17872
93.96,27055
93.77,20541
93.2,48693
92.43,50207
92.94,33970
93.45,16431
93.35,10284
93.39,17600
93.4,73178
92.91,20544
93.04,18074
93.57,20822
93.52,12034
93.1,33638
92.63,54373
91.56,51313
91.38,23655
91.46,17860
92.07,15845
92.02,21672
91.93,69499
91.84,37378
91.94,35948
92.46,30002
92.02,25109
92.12,19675
91.61,45584
91.79,18432
92,22909
90.96,22280
90.18,13290
90.03,11584
90.17,56310
91.26,57041
93.89,53839
94.49,36904
94.18,18097
94.05,15967
93.75,74808
92.47,13130
92.62,15432
92.99,15013
93.09,5892
93.03,5837
92.66,52925
93.31,18354
93.95,36982
93.52,20638
93.45,14685
93.48,16951
93.31,59646
93.04,20009
93.42,20314
93.74,16443
93.95,16983
94.07,11921
94.16,59700
94.39,18151
94.65,18978
94.88,35800
94.88,0
94.98,35052
95.22,13767
95.06,13964
94.86,13391
94.8,15635
94.33,53119
93.53,26978
93.99,14683
94.01,16771
93.59,14039
93.75,13868
93.9,49522
96,38961
95.73,39829
96.29,44236
96.46,32719
96.56,21794
96.45,90016
94.02,59136
94.95,38517
94.77,18261
94.68,29400
93.88,28084
93.25,130950
94,31002
94.14,31413
93.59,26038
94.45,10549
94.14,10802
94,58201
94.37,22255
94.67,13721
94.79,11090
94.95,18692
94.5,12251
94.65,44494
95.34,22583
95.46,9382
95.64,26451
95.71,8832
95.45,13316
95.68,34243
97.52,36935
97.2,19351
97.13,8733
97.13,10429
97.12,28832
98.13,81840
99.33,21355
99.38,18922
99.38,23393
99.57,22023
99.36,16477
99.16,55391
99.65,38205
99.19,25212
99.12,11584
98.92,14360
98.94,10782
99.05,59578
98.74,30399
99.02,16383
98.97,21264
98.93,13672
98.68,11288
99.32,54185
98.4,13502
98.85,14632
98.76,10722
98.66,18624
98.44,31353
97.99,79654
98.91,26488
99.58,29054
99.56,16129
99.41,23417
99.55,14157
99.89,75002
101,26810
100.9,38390
100.7,13931
100.32,18364
100.68,17978
100.64,80336
99.57,36835
99.94,18229
99.6,19622
99.84,15752
99.62,16007
100.02,115071
99.44,19657
99.47,21136
99.52,48656
99.25,27926
98.78,32590
98.92,56919
98.9,35667
98.76,14944
98.77,19635
98.56,10159
98.71,7079
98.68,56840
98.98,11416
99.53,16520
99.54,40102
99.54,0
99.33,9690
99.09,11954
99.04,6057
98.99,7089
98.91,6969
98.95,58322
99.15,16197
98.04,15535
97.85,13630
98.04,11774
98.12,10547
98.02,43081
98.7,10192
98.54,8942
98.4,9074
98.58,7039
98.52,10100
98.37,35655
98.34,9662
98.11,47993
98.24,10662
98.08,10183
98.37,12654
98.12,50620
97.87,19510
98.62,21214
99.45,11661
99.15,5140
99.53,11357
99.69,44300
99.9,50188
99.84,11447
100.34,10061
100.27,11216
100.79,18256
100.67,59067
101.91,72361
102.4,33206
102.71,30366
102.67,24602
102.56,44428
103.21,94575
104.08,41523
102.74,39241
103.83,21754
103.86,25558
104.01,13668
103.88,47595
104.82,38979
105.68,29545
106,11573
106.06,7905
106.22,23673
106.12,50951
107.13,26679
106.47,14949
106.29,18601
106.65,9421
106.47,5761
106.47,48557
106.5,17030
106.39,14557
106.46,13476
106.93,24319
107.11,10366
106.49,35679
105.87,22106
106.1,14774
105.4,8043
105.32,23105
105.77,15386
105.38,44024
106.22,18076
105.37,11736
105.52,7559
105.79,13846
106.33,11335
105.83,42273
106.56,17674
106.79,5457
106.95,5163
106.84,6107
107.02,27860
107.07,37276
105.89,9461
105.94,8584
105.65,11005
105.93,12153
105.61,6078
105.68,33988
104.69,31619
104.94,19041
105.38,15895
104.98,21885
105.03,11345
104.6,72058
106.49,12501
107.06,17637
106.87,9881
106.92,4498
106.89,13984
107,50408
107.68,16422
108.25,10941
108.26,6773
107.95,11289
107.98,7799
107.44,17974
107.2,15758
107.09,11210
106.82,24128
106.19,23205
106.72,8907
106.3,35069
106.12,56989
106.07,39391
105.95,24408
105.79,26324
105.87,28078
105.93,93707
107.98,78711
108.72,72993
109.74,39151
108.88,35861
108.45,44240
108.07,113885
104.91,65566
104.4,42531
104.39,58190
103.57,31832
103.5,77721
102.6,72725
103.31,34433
103.15,33828
104.12,13162
104.87,30249
105.12,34568
104.54,198301
105.64,44052
104.3,10499
104.4,13716
104.08,10247
104.33,23157
104.55,50644
106.28,33381
107.61,33443
107.36,28929
108.11,29488
108.2,39692
108.62,60465
111.27,36950
111.8,19886
110.94,29559
110.18,23144
109.26,20643
110.29,36217
113.32,78866
114.32,89553
113.92,71919
114,113496
113.95,53376
114.96,93112
114.64,45688
114.31,29331
114.39,15096
114.31,19517
113.91,20012
114.9,49225
115.82,48953
115.47,24256
115.07,32047
115.15,20187
115.37,19298
115.33,44643
115.09,41021
115.69,20126
115.57,13670
115.31,28334
116.04,23416
116.21,47649
116.82,25804
116.93,23428
117.26,18261
117.71,25948
117.59,22706
117.15,64015
118.67,38464
118.14,45955
118.53,35400
118.21,42959
118,17309
118.12,69488
120.64,99880
117.55,86303
116.97,54262
116.14,47362
117.22,33176
117.77,73932
115.97,25509
116.67,20860
118.17,13594
117.84,13618
117.92,10320
117.35,53056
116.625,31742
116.205,20995
116.145,16955
116.12,19701
115.98,21322
115.94,78024
114.73,25151
114.86,27955
114.77,15551
115.295,23274
115.85,18896
116.26,46294
115.01,21635
115.305,22509
115.43,56369
115.27,10329
115.88,16338
115.33,25748
114.825,30277
115.675,15984
115.43,14008
116.07,21384
116.63,15491
116.89,37550